date,id,name,y_items,y_actual_cost,x_items,x_actual_cost
2021-07-01,09W,"NHS MEDWAY",0,0,0,0
2021-07-01,D4U1Y,"NHS FRIMLEY",32,223.2,0,0
2021-07-01,99G,"NHS SOUTHEND",593,4986.91,0,0
2021-07-01,07G,"NHS THURROCK",619,4594.45,0,0
2021-07-01,99F,"NHS CASTLE POINT AND ROCHFORD",624,5010.27,0,0
2021-07-01,04C,"NHS LEICESTER CITY",764,4750.72,0,0
2021-07-01,11X,"NHS SOMERSET",773,6025.37,0,0
2021-07-01,03W,"NHS EAST LEICESTERSHIRE AND RUTLAND",775,5182.12,0,0
2021-07-01,01F,"NHS HALTON",779,6507.66,0,0
2021-07-01,02E,"NHS WARRINGTON",785,6511.14,0,0
2021-07-01,01V,"NHS SOUTHPORT AND FORMBY",800,7787.41,0,0
2021-07-01,02T,"NHS CALDERDALE",821,6914.99,0,0
2021-07-01,02Q,"NHS BASSETLAW",834,6301.72,0,0
2021-07-01,02G,"NHS WEST LANCASHIRE",906,8506.96,0,0
2021-07-01,99E,"NHS BASILDON AND BRENTWOOD",933,7391.22,0,0
2021-07-01,05D,"NHS EAST STAFFORDSHIRE",972,7888.41,0,0
2021-07-01,02M,"NHS FYLDE AND WYRE",985,8455.04,0,0
2021-07-01,01T,"NHS SOUTH SEFTON",998,8506.41,0,0
2021-07-01,10R,"NHS PORTSMOUTH",1036,10739.84,0,0
2021-07-01,04Y,"NHS CANNOCK CHASE",1064,9747.27,0,0
2021-07-01,00V,"NHS BURY",1079,7496.43,0,0
2021-07-01,04V,"NHS WEST LEICESTERSHIRE",1101,7750.02,0,0
2021-07-01,01J,"NHS KNOWSLEY",1123,9460.13,0,0
2021-07-01,00R,"NHS BLACKPOOL",1194,10531.08,0,0
2021-07-01,01G,"NHS SALFORD",1259,9657.29,0,0
2021-07-01,00X,"NHS CHORLEY AND SOUTH RIBBLE",1268,11754.94,0,0
2021-07-01,05V,"NHS STAFFORD AND SURROUNDS",1268,11940.27,0,0
2021-07-01,03K,"NHS NORTH LINCOLNSHIRE",1311,10208.91,0,0
2021-07-01,78H,"NHS NORTHAMPTONSHIRE",1320,9713.61,0,0
2021-07-01,01E,"NHS GREATER PRESTON",1327,12844.15,0,0
2021-07-01,02A,"NHS TRAFFORD",1345,12035.27,0,0
2021-07-01,00Q,"NHS BLACKBURN WITH DARWEN",1361,12511.1,0,0
2021-07-01,01K,"NHS MORECAMBE BAY",1393,10839.33,0,0
2021-07-01,02Y,"NHS EAST RIDING OF YORKSHIRE",1426,11270.95,0,0
2021-07-01,00N,"NHS SOUTH TYNESIDE",1446,16408.9,0,0
2021-07-01,01Y,"NHS TAMESIDE AND GLOSSOP",1487,13510.29,0,0
2021-07-01,03Q,"NHS VALE OF YORK",1494,15312.91,0,0
2021-07-01,99C,"NHS NORTH TYNESIDE",1497,15119.51,0,0
2021-07-01,05Q,"NHS SOUTH EAST STAFFORDSHIRE AND SEISDON PENINSULA",1501,14804.92,0,0
2021-07-01,01D,"NHS HEYWOOD, MIDDLETON AND ROCHDALE",1529,12117.67,0,0
2021-07-01,09D,"NHS BRIGHTON AND HOVE",1561,16694.21,0,0
2021-07-01,03F,"NHS HULL",1608,12402.08,0,0
2021-07-01,01W,"NHS STOCKPORT",1622,13425.21,0,0
2021-07-01,03H,"NHS NORTH EAST LINCOLNSHIRE",1661,12731.43,0,0
2021-07-01,01X,"NHS ST HELENS",1668,15426.65,0,0
2021-07-01,12F,"NHS WIRRAL",1790,14775.57,0,0
2021-07-01,05G,"NHS NORTH STAFFORDSHIRE",1818,15562.83,0,0
2021-07-01,00T,"NHS BOLTON",1904,15090.75,0,0
2021-07-01,07H,"NHS WEST ESSEX",2028,16519.33,0,0
2021-07-01,03R,"NHS WAKEFIELD",2072,18633.7,0,0
2021-07-01,00Y,"NHS OLDHAM",2126,16667.79,0,0
2021-07-01,00P,"NHS SUNDERLAND",2223,22255.16,0,0
2021-07-01,06T,"NHS NORTH EAST ESSEX",2289,18259.64,0,0
2021-07-01,07K,"NHS WEST SUFFOLK",2505,18360.29,0,0
2021-07-01,U2G6B,"NHS THAMES VALLEY ICB - U2G6B",2506,23750.3,0,0
2021-07-01,15A,"NHS BERKSHIRE WEST",2623,24240.93,0,0
2021-07-01,02P,"NHS BARNSLEY",2629,21812.84,0,0
2021-07-01,06L,"NHS IPSWICH AND EAST SUFFOLK",2631,20053.62,0,0
2021-07-01,01H,"NHS NORTH CUMBRIA",2659,26007.25,0,0
2021-07-01,03L,"NHS ROTHERHAM",2678,21985.02,0,0
2021-07-01,00L,"NHS NORTHUMBERLAND",2713,26167,0,0
2021-07-01,02X,"NHS DONCASTER",2770,23682.92,0,0
2021-07-01,06Q,"NHS MID ESSEX",2799,21820.8,0,0
2021-07-01,13T,"NHS NEWCASTLE GATESHEAD",2860,27129.85,0,0
2021-07-01,02H,"NHS WIGAN BOROUGH",2939,26144.9,0,0
2021-07-01,X2C4Y,"NHS KIRKLEES",3151,31434.5,0,0
2021-07-01,M2L0M,"NHS SHROPSHIRE, TELFORD AND WREKIN",3170,31118.01,0,0
2021-07-01,01A,"NHS EAST LANCASHIRE",3192,25527.11,0,0
2021-07-01,05W,"NHS STOKE ON TRENT",3278,27258.16,0,0
2021-07-01,97R,"NHS EAST SUSSEX",3303,30244.23,0,0
2021-07-01,99A,"NHS LIVERPOOL",3576,32630.36,0,0
2021-07-01,06N,"NHS HERTS VALLEYS",3634,36554.09,0,0
2021-07-01,11J,"NHS DORSET",3701,30626.43,0,0
2021-07-01,15F,"NHS LEEDS",3857,33468.1,0,0
2021-07-01,15C,"NHS BRISTOL, NORTH SOMERSET AND SOUTH GLOUCESTERSHIRE",4141,41431.96,0,0
2021-07-01,14Y,"NHS BUCKINGHAMSHIRE",4191,36190.98,0,0
2021-07-01,27D,"NHS CHESHIRE",4192,36742.22,0,0
2021-07-01,11M,"NHS GLOUCESTERSHIRE",4291,36513.92,0,0
2021-07-01,42D,"NHS NORTH YORKSHIRE",4529,43440.24,0,0
2021-07-01,06K,"NHS EAST AND NORTH HERTFORDSHIRE",4634,37718.51,0,0
2021-07-01,18C,"NHS HEREFORDSHIRE AND WORCESTERSHIRE",4666,43625.23,0,0
2021-07-01,11N,"NHS CORNWALL AND THE ISLES OF SCILLY",4681,38636.82,0,0
2021-07-01,36J,"NHS BRADFORD DISTRICT AND CRAVEN",4761,39060.56,0,0
2021-07-01,84H,"NHS COUNTY DURHAM",4788,42983.17,0,0
2021-07-01,92G,"NHS BATH AND NORTH EAST SOMERSET, SWINDON AND WILTSHIRE",4797,38386.94,0,0
2021-07-01,03N,"NHS SHEFFIELD",5036,42355.06,0,0
2021-07-01,10Q,"NHS OXFORDSHIRE",5114,46981.26,0,0
2021-07-01,70F,"NHS WEST SUSSEX",5174,50497.44,0,0
2021-07-01,16C,"NHS TEES VALLEY",5371,48111.1,0,0
2021-07-01,71E,"NHS LINCOLNSHIRE",5431,41962.86,0,0
2021-07-01,14L,"NHS MANCHESTER",5541,45430.09,0,0
2021-07-01,06H,"NHS CAMBRIDGESHIRE AND PETERBOROUGH",5816,42784.71,0,0
2021-07-01,15N,"NHS DEVON",6154,49889.36,0,0
2021-07-01,B2M3M,"NHS COVENTRY AND WARWICKSHIRE",6561,55125.35,0,0
2021-07-01,92A,"NHS SURREY HEARTLANDS",6674,66479.76,0,0
2021-07-01,M1J4Y,"NHS BEDFORDSHIRE, LUTON AND MILTON KEYNES",7009,57476.54,0,0
2021-07-01,15M,"NHS DERBY AND DERBYSHIRE",7177,66861.09,0,0
2021-07-01,D9Y0V,"NHS HAMPSHIRE, SOUTHAMPTON AND ISLE OF WIGHT",7232,69054.66,0,0
2021-07-01,52R,"NHS NOTTINGHAM AND NOTTINGHAMSHIRE",7775,61759.3,0,0
2021-07-01,26A,"NHS NORFOLK AND WAVENEY",8376,68292.68,0,0
2021-07-01,36L,"NHS SOUTH WEST LONDON",9131,93849.04,0,0
2021-07-01,93C,"NHS NORTH CENTRAL LONDON",9338,93836.91,0,0
2021-07-01,91Q,"NHS KENT AND MEDWAY",9353,79320.26,0,0
2021-07-01,72Q,"NHS SOUTH EAST LONDON",10129,104417.46,0,0
2021-07-01,D2P2L,"NHS BLACK COUNTRY",10578,96548.66,0,0
2021-07-01,15E,"NHS BIRMINGHAM AND SOLIHULL",11569,99769.67,0,0
2021-07-01,W2U3Z,"NHS NORTH WEST LONDON",12546,114651.62,0,0
2021-07-01,A3A8R,"NHS NORTH EAST LONDON",14256,138102.49,0,0
2021-08-01,09W,"NHS MEDWAY",0,0,0,0
2021-08-01,D4U1Y,"NHS FRIMLEY",16,112.21,0,0
2021-08-01,99F,"NHS CASTLE POINT AND ROCHFORD",506,4071.03,0,0
2021-08-01,07G,"NHS THURROCK",549,4199.9,0,0
2021-08-01,99G,"NHS SOUTHEND",552,4516.02,0,0
2021-08-01,11X,"NHS SOMERSET",620,4793.17,0,0
2021-08-01,02E,"NHS WARRINGTON",705,5310.3,0,0
2021-08-01,01V,"NHS SOUTHPORT AND FORMBY",708,7018.97,0,0
2021-08-01,01F,"NHS HALTON",713,6030.67,0,0
2021-08-01,03W,"NHS EAST LEICESTERSHIRE AND RUTLAND",738,4939.15,0,0
2021-08-01,02Q,"NHS BASSETLAW",783,6180.49,0,0
2021-08-01,04C,"NHS LEICESTER CITY",802,5043.59,0,0
2021-08-01,02T,"NHS CALDERDALE",806,6803.47,0,0
2021-08-01,05D,"NHS EAST STAFFORDSHIRE",822,6826.43,0,0
2021-08-01,99E,"NHS BASILDON AND BRENTWOOD",856,6846.09,0,0
2021-08-01,02G,"NHS WEST LANCASHIRE",885,8315.14,0,0
2021-08-01,02M,"NHS FYLDE AND WYRE",902,7883.36,0,0
2021-08-01,04Y,"NHS CANNOCK CHASE",933,8389,0,0
2021-08-01,01T,"NHS SOUTH SEFTON",942,8181.23,0,0
2021-08-01,10R,"NHS PORTSMOUTH",960,9842.77,0,0
2021-08-01,00V,"NHS BURY",1011,7111.2,0,0
2021-08-01,01J,"NHS KNOWSLEY",1018,8309.44,0,0
2021-08-01,00R,"NHS BLACKPOOL",1079,9629.5,0,0
2021-08-01,04V,"NHS WEST LEICESTERSHIRE",1092,7597.03,0,0
2021-08-01,00X,"NHS CHORLEY AND SOUTH RIBBLE",1112,10824.34,0,0
2021-08-01,01G,"NHS SALFORD",1128,8902.44,0,0
2021-08-01,05V,"NHS STAFFORD AND SURROUNDS",1166,11125.54,0,0
2021-08-01,78H,"NHS NORTHAMPTONSHIRE",1195,8907.5,0,0
2021-08-01,03K,"NHS NORTH LINCOLNSHIRE",1217,9513.39,0,0
2021-08-01,01K,"NHS MORECAMBE BAY",1219,10381.43,0,0
2021-08-01,01E,"NHS GREATER PRESTON",1244,12295.06,0,0
2021-08-01,02A,"NHS TRAFFORD",1273,11166.25,0,0
2021-08-01,00N,"NHS SOUTH TYNESIDE",1300,14321.43,0,0
2021-08-01,99C,"NHS NORTH TYNESIDE",1320,12777.28,0,0
2021-08-01,00Q,"NHS BLACKBURN WITH DARWEN",1324,12389.1,0,0
2021-08-01,09D,"NHS BRIGHTON AND HOVE",1348,14416.23,0,0
2021-08-01,01D,"NHS HEYWOOD, MIDDLETON AND ROCHDALE",1360,11098.74,0,0
2021-08-01,01Y,"NHS TAMESIDE AND GLOSSOP",1365,12788.04,0,0
2021-08-01,02Y,"NHS EAST RIDING OF YORKSHIRE",1370,10646.43,0,0
2021-08-01,05Q,"NHS SOUTH EAST STAFFORDSHIRE AND SEISDON PENINSULA",1387,13260.25,0,0
2021-08-01,03Q,"NHS VALE OF YORK",1402,14393.29,0,0
2021-08-01,01X,"NHS ST HELENS",1486,13796.5,0,0
2021-08-01,01W,"NHS STOCKPORT",1510,12650.99,0,0
2021-08-01,03F,"NHS HULL",1525,11833,0,0
2021-08-01,03H,"NHS NORTH EAST LINCOLNSHIRE",1575,12111.04,0,0
2021-08-01,12F,"NHS WIRRAL",1704,14492.1,0,0
2021-08-01,05G,"NHS NORTH STAFFORDSHIRE",1716,14636.56,0,0
2021-08-01,00T,"NHS BOLTON",1891,14812.17,0,0
2021-08-01,00Y,"NHS OLDHAM",1977,15966.19,0,0
2021-08-01,07H,"NHS WEST ESSEX",1978,16405.05,0,0
2021-08-01,00P,"NHS SUNDERLAND",1992,20036.47,0,0
2021-08-01,03R,"NHS WAKEFIELD",2062,18753.79,0,0
2021-08-01,U2G6B,"NHS THAMES VALLEY ICB - U2G6B",2099,20125.4,0,0
2021-08-01,06T,"NHS NORTH EAST ESSEX",2169,17450.78,0,0
2021-08-01,15A,"NHS BERKSHIRE WEST",2262,21445.61,0,0
2021-08-01,07K,"NHS WEST SUFFOLK",2316,17021.77,0,0
2021-08-01,02P,"NHS BARNSLEY",2333,19701.22,0,0
2021-08-01,01H,"NHS NORTH CUMBRIA",2429,24502.65,0,0
2021-08-01,06L,"NHS IPSWICH AND EAST SUFFOLK",2439,18953.22,0,0
2021-08-01,03L,"NHS ROTHERHAM",2467,20598.17,0,0
2021-08-01,02H,"NHS WIGAN BOROUGH",2601,23250.75,0,0
2021-08-01,13T,"NHS NEWCASTLE GATESHEAD",2614,24853.15,0,0
2021-08-01,06Q,"NHS MID ESSEX",2631,20233.31,0,0
2021-08-01,00L,"NHS NORTHUMBERLAND",2662,25622.48,0,0
2021-08-01,02X,"NHS DONCASTER",2692,23053.15,0,0
2021-08-01,05W,"NHS STOKE ON TRENT",2731,22800.19,0,0
2021-08-01,M2L0M,"NHS SHROPSHIRE, TELFORD AND WREKIN",2833,28124.13,0,0
2021-08-01,01A,"NHS EAST LANCASHIRE",2860,23091.7,0,0
2021-08-01,X2C4Y,"NHS KIRKLEES",3039,30730.7,0,0
2021-08-01,97R,"NHS EAST SUSSEX",3059,28150.71,0,0
2021-08-01,06N,"NHS HERTS VALLEYS",3156,32129.39,0,0
2021-08-01,11J,"NHS DORSET",3238,27163.55,0,0
2021-08-01,99A,"NHS LIVERPOOL",3272,29757.14,0,0
2021-08-01,15F,"NHS LEEDS",3489,31122.22,0,0
2021-08-01,27D,"NHS CHESHIRE",3638,32166.72,0,0
2021-08-01,15C,"NHS BRISTOL, NORTH SOMERSET AND SOUTH GLOUCESTERSHIRE",3659,37424.1,0,0
2021-08-01,14Y,"NHS BUCKINGHAMSHIRE",3810,33214.69,0,0
2021-08-01,11M,"NHS GLOUCESTERSHIRE",4033,34762.5,0,0
2021-08-01,06K,"NHS EAST AND NORTH HERTFORDSHIRE",4123,34235.61,0,0
2021-08-01,42D,"NHS NORTH YORKSHIRE",4129,40659.77,0,0
2021-08-01,18C,"NHS HEREFORDSHIRE AND WORCESTERSHIRE",4267,40434.81,0,0
2021-08-01,84H,"NHS COUNTY DURHAM",4323,39837.32,0,0
2021-08-01,11N,"NHS CORNWALL AND THE ISLES OF SCILLY",4359,36557.05,0,0
2021-08-01,92G,"NHS BATH AND NORTH EAST SOMERSET, SWINDON AND WILTSHIRE",4399,35962.83,0,0
2021-08-01,36J,"NHS BRADFORD DISTRICT AND CRAVEN",4484,36899.29,0,0
2021-08-01,10Q,"NHS OXFORDSHIRE",4512,42507.67,0,0
2021-08-01,03N,"NHS SHEFFIELD",4518,38272.49,0,0
2021-08-01,70F,"NHS WEST SUSSEX",4723,46663.76,0,0
2021-08-01,14L,"NHS MANCHESTER",5019,41467.91,0,0
2021-08-01,16C,"NHS TEES VALLEY",5026,45385.83,0,0
2021-08-01,71E,"NHS LINCOLNSHIRE",5093,39400.4,0,0
2021-08-01,06H,"NHS CAMBRIDGESHIRE AND PETERBOROUGH",5355,40037.97,0,0
2021-08-01,15N,"NHS DEVON",5619,46379.07,0,0
2021-08-01,B2M3M,"NHS COVENTRY AND WARWICKSHIRE",5949,50333.01,0,0
2021-08-01,92A,"NHS SURREY HEARTLANDS",6142,62178.34,0,0
2021-08-01,M1J4Y,"NHS BEDFORDSHIRE, LUTON AND MILTON KEYNES",6420,53378.73,0,0
2021-08-01,15M,"NHS DERBY AND DERBYSHIRE",6505,61248.21,0,0
2021-08-01,D9Y0V,"NHS HAMPSHIRE, SOUTHAMPTON AND ISLE OF WIGHT",6589,63799.74,0,0
2021-08-01,52R,"NHS NOTTINGHAM AND NOTTINGHAMSHIRE",7348,58848.7,0,0
2021-08-01,26A,"NHS NORFOLK AND WAVENEY",7769,64281.97,0,0
2021-08-01,93C,"NHS NORTH CENTRAL LONDON",8247,84246.15,0,0
2021-08-01,36L,"NHS SOUTH WEST LONDON",8316,87027.8,0,0
2021-08-01,91Q,"NHS KENT AND MEDWAY",8487,72523.68,0,0
2021-08-01,72Q,"NHS SOUTH EAST LONDON",9058,94556.23,0,0
2021-08-01,D2P2L,"NHS BLACK COUNTRY",9871,90686.84,0,0
2021-08-01,W2U3Z,"NHS NORTH WEST LONDON",10865,100428.43,0,0
2021-08-01,15E,"NHS BIRMINGHAM AND SOLIHULL",10889,95092.57,0,0
2021-08-01,A3A8R,"NHS NORTH EAST LONDON",12916,126253.43,0,0
2021-09-01,09W,"NHS MEDWAY",0,0,0,0
2021-09-01,D4U1Y,"NHS FRIMLEY",26,217.5,0,0
2021-09-01,07G,"NHS THURROCK",607,4557.96,0,0
2021-09-01,99F,"NHS CASTLE POINT AND ROCHFORD",612,4798.14,0,0
2021-09-01,99G,"NHS SOUTHEND",630,4932.54,0,0
2021-09-01,11X,"NHS SOMERSET",802,6273.16,0,0
2021-09-01,01F,"NHS HALTON",837,6574.82,0,0
2021-09-01,02E,"NHS WARRINGTON",890,6904.06,0,0
2021-09-01,01V,"NHS SOUTHPORT AND FORMBY",907,8769.15,0,0
2021-09-01,02T,"NHS CALDERDALE",909,7325.59,0,0
2021-09-01,03W,"NHS EAST LEICESTERSHIRE AND RUTLAND",913,5929.33,0,0
2021-09-01,02Q,"NHS BASSETLAW",923,6857.51,0,0
2021-09-01,99E,"NHS BASILDON AND BRENTWOOD",934,7097.31,0,0
2021-09-01,04C,"NHS LEICESTER CITY",960,5694.82,0,0
2021-09-01,02G,"NHS WEST LANCASHIRE",981,9048.43,0,0
2021-09-01,05D,"NHS EAST STAFFORDSHIRE",999,7756.42,0,0
2021-09-01,02M,"NHS FYLDE AND WYRE",1062,8962.45,0,0
2021-09-01,10R,"NHS PORTSMOUTH",1102,10984.46,0,0
2021-09-01,04Y,"NHS CANNOCK CHASE",1134,9909.64,0,0
2021-09-01,01J,"NHS KNOWSLEY",1157,9646.23,0,0
2021-09-01,01T,"NHS SOUTH SEFTON",1192,9881.4,0,0
2021-09-01,04V,"NHS WEST LEICESTERSHIRE",1249,8688.55,0,0
2021-09-01,00X,"NHS CHORLEY AND SOUTH RIBBLE",1250,11859.15,0,0
2021-09-01,00V,"NHS BURY",1281,8850.45,0,0
2021-09-01,01G,"NHS SALFORD",1285,9932.38,0,0
2021-09-01,78H,"NHS NORTHAMPTONSHIRE",1313,9683.82,0,0
2021-09-01,05V,"NHS STAFFORD AND SURROUNDS",1345,12541.19,0,0
2021-09-01,03K,"NHS NORTH LINCOLNSHIRE",1372,10602.39,0,0
2021-09-01,00R,"NHS BLACKPOOL",1389,12032.77,0,0
2021-09-01,01K,"NHS MORECAMBE BAY",1426,10895.34,0,0
2021-09-01,01E,"NHS GREATER PRESTON",1438,13555.06,0,0
2021-09-01,00N,"NHS SOUTH TYNESIDE",1457,15599.68,0,0
2021-09-01,02A,"NHS TRAFFORD",1529,13402.39,0,0
2021-09-01,99C,"NHS NORTH TYNESIDE",1533,15165.23,0,0
2021-09-01,03Q,"NHS VALE OF YORK",1537,15713.23,0,0
2021-09-01,09D,"NHS BRIGHTON AND HOVE",1539,16120.73,0,0
2021-09-01,02Y,"NHS EAST RIDING OF YORKSHIRE",1545,12010,0,0
2021-09-01,05Q,"NHS SOUTH EAST STAFFORDSHIRE AND SEISDON PENINSULA",1581,15146.69,0,0
2021-09-01,00Q,"NHS BLACKBURN WITH DARWEN",1607,14439.07,0,0
2021-09-01,01Y,"NHS TAMESIDE AND GLOSSOP",1648,15077.51,0,0
2021-09-01,01D,"NHS HEYWOOD, MIDDLETON AND ROCHDALE",1687,12963.81,0,0
2021-09-01,03F,"NHS HULL",1703,13038.56,0,0
2021-09-01,03H,"NHS NORTH EAST LINCOLNSHIRE",1744,13191.82,0,0
2021-09-01,01W,"NHS STOCKPORT",1772,14592.26,0,0
2021-09-01,01X,"NHS ST HELENS",1795,16196.77,0,0
2021-09-01,05G,"NHS NORTH STAFFORDSHIRE",1845,15730.52,0,0
2021-09-01,12F,"NHS WIRRAL",1892,15622.04,0,0
2021-09-01,00T,"NHS BOLTON",2141,16930.75,0,0
2021-09-01,03R,"NHS WAKEFIELD",2182,19692.05,0,0
2021-09-01,07H,"NHS WEST ESSEX",2195,17617.04,0,0
2021-09-01,00P,"NHS SUNDERLAND",2309,22865.13,0,0
2021-09-01,U2G6B,"NHS THAMES VALLEY ICB - U2G6B",2366,22782.76,0,0
2021-09-01,06T,"NHS NORTH EAST ESSEX",2372,18822.33,0,0
2021-09-01,07K,"NHS WEST SUFFOLK",2513,18123.55,0,0
2021-09-01,00Y,"NHS OLDHAM",2523,19787.55,0,0
2021-09-01,01H,"NHS NORTH CUMBRIA",2657,25578.86,0,0
2021-09-01,15A,"NHS BERKSHIRE WEST",2664,25441.57,0,0
2021-09-01,02P,"NHS BARNSLEY",2700,22315.51,0,0
2021-09-01,03L,"NHS ROTHERHAM",2727,22167.6,0,0
2021-09-01,02X,"NHS DONCASTER",2791,23349.1,0,0
2021-09-01,00L,"NHS NORTHUMBERLAND",2819,26357.7,0,0
2021-09-01,06L,"NHS IPSWICH AND EAST SUFFOLK",2885,21569.4,0,0
2021-09-01,13T,"NHS NEWCASTLE GATESHEAD",2915,27327.93,0,0
2021-09-01,06Q,"NHS MID ESSEX",3007,23531.29,0,0
2021-09-01,02H,"NHS WIGAN BOROUGH",3080,27407.17,0,0
2021-09-01,05W,"NHS STOKE ON TRENT",3229,26424.39,0,0
2021-09-01,M2L0M,"NHS SHROPSHIRE, TELFORD AND WREKIN",3265,31388.05,0,0
2021-09-01,01A,"NHS EAST LANCASHIRE",3483,27227,0,0
2021-09-01,97R,"NHS EAST SUSSEX",3551,32327.66,0,0
2021-09-01,X2C4Y,"NHS KIRKLEES",3559,34758.6,0,0
2021-09-01,99A,"NHS LIVERPOOL",3702,32796.2,0,0
2021-09-01,06N,"NHS HERTS VALLEYS",3717,36537.03,0,0
2021-09-01,11J,"NHS DORSET",3779,30901.3,0,0
2021-09-01,15F,"NHS LEEDS",4017,34278.79,0,0
2021-09-01,27D,"NHS CHESHIRE",4046,35169.69,0,0
2021-09-01,15C,"NHS BRISTOL, NORTH SOMERSET AND SOUTH GLOUCESTERSHIRE",4319,41879.64,0,0
2021-09-01,14Y,"NHS BUCKINGHAMSHIRE",4326,36725.9,0,0
2021-09-01,42D,"NHS NORTH YORKSHIRE",4488,42835.31,0,0
2021-09-01,11M,"NHS GLOUCESTERSHIRE",4630,38706.15,0,0
2021-09-01,06K,"NHS EAST AND NORTH HERTFORDSHIRE",4641,37691.34,0,0
2021-09-01,11N,"NHS CORNWALL AND THE ISLES OF SCILLY",4721,38624.17,0,0
2021-09-01,10Q,"NHS OXFORDSHIRE",4885,44915.67,0,0
2021-09-01,84H,"NHS COUNTY DURHAM",4922,43834.5,0,0
2021-09-01,18C,"NHS HEREFORDSHIRE AND WORCESTERSHIRE",4999,46156.8,0,0
2021-09-01,03N,"NHS SHEFFIELD",5024,42024.79,0,0
2021-09-01,92G,"NHS BATH AND NORTH EAST SOMERSET, SWINDON AND WILTSHIRE",5057,40464.62,0,0
2021-09-01,36J,"NHS BRADFORD DISTRICT AND CRAVEN",5310,42877.21,0,0
2021-09-01,70F,"NHS WEST SUSSEX",5393,52090.77,0,0
2021-09-01,71E,"NHS LINCOLNSHIRE",5507,41213.83,0,0
2021-09-01,16C,"NHS TEES VALLEY",5590,49257.66,0,0
2021-09-01,14L,"NHS MANCHESTER",5871,47638.08,0,0
2021-09-01,06H,"NHS CAMBRIDGESHIRE AND PETERBOROUGH",6107,44290.76,0,0
2021-09-01,15N,"NHS DEVON",6559,52785.43,0,0
2021-09-01,B2M3M,"NHS COVENTRY AND WARWICKSHIRE",6754,56223.15,0,0
2021-09-01,92A,"NHS SURREY HEARTLANDS",6903,66892.26,0,0
2021-09-01,15M,"NHS DERBY AND DERBYSHIRE",7125,66264.81,0,0
2021-09-01,M1J4Y,"NHS BEDFORDSHIRE, LUTON AND MILTON KEYNES",7133,57953.8,0,0
2021-09-01,D9Y0V,"NHS HAMPSHIRE, SOUTHAMPTON AND ISLE OF WIGHT",7515,70248.26,0,0
2021-09-01,52R,"NHS NOTTINGHAM AND NOTTINGHAMSHIRE",8133,63878.42,0,0
2021-09-01,26A,"NHS NORFOLK AND WAVENEY",8578,70078.75,0,0
2021-09-01,36L,"NHS SOUTH WEST LONDON",9401,94308.64,0,0
2021-09-01,93C,"NHS NORTH CENTRAL LONDON",9660,96058.31,0,0
2021-09-01,91Q,"NHS KENT AND MEDWAY",10123,84402.86,0,0
2021-09-01,72Q,"NHS SOUTH EAST LONDON",10682,109889.16,0,0
2021-09-01,D2P2L,"NHS BLACK COUNTRY",11480,101445.22,0,0
2021-09-01,15E,"NHS BIRMINGHAM AND SOLIHULL",12745,107268.22,0,0
2021-09-01,W2U3Z,"NHS NORTH WEST LONDON",13194,119849.63,0,0
2021-09-01,A3A8R,"NHS NORTH EAST LONDON",14886,140251.49,0,0
2021-10-01,09W,"NHS MEDWAY",0,0,0,0
2021-10-01,D4U1Y,"NHS FRIMLEY",36,249.56,0,0
2021-10-01,07G,"NHS THURROCK",558,4132.45,0,0
2021-10-01,99F,"NHS CASTLE POINT AND ROCHFORD",623,4884.18,0,0
2021-10-01,99G,"NHS SOUTHEND",655,5217.96,0,0
2021-10-01,11X,"NHS SOMERSET",782,5910.8,0,0
2021-10-01,02T,"NHS CALDERDALE",794,6274.75,0,0
2021-10-01,01F,"NHS HALTON",810,6727.39,0,0
2021-10-01,02Q,"NHS BASSETLAW",831,6287.72,0,0
2021-10-01,02E,"NHS WARRINGTON",864,6631.35,0,0
2021-10-01,03W,"NHS EAST LEICESTERSHIRE AND RUTLAND",867,5587.02,0,0
2021-10-01,04C,"NHS LEICESTER CITY",883,5487.15,0,0
2021-10-01,01V,"NHS SOUTHPORT AND FORMBY",885,8285.5,0,0
2021-10-01,99E,"NHS BASILDON AND BRENTWOOD",904,6923.82,0,0
2021-10-01,05D,"NHS EAST STAFFORDSHIRE",971,7886.75,0,0
2021-10-01,02G,"NHS WEST LANCASHIRE",991,9021.68,0,0
2021-10-01,02M,"NHS FYLDE AND WYRE",1037,8679.95,0,0
2021-10-01,04Y,"NHS CANNOCK CHASE",1071,9498.35,0,0
2021-10-01,01T,"NHS SOUTH SEFTON",1091,9389.65,0,0
2021-10-01,10R,"NHS PORTSMOUTH",1119,11221.77,0,0
2021-10-01,01J,"NHS KNOWSLEY",1149,9220.35,0,0
2021-10-01,04V,"NHS WEST LEICESTERSHIRE",1212,8126.97,0,0
2021-10-01,05V,"NHS STAFFORD AND SURROUNDS",1279,11778.62,0,0
2021-10-01,00X,"NHS CHORLEY AND SOUTH RIBBLE",1287,12252.05,0,0
2021-10-01,00V,"NHS BURY",1300,8774.03,0,0
2021-10-01,03K,"NHS NORTH LINCOLNSHIRE",1305,10022.67,0,0
2021-10-01,00R,"NHS BLACKPOOL",1328,11532.52,0,0
2021-10-01,78H,"NHS NORTHAMPTONSHIRE",1348,9642.85,0,0
2021-10-01,01G,"NHS SALFORD",1386,10829.08,0,0
2021-10-01,02Y,"NHS EAST RIDING OF YORKSHIRE",1400,10936.64,0,0
2021-10-01,05Q,"NHS SOUTH EAST STAFFORDSHIRE AND SEISDON PENINSULA",1422,13821.78,0,0
2021-10-01,00N,"NHS SOUTH TYNESIDE",1445,15424.74,0,0
2021-10-01,01E,"NHS GREATER PRESTON",1452,13642.3,0,0
2021-10-01,01K,"NHS MORECAMBE BAY",1508,11204.66,0,0
2021-10-01,99C,"NHS NORTH TYNESIDE",1510,14407.75,0,0
2021-10-01,03Q,"NHS VALE OF YORK",1556,16288.25,0,0
2021-10-01,02A,"NHS TRAFFORD",1565,13366.12,0,0
2021-10-01,01Y,"NHS TAMESIDE AND GLOSSOP",1577,14353.72,0,0
2021-10-01,00Q,"NHS BLACKBURN WITH DARWEN",1627,14505.77,0,0
2021-10-01,03F,"NHS HULL",1640,12246.64,0,0
2021-10-01,03H,"NHS NORTH EAST LINCOLNSHIRE",1669,12868.94,0,0
2021-10-01,09D,"NHS BRIGHTON AND HOVE",1684,17553.5,0,0
2021-10-01,01D,"NHS HEYWOOD, MIDDLETON AND ROCHDALE",1701,13267.03,0,0
2021-10-01,01X,"NHS ST HELENS",1731,15454.84,0,0
2021-10-01,01W,"NHS STOCKPORT",1747,14401.64,0,0
2021-10-01,12F,"NHS WIRRAL",1879,15491.47,0,0
2021-10-01,05G,"NHS NORTH STAFFORDSHIRE",1892,15999.85,0,0
2021-10-01,07H,"NHS WEST ESSEX",2122,16850.8,0,0
2021-10-01,03R,"NHS WAKEFIELD",2131,18818.03,0,0
2021-10-01,00T,"NHS BOLTON",2256,17179.26,0,0
2021-10-01,00Y,"NHS OLDHAM",2357,18704.82,0,0
2021-10-01,06T,"NHS NORTH EAST ESSEX",2359,18729.8,0,0
2021-10-01,00P,"NHS SUNDERLAND",2364,23284.32,0,0
2021-10-01,U2G6B,"NHS THAMES VALLEY ICB - U2G6B",2423,23093.12,0,0
2021-10-01,15A,"NHS BERKSHIRE WEST",2480,23211.74,0,0
2021-10-01,07K,"NHS WEST SUFFOLK",2532,18072.32,0,0
2021-10-01,02P,"NHS BARNSLEY",2610,21706.92,0,0
2021-10-01,03L,"NHS ROTHERHAM",2706,22051.83,0,0
2021-10-01,00L,"NHS NORTHUMBERLAND",2712,25643.08,0,0
2021-10-01,01H,"NHS NORTH CUMBRIA",2753,26216.54,0,0
2021-10-01,06L,"NHS IPSWICH AND EAST SUFFOLK",2790,20688.25,0,0
2021-10-01,13T,"NHS NEWCASTLE GATESHEAD",2870,26777.88,0,0
2021-10-01,06Q,"NHS MID ESSEX",2971,22745.16,0,0
2021-10-01,02X,"NHS DONCASTER",2983,24982.82,0,0
2021-10-01,02H,"NHS WIGAN BOROUGH",2994,26137.81,0,0
2021-10-01,05W,"NHS STOKE ON TRENT",3120,25807.82,0,0
2021-10-01,M2L0M,"NHS SHROPSHIRE, TELFORD AND WREKIN",3272,32174.78,0,0
2021-10-01,01A,"NHS EAST LANCASHIRE",3467,27516.58,0,0
2021-10-01,X2C4Y,"NHS KIRKLEES",3499,33877.03,0,0
2021-10-01,97R,"NHS EAST SUSSEX",3519,31356.68,0,0
2021-10-01,06N,"NHS HERTS VALLEYS",3661,36345.34,0,0
2021-10-01,99A,"NHS LIVERPOOL",3800,33369.69,0,0
2021-10-01,11J,"NHS DORSET",3845,30548.89,0,0
2021-10-01,27D,"NHS CHESHIRE",3947,33889.19,0,0
2021-10-01,15F,"NHS LEEDS",3967,34465.17,0,0
2021-10-01,14Y,"NHS BUCKINGHAMSHIRE",4227,35751.27,0,0
2021-10-01,15C,"NHS BRISTOL, NORTH SOMERSET AND SOUTH GLOUCESTERSHIRE",4340,42129.97,0,0
2021-10-01,42D,"NHS NORTH YORKSHIRE",4485,42337.86,0,0
2021-10-01,11N,"NHS CORNWALL AND THE ISLES OF SCILLY",4487,36906.71,0,0
2021-10-01,06K,"NHS EAST AND NORTH HERTFORDSHIRE",4594,36897.16,0,0
2021-10-01,11M,"NHS GLOUCESTERSHIRE",4640,38432.62,0,0
2021-10-01,84H,"NHS COUNTY DURHAM",4872,43086.89,0,0
2021-10-01,03N,"NHS SHEFFIELD",4901,40727.64,0,0
2021-10-01,10Q,"NHS OXFORDSHIRE",4925,45437.74,0,0
2021-10-01,18C,"NHS HEREFORDSHIRE AND WORCESTERSHIRE",4984,45426.88,0,0
2021-10-01,92G,"NHS BATH AND NORTH EAST SOMERSET, SWINDON AND WILTSHIRE",5036,39841.42,0,0
2021-10-01,36J,"NHS BRADFORD DISTRICT AND CRAVEN",5249,41590.23,0,0
2021-10-01,71E,"NHS LINCOLNSHIRE",5349,40884.96,0,0
2021-10-01,70F,"NHS WEST SUSSEX",5641,54585.43,0,0
2021-10-01,16C,"NHS TEES VALLEY",5651,49885.6,0,0
2021-10-01,14L,"NHS MANCHESTER",5702,46390.57,0,0
2021-10-01,06H,"NHS CAMBRIDGESHIRE AND PETERBOROUGH",5872,42161.56,0,0
2021-10-01,15N,"NHS DEVON",6632,52206.38,0,0
2021-10-01,B2M3M,"NHS COVENTRY AND WARWICKSHIRE",6775,56038.42,0,0
2021-10-01,15M,"NHS DERBY AND DERBYSHIRE",6888,64113.94,0,0
2021-10-01,92A,"NHS SURREY HEARTLANDS",7225,70939.54,0,0
2021-10-01,M1J4Y,"NHS BEDFORDSHIRE, LUTON AND MILTON KEYNES",7442,59566.52,0,0
2021-10-01,D9Y0V,"NHS HAMPSHIRE, SOUTHAMPTON AND ISLE OF WIGHT",7501,70558.43,0,0
2021-10-01,52R,"NHS NOTTINGHAM AND NOTTINGHAMSHIRE",8012,63700.46,0,0
2021-10-01,26A,"NHS NORFOLK AND WAVENEY",8739,70183.51,0,0
2021-10-01,93C,"NHS NORTH CENTRAL LONDON",9504,93760.61,0,0
2021-10-01,36L,"NHS SOUTH WEST LONDON",9726,97674.65,0,0
2021-10-01,91Q,"NHS KENT AND MEDWAY",10293,85456.02,0,0
2021-10-01,72Q,"NHS SOUTH EAST LONDON",10386,106090.96,0,0
2021-10-01,D2P2L,"NHS BLACK COUNTRY",10906,96601.72,0,0
2021-10-01,15E,"NHS BIRMINGHAM AND SOLIHULL",12260,104684.82,0,0
2021-10-01,W2U3Z,"NHS NORTH WEST LONDON",13123,117006.64,0,0
2021-10-01,A3A8R,"NHS NORTH EAST LONDON",15203,144534.08,0,0
2021-11-01,09W,"NHS MEDWAY",0,0,0,0
2021-11-01,D4U1Y,"NHS FRIMLEY",50,285.43,0,0
2021-11-01,07G,"NHS THURROCK",567,4216.48,0,0
2021-11-01,99F,"NHS CASTLE POINT AND ROCHFORD",636,4995.78,0,0
2021-11-01,99G,"NHS SOUTHEND",722,5711.55,0,0
2021-11-01,02T,"NHS CALDERDALE",760,5962.24,0,0
2021-11-01,01V,"NHS SOUTHPORT AND FORMBY",875,8354.16,0,0
2021-11-01,11X,"NHS SOMERSET",900,6888.53,0,0
2021-11-01,01F,"NHS HALTON",908,7278.46,0,0
2021-11-01,03W,"NHS EAST LEICESTERSHIRE AND RUTLAND",917,5942.71,0,0
2021-11-01,02E,"NHS WARRINGTON",920,6889.73,0,0
2021-11-01,99E,"NHS BASILDON AND BRENTWOOD",944,7222.33,0,0
2021-11-01,02Q,"NHS BASSETLAW",959,7131.4,0,0
2021-11-01,04C,"NHS LEICESTER CITY",983,5733.4,0,0
2021-11-01,05D,"NHS EAST STAFFORDSHIRE",1011,8064.36,0,0
2021-11-01,02G,"NHS WEST LANCASHIRE",1051,9774.83,0,0
2021-11-01,04Y,"NHS CANNOCK CHASE",1079,9456.91,0,0
2021-11-01,01T,"NHS SOUTH SEFTON",1136,9465.56,0,0
2021-11-01,10R,"NHS PORTSMOUTH",1164,11454.49,0,0
2021-11-01,01J,"NHS KNOWSLEY",1169,9586.45,0,0
2021-11-01,02M,"NHS FYLDE AND WYRE",1204,10364.34,0,0
2021-11-01,00V,"NHS BURY",1280,8707.38,0,0
2021-11-01,04V,"NHS WEST LEICESTERSHIRE",1313,8922.19,0,0
2021-11-01,01G,"NHS SALFORD",1332,10167.55,0,0
2021-11-01,78H,"NHS NORTHAMPTONSHIRE",1333,9599.57,0,0
2021-11-01,05V,"NHS STAFFORD AND SURROUNDS",1336,12348.82,0,0
2021-11-01,00X,"NHS CHORLEY AND SOUTH RIBBLE",1345,12831.92,0,0
2021-11-01,03K,"NHS NORTH LINCOLNSHIRE",1371,10467.31,0,0
2021-11-01,00R,"NHS BLACKPOOL",1374,11841.86,0,0
2021-11-01,00N,"NHS SOUTH TYNESIDE",1479,15548.92,0,0
2021-11-01,00Q,"NHS BLACKBURN WITH DARWEN",1538,13705.28,0,0
2021-11-01,01E,"NHS GREATER PRESTON",1549,14618.29,0,0
2021-11-01,02Y,"NHS EAST RIDING OF YORKSHIRE",1572,11989.55,0,0
2021-11-01,01Y,"NHS TAMESIDE AND GLOSSOP",1618,14414.45,0,0
2021-11-01,02A,"NHS TRAFFORD",1621,13853.09,0,0
2021-11-01,05Q,"NHS SOUTH EAST STAFFORDSHIRE AND SEISDON PENINSULA",1621,15263.37,0,0
2021-11-01,99C,"NHS NORTH TYNESIDE",1625,15502.16,0,0
2021-11-01,03Q,"NHS VALE OF YORK",1627,16356.25,0,0
2021-11-01,01K,"NHS MORECAMBE BAY",1632,12279.14,0,0
2021-11-01,03F,"NHS HULL",1707,12981.55,0,0
2021-11-01,01D,"NHS HEYWOOD, MIDDLETON AND ROCHDALE",1746,13799.97,0,0
2021-11-01,01W,"NHS STOCKPORT",1762,14572.66,0,0
2021-11-01,09D,"NHS BRIGHTON AND HOVE",1763,18064.14,0,0
2021-11-01,03H,"NHS NORTH EAST LINCOLNSHIRE",1815,13397.56,0,0
2021-11-01,01X,"NHS ST HELENS",1816,16503.16,0,0
2021-11-01,05G,"NHS NORTH STAFFORDSHIRE",1923,16138.83,0,0
2021-11-01,12F,"NHS WIRRAL",1981,16718.31,0,0
2021-11-01,07H,"NHS WEST ESSEX",2176,17478.16,0,0
2021-11-01,00T,"NHS BOLTON",2220,17177.59,0,0
2021-11-01,03R,"NHS WAKEFIELD",2286,19998.38,0,0
2021-11-01,00P,"NHS SUNDERLAND",2381,23552.64,0,0
2021-11-01,06T,"NHS NORTH EAST ESSEX",2413,19182.61,0,0
2021-11-01,15A,"NHS BERKSHIRE WEST",2503,23506.74,0,0
2021-11-01,00Y,"NHS OLDHAM",2580,20079.96,0,0
2021-11-01,02P,"NHS BARNSLEY",2626,21233.26,0,0
2021-11-01,07K,"NHS WEST SUFFOLK",2660,19032.02,0,0
2021-11-01,U2G6B,"NHS THAMES VALLEY ICB - U2G6B",2722,25963.16,0,0
2021-11-01,01H,"NHS NORTH CUMBRIA",2773,27107.97,0,0
2021-11-01,03L,"NHS ROTHERHAM",2834,22752.24,0,0
2021-11-01,06L,"NHS IPSWICH AND EAST SUFFOLK",2898,21738.02,0,0
2021-11-01,00L,"NHS NORTHUMBERLAND",2939,27479.97,0,0
2021-11-01,13T,"NHS NEWCASTLE GATESHEAD",2942,27257.3,0,0
2021-11-01,02X,"NHS DONCASTER",2980,24835.73,0,0
2021-11-01,06Q,"NHS MID ESSEX",3057,23262.69,0,0
2021-11-01,02H,"NHS WIGAN BOROUGH",3159,27960.43,0,0
2021-11-01,M2L0M,"NHS SHROPSHIRE, TELFORD AND WREKIN",3190,30542.69,0,0
2021-11-01,05W,"NHS STOKE ON TRENT",3280,26757.32,0,0
2021-11-01,01A,"NHS EAST LANCASHIRE",3504,27468,0,0
2021-11-01,X2C4Y,"NHS KIRKLEES",3656,35225.84,0,0
2021-11-01,97R,"NHS EAST SUSSEX",3721,33638.65,0,0
2021-11-01,06N,"NHS HERTS VALLEYS",3776,36958.45,0,0
2021-11-01,99A,"NHS LIVERPOOL",3967,35317.38,0,0
2021-11-01,27D,"NHS CHESHIRE",4160,35724.83,0,0
2021-11-01,15F,"NHS LEEDS",4183,35174.36,0,0
2021-11-01,11J,"NHS DORSET",4203,33759.39,0,0
2021-11-01,14Y,"NHS BUCKINGHAMSHIRE",4505,39036.17,0,0
2021-11-01,11N,"NHS CORNWALL AND THE ISLES OF SCILLY",4756,38459.99,0,0
2021-11-01,42D,"NHS NORTH YORKSHIRE",4839,45791.59,0,0
2021-11-01,06K,"NHS EAST AND NORTH HERTFORDSHIRE",4946,39839.44,0,0
2021-11-01,15C,"NHS BRISTOL, NORTH SOMERSET AND SOUTH GLOUCESTERSHIRE",4951,47087.35,0,0
2021-11-01,84H,"NHS COUNTY DURHAM",4974,43653.89,0,0
2021-11-01,11M,"NHS GLOUCESTERSHIRE",5025,41662.43,0,0
2021-11-01,18C,"NHS HEREFORDSHIRE AND WORCESTERSHIRE",5064,46594.36,0,0
2021-11-01,03N,"NHS SHEFFIELD",5163,42633.79,0,0
2021-11-01,92G,"NHS BATH AND NORTH EAST SOMERSET, SWINDON AND WILTSHIRE",5278,41701.16,0,0
2021-11-01,10Q,"NHS OXFORDSHIRE",5280,48841.72,0,0
2021-11-01,36J,"NHS BRADFORD DISTRICT AND CRAVEN",5522,44172.37,0,0
2021-11-01,16C,"NHS TEES VALLEY",5590,48906.93,0,0
2021-11-01,71E,"NHS LINCOLNSHIRE",5597,42319.91,0,0
2021-11-01,14L,"NHS MANCHESTER",5966,48214.71,0,0
2021-11-01,06H,"NHS CAMBRIDGESHIRE AND PETERBOROUGH",6066,44023.86,0,0
2021-11-01,70F,"NHS WEST SUSSEX",6080,57893.4,0,0
2021-11-01,B2M3M,"NHS COVENTRY AND WARWICKSHIRE",7002,58460.44,0,0
2021-11-01,15M,"NHS DERBY AND DERBYSHIRE",7185,66637.13,0,0
2021-11-01,15N,"NHS DEVON",7295,57587.55,0,0
2021-11-01,M1J4Y,"NHS BEDFORDSHIRE, LUTON AND MILTON KEYNES",7516,60182.51,0,0
2021-11-01,92A,"NHS SURREY HEARTLANDS",7729,75243.1,0,0
2021-11-01,D9Y0V,"NHS HAMPSHIRE, SOUTHAMPTON AND ISLE OF WIGHT",7890,73216.2,0,0
2021-11-01,52R,"NHS NOTTINGHAM AND NOTTINGHAMSHIRE",8221,64452.49,0,0
2021-11-01,26A,"NHS NORFOLK AND WAVENEY",9265,75430.81,0,0
2021-11-01,93C,"NHS NORTH CENTRAL LONDON",9895,98932.05,0,0
2021-11-01,36L,"NHS SOUTH WEST LONDON",10026,100537.79,0,0
2021-11-01,91Q,"NHS KENT AND MEDWAY",10620,88113.03,0,0
2021-11-01,72Q,"NHS SOUTH EAST LONDON",10966,112343.53,0,0
2021-11-01,D2P2L,"NHS BLACK COUNTRY",11442,101631.5,0,0
2021-11-01,15E,"NHS BIRMINGHAM AND SOLIHULL",12783,108784.45,0,0
2021-11-01,W2U3Z,"NHS NORTH WEST LONDON",13445,120520.64,0,0
2021-11-01,A3A8R,"NHS NORTH EAST LONDON",16026,152468.33,0,0
2021-12-01,09W,"NHS MEDWAY",0,0,0,0
2021-12-01,D4U1Y,"NHS FRIMLEY",38,305.72,0,0
2021-12-01,07G,"NHS THURROCK",540,4016,0,0
2021-12-01,02T,"NHS CALDERDALE",677,5280.03,0,0
2021-12-01,99F,"NHS CASTLE POINT AND ROCHFORD",698,5563.26,0,0
2021-12-01,99G,"NHS SOUTHEND",715,5674.65,0,0
2021-12-01,04C,"NHS LEICESTER CITY",869,5358.61,0,0
2021-12-01,02E,"NHS WARRINGTON",895,6947.69,0,0
2021-12-01,01F,"NHS HALTON",908,7256.63,0,0
2021-12-01,11X,"NHS SOMERSET",948,7368.57,0,0
2021-12-01,01V,"NHS SOUTHPORT AND FORMBY",985,9497.74,0,0
2021-12-01,03W,"NHS EAST LEICESTERSHIRE AND RUTLAND",989,6544.22,0,0
2021-12-01,99E,"NHS BASILDON AND BRENTWOOD",991,7808.13,0,0
2021-12-01,02Q,"NHS BASSETLAW",997,7647.59,0,0
2021-12-01,05D,"NHS EAST STAFFORDSHIRE",1039,8216.46,0,0
2021-12-01,02G,"NHS WEST LANCASHIRE",1052,9774.42,0,0
2021-12-01,02M,"NHS FYLDE AND WYRE",1131,9560.34,0,0
2021-12-01,01T,"NHS SOUTH SEFTON",1224,10437.48,0,0
2021-12-01,10R,"NHS PORTSMOUTH",1228,12736.06,0,0
2021-12-01,04Y,"NHS CANNOCK CHASE",1252,11150.7,0,0
2021-12-01,01J,"NHS KNOWSLEY",1280,10518.67,0,0
2021-12-01,78H,"NHS NORTHAMPTONSHIRE",1299,9396.93,0,0
2021-12-01,04V,"NHS WEST LEICESTERSHIRE",1343,9127.56,0,0
2021-12-01,00V,"NHS BURY",1402,9314.86,0,0
2021-12-01,00X,"NHS CHORLEY AND SOUTH RIBBLE",1414,13400.24,0,0
2021-12-01,01G,"NHS SALFORD",1425,10955.73,0,0
2021-12-01,05V,"NHS STAFFORD AND SURROUNDS",1431,13068.69,0,0
2021-12-01,00R,"NHS BLACKPOOL",1455,12448.28,0,0
2021-12-01,03K,"NHS NORTH LINCOLNSHIRE",1485,11282,0,0
2021-12-01,01E,"NHS GREATER PRESTON",1628,15235.83,0,0
2021-12-01,02A,"NHS TRAFFORD",1639,14142.81,0,0
2021-12-01,99C,"NHS NORTH TYNESIDE",1641,16353.02,0,0
2021-12-01,00N,"NHS SOUTH TYNESIDE",1646,17675.75,0,0
2021-12-01,02Y,"NHS EAST RIDING OF YORKSHIRE",1656,12791.68,0,0
2021-12-01,01K,"NHS MORECAMBE BAY",1657,12955.7,0,0
2021-12-01,00Q,"NHS BLACKBURN WITH DARWEN",1670,15165.9,0,0
2021-12-01,03Q,"NHS VALE OF YORK",1690,17200.74,0,0
2021-12-01,01D,"NHS HEYWOOD, MIDDLETON AND ROCHDALE",1701,13289.08,0,0
2021-12-01,01Y,"NHS TAMESIDE AND GLOSSOP",1746,15365.15,0,0
2021-12-01,03F,"NHS HULL",1748,13464.1,0,0
2021-12-01,05Q,"NHS SOUTH EAST STAFFORDSHIRE AND SEISDON PENINSULA",1772,17111.89,0,0
2021-12-01,03H,"NHS NORTH EAST LINCOLNSHIRE",1867,14207.18,0,0
2021-12-01,09D,"NHS BRIGHTON AND HOVE",1885,19867.8,0,0
2021-12-01,01X,"NHS ST HELENS",1923,17595.77,0,0
2021-12-01,01W,"NHS STOCKPORT",1944,16430.04,0,0
2021-12-01,12F,"NHS WIRRAL",1954,16329.85,0,0
2021-12-01,05G,"NHS NORTH STAFFORDSHIRE",2105,18150.62,0,0
2021-12-01,00T,"NHS BOLTON",2318,18348.63,0,0
2021-12-01,07H,"NHS WEST ESSEX",2327,18862.28,0,0
2021-12-01,03R,"NHS WAKEFIELD",2371,20859.48,0,0
2021-12-01,00Y,"NHS OLDHAM",2515,19650.82,0,0
2021-12-01,00P,"NHS SUNDERLAND",2551,25554.32,0,0
2021-12-01,15A,"NHS BERKSHIRE WEST",2684,25039.11,0,0
2021-12-01,06T,"NHS NORTH EAST ESSEX",2716,21458.88,0,0
2021-12-01,U2G6B,"NHS THAMES VALLEY ICB - U2G6B",2785,26457.78,0,0
2021-12-01,07K,"NHS WEST SUFFOLK",2796,19884.54,0,0
2021-12-01,02P,"NHS BARNSLEY",2878,23873.9,0,0
2021-12-01,03L,"NHS ROTHERHAM",2918,23395.69,0,0
2021-12-01,00L,"NHS NORTHUMBERLAND",3067,29174.48,0,0
2021-12-01,01H,"NHS NORTH CUMBRIA",3094,29403.81,0,0
2021-12-01,06Q,"NHS MID ESSEX",3138,23983.39,0,0
2021-12-01,02X,"NHS DONCASTER",3203,26608.5,0,0
2021-12-01,06L,"NHS IPSWICH AND EAST SUFFOLK",3212,24171.48,0,0
2021-12-01,13T,"NHS NEWCASTLE GATESHEAD",3301,30746.16,0,0
2021-12-01,02H,"NHS WIGAN BOROUGH",3302,28925.42,0,0
2021-12-01,05W,"NHS STOKE ON TRENT",3390,28025.07,0,0
2021-12-01,M2L0M,"NHS SHROPSHIRE, TELFORD AND WREKIN",3482,34244.86,0,0
2021-12-01,X2C4Y,"NHS KIRKLEES",3680,36264.89,0,0
2021-12-01,01A,"NHS EAST LANCASHIRE",3770,29877.48,0,0
2021-12-01,06N,"NHS HERTS VALLEYS",4003,39756.39,0,0
2021-12-01,97R,"NHS EAST SUSSEX",4039,36324.86,0,0
2021-12-01,27D,"NHS CHESHIRE",4095,35602.37,0,0
2021-12-01,99A,"NHS LIVERPOOL",4135,38224,0,0
2021-12-01,15F,"NHS LEEDS",4314,37072.55,0,0
2021-12-01,14Y,"NHS BUCKINGHAMSHIRE",4584,38934.62,0,0
2021-12-01,11J,"NHS DORSET",4599,37166.31,0,0
2021-12-01,15C,"NHS BRISTOL, NORTH SOMERSET AND SOUTH GLOUCESTERSHIRE",4800,46395.01,0,0
2021-12-01,42D,"NHS NORTH YORKSHIRE",4992,47424.08,0,0
2021-12-01,06K,"NHS EAST AND NORTH HERTFORDSHIRE",5075,42212.54,0,0
2021-12-01,11M,"NHS GLOUCESTERSHIRE",5157,42396.56,0,0
2021-12-01,11N,"NHS CORNWALL AND THE ISLES OF SCILLY",5245,43603.07,0,0
2021-12-01,84H,"NHS COUNTY DURHAM",5319,47247.61,0,0
2021-12-01,03N,"NHS SHEFFIELD",5395,44552.16,0,0
2021-12-01,18C,"NHS HEREFORDSHIRE AND WORCESTERSHIRE",5504,51073.31,0,0
2021-12-01,10Q,"NHS OXFORDSHIRE",5543,51353.89,0,0
2021-12-01,36J,"NHS BRADFORD DISTRICT AND CRAVEN",5606,45240.99,0,0
2021-12-01,92G,"NHS BATH AND NORTH EAST SOMERSET, SWINDON AND WILTSHIRE",5643,44107.64,0,0
2021-12-01,14L,"NHS MANCHESTER",5959,48881.7,0,0
2021-12-01,71E,"NHS LINCOLNSHIRE",6116,45990.65,0,0
2021-12-01,16C,"NHS TEES VALLEY",6134,54316.94,0,0
2021-12-01,70F,"NHS WEST SUSSEX",6232,60060.7,0,0
2021-12-01,06H,"NHS CAMBRIDGESHIRE AND PETERBOROUGH",6351,46009.55,0,0
2021-12-01,B2M3M,"NHS COVENTRY AND WARWICKSHIRE",7267,60972.6,0,0
2021-12-01,15M,"NHS DERBY AND DERBYSHIRE",7298,68287.77,0,0
2021-12-01,15N,"NHS DEVON",7521,60125.14,0,0
2021-12-01,92A,"NHS SURREY HEARTLANDS",7973,77359.34,0,0
2021-12-01,M1J4Y,"NHS BEDFORDSHIRE, LUTON AND MILTON KEYNES",7997,64227.61,0,0
2021-12-01,52R,"NHS NOTTINGHAM AND NOTTINGHAMSHIRE",8735,69058.21,0,0
2021-12-01,D9Y0V,"NHS HAMPSHIRE, SOUTHAMPTON AND ISLE OF WIGHT",8822,82250.92,0,0
2021-12-01,26A,"NHS NORFOLK AND WAVENEY",9521,77179.16,0,0
2021-12-01,93C,"NHS NORTH CENTRAL LONDON",10161,100768.86,0,0
2021-12-01,36L,"NHS SOUTH WEST LONDON",10365,104082.24,0,0
2021-12-01,91Q,"NHS KENT AND MEDWAY",11223,92480.24,0,0
2021-12-01,72Q,"NHS SOUTH EAST LONDON",11226,115746.42,0,0
2021-12-01,D2P2L,"NHS BLACK COUNTRY",12098,107639.61,0,0
2021-12-01,15E,"NHS BIRMINGHAM AND SOLIHULL",13000,111905.3,0,0
2021-12-01,W2U3Z,"NHS NORTH WEST LONDON",13684,123727.23,0,0
2021-12-01,A3A8R,"NHS NORTH EAST LONDON",15754,149596.02,0,0
2022-01-01,09W,"NHS MEDWAY",0,0,0,0
2022-01-01,D4U1Y,"NHS FRIMLEY",39,307.38,0,0
2022-01-01,07G,"NHS THURROCK",511,3988.61,0,0
2022-01-01,02T,"NHS CALDERDALE",521,4133.41,0,0
2022-01-01,99F,"NHS CASTLE POINT AND ROCHFORD",532,4171.7,0,0
2022-01-01,99G,"NHS SOUTHEND",581,4491.64,0,0
2022-01-01,03W,"NHS EAST LEICESTERSHIRE AND RUTLAND",788,5150.97,0,0
2022-01-01,11X,"NHS SOMERSET",803,6082.93,0,0
2022-01-01,01F,"NHS HALTON",821,6772.23,0,0
2022-01-01,01V,"NHS SOUTHPORT AND FORMBY",826,7797.94,0,0
2022-01-01,02E,"NHS WARRINGTON",854,6558.22,0,0
2022-01-01,02Q,"NHS BASSETLAW",865,6525.97,0,0
2022-01-01,04C,"NHS LEICESTER CITY",879,5339.69,0,0
2022-01-01,99E,"NHS BASILDON AND BRENTWOOD",893,6862.56,0,0
2022-01-01,05D,"NHS EAST STAFFORDSHIRE",921,7256.19,0,0
2022-01-01,02G,"NHS WEST LANCASHIRE",946,8658.26,0,0
2022-01-01,01T,"NHS SOUTH SEFTON",1013,8707.79,0,0
2022-01-01,02M,"NHS FYLDE AND WYRE",1016,8562.12,0,0
2022-01-01,10R,"NHS PORTSMOUTH",1028,10289.08,0,0
2022-01-01,01J,"NHS KNOWSLEY",1082,9075.17,0,0
2022-01-01,04Y,"NHS CANNOCK CHASE",1088,9785.51,0,0
2022-01-01,04V,"NHS WEST LEICESTERSHIRE",1152,7893.06,0,0
2022-01-01,78H,"NHS NORTHAMPTONSHIRE",1203,8651.94,0,0
2022-01-01,00X,"NHS CHORLEY AND SOUTH RIBBLE",1209,11592.53,0,0
2022-01-01,00V,"NHS BURY",1253,8697.09,0,0
2022-01-01,05V,"NHS STAFFORD AND SURROUNDS",1256,11962.47,0,0
2022-01-01,01G,"NHS SALFORD",1300,10080.97,0,0
2022-01-01,03K,"NHS NORTH LINCOLNSHIRE",1328,10203.88,0,0
2022-01-01,00R,"NHS BLACKPOOL",1344,11577.19,0,0
2022-01-01,01E,"NHS GREATER PRESTON",1408,13647.87,0,0
2022-01-01,03Q,"NHS VALE OF YORK",1450,14642.93,0,0
2022-01-01,00N,"NHS SOUTH TYNESIDE",1452,16029.63,0,0
2022-01-01,99C,"NHS NORTH TYNESIDE",1463,14106.81,0,0
2022-01-01,01K,"NHS MORECAMBE BAY",1475,11210.81,0,0
2022-01-01,02A,"NHS TRAFFORD",1494,13136.16,0,0
2022-01-01,02Y,"NHS EAST RIDING OF YORKSHIRE",1503,11311.29,0,0
2022-01-01,00Q,"NHS BLACKBURN WITH DARWEN",1529,13776.77,0,0
2022-01-01,05Q,"NHS SOUTH EAST STAFFORDSHIRE AND SEISDON PENINSULA",1530,14646.66,0,0
2022-01-01,01Y,"NHS TAMESIDE AND GLOSSOP",1568,14369.97,0,0
2022-01-01,03F,"NHS HULL",1589,12063.32,0,0
2022-01-01,01D,"NHS HEYWOOD, MIDDLETON AND ROCHDALE",1619,12800.69,0,0
2022-01-01,09D,"NHS BRIGHTON AND HOVE",1656,17199.47,0,0
2022-01-01,01X,"NHS ST HELENS",1685,15461.33,0,0
2022-01-01,03H,"NHS NORTH EAST LINCOLNSHIRE",1693,12841.17,0,0
2022-01-01,01W,"NHS STOCKPORT",1848,15213.42,0,0
2022-01-01,05G,"NHS NORTH STAFFORDSHIRE",1886,15876.35,0,0
2022-01-01,12F,"NHS WIRRAL",1894,16285.51,0,0
2022-01-01,07H,"NHS WEST ESSEX",2076,16776.25,0,0
2022-01-01,03R,"NHS WAKEFIELD",2108,18994.57,0,0
2022-01-01,00T,"NHS BOLTON",2187,17271.48,0,0
2022-01-01,00P,"NHS SUNDERLAND",2198,21864.39,0,0
2022-01-01,00Y,"NHS OLDHAM",2288,17944.32,0,0
2022-01-01,15A,"NHS BERKSHIRE WEST",2321,22129.44,0,0
2022-01-01,06T,"NHS NORTH EAST ESSEX",2373,19081.86,0,0
2022-01-01,U2G6B,"NHS THAMES VALLEY ICB - U2G6B",2431,23069.14,0,0
2022-01-01,07K,"NHS WEST SUFFOLK",2548,18314.98,0,0
2022-01-01,02P,"NHS BARNSLEY",2575,21258.08,0,0
2022-01-01,02X,"NHS DONCASTER",2669,22465.6,0,0
2022-01-01,01H,"NHS NORTH CUMBRIA",2751,27244.97,0,0
2022-01-01,03L,"NHS ROTHERHAM",2776,22416.11,0,0
2022-01-01,00L,"NHS NORTHUMBERLAND",2787,26616.22,0,0
2022-01-01,13T,"NHS NEWCASTLE GATESHEAD",2821,26455.3,0,0
2022-01-01,06L,"NHS IPSWICH AND EAST SUFFOLK",2849,21529.65,0,0
2022-01-01,06Q,"NHS MID ESSEX",2913,22570.14,0,0
2022-01-01,02H,"NHS WIGAN BOROUGH",3035,26465.27,0,0
2022-01-01,M2L0M,"NHS SHROPSHIRE, TELFORD AND WREKIN",3204,31268.61,0,0
2022-01-01,05W,"NHS STOKE ON TRENT",3290,26964.24,0,0
2022-01-01,01A,"NHS EAST LANCASHIRE",3368,27264.22,0,0
2022-01-01,X2C4Y,"NHS KIRKLEES",3410,33215.55,0,0
2022-01-01,97R,"NHS EAST SUSSEX",3494,31605.32,0,0
2022-01-01,27D,"NHS CHESHIRE",3570,31006.11,0,0
2022-01-01,06N,"NHS HERTS VALLEYS",3577,35482.29,0,0
2022-01-01,99A,"NHS LIVERPOOL",3659,32817.07,0,0
2022-01-01,15F,"NHS LEEDS",3788,32513.94,0,0
2022-01-01,11J,"NHS DORSET",3827,31199.15,0,0
2022-01-01,14Y,"NHS BUCKINGHAMSHIRE",4249,36999.26,0,0
2022-01-01,15C,"NHS BRISTOL, NORTH SOMERSET AND SOUTH GLOUCESTERSHIRE",4261,41405.9,0,0
2022-01-01,11M,"NHS GLOUCESTERSHIRE",4360,36988.75,0,0
2022-01-01,11N,"NHS CORNWALL AND THE ISLES OF SCILLY",4398,36629.25,0,0
2022-01-01,42D,"NHS NORTH YORKSHIRE",4583,43733.45,0,0
2022-01-01,84H,"NHS COUNTY DURHAM",4597,40922.63,0,0
2022-01-01,06K,"NHS EAST AND NORTH HERTFORDSHIRE",4623,38474.24,0,0
2022-01-01,03N,"NHS SHEFFIELD",4713,38980.98,0,0
2022-01-01,18C,"NHS HEREFORDSHIRE AND WORCESTERSHIRE",4856,45343.85,0,0
2022-01-01,10Q,"NHS OXFORDSHIRE",4929,45486.79,0,0
2022-01-01,92G,"NHS BATH AND NORTH EAST SOMERSET, SWINDON AND WILTSHIRE",4987,39404.44,0,0
2022-01-01,36J,"NHS BRADFORD DISTRICT AND CRAVEN",5128,41731.25,0,0
2022-01-01,71E,"NHS LINCOLNSHIRE",5359,40789.38,0,0
2022-01-01,16C,"NHS TEES VALLEY",5524,48168.34,0,0
2022-01-01,70F,"NHS WEST SUSSEX",5557,53248.01,0,0
2022-01-01,14L,"NHS MANCHESTER",5713,47045.86,0,0
2022-01-01,06H,"NHS CAMBRIDGESHIRE AND PETERBOROUGH",5731,41608.59,0,0
2022-01-01,15M,"NHS DERBY AND DERBYSHIRE",6364,59942,0,0
2022-01-01,B2M3M,"NHS COVENTRY AND WARWICKSHIRE",6458,54049.43,0,0
2022-01-01,15N,"NHS DEVON",6719,54096.57,0,0
2022-01-01,M1J4Y,"NHS BEDFORDSHIRE, LUTON AND MILTON KEYNES",7105,57415.81,0,0
2022-01-01,92A,"NHS SURREY HEARTLANDS",7170,69886.66,0,0
2022-01-01,D9Y0V,"NHS HAMPSHIRE, SOUTHAMPTON AND ISLE OF WIGHT",7465,70127.24,0,0
2022-01-01,52R,"NHS NOTTINGHAM AND NOTTINGHAMSHIRE",7883,62540.24,0,0
2022-01-01,26A,"NHS NORFOLK AND WAVENEY",8743,71049.38,0,0
2022-01-01,36L,"NHS SOUTH WEST LONDON",9105,92420.41,0,0
2022-01-01,93C,"NHS NORTH CENTRAL LONDON",9302,93032.78,0,0
2022-01-01,91Q,"NHS KENT AND MEDWAY",10123,85309.03,0,0
2022-01-01,72Q,"NHS SOUTH EAST LONDON",10400,107433.14,0,0
2022-01-01,D2P2L,"NHS BLACK COUNTRY",11023,99523.66,0,0
2022-01-01,15E,"NHS BIRMINGHAM AND SOLIHULL",12436,106627.49,0,0
2022-01-01,W2U3Z,"NHS NORTH WEST LONDON",12868,115940.73,0,0
2022-01-01,A3A8R,"NHS NORTH EAST LONDON",14812,140779.11,0,0
2022-02-01,09W,"NHS MEDWAY",0,0,0,0
2022-02-01,D4U1Y,"NHS FRIMLEY",44,270.35,0,0
2022-02-01,07G,"NHS THURROCK",426,3193.99,0,0
2022-02-01,02T,"NHS CALDERDALE",464,3625.69,0,0
2022-02-01,99F,"NHS CASTLE POINT AND ROCHFORD",552,4111.15,0,0
2022-02-01,99G,"NHS SOUTHEND",557,4409.51,0,0
2022-02-01,01F,"NHS HALTON",701,5766.39,0,0
2022-02-01,99E,"NHS BASILDON AND BRENTWOOD",745,5836.43,0,0
2022-02-01,03W,"NHS EAST LEICESTERSHIRE AND RUTLAND",756,4935.53,0,0
2022-02-01,01V,"NHS SOUTHPORT AND FORMBY",761,7382.02,0,0
2022-02-01,11X,"NHS SOMERSET",772,5924.13,0,0
2022-02-01,02E,"NHS WARRINGTON",785,6086.87,0,0
2022-02-01,02Q,"NHS BASSETLAW",803,6037.14,0,0
2022-02-01,04C,"NHS LEICESTER CITY",811,4881.36,0,0
2022-02-01,02G,"NHS WEST LANCASHIRE",812,7502.42,0,0
2022-02-01,02M,"NHS FYLDE AND WYRE",870,7599.45,0,0
2022-02-01,05D,"NHS EAST STAFFORDSHIRE",908,7356.67,0,0
2022-02-01,01T,"NHS SOUTH SEFTON",954,8154.92,0,0
2022-02-01,04Y,"NHS CANNOCK CHASE",987,8763.45,0,0
2022-02-01,10R,"NHS PORTSMOUTH",1018,10282.48,0,0
2022-02-01,78H,"NHS NORTHAMPTONSHIRE",1051,7706.7,0,0
2022-02-01,01J,"NHS KNOWSLEY",1057,8978.55,0,0
2022-02-01,00X,"NHS CHORLEY AND SOUTH RIBBLE",1060,10149.36,0,0
2022-02-01,04V,"NHS WEST LEICESTERSHIRE",1067,7266.56,0,0
2022-02-01,00V,"NHS BURY",1088,8205.32,0,0
2022-02-01,01G,"NHS SALFORD",1103,8505.87,0,0
2022-02-01,05V,"NHS STAFFORD AND SURROUNDS",1111,10039.72,0,0
2022-02-01,00R,"NHS BLACKPOOL",1198,10435.61,0,0
2022-02-01,03K,"NHS NORTH LINCOLNSHIRE",1198,9397.37,0,0
2022-02-01,01E,"NHS GREATER PRESTON",1271,12071.47,0,0
2022-02-01,99C,"NHS NORTH TYNESIDE",1306,12734.84,0,0
2022-02-01,02A,"NHS TRAFFORD",1311,11460.21,0,0
2022-02-01,00Q,"NHS BLACKBURN WITH DARWEN",1336,12065.61,0,0
2022-02-01,01Y,"NHS TAMESIDE AND GLOSSOP",1339,12046.51,0,0
2022-02-01,05Q,"NHS SOUTH EAST STAFFORDSHIRE AND SEISDON PENINSULA",1349,13260.97,0,0
2022-02-01,00N,"NHS SOUTH TYNESIDE",1351,14656.82,0,0
2022-02-01,01K,"NHS MORECAMBE BAY",1355,10152.97,0,0
2022-02-01,03Q,"NHS VALE OF YORK",1382,14162.71,0,0
2022-02-01,02Y,"NHS EAST RIDING OF YORKSHIRE",1397,10824.35,0,0
2022-02-01,09D,"NHS BRIGHTON AND HOVE",1428,15130.2,0,0
2022-02-01,03F,"NHS HULL",1440,10826.53,0,0
2022-02-01,01D,"NHS HEYWOOD, MIDDLETON AND ROCHDALE",1453,11484.65,0,0
2022-02-01,03H,"NHS NORTH EAST LINCOLNSHIRE",1498,11397.18,0,0
2022-02-01,01W,"NHS STOCKPORT",1559,13120.82,0,0
2022-02-01,01X,"NHS ST HELENS",1566,14072.17,0,0
2022-02-01,05G,"NHS NORTH STAFFORDSHIRE",1636,13600.13,0,0
2022-02-01,12F,"NHS WIRRAL",1760,14681.74,0,0
2022-02-01,03R,"NHS WAKEFIELD",1853,16257.23,0,0
2022-02-01,07H,"NHS WEST ESSEX",1886,15598.64,0,0
2022-02-01,00T,"NHS BOLTON",1905,15137.83,0,0
2022-02-01,00Y,"NHS OLDHAM",2029,16239.95,0,0
2022-02-01,15A,"NHS BERKSHIRE WEST",2054,19494.54,0,0
2022-02-01,00P,"NHS SUNDERLAND",2121,21187.5,0,0
2022-02-01,06T,"NHS NORTH EAST ESSEX",2225,17641.53,0,0
2022-02-01,07K,"NHS WEST SUFFOLK",2279,16491.38,0,0
2022-02-01,02P,"NHS BARNSLEY",2293,18930.15,0,0
2022-02-01,01H,"NHS NORTH CUMBRIA",2298,22276.89,0,0
2022-02-01,U2G6B,"NHS THAMES VALLEY ICB - U2G6B",2400,23092.74,0,0
2022-02-01,00L,"NHS NORTHUMBERLAND",2410,22595.21,0,0
2022-02-01,03L,"NHS ROTHERHAM",2438,19863.12,0,0
2022-02-01,02X,"NHS DONCASTER",2492,21153.16,0,0
2022-02-01,06Q,"NHS MID ESSEX",2561,19574.54,0,0
2022-02-01,06L,"NHS IPSWICH AND EAST SUFFOLK",2574,18979.23,0,0
2022-02-01,13T,"NHS NEWCASTLE GATESHEAD",2584,24187.05,0,0
2022-02-01,02H,"NHS WIGAN BOROUGH",2605,22949.4,0,0
2022-02-01,M2L0M,"NHS SHROPSHIRE, TELFORD AND WREKIN",2790,26557.89,0,0
2022-02-01,05W,"NHS STOKE ON TRENT",2841,23480.41,0,0
2022-02-01,X2C4Y,"NHS KIRKLEES",3059,30394.07,0,0
2022-02-01,27D,"NHS CHESHIRE",3060,26044.21,0,0
2022-02-01,97R,"NHS EAST SUSSEX",3107,28053.54,0,0
2022-02-01,06N,"NHS HERTS VALLEYS",3146,31071.17,0,0
2022-02-01,01A,"NHS EAST LANCASHIRE",3163,25064.38,0,0
2022-02-01,99A,"NHS LIVERPOOL",3365,30231.05,0,0
2022-02-01,15F,"NHS LEEDS",3441,29202.23,0,0
2022-02-01,11J,"NHS DORSET",3686,29562.93,0,0
2022-02-01,15C,"NHS BRISTOL, NORTH SOMERSET AND SOUTH GLOUCESTERSHIRE",3816,36596.65,0,0
2022-02-01,11M,"NHS GLOUCESTERSHIRE",3962,33171.39,0,0
2022-02-01,11N,"NHS CORNWALL AND THE ISLES OF SCILLY",3985,32746.59,0,0
2022-02-01,14Y,"NHS BUCKINGHAMSHIRE",4002,34442.21,0,0
2022-02-01,42D,"NHS NORTH YORKSHIRE",4002,37662.77,0,0
2022-02-01,84H,"NHS COUNTY DURHAM",4135,36644.25,0,0
2022-02-01,06K,"NHS EAST AND NORTH HERTFORDSHIRE",4188,33764.89,0,0
2022-02-01,03N,"NHS SHEFFIELD",4208,34714.82,0,0
2022-02-01,92G,"NHS BATH AND NORTH EAST SOMERSET, SWINDON AND WILTSHIRE",4355,34118.84,0,0
2022-02-01,18C,"NHS HEREFORDSHIRE AND WORCESTERSHIRE",4402,40511.63,0,0
2022-02-01,10Q,"NHS OXFORDSHIRE",4408,41197.19,0,0
2022-02-01,36J,"NHS BRADFORD DISTRICT AND CRAVEN",4561,36580.9,0,0
2022-02-01,71E,"NHS LINCOLNSHIRE",4793,36820.23,0,0
2022-02-01,70F,"NHS WEST SUSSEX",4814,46571.04,0,0
2022-02-01,16C,"NHS TEES VALLEY",4909,42893.4,0,0
2022-02-01,14L,"NHS MANCHESTER",5033,40824.35,0,0
2022-02-01,06H,"NHS CAMBRIDGESHIRE AND PETERBOROUGH",5067,36693.22,0,0
2022-02-01,15M,"NHS DERBY AND DERBYSHIRE",5725,53634.25,0,0
2022-02-01,15N,"NHS DEVON",5822,47061.83,0,0
2022-02-01,B2M3M,"NHS COVENTRY AND WARWICKSHIRE",5961,49969.51,0,0
2022-02-01,92A,"NHS SURREY HEARTLANDS",6297,61672.02,0,0
2022-02-01,M1J4Y,"NHS BEDFORDSHIRE, LUTON AND MILTON KEYNES",6466,52334.91,0,0
2022-02-01,D9Y0V,"NHS HAMPSHIRE, SOUTHAMPTON AND ISLE OF WIGHT",6891,64403.71,0,0
2022-02-01,52R,"NHS NOTTINGHAM AND NOTTINGHAMSHIRE",7291,57839.01,0,0
2022-02-01,26A,"NHS NORFOLK AND WAVENEY",7765,63245.97,0,0
2022-02-01,36L,"NHS SOUTH WEST LONDON",8001,80492.47,0,0
2022-02-01,93C,"NHS NORTH CENTRAL LONDON",8480,83614.36,0,0
2022-02-01,91Q,"NHS KENT AND MEDWAY",9002,75306.5,0,0
2022-02-01,72Q,"NHS SOUTH EAST LONDON",9187,94251.5,0,0
2022-02-01,D2P2L,"NHS BLACK COUNTRY",10086,90825.99,0,0
2022-02-01,15E,"NHS BIRMINGHAM AND SOLIHULL",11081,94204.23,0,0
2022-02-01,W2U3Z,"NHS NORTH WEST LONDON",11309,102665.54,0,0
2022-02-01,A3A8R,"NHS NORTH EAST LONDON",13831,132600.81,0,0
2022-03-01,09W,"NHS MEDWAY",0,0,0,0
2022-03-01,D4U1Y,"NHS FRIMLEY",42,311.97,0,0
2022-03-01,07G,"NHS THURROCK",453,3485.91,0,0
2022-03-01,02T,"NHS CALDERDALE",498,3902.68,0,0
2022-03-01,99F,"NHS CASTLE POINT AND ROCHFORD",563,4547.72,0,0
2022-03-01,99G,"NHS SOUTHEND",617,4858.31,0,0
2022-03-01,11X,"NHS SOMERSET",804,6098.09,0,0
2022-03-01,03W,"NHS EAST LEICESTERSHIRE AND RUTLAND",881,5674.26,0,0
2022-03-01,02Q,"NHS BASSETLAW",888,6681.74,0,0
2022-03-01,99E,"NHS BASILDON AND BRENTWOOD",888,6948.19,0,0
2022-03-01,01V,"NHS SOUTHPORT AND FORMBY",893,8475.99,0,0
2022-03-01,01F,"NHS HALTON",897,7470.07,0,0
2022-03-01,02E,"NHS WARRINGTON",915,6876.52,0,0
2022-03-01,04C,"NHS LEICESTER CITY",915,5325.54,0,0
2022-03-01,05D,"NHS EAST STAFFORDSHIRE",973,7643.24,0,0
2022-03-01,02G,"NHS WEST LANCASHIRE",1006,9588.29,0,0
2022-03-01,02M,"NHS FYLDE AND WYRE",1082,9140.58,0,0
2022-03-01,04Y,"NHS CANNOCK CHASE",1090,9683.13,0,0
2022-03-01,01T,"NHS SOUTH SEFTON",1101,9305.53,0,0
2022-03-01,10R,"NHS PORTSMOUTH",1120,11165.88,0,0
2022-03-01,01J,"NHS KNOWSLEY",1192,9745.06,0,0
2022-03-01,00X,"NHS CHORLEY AND SOUTH RIBBLE",1207,11381.49,0,0
2022-03-01,78H,"NHS NORTHAMPTONSHIRE",1217,8740.08,0,0
2022-03-01,04V,"NHS WEST LEICESTERSHIRE",1274,8934.85,0,0
2022-03-01,01G,"NHS SALFORD",1297,10247.55,0,0
2022-03-01,00V,"NHS BURY",1303,8928.75,0,0
2022-03-01,03K,"NHS NORTH LINCOLNSHIRE",1337,10464.12,0,0
2022-03-01,05V,"NHS STAFFORD AND SURROUNDS",1363,12537.15,0,0
2022-03-01,00R,"NHS BLACKPOOL",1383,12032.28,0,0
2022-03-01,00N,"NHS SOUTH TYNESIDE",1465,15930.84,0,0
2022-03-01,99C,"NHS NORTH TYNESIDE",1486,14424.59,0,0
2022-03-01,02Y,"NHS EAST RIDING OF YORKSHIRE",1496,11544.89,0,0
2022-03-01,02A,"NHS TRAFFORD",1519,12761.61,0,0
2022-03-01,00Q,"NHS BLACKBURN WITH DARWEN",1535,13732.23,0,0
2022-03-01,03Q,"NHS VALE OF YORK",1546,15439.64,0,0
2022-03-01,01E,"NHS GREATER PRESTON",1548,14409.78,0,0
2022-03-01,01K,"NHS MORECAMBE BAY",1574,11847.4,0,0
2022-03-01,05Q,"NHS SOUTH EAST STAFFORDSHIRE AND SEISDON PENINSULA",1577,15144.69,0,0
2022-03-01,01Y,"NHS TAMESIDE AND GLOSSOP",1582,14320.94,0,0
2022-03-01,03F,"NHS HULL",1624,12514.51,0,0
2022-03-01,09D,"NHS BRIGHTON AND HOVE",1641,16854.15,0,0
2022-03-01,01D,"NHS HEYWOOD, MIDDLETON AND ROCHDALE",1689,13491.69,0,0
2022-03-01,03H,"NHS NORTH EAST LINCOLNSHIRE",1693,12838.09,0,0
2022-03-01,01W,"NHS STOCKPORT",1811,15269.12,0,0
2022-03-01,01X,"NHS ST HELENS",1844,16455.92,0,0
2022-03-01,12F,"NHS WIRRAL",1895,15968.16,0,0
2022-03-01,05G,"NHS NORTH STAFFORDSHIRE",1969,16808.82,0,0
2022-03-01,07H,"NHS WEST ESSEX",2112,17345.84,0,0
2022-03-01,15A,"NHS BERKSHIRE WEST",2257,21782.04,0,0
2022-03-01,03R,"NHS WAKEFIELD",2262,19666.11,0,0
2022-03-01,00T,"NHS BOLTON",2265,17655.65,0,0
2022-03-01,00P,"NHS SUNDERLAND",2333,23471.6,0,0
2022-03-01,00Y,"NHS OLDHAM",2445,19054.14,0,0
2022-03-01,06T,"NHS NORTH EAST ESSEX",2522,19885.43,0,0
2022-03-01,U2G6B,"NHS THAMES VALLEY ICB - U2G6B",2592,24578.05,0,0
2022-03-01,07K,"NHS WEST SUFFOLK",2689,19227.23,0,0
2022-03-01,01H,"NHS NORTH CUMBRIA",2690,26189.23,0,0
2022-03-01,02P,"NHS BARNSLEY",2690,22327.02,0,0
2022-03-01,02X,"NHS DONCASTER",2753,22938.54,0,0
2022-03-01,03L,"NHS ROTHERHAM",2794,22364.05,0,0
2022-03-01,00L,"NHS NORTHUMBERLAND",2822,26287.33,0,0
2022-03-01,13T,"NHS NEWCASTLE GATESHEAD",2832,26596.04,0,0
2022-03-01,06Q,"NHS MID ESSEX",2887,22023.48,0,0
2022-03-01,06L,"NHS IPSWICH AND EAST SUFFOLK",2909,21889.77,0,0
2022-03-01,02H,"NHS WIGAN BOROUGH",3030,26143.28,0,0
2022-03-01,27D,"NHS CHESHIRE",3109,26710.49,0,0
2022-03-01,05W,"NHS STOKE ON TRENT",3202,26544.96,0,0
2022-03-01,M2L0M,"NHS SHROPSHIRE, TELFORD AND WREKIN",3254,31528.74,0,0
2022-03-01,01A,"NHS EAST LANCASHIRE",3398,27493.44,0,0
2022-03-01,X2C4Y,"NHS KIRKLEES",3462,33609.57,0,0
2022-03-01,97R,"NHS EAST SUSSEX",3486,31828.47,0,0
2022-03-01,06N,"NHS HERTS VALLEYS",3728,37276.48,0,0
2022-03-01,99A,"NHS LIVERPOOL",3785,33671.43,0,0
2022-03-01,15F,"NHS LEEDS",3958,33685.11,0,0
2022-03-01,11J,"NHS DORSET",4030,32728.61,0,0
2022-03-01,14Y,"NHS BUCKINGHAMSHIRE",4109,35429.47,0,0
2022-03-01,15C,"NHS BRISTOL, NORTH SOMERSET AND SOUTH GLOUCESTERSHIRE",4325,42192.82,0,0
2022-03-01,11M,"NHS GLOUCESTERSHIRE",4382,36686.49,0,0
2022-03-01,42D,"NHS NORTH YORKSHIRE",4438,42187.58,0,0
2022-03-01,11N,"NHS CORNWALL AND THE ISLES OF SCILLY",4489,37143.4,0,0
2022-03-01,84H,"NHS COUNTY DURHAM",4624,40759.02,0,0
2022-03-01,06K,"NHS EAST AND NORTH HERTFORDSHIRE",4747,38295.31,0,0
2022-03-01,03N,"NHS SHEFFIELD",4873,39824.78,0,0
2022-03-01,92G,"NHS BATH AND NORTH EAST SOMERSET, SWINDON AND WILTSHIRE",5023,39454.97,0,0
2022-03-01,10Q,"NHS OXFORDSHIRE",5066,47582.35,0,0
2022-03-01,18C,"NHS HEREFORDSHIRE AND WORCESTERSHIRE",5067,46485.17,0,0
2022-03-01,36J,"NHS BRADFORD DISTRICT AND CRAVEN",5228,41946.65,0,0
2022-03-01,71E,"NHS LINCOLNSHIRE",5507,41734.38,0,0
2022-03-01,16C,"NHS TEES VALLEY",5539,48316.2,0,0
2022-03-01,70F,"NHS WEST SUSSEX",5550,52778.83,0,0
2022-03-01,14L,"NHS MANCHESTER",5791,47873.39,0,0
2022-03-01,06H,"NHS CAMBRIDGESHIRE AND PETERBOROUGH",5864,42450.32,0,0
2022-03-01,15M,"NHS DERBY AND DERBYSHIRE",6463,60898.02,0,0
2022-03-01,15N,"NHS DEVON",6713,54543.12,0,0
2022-03-01,B2M3M,"NHS COVENTRY AND WARWICKSHIRE",6766,56506.82,0,0
2022-03-01,M1J4Y,"NHS BEDFORDSHIRE, LUTON AND MILTON KEYNES",7278,58268.66,0,0
2022-03-01,92A,"NHS SURREY HEARTLANDS",7332,71657.56,0,0
2022-03-01,D9Y0V,"NHS HAMPSHIRE, SOUTHAMPTON AND ISLE OF WIGHT",7678,71175.94,0,0
2022-03-01,52R,"NHS NOTTINGHAM AND NOTTINGHAMSHIRE",8278,64932.29,0,0
2022-03-01,26A,"NHS NORFOLK AND WAVENEY",8826,71829.34,0,0
2022-03-01,36L,"NHS SOUTH WEST LONDON",9200,92486.52,0,0
2022-03-01,93C,"NHS NORTH CENTRAL LONDON",9695,96507.4,0,0
2022-03-01,91Q,"NHS KENT AND MEDWAY",10559,87445.36,0,0
2022-03-01,72Q,"NHS SOUTH EAST LONDON",10560,108043.18,0,0
2022-03-01,D2P2L,"NHS BLACK COUNTRY",11499,101984.22,0,0
2022-03-01,15E,"NHS BIRMINGHAM AND SOLIHULL",12572,106470.4,0,0
2022-03-01,W2U3Z,"NHS NORTH WEST LONDON",13158,118707.74,0,0
2022-03-01,A3A8R,"NHS NORTH EAST LONDON",15518,147568.56,0,0
2022-04-01,09W,"NHS MEDWAY",0,0,0,0
2022-04-01,D4U1Y,"NHS FRIMLEY",40,286.93,0,0
2022-04-01,02T,"NHS CALDERDALE",427,3451.12,0,0
2022-04-01,07G,"NHS THURROCK",468,3586.02,0,0
2022-04-01,99F,"NHS CASTLE POINT AND ROCHFORD",470,3673.37,0,0
2022-04-01,99G,"NHS SOUTHEND",555,4446.99,0,0
2022-04-01,11X,"NHS SOMERSET",724,5722.9,0,0
2022-04-01,99E,"NHS BASILDON AND BRENTWOOD",727,5806.68,0,0
2022-04-01,01F,"NHS HALTON",750,6112.6,0,0
2022-04-01,02E,"NHS WARRINGTON",751,6043.09,0,0
2022-04-01,04C,"NHS LEICESTER CITY",752,4620.7,0,0
2022-04-01,03W,"NHS EAST LEICESTERSHIRE AND RUTLAND",759,5065.91,0,0
2022-04-01,02Q,"NHS BASSETLAW",813,6344.49,0,0
2022-04-01,01V,"NHS SOUTHPORT AND FORMBY",828,8016.8,0,0
2022-04-01,02M,"NHS FYLDE AND WYRE",890,7554.86,0,0
2022-04-01,02G,"NHS WEST LANCASHIRE",908,8442.71,0,0
2022-04-01,05D,"NHS EAST STAFFORDSHIRE",912,7197.13,0,0
2022-04-01,10R,"NHS PORTSMOUTH",930,9449.91,0,0
2022-04-01,04Y,"NHS CANNOCK CHASE",1033,9460.11,0,0
2022-04-01,01T,"NHS SOUTH SEFTON",1049,9107.28,0,0
2022-04-01,01J,"NHS KNOWSLEY",1050,8871.2,0,0
2022-04-01,78H,"NHS NORTHAMPTONSHIRE",1077,7878.87,0,0
2022-04-01,00X,"NHS CHORLEY AND SOUTH RIBBLE",1133,11049.68,0,0
2022-04-01,04V,"NHS WEST LEICESTERSHIRE",1137,7691.69,0,0
2022-04-01,00V,"NHS BURY",1160,8196.28,0,0
2022-04-01,05V,"NHS STAFFORD AND SURROUNDS",1167,10871.32,0,0
2022-04-01,01G,"NHS SALFORD",1186,9314.7,0,0
2022-04-01,00R,"NHS BLACKPOOL",1206,10590.64,0,0
2022-04-01,03K,"NHS NORTH LINCOLNSHIRE",1253,9579.14,0,0
2022-04-01,00Q,"NHS BLACKBURN WITH DARWEN",1266,11485.97,0,0
2022-04-01,00N,"NHS SOUTH TYNESIDE",1350,14707.93,0,0
2022-04-01,01E,"NHS GREATER PRESTON",1353,12644.14,0,0
2022-04-01,99C,"NHS NORTH TYNESIDE",1363,13220.42,0,0
2022-04-01,03Q,"NHS VALE OF YORK",1367,13982.43,0,0
2022-04-01,01Y,"NHS TAMESIDE AND GLOSSOP",1383,12244.07,0,0
2022-04-01,02A,"NHS TRAFFORD",1397,12061.86,0,0
2022-04-01,02Y,"NHS EAST RIDING OF YORKSHIRE",1401,10725.62,0,0
2022-04-01,01K,"NHS MORECAMBE BAY",1429,10979.72,0,0
2022-04-01,03F,"NHS HULL",1456,11041.85,0,0
2022-04-01,01D,"NHS HEYWOOD, MIDDLETON AND ROCHDALE",1474,12026.75,0,0
2022-04-01,05Q,"NHS SOUTH EAST STAFFORDSHIRE AND SEISDON PENINSULA",1485,14461.43,0,0
2022-04-01,09D,"NHS BRIGHTON AND HOVE",1494,15249.51,0,0
2022-04-01,01W,"NHS STOCKPORT",1536,13066.6,0,0
2022-04-01,03H,"NHS NORTH EAST LINCOLNSHIRE",1548,11900.58,0,0
2022-04-01,01X,"NHS ST HELENS",1635,15001.58,0,0
2022-04-01,05G,"NHS NORTH STAFFORDSHIRE",1754,14694.43,0,0
2022-04-01,12F,"NHS WIRRAL",1757,14849.41,0,0
2022-04-01,07H,"NHS WEST ESSEX",1947,15645.47,0,0
2022-04-01,00T,"NHS BOLTON",1965,15549.13,0,0
2022-04-01,00Y,"NHS OLDHAM",2037,16164.27,0,0
2022-04-01,15A,"NHS BERKSHIRE WEST",2052,19457.6,0,0
2022-04-01,03R,"NHS WAKEFIELD",2056,18038.45,0,0
2022-04-01,00P,"NHS SUNDERLAND",2115,21327.5,0,0
2022-04-01,06T,"NHS NORTH EAST ESSEX",2233,17875.41,0,0
2022-04-01,U2G6B,"NHS THAMES VALLEY ICB - U2G6B",2316,22263.99,0,0
2022-04-01,07K,"NHS WEST SUFFOLK",2408,17501,0,0
2022-04-01,00L,"NHS NORTHUMBERLAND",2465,23639.67,0,0
2022-04-01,02P,"NHS BARNSLEY",2519,20807.7,0,0
2022-04-01,02X,"NHS DONCASTER",2530,21036.12,0,0
2022-04-01,01H,"NHS NORTH CUMBRIA",2571,24790.67,0,0
2022-04-01,03L,"NHS ROTHERHAM",2580,20694.34,0,0
2022-04-01,06Q,"NHS MID ESSEX",2624,20289.89,0,0
2022-04-01,06L,"NHS IPSWICH AND EAST SUFFOLK",2637,19779.81,0,0
2022-04-01,13T,"NHS NEWCASTLE GATESHEAD",2715,25264.12,0,0
2022-04-01,02H,"NHS WIGAN BOROUGH",2749,24033.38,0,0
2022-04-01,27D,"NHS CHESHIRE",2795,24234.25,0,0
2022-04-01,M2L0M,"NHS SHROPSHIRE, TELFORD AND WREKIN",2906,27967.68,0,0
2022-04-01,05W,"NHS STOKE ON TRENT",2971,24251.93,0,0
2022-04-01,X2C4Y,"NHS KIRKLEES",3043,29799.72,0,0
2022-04-01,01A,"NHS EAST LANCASHIRE",3125,25402.18,0,0
2022-04-01,97R,"NHS EAST SUSSEX",3268,29935.41,0,0
2022-04-01,06N,"NHS HERTS VALLEYS",3324,32806.9,0,0
2022-04-01,15F,"NHS LEEDS",3488,29931.87,0,0
2022-04-01,99A,"NHS LIVERPOOL",3518,32101.37,0,0
2022-04-01,11J,"NHS DORSET",3681,29973.4,0,0
2022-04-01,15C,"NHS BRISTOL, NORTH SOMERSET AND SOUTH GLOUCESTERSHIRE",3865,37348.09,0,0
2022-04-01,11N,"NHS CORNWALL AND THE ISLES OF SCILLY",3881,31949.9,0,0
2022-04-01,14Y,"NHS BUCKINGHAMSHIRE",3950,34000.86,0,0
2022-04-01,42D,"NHS NORTH YORKSHIRE",4190,40242.53,0,0
2022-04-01,03N,"NHS SHEFFIELD",4268,35371.99,0,0
2022-04-01,10Q,"NHS OXFORDSHIRE",4297,40419.02,0,0
2022-04-01,84H,"NHS COUNTY DURHAM",4298,38610.48,0,0
2022-04-01,11M,"NHS GLOUCESTERSHIRE",4330,36204.05,0,0
2022-04-01,06K,"NHS EAST AND NORTH HERTFORDSHIRE",4366,34986.36,0,0
2022-04-01,92G,"NHS BATH AND NORTH EAST SOMERSET, SWINDON AND WILTSHIRE",4451,35455.43,0,0
2022-04-01,18C,"NHS HEREFORDSHIRE AND WORCESTERSHIRE",4606,42363.43,0,0
2022-04-01,36J,"NHS BRADFORD DISTRICT AND CRAVEN",4686,38121.93,0,0
2022-04-01,70F,"NHS WEST SUSSEX",4891,47674.96,0,0
2022-04-01,16C,"NHS TEES VALLEY",4947,43713.29,0,0
2022-04-01,71E,"NHS LINCOLNSHIRE",5095,39241.22,0,0
2022-04-01,14L,"NHS MANCHESTER",5099,41741.77,0,0
2022-04-01,06H,"NHS CAMBRIDGESHIRE AND PETERBOROUGH",5220,38148.71,0,0
2022-04-01,15M,"NHS DERBY AND DERBYSHIRE",5750,55049.1,0,0
2022-04-01,15N,"NHS DEVON",6091,48632.52,0,0
2022-04-01,B2M3M,"NHS COVENTRY AND WARWICKSHIRE",6124,50709.25,0,0
2022-04-01,M1J4Y,"NHS BEDFORDSHIRE, LUTON AND MILTON KEYNES",6392,51860.55,0,0
2022-04-01,92A,"NHS SURREY HEARTLANDS",6478,62727.66,0,0
2022-04-01,D9Y0V,"NHS HAMPSHIRE, SOUTHAMPTON AND ISLE OF WIGHT",6919,65218.47,0,0
2022-04-01,52R,"NHS NOTTINGHAM AND NOTTINGHAMSHIRE",7251,57050.91,0,0
2022-04-01,26A,"NHS NORFOLK AND WAVENEY",7965,65813.91,0,0
2022-04-01,36L,"NHS SOUTH WEST LONDON",8250,84341.93,0,0
2022-04-01,93C,"NHS NORTH CENTRAL LONDON",9078,90670.28,0,0
2022-04-01,91Q,"NHS KENT AND MEDWAY",9343,78419.59,0,0
2022-04-01,72Q,"NHS SOUTH EAST LONDON",9630,98630.09,0,0
2022-04-01,D2P2L,"NHS BLACK COUNTRY",10151,90813.25,0,0
2022-04-01,15E,"NHS BIRMINGHAM AND SOLIHULL",11249,96518.51,0,0
2022-04-01,W2U3Z,"NHS NORTH WEST LONDON",11826,106549.03,0,0
2022-04-01,A3A8R,"NHS NORTH EAST LONDON",13701,130531.11,0,0
2022-05-01,09W,"NHS MEDWAY",0,0,0,0
2022-05-01,D4U1Y,"NHS FRIMLEY",32,240.31,0,0
2022-05-01,07G,"NHS THURROCK",466,3576.59,0,0
2022-05-01,02T,"NHS CALDERDALE",475,3351.83,0,0
2022-05-01,99F,"NHS CASTLE POINT AND ROCHFORD",553,4338.59,0,0
2022-05-01,99G,"NHS SOUTHEND",555,4396.1,0,0
2022-05-01,11X,"NHS SOMERSET",744,5896.2,0,0
2022-05-01,01F,"NHS HALTON",760,6251.49,0,0
2022-05-01,01V,"NHS SOUTHPORT AND FORMBY",805,7799.31,0,0
2022-05-01,99E,"NHS BASILDON AND BRENTWOOD",829,6399.24,0,0
2022-05-01,02E,"NHS WARRINGTON",838,6343.4,0,0
2022-05-01,02Q,"NHS BASSETLAW",842,6145.79,0,0
2022-05-01,04C,"NHS LEICESTER CITY",862,5232.35,0,0
2022-05-01,03W,"NHS EAST LEICESTERSHIRE AND RUTLAND",865,5474.07,0,0
2022-05-01,02G,"NHS WEST LANCASHIRE",956,8689.79,0,0
2022-05-01,05D,"NHS EAST STAFFORDSHIRE",970,7656.35,0,0
2022-05-01,10R,"NHS PORTSMOUTH",1000,10163.61,0,0
2022-05-01,02M,"NHS FYLDE AND WYRE",1015,8542.39,0,0
2022-05-01,01T,"NHS SOUTH SEFTON",1052,9052.75,0,0
2022-05-01,04Y,"NHS CANNOCK CHASE",1080,9521.09,0,0
2022-05-01,78H,"NHS NORTHAMPTONSHIRE",1097,7888.45,0,0
2022-05-01,00X,"NHS CHORLEY AND SOUTH RIBBLE",1124,10469.21,0,0
2022-05-01,01J,"NHS KNOWSLEY",1151,9388.53,0,0
2022-05-01,04V,"NHS WEST LEICESTERSHIRE",1181,7786.4,0,0
2022-05-01,05V,"NHS STAFFORD AND SURROUNDS",1217,11362.44,0,0
2022-05-01,01G,"NHS SALFORD",1228,9637.69,0,0
2022-05-01,00V,"NHS BURY",1246,8672.63,0,0
2022-05-01,03K,"NHS NORTH LINCOLNSHIRE",1296,10139.28,0,0
2022-05-01,01K,"NHS MORECAMBE BAY",1377,10519.46,0,0
2022-05-01,00R,"NHS BLACKPOOL",1382,12072.82,0,0
2022-05-01,00N,"NHS SOUTH TYNESIDE",1415,15175.29,0,0
2022-05-01,01E,"NHS GREATER PRESTON",1416,13363,0,0
2022-05-01,00Q,"NHS BLACKBURN WITH DARWEN",1428,12997.2,0,0
2022-05-01,02Y,"NHS EAST RIDING OF YORKSHIRE",1436,11031.07,0,0
2022-05-01,03Q,"NHS VALE OF YORK",1455,14644.82,0,0
2022-05-01,01Y,"NHS TAMESIDE AND GLOSSOP",1487,13540.87,0,0
2022-05-01,99C,"NHS NORTH TYNESIDE",1496,14671.68,0,0
2022-05-01,09D,"NHS BRIGHTON AND HOVE",1499,15710.67,0,0
2022-05-01,02A,"NHS TRAFFORD",1503,13158.59,0,0
2022-05-01,03F,"NHS HULL",1511,11368.6,0,0
2022-05-01,05Q,"NHS SOUTH EAST STAFFORDSHIRE AND SEISDON PENINSULA",1544,14500.9,0,0
2022-05-01,01D,"NHS HEYWOOD, MIDDLETON AND ROCHDALE",1583,12468.35,0,0
2022-05-01,03H,"NHS NORTH EAST LINCOLNSHIRE",1667,12393.08,0,0
2022-05-01,01X,"NHS ST HELENS",1672,15133.4,0,0
2022-05-01,01W,"NHS STOCKPORT",1756,14233.35,0,0
2022-05-01,12F,"NHS WIRRAL",1802,15317.22,0,0
2022-05-01,05G,"NHS NORTH STAFFORDSHIRE",1821,15397.15,0,0
2022-05-01,07H,"NHS WEST ESSEX",2060,16416.47,0,0
2022-05-01,03R,"NHS WAKEFIELD",2081,18244.7,0,0
2022-05-01,00T,"NHS BOLTON",2167,16920.38,0,0
2022-05-01,15A,"NHS BERKSHIRE WEST",2240,21180.18,0,0
2022-05-01,00Y,"NHS OLDHAM",2275,17693.69,0,0
2022-05-01,00P,"NHS SUNDERLAND",2315,23336.15,0,0
2022-05-01,U2G6B,"NHS THAMES VALLEY ICB - U2G6B",2438,23028.68,0,0
2022-05-01,06T,"NHS NORTH EAST ESSEX",2451,19402.44,0,0
2022-05-01,07K,"NHS WEST SUFFOLK",2485,17865.65,0,0
2022-05-01,01H,"NHS NORTH CUMBRIA",2565,24850.69,0,0
2022-05-01,02P,"NHS BARNSLEY",2576,21025.65,0,0
2022-05-01,00L,"NHS NORTHUMBERLAND",2669,24614.95,0,0
2022-05-01,02X,"NHS DONCASTER",2702,22259.7,0,0
2022-05-01,03L,"NHS ROTHERHAM",2724,21992.14,0,0
2022-05-01,06L,"NHS IPSWICH AND EAST SUFFOLK",2778,20715.92,0,0
2022-05-01,13T,"NHS NEWCASTLE GATESHEAD",2848,26028.68,0,0
2022-05-01,02H,"NHS WIGAN BOROUGH",2862,25200.68,0,0
2022-05-01,06Q,"NHS MID ESSEX",2893,22307.52,0,0
2022-05-01,27D,"NHS CHESHIRE",2925,25124.8,0,0
2022-05-01,05W,"NHS STOKE ON TRENT",3051,25481.96,0,0
2022-05-01,M2L0M,"NHS SHROPSHIRE, TELFORD AND WREKIN",3112,30568.5,0,0
2022-05-01,01A,"NHS EAST LANCASHIRE",3240,25677.62,0,0
2022-05-01,X2C4Y,"NHS KIRKLEES",3366,32638.17,0,0
2022-05-01,97R,"NHS EAST SUSSEX",3378,30527.84,0,0
2022-05-01,99A,"NHS LIVERPOOL",3588,31755.41,0,0
2022-05-01,06N,"NHS HERTS VALLEYS",3611,35424.76,0,0
2022-05-01,15F,"NHS LEEDS",3706,32035.7,0,0
2022-05-01,11J,"NHS DORSET",3804,30459.29,0,0
2022-05-01,15C,"NHS BRISTOL, NORTH SOMERSET AND SOUTH GLOUCESTERSHIRE",4060,38175.29,0,0
2022-05-01,14Y,"NHS BUCKINGHAMSHIRE",4111,35355.18,0,0
2022-05-01,11N,"NHS CORNWALL AND THE ISLES OF SCILLY",4141,34678.55,0,0
2022-05-01,42D,"NHS NORTH YORKSHIRE",4289,40768.18,0,0
2022-05-01,11M,"NHS GLOUCESTERSHIRE",4307,36325.65,0,0
2022-05-01,10Q,"NHS OXFORDSHIRE",4550,42616.64,0,0
2022-05-01,06K,"NHS EAST AND NORTH HERTFORDSHIRE",4586,37336.63,0,0
2022-05-01,84H,"NHS COUNTY DURHAM",4648,40817.53,0,0
2022-05-01,18C,"NHS HEREFORDSHIRE AND WORCESTERSHIRE",4764,43634.76,0,0
2022-05-01,92G,"NHS BATH AND NORTH EAST SOMERSET, SWINDON AND WILTSHIRE",4899,38278.66,0,0
2022-05-01,03N,"NHS SHEFFIELD",4903,40153.5,0,0
2022-05-01,36J,"NHS BRADFORD DISTRICT AND CRAVEN",5030,39893.07,0,0
2022-05-01,71E,"NHS LINCOLNSHIRE",5277,39999.12,0,0
2022-05-01,14L,"NHS MANCHESTER",5323,43754.12,0,0
2022-05-01,70F,"NHS WEST SUSSEX",5330,51009.5,0,0
2022-05-01,06H,"NHS CAMBRIDGESHIRE AND PETERBOROUGH",5501,39993.3,0,0
2022-05-01,16C,"NHS TEES VALLEY",5616,48844.77,0,0
2022-05-01,15M,"NHS DERBY AND DERBYSHIRE",6115,56781.38,0,0
2022-05-01,15N,"NHS DEVON",6198,49327.41,0,0
2022-05-01,B2M3M,"NHS COVENTRY AND WARWICKSHIRE",6468,54125.38,0,0
2022-05-01,92A,"NHS SURREY HEARTLANDS",6819,66243.71,0,0
2022-05-01,M1J4Y,"NHS BEDFORDSHIRE, LUTON AND MILTON KEYNES",6985,55874.81,0,0
2022-05-01,D9Y0V,"NHS HAMPSHIRE, SOUTHAMPTON AND ISLE OF WIGHT",7197,66970.65,0,0
2022-05-01,52R,"NHS NOTTINGHAM AND NOTTINGHAMSHIRE",7941,61987.49,0,0
2022-05-01,26A,"NHS NORFOLK AND WAVENEY",8345,67331.53,0,0
2022-05-01,36L,"NHS SOUTH WEST LONDON",8351,83765.12,0,0
2022-05-01,93C,"NHS NORTH CENTRAL LONDON",9232,90423.41,0,0
2022-05-01,91Q,"NHS KENT AND MEDWAY",9926,82023.21,0,0
2022-05-01,72Q,"NHS SOUTH EAST LONDON",10312,105451.65,0,0
2022-05-01,D2P2L,"NHS BLACK COUNTRY",10865,96838.92,0,0
2022-05-01,15E,"NHS BIRMINGHAM AND SOLIHULL",11951,101684.14,0,0
2022-05-01,W2U3Z,"NHS NORTH WEST LONDON",12447,111361.27,0,0
2022-05-01,A3A8R,"NHS NORTH EAST LONDON",15139,143473.13,0,0
2022-06-01,09W,"NHS MEDWAY",0,0,0,0
2022-06-01,D4U1Y,"NHS FRIMLEY",44,348.3,0,0
2022-06-01,07G,"NHS THURROCK",406,3098.88,0,0
2022-06-01,02T,"NHS CALDERDALE",439,3252.89,0,0
2022-06-01,99F,"NHS CASTLE POINT AND ROCHFORD",509,3982.44,0,0
2022-06-01,99G,"NHS SOUTHEND",521,4180.04,0,0
2022-06-01,01V,"NHS SOUTHPORT AND FORMBY",772,7405.03,0,0
2022-06-01,11X,"NHS SOMERSET",788,5946.75,0,0
2022-06-01,01F,"NHS HALTON",790,6602.21,0,0
2022-06-01,02E,"NHS WARRINGTON",824,6327.28,0,0
2022-06-01,99E,"NHS BASILDON AND BRENTWOOD",830,6368.42,0,0
2022-06-01,02Q,"NHS BASSETLAW",836,6316.44,0,0
2022-06-01,04C,"NHS LEICESTER CITY",881,5086.7,0,0
2022-06-01,02G,"NHS WEST LANCASHIRE",899,8365.85,0,0
2022-06-01,03W,"NHS EAST LEICESTERSHIRE AND RUTLAND",913,5964.12,0,0
2022-06-01,02M,"NHS FYLDE AND WYRE",919,7673.27,0,0
2022-06-01,05D,"NHS EAST STAFFORDSHIRE",950,7551.46,0,0
2022-06-01,10R,"NHS PORTSMOUTH",997,9776.09,0,0
2022-06-01,04Y,"NHS CANNOCK CHASE",1071,9276.28,0,0
2022-06-01,01T,"NHS SOUTH SEFTON",1087,9243.4,0,0
2022-06-01,00X,"NHS CHORLEY AND SOUTH RIBBLE",1147,10609.89,0,0
2022-06-01,01J,"NHS KNOWSLEY",1157,9709.81,0,0
2022-06-01,78H,"NHS NORTHAMPTONSHIRE",1171,8599,0,0
2022-06-01,01G,"NHS SALFORD",1210,9483.02,0,0
2022-06-01,00V,"NHS BURY",1219,8476.97,0,0
2022-06-01,05V,"NHS STAFFORD AND SURROUNDS",1223,11224.03,0,0
2022-06-01,04V,"NHS WEST LEICESTERSHIRE",1228,8114.05,0,0
2022-06-01,03K,"NHS NORTH LINCOLNSHIRE",1292,9711.61,0,0
2022-06-01,01E,"NHS GREATER PRESTON",1324,12527.77,0,0
2022-06-01,00R,"NHS BLACKPOOL",1326,11465.31,0,0
2022-06-01,99C,"NHS NORTH TYNESIDE",1356,13050.95,0,0
2022-06-01,03Q,"NHS VALE OF YORK",1370,13584.87,0,0
2022-06-01,01K,"NHS MORECAMBE BAY",1414,10507.86,0,0
2022-06-01,00N,"NHS SOUTH TYNESIDE",1426,15384.92,0,0
2022-06-01,00Q,"NHS BLACKBURN WITH DARWEN",1441,12970.94,0,0
2022-06-01,02Y,"NHS EAST RIDING OF YORKSHIRE",1447,11239,0,0
2022-06-01,01D,"NHS HEYWOOD, MIDDLETON AND ROCHDALE",1457,11391.36,0,0
2022-06-01,01Y,"NHS TAMESIDE AND GLOSSOP",1464,12998.27,0,0
2022-06-01,05Q,"NHS SOUTH EAST STAFFORDSHIRE AND SEISDON PENINSULA",1468,14133.87,0,0
2022-06-01,09D,"NHS BRIGHTON AND HOVE",1493,15435.59,0,0
2022-06-01,02A,"NHS TRAFFORD",1525,12953.01,0,0
2022-06-01,03H,"NHS NORTH EAST LINCOLNSHIRE",1613,12212.3,0,0
2022-06-01,03F,"NHS HULL",1621,12460.33,0,0
2022-06-01,12F,"NHS WIRRAL",1623,13575,0,0
2022-06-01,01X,"NHS ST HELENS",1634,14628.99,0,0
2022-06-01,01W,"NHS STOCKPORT",1645,13437.63,0,0
2022-06-01,05G,"NHS NORTH STAFFORDSHIRE",1846,15748.06,0,0
2022-06-01,07H,"NHS WEST ESSEX",1999,16085.74,0,0
2022-06-01,00T,"NHS BOLTON",2075,16411.56,0,0
2022-06-01,15A,"NHS BERKSHIRE WEST",2115,19936.69,0,0
2022-06-01,00Y,"NHS OLDHAM",2178,17083.61,0,0
2022-06-01,00P,"NHS SUNDERLAND",2180,21626.22,0,0
2022-06-01,03R,"NHS WAKEFIELD",2226,19144.35,0,0
2022-06-01,06T,"NHS NORTH EAST ESSEX",2332,18447.8,0,0
2022-06-01,01H,"NHS NORTH CUMBRIA",2481,24211.47,0,0
2022-06-01,U2G6B,"NHS THAMES VALLEY ICB - U2G6B",2510,23769.43,0,0
2022-06-01,07K,"NHS WEST SUFFOLK",2535,18364.31,0,0
2022-06-01,00L,"NHS NORTHUMBERLAND",2547,23384.41,0,0
2022-06-01,03L,"NHS ROTHERHAM",2590,20499.38,0,0
2022-06-01,02P,"NHS BARNSLEY",2593,21307.26,0,0
2022-06-01,02X,"NHS DONCASTER",2646,22212.61,0,0
2022-06-01,06Q,"NHS MID ESSEX",2781,21376.08,0,0
2022-06-01,06L,"NHS IPSWICH AND EAST SUFFOLK",2786,20444.09,0,0
2022-06-01,13T,"NHS NEWCASTLE GATESHEAD",2805,25689.55,0,0
2022-06-01,27D,"NHS CHESHIRE",2903,24687.61,0,0
2022-06-01,02H,"NHS WIGAN BOROUGH",2959,26325.91,0,0
2022-06-01,M2L0M,"NHS SHROPSHIRE, TELFORD AND WREKIN",2985,28725.76,0,0
2022-06-01,05W,"NHS STOKE ON TRENT",3143,25698.84,0,0
2022-06-01,97R,"NHS EAST SUSSEX",3222,29541.69,0,0
2022-06-01,01A,"NHS EAST LANCASHIRE",3270,26343.63,0,0
2022-06-01,X2C4Y,"NHS KIRKLEES",3366,33236.44,0,0
2022-06-01,06N,"NHS HERTS VALLEYS",3528,34836.72,0,0
2022-06-01,99A,"NHS LIVERPOOL",3528,31497.77,0,0
2022-06-01,11J,"NHS DORSET",3735,30139.31,0,0
2022-06-01,15F,"NHS LEEDS",3755,31734.98,0,0
2022-06-01,11N,"NHS CORNWALL AND THE ISLES OF SCILLY",4017,33020.36,0,0
2022-06-01,11M,"NHS GLOUCESTERSHIRE",4116,33863.15,0,0
2022-06-01,15C,"NHS BRISTOL, NORTH SOMERSET AND SOUTH GLOUCESTERSHIRE",4144,39769.08,0,0
2022-06-01,42D,"NHS NORTH YORKSHIRE",4220,39918.91,0,0
2022-06-01,14Y,"NHS BUCKINGHAMSHIRE",4255,36111.07,0,0
2022-06-01,84H,"NHS COUNTY DURHAM",4428,38889.95,0,0
2022-06-01,18C,"NHS HEREFORDSHIRE AND WORCESTERSHIRE",4585,41416.82,0,0
2022-06-01,03N,"NHS SHEFFIELD",4629,37864.76,0,0
2022-06-01,10Q,"NHS OXFORDSHIRE",4647,42219.3,0,0
2022-06-01,06K,"NHS EAST AND NORTH HERTFORDSHIRE",4671,37485.33,0,0
2022-06-01,92G,"NHS BATH AND NORTH EAST SOMERSET, SWINDON AND WILTSHIRE",4748,36898.32,0,0
2022-06-01,36J,"NHS BRADFORD DISTRICT AND CRAVEN",4854,38565.66,0,0
2022-06-01,70F,"NHS WEST SUSSEX",5162,49460.88,0,0
2022-06-01,16C,"NHS TEES VALLEY",5292,45589.4,0,0
2022-06-01,71E,"NHS LINCOLNSHIRE",5324,40794.05,0,0
2022-06-01,14L,"NHS MANCHESTER",5484,44673.56,0,0
2022-06-01,06H,"NHS CAMBRIDGESHIRE AND PETERBOROUGH",5583,40766.55,0,0
2022-06-01,15M,"NHS DERBY AND DERBYSHIRE",5731,53845.47,0,0
2022-06-01,15N,"NHS DEVON",6133,48886.6,0,0
2022-06-01,B2M3M,"NHS COVENTRY AND WARWICKSHIRE",6281,51866.35,0,0
2022-06-01,92A,"NHS SURREY HEARTLANDS",6651,65181.99,0,0
2022-06-01,D9Y0V,"NHS HAMPSHIRE, SOUTHAMPTON AND ISLE OF WIGHT",6978,65466.35,0,0
2022-06-01,M1J4Y,"NHS BEDFORDSHIRE, LUTON AND MILTON KEYNES",6989,55839.45,0,0
2022-06-01,52R,"NHS NOTTINGHAM AND NOTTINGHAMSHIRE",7648,59757.66,0,0
2022-06-01,26A,"NHS NORFOLK AND WAVENEY",8331,67540.86,0,0
2022-06-01,36L,"NHS SOUTH WEST LONDON",8484,85573.03,0,0
2022-06-01,93C,"NHS NORTH CENTRAL LONDON",9174,89997.17,0,0
2022-06-01,91Q,"NHS KENT AND MEDWAY",9838,81561.56,0,0
2022-06-01,72Q,"NHS SOUTH EAST LONDON",10445,106989.21,0,0
2022-06-01,D2P2L,"NHS BLACK COUNTRY",10802,95656.3,0,0
2022-06-01,15E,"NHS BIRMINGHAM AND SOLIHULL",11929,101214.04,0,0
2022-06-01,W2U3Z,"NHS NORTH WEST LONDON",12868,113816.95,0,0
2022-06-01,A3A8R,"NHS NORTH EAST LONDON",15095,141796.13,0,0
2022-07-01,09W,"NHS MEDWAY",0,0,0,0
2022-07-01,D4U1Y,"NHS FRIMLEY",38,294.54,0,0
2022-07-01,02T,"NHS CALDERDALE",459,3569.45,0,0
2022-07-01,07G,"NHS THURROCK",465,3476.77,0,0
2022-07-01,99F,"NHS CASTLE POINT AND ROCHFORD",511,4113.99,0,0
2022-07-01,99G,"NHS SOUTHEND",534,4265.53,0,0
2022-07-01,01F,"NHS HALTON",720,5994.41,0,0
2022-07-01,99E,"NHS BASILDON AND BRENTWOOD",741,5677.77,0,0
2022-07-01,11X,"NHS SOMERSET",763,5742.46,0,0
2022-07-01,02Q,"NHS BASSETLAW",772,5797.78,0,0
2022-07-01,01V,"NHS SOUTHPORT AND FORMBY",782,7619.41,0,0
2022-07-01,04C,"NHS LEICESTER CITY",800,4863.04,0,0
2022-07-01,02E,"NHS WARRINGTON",818,6197.82,0,0
2022-07-01,03W,"NHS EAST LEICESTERSHIRE AND RUTLAND",839,5572.71,0,0
2022-07-01,05D,"NHS EAST STAFFORDSHIRE",900,7251.88,0,0
2022-07-01,02G,"NHS WEST LANCASHIRE",920,8387.94,0,0
2022-07-01,10R,"NHS PORTSMOUTH",926,9504.6,0,0
2022-07-01,02M,"NHS FYLDE AND WYRE",972,8179.02,0,0
2022-07-01,78H,"NHS NORTHAMPTONSHIRE",1013,7375.4,0,0
2022-07-01,01T,"NHS SOUTH SEFTON",1054,9191.9,0,0
2022-07-01,04Y,"NHS CANNOCK CHASE",1058,9366.27,0,0
2022-07-01,01J,"NHS KNOWSLEY",1094,8994.85,0,0
2022-07-01,00X,"NHS CHORLEY AND SOUTH RIBBLE",1125,10367.56,0,0
2022-07-01,05V,"NHS STAFFORD AND SURROUNDS",1141,10696.09,0,0
2022-07-01,04V,"NHS WEST LEICESTERSHIRE",1169,7980.51,0,0
2022-07-01,01G,"NHS SALFORD",1194,9590.51,0,0
2022-07-01,00V,"NHS BURY",1251,8715.64,0,0
2022-07-01,03K,"NHS NORTH LINCOLNSHIRE",1261,9781.31,0,0
2022-07-01,00R,"NHS BLACKPOOL",1299,11168.08,0,0
2022-07-01,01E,"NHS GREATER PRESTON",1316,12230.28,0,0
2022-07-01,01K,"NHS MORECAMBE BAY",1370,10213.11,0,0
2022-07-01,03Q,"NHS VALE OF YORK",1375,13845.28,0,0
2022-07-01,02Y,"NHS EAST RIDING OF YORKSHIRE",1389,10856.52,0,0
2022-07-01,00Q,"NHS BLACKBURN WITH DARWEN",1416,12886.8,0,0
2022-07-01,99C,"NHS NORTH TYNESIDE",1452,13900.99,0,0
2022-07-01,02A,"NHS TRAFFORD",1456,12423.7,0,0
2022-07-01,00N,"NHS SOUTH TYNESIDE",1474,16046.09,0,0
2022-07-01,01Y,"NHS TAMESIDE AND GLOSSOP",1480,13040.44,0,0
2022-07-01,05Q,"NHS SOUTH EAST STAFFORDSHIRE AND SEISDON PENINSULA",1482,14128.64,0,0
2022-07-01,03F,"NHS HULL",1497,11383.75,0,0
2022-07-01,01D,"NHS HEYWOOD, MIDDLETON AND ROCHDALE",1513,11920.73,0,0
2022-07-01,09D,"NHS BRIGHTON AND HOVE",1516,15333.16,0,0
2022-07-01,03H,"NHS NORTH EAST LINCOLNSHIRE",1579,11798.42,0,0
2022-07-01,01W,"NHS STOCKPORT",1662,14011.32,0,0
2022-07-01,01X,"NHS ST HELENS",1679,15082.58,0,0
2022-07-01,12F,"NHS WIRRAL",1679,14429.98,0,0
2022-07-01,05G,"NHS NORTH STAFFORDSHIRE",1870,15820.29,0,0
2022-07-01,15A,"NHS BERKSHIRE WEST",1986,18262.89,0,0
2022-07-01,07H,"NHS WEST ESSEX",2018,16115.06,0,0
2022-07-01,00T,"NHS BOLTON",2040,15971.12,0,0
2022-07-01,03R,"NHS WAKEFIELD",2145,18817.82,0,0
2022-07-01,00Y,"NHS OLDHAM",2203,17303.96,0,0
2022-07-01,00P,"NHS SUNDERLAND",2227,21980.7,0,0
2022-07-01,U2G6B,"NHS THAMES VALLEY ICB - U2G6B",2360,22501.24,0,0
2022-07-01,06T,"NHS NORTH EAST ESSEX",2362,18627.24,0,0
2022-07-01,07K,"NHS WEST SUFFOLK",2378,17032.43,0,0
2022-07-01,03L,"NHS ROTHERHAM",2534,20385.15,0,0
2022-07-01,02P,"NHS BARNSLEY",2540,20735.42,0,0
2022-07-01,00L,"NHS NORTHUMBERLAND",2568,24269.23,0,0
2022-07-01,01H,"NHS NORTH CUMBRIA",2572,24464.01,0,0
2022-07-01,27D,"NHS CHESHIRE",2602,22066.05,0,0
2022-07-01,02X,"NHS DONCASTER",2607,21337.25,0,0
2022-07-01,06L,"NHS IPSWICH AND EAST SUFFOLK",2628,19548.79,0,0
2022-07-01,06Q,"NHS MID ESSEX",2641,20046.37,0,0
2022-07-01,02H,"NHS WIGAN BOROUGH",2751,24294.76,0,0
2022-07-01,13T,"NHS NEWCASTLE GATESHEAD",2753,25689.79,0,0
2022-07-01,05W,"NHS STOKE ON TRENT",3038,24881.6,0,0
2022-07-01,M2L0M,"NHS SHROPSHIRE, TELFORD AND WREKIN",3042,29191.13,0,0
2022-07-01,X2C4Y,"NHS KIRKLEES",3099,30012.21,0,0
2022-07-01,01A,"NHS EAST LANCASHIRE",3141,25243.98,0,0
2022-07-01,97R,"NHS EAST SUSSEX",3249,29546.82,0,0
2022-07-01,06N,"NHS HERTS VALLEYS",3436,33962.42,0,0
2022-07-01,99A,"NHS LIVERPOOL",3509,31342.84,0,0
2022-07-01,11J,"NHS DORSET",3647,30109.67,0,0
2022-07-01,15F,"NHS LEEDS",3722,31892.52,0,0
2022-07-01,15C,"NHS BRISTOL, NORTH SOMERSET AND SOUTH GLOUCESTERSHIRE",3923,38245.79,0,0
2022-07-01,11M,"NHS GLOUCESTERSHIRE",3990,32598.9,0,0
2022-07-01,11N,"NHS CORNWALL AND THE ISLES OF SCILLY",4025,33412.7,0,0
2022-07-01,42D,"NHS NORTH YORKSHIRE",4093,38573.44,0,0
2022-07-01,14Y,"NHS BUCKINGHAMSHIRE",4159,35992.58,0,0
2022-07-01,06K,"NHS EAST AND NORTH HERTFORDSHIRE",4464,36420.36,0,0
2022-07-01,84H,"NHS COUNTY DURHAM",4466,39937.54,0,0
2022-07-01,03N,"NHS SHEFFIELD",4481,36858.63,0,0
2022-07-01,10Q,"NHS OXFORDSHIRE",4545,41793.99,0,0
2022-07-01,92G,"NHS BATH AND NORTH EAST SOMERSET, SWINDON AND WILTSHIRE",4643,36453.26,0,0
2022-07-01,18C,"NHS HEREFORDSHIRE AND WORCESTERSHIRE",4719,43198.21,0,0
2022-07-01,70F,"NHS WEST SUSSEX",4906,46339.66,0,0
2022-07-01,36J,"NHS BRADFORD DISTRICT AND CRAVEN",4974,39732.09,0,0
2022-07-01,71E,"NHS LINCOLNSHIRE",5176,39086.89,0,0
2022-07-01,16C,"NHS TEES VALLEY",5244,45258.89,0,0
2022-07-01,14L,"NHS MANCHESTER",5296,42876.79,0,0
2022-07-01,06H,"NHS CAMBRIDGESHIRE AND PETERBOROUGH",5297,38665,0,0
2022-07-01,15M,"NHS DERBY AND DERBYSHIRE",5730,53844.9,0,0
2022-07-01,15N,"NHS DEVON",6195,49720.4,0,0
2022-07-01,B2M3M,"NHS COVENTRY AND WARWICKSHIRE",6267,52491.6,0,0
2022-07-01,92A,"NHS SURREY HEARTLANDS",6503,63607.12,0,0
2022-07-01,M1J4Y,"NHS BEDFORDSHIRE, LUTON AND MILTON KEYNES",6703,54008.07,0,0
2022-07-01,D9Y0V,"NHS HAMPSHIRE, SOUTHAMPTON AND ISLE OF WIGHT",6882,64716.17,0,0
2022-07-01,52R,"NHS NOTTINGHAM AND NOTTINGHAMSHIRE",7581,59213.74,0,0
2022-07-01,26A,"NHS NORFOLK AND WAVENEY",7852,64333.99,0,0
2022-07-01,36L,"NHS SOUTH WEST LONDON",8217,83110.76,0,0
2022-07-01,93C,"NHS NORTH CENTRAL LONDON",9138,89577.37,0,0
2022-07-01,91Q,"NHS KENT AND MEDWAY",9521,79887.78,0,0
2022-07-01,72Q,"NHS SOUTH EAST LONDON",9936,101983.7,0,0
2022-07-01,D2P2L,"NHS BLACK COUNTRY",10743,95084.79,0,0
2022-07-01,15E,"NHS BIRMINGHAM AND SOLIHULL",11357,97705.06,0,0
2022-07-01,W2U3Z,"NHS NORTH WEST LONDON",12352,110569.53,0,0
2022-07-01,A3A8R,"NHS NORTH EAST LONDON",14741,139892.52,0,0
2022-08-01,09W,"NHS MEDWAY",0,0,0,0
2022-08-01,D4U1Y,"NHS FRIMLEY",17,127.49,0,0
2022-08-01,07G,"NHS THURROCK",335,2646.08,0,0
2022-08-01,02T,"NHS CALDERDALE",408,3094.52,0,0
2022-08-01,99G,"NHS SOUTHEND",463,3813.78,0,0
2022-08-01,99F,"NHS CASTLE POINT AND ROCHFORD",469,3721.46,0,0
2022-08-01,99E,"NHS BASILDON AND BRENTWOOD",718,5801.19,0,0
2022-08-01,04C,"NHS LEICESTER CITY",724,4183.05,0,0
2022-08-01,11X,"NHS SOMERSET",735,5852.52,0,0
2022-08-01,03W,"NHS EAST LEICESTERSHIRE AND RUTLAND",755,4911.43,0,0
2022-08-01,01F,"NHS HALTON",771,6345.36,0,0
2022-08-01,01V,"NHS SOUTHPORT AND FORMBY",782,7745.21,0,0
2022-08-01,02E,"NHS WARRINGTON",799,6411.28,0,0
2022-08-01,02Q,"NHS BASSETLAW",849,6470.73,0,0
2022-08-01,05D,"NHS EAST STAFFORDSHIRE",901,7185.34,0,0
2022-08-01,02G,"NHS WEST LANCASHIRE",903,8237.6,0,0
2022-08-01,10R,"NHS PORTSMOUTH",908,9086.17,0,0
2022-08-01,02M,"NHS FYLDE AND WYRE",988,8441.53,0,0
2022-08-01,01T,"NHS SOUTH SEFTON",999,8547.42,0,0
2022-08-01,04Y,"NHS CANNOCK CHASE",1014,9309.11,0,0
2022-08-01,78H,"NHS NORTHAMPTONSHIRE",1028,7493.07,0,0
2022-08-01,04V,"NHS WEST LEICESTERSHIRE",1078,7571.04,0,0
2022-08-01,01J,"NHS KNOWSLEY",1097,9301.94,0,0
2022-08-01,00X,"NHS CHORLEY AND SOUTH RIBBLE",1102,10523.88,0,0
2022-08-01,00V,"NHS BURY",1103,7729.23,0,0
2022-08-01,01G,"NHS SALFORD",1135,8905.4,0,0
2022-08-01,05V,"NHS STAFFORD AND SURROUNDS",1170,10853.42,0,0
2022-08-01,03K,"NHS NORTH LINCOLNSHIRE",1201,9499.12,0,0
2022-08-01,00R,"NHS BLACKPOOL",1208,10569.49,0,0
2022-08-01,00N,"NHS SOUTH TYNESIDE",1244,13830.95,0,0
2022-08-01,99C,"NHS NORTH TYNESIDE",1249,11942.27,0,0
2022-08-01,01E,"NHS GREATER PRESTON",1250,12111.44,0,0
2022-08-01,01K,"NHS MORECAMBE BAY",1288,10013.33,0,0
2022-08-01,00Q,"NHS BLACKBURN WITH DARWEN",1294,11853.59,0,0
2022-08-01,01Y,"NHS TAMESIDE AND GLOSSOP",1303,11805.25,0,0
2022-08-01,02A,"NHS TRAFFORD",1312,11276.63,0,0
2022-08-01,02Y,"NHS EAST RIDING OF YORKSHIRE",1354,10584.63,0,0
2022-08-01,03F,"NHS HULL",1407,10893.86,0,0
2022-08-01,01D,"NHS HEYWOOD, MIDDLETON AND ROCHDALE",1418,11385.51,0,0
2022-08-01,09D,"NHS BRIGHTON AND HOVE",1430,14648.1,0,0
2022-08-01,03Q,"NHS VALE OF YORK",1490,15467.42,0,0
2022-08-01,05Q,"NHS SOUTH EAST STAFFORDSHIRE AND SEISDON PENINSULA",1502,14866.38,0,0
2022-08-01,12F,"NHS WIRRAL",1508,12766.29,0,0
2022-08-01,01W,"NHS STOCKPORT",1524,12640.46,0,0
2022-08-01,01X,"NHS ST HELENS",1553,14172.9,0,0
2022-08-01,03H,"NHS NORTH EAST LINCOLNSHIRE",1573,12067.64,0,0
2022-08-01,05G,"NHS NORTH STAFFORDSHIRE",1768,15660.39,0,0
2022-08-01,15A,"NHS BERKSHIRE WEST",1850,17753.81,0,0
2022-08-01,07H,"NHS WEST ESSEX",1871,15068.03,0,0
2022-08-01,00T,"NHS BOLTON",1937,15429.19,0,0
2022-08-01,00Y,"NHS OLDHAM",2071,16549.17,0,0
2022-08-01,03R,"NHS WAKEFIELD",2074,18286.12,0,0
2022-08-01,06T,"NHS NORTH EAST ESSEX",2076,16715.74,0,0
2022-08-01,00P,"NHS SUNDERLAND",2082,20875.79,0,0
2022-08-01,U2G6B,"NHS THAMES VALLEY ICB - U2G6B",2229,21613.9,0,0
2022-08-01,27D,"NHS CHESHIRE",2276,19646.42,0,0
2022-08-01,07K,"NHS WEST SUFFOLK",2325,17042.57,0,0
2022-08-01,01H,"NHS NORTH CUMBRIA",2381,23083.08,0,0
2022-08-01,06Q,"NHS MID ESSEX",2400,18706.79,0,0
2022-08-01,02P,"NHS BARNSLEY",2421,19871.43,0,0
2022-08-01,06L,"NHS IPSWICH AND EAST SUFFOLK",2421,18477.15,0,0
2022-08-01,00L,"NHS NORTHUMBERLAND",2482,24098.65,0,0
2022-08-01,03L,"NHS ROTHERHAM",2508,20461.47,0,0
2022-08-01,02X,"NHS DONCASTER",2525,21429.87,0,0
2022-08-01,02H,"NHS WIGAN BOROUGH",2552,22779.2,0,0
2022-08-01,13T,"NHS NEWCASTLE GATESHEAD",2634,24506.65,0,0
2022-08-01,M2L0M,"NHS SHROPSHIRE, TELFORD AND WREKIN",2867,28089.62,0,0
2022-08-01,05W,"NHS STOKE ON TRENT",3004,25158.71,0,0
2022-08-01,X2C4Y,"NHS KIRKLEES",3064,30717.6,0,0
2022-08-01,01A,"NHS EAST LANCASHIRE",3081,24952.4,0,0
2022-08-01,06N,"NHS HERTS VALLEYS",3091,31461.04,0,0
2022-08-01,97R,"NHS EAST SUSSEX",3169,29254.22,0,0
2022-08-01,99A,"NHS LIVERPOOL",3343,30012.27,0,0
2022-08-01,11J,"NHS DORSET",3364,27252.65,0,0
2022-08-01,15F,"NHS LEEDS",3422,30074.57,0,0
2022-08-01,15C,"NHS BRISTOL, NORTH SOMERSET AND SOUTH GLOUCESTERSHIRE",3572,35116.04,0,0
2022-08-01,14Y,"NHS BUCKINGHAMSHIRE",3671,32478.44,0,0
2022-08-01,11M,"NHS GLOUCESTERSHIRE",3684,30779.52,0,0
2022-08-01,11N,"NHS CORNWALL AND THE ISLES OF SCILLY",3924,32334.15,0,0
2022-08-01,42D,"NHS NORTH YORKSHIRE",3980,38318.25,0,0
2022-08-01,10Q,"NHS OXFORDSHIRE",4062,37599.91,0,0
2022-08-01,03N,"NHS SHEFFIELD",4063,33415.94,0,0
2022-08-01,06K,"NHS EAST AND NORTH HERTFORDSHIRE",4098,33663.94,0,0
2022-08-01,92G,"NHS BATH AND NORTH EAST SOMERSET, SWINDON AND WILTSHIRE",4243,33222.22,0,0
2022-08-01,84H,"NHS COUNTY DURHAM",4311,38110.61,0,0
2022-08-01,18C,"NHS HEREFORDSHIRE AND WORCESTERSHIRE",4432,41212.03,0,0
2022-08-01,36J,"NHS BRADFORD DISTRICT AND CRAVEN",4745,38245.99,0,0
2022-08-01,06H,"NHS CAMBRIDGESHIRE AND PETERBOROUGH",4861,35872.77,0,0
2022-08-01,70F,"NHS WEST SUSSEX",4908,47531.85,0,0
2022-08-01,16C,"NHS TEES VALLEY",4920,43262.23,0,0
2022-08-01,71E,"NHS LINCOLNSHIRE",4920,38041.76,0,0
2022-08-01,14L,"NHS MANCHESTER",5006,41984.25,0,0
2022-08-01,15M,"NHS DERBY AND DERBYSHIRE",5386,51083.63,0,0
2022-08-01,15N,"NHS DEVON",5620,45683.47,0,0
2022-08-01,B2M3M,"NHS COVENTRY AND WARWICKSHIRE",5859,49175.5,0,0
2022-08-01,92A,"NHS SURREY HEARTLANDS",5952,58990.27,0,0
2022-08-01,D9Y0V,"NHS HAMPSHIRE, SOUTHAMPTON AND ISLE OF WIGHT",6181,58841.19,0,0
2022-08-01,M1J4Y,"NHS BEDFORDSHIRE, LUTON AND MILTON KEYNES",6206,50245.22,0,0
2022-08-01,52R,"NHS NOTTINGHAM AND NOTTINGHAMSHIRE",7026,55392.14,0,0
2022-08-01,36L,"NHS SOUTH WEST LONDON",7470,76332.77,0,0
2022-08-01,26A,"NHS NORFOLK AND WAVENEY",7490,61929.65,0,0
2022-08-01,93C,"NHS NORTH CENTRAL LONDON",8202,82013.51,0,0
2022-08-01,91Q,"NHS KENT AND MEDWAY",8973,75345.67,0,0
2022-08-01,72Q,"NHS SOUTH EAST LONDON",9077,93492.85,0,0
2022-08-01,D2P2L,"NHS BLACK COUNTRY",10257,92190.25,0,0
2022-08-01,W2U3Z,"NHS NORTH WEST LONDON",10893,98752.27,0,0
2022-08-01,15E,"NHS BIRMINGHAM AND SOLIHULL",11037,94938.46,0,0
2022-08-01,A3A8R,"NHS NORTH EAST LONDON",13684,131601.71,0,0
2022-09-01,09W,"NHS MEDWAY",0,0,0,0
2022-09-01,D4U1Y,"NHS FRIMLEY",24,179.64,0,0
2022-09-01,07G,"NHS THURROCK",426,3154.22,0,0
2022-09-01,02T,"NHS CALDERDALE",471,3429.34,0,0
2022-09-01,99F,"NHS CASTLE POINT AND ROCHFORD",518,4175.49,0,0
2022-09-01,99G,"NHS SOUTHEND",602,4642.66,0,0
2022-09-01,99E,"NHS BASILDON AND BRENTWOOD",731,5766.01,0,0
2022-09-01,01F,"NHS HALTON",774,6399.97,0,0
2022-09-01,02Q,"NHS BASSETLAW",806,6011.87,0,0
2022-09-01,11X,"NHS SOMERSET",806,6315.94,0,0
2022-09-01,02E,"NHS WARRINGTON",807,5956.92,0,0
2022-09-01,01V,"NHS SOUTHPORT AND FORMBY",809,7981.86,0,0
2022-09-01,03W,"NHS EAST LEICESTERSHIRE AND RUTLAND",880,5657.63,0,0
2022-09-01,04C,"NHS LEICESTER CITY",894,5370.89,0,0
2022-09-01,02G,"NHS WEST LANCASHIRE",905,8298.64,0,0
2022-09-01,05D,"NHS EAST STAFFORDSHIRE",930,7348.53,0,0
2022-09-01,10R,"NHS PORTSMOUTH",934,9488.44,0,0
2022-09-01,02M,"NHS FYLDE AND WYRE",982,8024.75,0,0
2022-09-01,04Y,"NHS CANNOCK CHASE",1016,8836.31,0,0
2022-09-01,78H,"NHS NORTHAMPTONSHIRE",1046,7672.77,0,0
2022-09-01,01T,"NHS SOUTH SEFTON",1087,9217.17,0,0
2022-09-01,00X,"NHS CHORLEY AND SOUTH RIBBLE",1129,10492.05,0,0
2022-09-01,01J,"NHS KNOWSLEY",1178,9830.67,0,0
2022-09-01,01G,"NHS SALFORD",1192,9329.69,0,0
2022-09-01,00V,"NHS BURY",1217,8090.48,0,0
2022-09-01,05V,"NHS STAFFORD AND SURROUNDS",1224,11146.94,0,0
2022-09-01,04V,"NHS WEST LEICESTERSHIRE",1229,8125.93,0,0
2022-09-01,03K,"NHS NORTH LINCOLNSHIRE",1231,9431.44,0,0
2022-09-01,00R,"NHS BLACKPOOL",1267,10576.81,0,0
2022-09-01,03Q,"NHS VALE OF YORK",1300,12789.9,0,0
2022-09-01,01E,"NHS GREATER PRESTON",1319,12234.31,0,0
2022-09-01,99C,"NHS NORTH TYNESIDE",1352,13255.57,0,0
2022-09-01,01K,"NHS MORECAMBE BAY",1359,10213.33,0,0
2022-09-01,02Y,"NHS EAST RIDING OF YORKSHIRE",1381,10460.28,0,0
2022-09-01,00N,"NHS SOUTH TYNESIDE",1414,15035.84,0,0
2022-09-01,01Y,"NHS TAMESIDE AND GLOSSOP",1437,12716.22,0,0
2022-09-01,02A,"NHS TRAFFORD",1455,12485.36,0,0
2022-09-01,09D,"NHS BRIGHTON AND HOVE",1469,14741.2,0,0
2022-09-01,05Q,"NHS SOUTH EAST STAFFORDSHIRE AND SEISDON PENINSULA",1475,14166.93,0,0
2022-09-01,00Q,"NHS BLACKBURN WITH DARWEN",1477,13433.87,0,0
2022-09-01,03F,"NHS HULL",1496,11452.28,0,0
2022-09-01,01D,"NHS HEYWOOD, MIDDLETON AND ROCHDALE",1567,12070.45,0,0
2022-09-01,01X,"NHS ST HELENS",1569,13995.46,0,0
2022-09-01,03H,"NHS NORTH EAST LINCOLNSHIRE",1598,12126,0,0
2022-09-01,12F,"NHS WIRRAL",1660,13858.93,0,0
2022-09-01,01W,"NHS STOCKPORT",1689,13955.3,0,0
2022-09-01,05G,"NHS NORTH STAFFORDSHIRE",1772,15051.43,0,0
2022-09-01,15A,"NHS BERKSHIRE WEST",1908,17895.28,0,0
2022-09-01,07H,"NHS WEST ESSEX",1950,15539.09,0,0
2022-09-01,00T,"NHS BOLTON",2049,16096.28,0,0
2022-09-01,27D,"NHS CHESHIRE",2110,17753.27,0,0
2022-09-01,03R,"NHS WAKEFIELD",2174,18607.77,0,0
2022-09-01,00Y,"NHS OLDHAM",2230,17130.44,0,0
2022-09-01,00P,"NHS SUNDERLAND",2296,22486.49,0,0
2022-09-01,06T,"NHS NORTH EAST ESSEX",2317,18416.51,0,0
2022-09-01,U2G6B,"NHS THAMES VALLEY ICB - U2G6B",2355,21880.67,0,0
2022-09-01,07K,"NHS WEST SUFFOLK",2428,17427.12,0,0
2022-09-01,01H,"NHS NORTH CUMBRIA",2505,24400.66,0,0
2022-09-01,02X,"NHS DONCASTER",2514,20858.8,0,0
2022-09-01,00L,"NHS NORTHUMBERLAND",2625,24335.39,0,0
2022-09-01,03L,"NHS ROTHERHAM",2628,21117.86,0,0
2022-09-01,06Q,"NHS MID ESSEX",2628,20143.47,0,0
2022-09-01,02P,"NHS BARNSLEY",2630,21649.81,0,0
2022-09-01,06L,"NHS IPSWICH AND EAST SUFFOLK",2656,19057,0,0
2022-09-01,13T,"NHS NEWCASTLE GATESHEAD",2744,25042.32,0,0
2022-09-01,02H,"NHS WIGAN BOROUGH",2805,24636.07,0,0
2022-09-01,M2L0M,"NHS SHROPSHIRE, TELFORD AND WREKIN",2992,28793.7,0,0
2022-09-01,05W,"NHS STOKE ON TRENT",3056,28177.72,0,0
2022-09-01,01A,"NHS EAST LANCASHIRE",3203,25379.34,0,0
2022-09-01,X2C4Y,"NHS KIRKLEES",3229,31241.2,0,0
2022-09-01,97R,"NHS EAST SUSSEX",3286,29937.67,0,0
2022-09-01,99A,"NHS LIVERPOOL",3462,30723.08,0,0
2022-09-01,06N,"NHS HERTS VALLEYS",3476,34773.99,0,0
2022-09-01,15F,"NHS LEEDS",3539,29994.01,0,0
2022-09-01,11J,"NHS DORSET",3637,29726.38,0,0
2022-09-01,11M,"NHS GLOUCESTERSHIRE",3907,31789.4,0,0
2022-09-01,15C,"NHS BRISTOL, NORTH SOMERSET AND SOUTH GLOUCESTERSHIRE",3926,37610.66,0,0
2022-09-01,14Y,"NHS BUCKINGHAMSHIRE",3933,34253.81,0,0
2022-09-01,42D,"NHS NORTH YORKSHIRE",4030,37922.92,0,0
2022-09-01,03N,"NHS SHEFFIELD",4096,33789.94,0,0
2022-09-01,11N,"NHS CORNWALL AND THE ISLES OF SCILLY",4149,33878.05,0,0
2022-09-01,10Q,"NHS OXFORDSHIRE",4252,39397.77,0,0
2022-09-01,06K,"NHS EAST AND NORTH HERTFORDSHIRE",4301,34849.43,0,0
2022-09-01,84H,"NHS COUNTY DURHAM",4422,38413.58,0,0
2022-09-01,18C,"NHS HEREFORDSHIRE AND WORCESTERSHIRE",4490,41210.16,0,0
2022-09-01,92G,"NHS BATH AND NORTH EAST SOMERSET, SWINDON AND WILTSHIRE",4739,37389.21,0,0
2022-09-01,70F,"NHS WEST SUSSEX",5081,48488.95,0,0
2022-09-01,71E,"NHS LINCOLNSHIRE",5185,39322.37,0,0
2022-09-01,36J,"NHS BRADFORD DISTRICT AND CRAVEN",5217,40907.63,0,0
2022-09-01,06H,"NHS CAMBRIDGESHIRE AND PETERBOROUGH",5219,37587.83,0,0
2022-09-01,16C,"NHS TEES VALLEY",5219,44694.24,0,0
2022-09-01,14L,"NHS MANCHESTER",5352,43320.81,0,0
2022-09-01,15M,"NHS DERBY AND DERBYSHIRE",5546,52292.91,0,0
2022-09-01,15N,"NHS DEVON",5873,47236.8,0,0
2022-09-01,B2M3M,"NHS COVENTRY AND WARWICKSHIRE",5955,50138.39,0,0
2022-09-01,92A,"NHS SURREY HEARTLANDS",6399,62503,0,0
2022-09-01,M1J4Y,"NHS BEDFORDSHIRE, LUTON AND MILTON KEYNES",6581,52099.64,0,0
2022-09-01,D9Y0V,"NHS HAMPSHIRE, SOUTHAMPTON AND ISLE OF WIGHT",6758,63128.82,0,0
2022-09-01,52R,"NHS NOTTINGHAM AND NOTTINGHAMSHIRE",7539,58570.29,0,0
2022-09-01,36L,"NHS SOUTH WEST LONDON",7866,78823.4,0,0
2022-09-01,26A,"NHS NORFOLK AND WAVENEY",8033,64835.24,0,0
2022-09-01,93C,"NHS NORTH CENTRAL LONDON",8855,86724.53,0,0
2022-09-01,91Q,"NHS KENT AND MEDWAY",9426,78085.79,0,0
2022-09-01,72Q,"NHS SOUTH EAST LONDON",9894,101310.7,0,0
2022-09-01,D2P2L,"NHS BLACK COUNTRY",10774,94058.91,0,0
2022-09-01,15E,"NHS BIRMINGHAM AND SOLIHULL",12051,103002,0,0
2022-09-01,W2U3Z,"NHS NORTH WEST LONDON",12076,107209.76,0,0
2022-09-01,A3A8R,"NHS NORTH EAST LONDON",14956,139246.21,0,0
2022-10-01,09W,"NHS MEDWAY",0,0,0,0
2022-10-01,D4U1Y,"NHS FRIMLEY",43,333.59,0,0
2022-10-01,07G,"NHS THURROCK",439,3349.42,0,0
2022-10-01,99F,"NHS CASTLE POINT AND ROCHFORD",476,3749.62,0,0
2022-10-01,02T,"NHS CALDERDALE",493,3573.88,0,0
2022-10-01,99G,"NHS SOUTHEND",552,4291.43,0,0
2022-10-01,01F,"NHS HALTON",749,6193.4,0,0
2022-10-01,99E,"NHS BASILDON AND BRENTWOOD",752,5743.36,0,0
2022-10-01,01V,"NHS SOUTHPORT AND FORMBY",827,8108.89,0,0
2022-10-01,02E,"NHS WARRINGTON",829,6427.93,0,0
2022-10-01,11X,"NHS SOMERSET",851,6214.37,0,0
2022-10-01,04C,"NHS LEICESTER CITY",856,4868.05,0,0
2022-10-01,02Q,"NHS BASSETLAW",871,6368.59,0,0
2022-10-01,03W,"NHS EAST LEICESTERSHIRE AND RUTLAND",890,5773.66,0,0
2022-10-01,02G,"NHS WEST LANCASHIRE",923,8567.81,0,0
2022-10-01,02M,"NHS FYLDE AND WYRE",951,8070.99,0,0
2022-10-01,05D,"NHS EAST STAFFORDSHIRE",980,7791.6,0,0
2022-10-01,10R,"NHS PORTSMOUTH",988,9876.68,0,0
2022-10-01,78H,"NHS NORTHAMPTONSHIRE",1017,7089.32,0,0
2022-10-01,01T,"NHS SOUTH SEFTON",1051,9049.84,0,0
2022-10-01,01J,"NHS KNOWSLEY",1064,8588.84,0,0
2022-10-01,00X,"NHS CHORLEY AND SOUTH RIBBLE",1083,9992.8,0,0
2022-10-01,04Y,"NHS CANNOCK CHASE",1096,9655.32,0,0
2022-10-01,05V,"NHS STAFFORD AND SURROUNDS",1164,10769.07,0,0
2022-10-01,04V,"NHS WEST LEICESTERSHIRE",1202,7913.16,0,0
2022-10-01,01G,"NHS SALFORD",1243,9690.03,0,0
2022-10-01,00V,"NHS BURY",1259,8841.5,0,0
2022-10-01,00R,"NHS BLACKPOOL",1293,11540.57,0,0
2022-10-01,03K,"NHS NORTH LINCOLNSHIRE",1320,10217.92,0,0
2022-10-01,00N,"NHS SOUTH TYNESIDE",1359,14481.34,0,0
2022-10-01,00Q,"NHS BLACKBURN WITH DARWEN",1375,12913.81,0,0
2022-10-01,01K,"NHS MORECAMBE BAY",1377,10449.59,0,0
2022-10-01,01E,"NHS GREATER PRESTON",1391,12849.21,0,0
2022-10-01,01Y,"NHS TAMESIDE AND GLOSSOP",1421,12604.69,0,0
2022-10-01,99C,"NHS NORTH TYNESIDE",1422,13747.28,0,0
2022-10-01,03Q,"NHS VALE OF YORK",1423,14514.23,0,0
2022-10-01,01D,"NHS HEYWOOD, MIDDLETON AND ROCHDALE",1473,11654.04,0,0
2022-10-01,03F,"NHS HULL",1477,11183.32,0,0
2022-10-01,02Y,"NHS EAST RIDING OF YORKSHIRE",1480,11197.19,0,0
2022-10-01,05Q,"NHS SOUTH EAST STAFFORDSHIRE AND SEISDON PENINSULA",1515,14254.09,0,0
2022-10-01,02A,"NHS TRAFFORD",1546,13399.01,0,0
2022-10-01,01X,"NHS ST HELENS",1615,14637.13,0,0
2022-10-01,03H,"NHS NORTH EAST LINCOLNSHIRE",1620,12470.79,0,0
2022-10-01,09D,"NHS BRIGHTON AND HOVE",1625,16805.49,0,0
2022-10-01,01W,"NHS STOCKPORT",1642,13690.98,0,0
2022-10-01,12F,"NHS WIRRAL",1712,14342.32,0,0
2022-10-01,05G,"NHS NORTH STAFFORDSHIRE",1799,15339.96,0,0
2022-10-01,15A,"NHS BERKSHIRE WEST",1971,18964.55,0,0
2022-10-01,07H,"NHS WEST ESSEX",1977,15714.97,0,0
2022-10-01,27D,"NHS CHESHIRE",2035,17306.37,0,0
2022-10-01,00T,"NHS BOLTON",2060,16167,0,0
2022-10-01,00P,"NHS SUNDERLAND",2094,20776.6,0,0
2022-10-01,00Y,"NHS OLDHAM",2201,17321.09,0,0
2022-10-01,03R,"NHS WAKEFIELD",2252,19265.21,0,0
2022-10-01,06T,"NHS NORTH EAST ESSEX",2356,18354.83,0,0
2022-10-01,U2G6B,"NHS THAMES VALLEY ICB - U2G6B",2424,22964.38,0,0
2022-10-01,07K,"NHS WEST SUFFOLK",2483,17848.22,0,0
2022-10-01,02P,"NHS BARNSLEY",2493,20646.05,0,0
2022-10-01,00L,"NHS NORTHUMBERLAND",2545,23862.59,0,0
2022-10-01,02X,"NHS DONCASTER",2575,21502.69,0,0
2022-10-01,03L,"NHS ROTHERHAM",2652,21003.42,0,0
2022-10-01,01H,"NHS NORTH CUMBRIA",2658,25429.8,0,0
2022-10-01,02H,"NHS WIGAN BOROUGH",2670,23503.6,0,0
2022-10-01,13T,"NHS NEWCASTLE GATESHEAD",2780,24941.98,0,0
2022-10-01,06L,"NHS IPSWICH AND EAST SUFFOLK",2785,20450.87,0,0
2022-10-01,06Q,"NHS MID ESSEX",2906,21855.89,0,0
2022-10-01,05W,"NHS STOKE ON TRENT",2957,24048.46,0,0
2022-10-01,01A,"NHS EAST LANCASHIRE",3090,24912.93,0,0
2022-10-01,M2L0M,"NHS SHROPSHIRE, TELFORD AND WREKIN",3138,29817.08,0,0
2022-10-01,X2C4Y,"NHS KIRKLEES",3325,31708.98,0,0
2022-10-01,06N,"NHS HERTS VALLEYS",3462,33501.92,0,0
2022-10-01,97R,"NHS EAST SUSSEX",3464,30909.93,0,0
2022-10-01,99A,"NHS LIVERPOOL",3529,30994.08,0,0
2022-10-01,11J,"NHS DORSET",3762,30170.39,0,0
2022-10-01,15F,"NHS LEEDS",3860,32771.04,0,0
2022-10-01,11N,"NHS CORNWALL AND THE ISLES OF SCILLY",4038,33266.53,0,0
2022-10-01,42D,"NHS NORTH YORKSHIRE",4176,39098.15,0,0
2022-10-01,11M,"NHS GLOUCESTERSHIRE",4188,34760.9,0,0
2022-10-01,03N,"NHS SHEFFIELD",4196,34482.58,0,0
2022-10-01,15C,"NHS BRISTOL, NORTH SOMERSET AND SOUTH GLOUCESTERSHIRE",4208,40364.44,0,0
2022-10-01,84H,"NHS COUNTY DURHAM",4286,37361.08,0,0
2022-10-01,14Y,"NHS BUCKINGHAMSHIRE",4383,37371.88,0,0
2022-10-01,10Q,"NHS OXFORDSHIRE",4490,41242.63,0,0
2022-10-01,06K,"NHS EAST AND NORTH HERTFORDSHIRE",4553,36264.16,0,0
2022-10-01,92G,"NHS BATH AND NORTH EAST SOMERSET, SWINDON AND WILTSHIRE",4699,36690.76,0,0
2022-10-01,18C,"NHS HEREFORDSHIRE AND WORCESTERSHIRE",4769,43703.49,0,0
2022-10-01,71E,"NHS LINCOLNSHIRE",5130,38900.34,0,0
2022-10-01,16C,"NHS TEES VALLEY",5167,44553,0,0
2022-10-01,36J,"NHS BRADFORD DISTRICT AND CRAVEN",5172,40872.23,0,0
2022-10-01,06H,"NHS CAMBRIDGESHIRE AND PETERBOROUGH",5378,39133.21,0,0
2022-10-01,15M,"NHS DERBY AND DERBYSHIRE",5436,51428.69,0,0
2022-10-01,70F,"NHS WEST SUSSEX",5470,52032.59,0,0
2022-10-01,14L,"NHS MANCHESTER",5584,45599.83,0,0
2022-10-01,B2M3M,"NHS COVENTRY AND WARWICKSHIRE",6136,50767.08,0,0
2022-10-01,15N,"NHS DEVON",6336,50170.09,0,0
2022-10-01,M1J4Y,"NHS BEDFORDSHIRE, LUTON AND MILTON KEYNES",6934,54959.99,0,0
2022-10-01,92A,"NHS SURREY HEARTLANDS",7012,68761.17,0,0
2022-10-01,D9Y0V,"NHS HAMPSHIRE, SOUTHAMPTON AND ISLE OF WIGHT",7124,66281.4,0,0
2022-10-01,52R,"NHS NOTTINGHAM AND NOTTINGHAMSHIRE",7433,58252.55,0,0
2022-10-01,36L,"NHS SOUTH WEST LONDON",8201,83660.93,0,0
2022-10-01,26A,"NHS NORFOLK AND WAVENEY",8244,66532.92,0,0
2022-10-01,93C,"NHS NORTH CENTRAL LONDON",8939,87044.69,0,0
2022-10-01,91Q,"NHS KENT AND MEDWAY",10109,84340.62,0,0
2022-10-01,72Q,"NHS SOUTH EAST LONDON",10273,104938.4,0,0
2022-10-01,D2P2L,"NHS BLACK COUNTRY",10715,94785.42,0,0
2022-10-01,15E,"NHS BIRMINGHAM AND SOLIHULL",11622,98664.11,0,0
2022-10-01,W2U3Z,"NHS NORTH WEST LONDON",12610,111331.72,0,0
2022-10-01,A3A8R,"NHS NORTH EAST LONDON",15603,145947.82,0,0
2022-11-01,09W,"NHS MEDWAY",0,0,0,0
2022-11-01,D4U1Y,"NHS FRIMLEY",61,475.65,0,0
2022-11-01,07G,"NHS THURROCK",427,3368.71,0,0
2022-11-01,99F,"NHS CASTLE POINT AND ROCHFORD",489,3799.71,0,0
2022-11-01,02T,"NHS CALDERDALE",490,3728.29,0,0
2022-11-01,99G,"NHS SOUTHEND",567,4607.84,0,0
2022-11-01,99E,"NHS BASILDON AND BRENTWOOD",721,5464.44,0,0
2022-11-01,11X,"NHS SOMERSET",797,5949.53,0,0
2022-11-01,01F,"NHS HALTON",801,6393.22,0,0
2022-11-01,01V,"NHS SOUTHPORT AND FORMBY",844,8180.99,0,0
2022-11-01,04C,"NHS LEICESTER CITY",872,4930.52,0,0
2022-11-01,03W,"NHS EAST LEICESTERSHIRE AND RUTLAND",875,5603.63,0,0
2022-11-01,02E,"NHS WARRINGTON",876,6664.95,0,0
2022-11-01,02Q,"NHS BASSETLAW",887,6700.76,0,0
2022-11-01,02G,"NHS WEST LANCASHIRE",930,8348.67,0,0
2022-11-01,05D,"NHS EAST STAFFORDSHIRE",1004,7607.58,0,0
2022-11-01,78H,"NHS NORTHAMPTONSHIRE",1014,7175.57,0,0
2022-11-01,02M,"NHS FYLDE AND WYRE",1018,8455.3,0,0
2022-11-01,01J,"NHS KNOWSLEY",1137,9194.84,0,0
2022-11-01,00X,"NHS CHORLEY AND SOUTH RIBBLE",1146,10713.43,0,0
2022-11-01,01T,"NHS SOUTH SEFTON",1148,9737.58,0,0
2022-11-01,04Y,"NHS CANNOCK CHASE",1153,9941.21,0,0
2022-11-01,10R,"NHS PORTSMOUTH",1179,11910.88,0,0
2022-11-01,05V,"NHS STAFFORD AND SURROUNDS",1237,11020.43,0,0
2022-11-01,03K,"NHS NORTH LINCOLNSHIRE",1253,9408.53,0,0
2022-11-01,04V,"NHS WEST LEICESTERSHIRE",1274,8506.52,0,0
2022-11-01,00V,"NHS BURY",1284,9018.02,0,0
2022-11-01,00R,"NHS BLACKPOOL",1310,11225.49,0,0
2022-11-01,01G,"NHS SALFORD",1316,10441.98,0,0
2022-11-01,03Q,"NHS VALE OF YORK",1406,14102.86,0,0
2022-11-01,99C,"NHS NORTH TYNESIDE",1412,13193.43,0,0
2022-11-01,01E,"NHS GREATER PRESTON",1422,13313.4,0,0
2022-11-01,01D,"NHS HEYWOOD, MIDDLETON AND ROCHDALE",1453,11129.43,0,0
2022-11-01,01K,"NHS MORECAMBE BAY",1478,11237.07,0,0
2022-11-01,02Y,"NHS EAST RIDING OF YORKSHIRE",1483,11230.72,0,0
2022-11-01,01Y,"NHS TAMESIDE AND GLOSSOP",1556,13755.71,0,0
2022-11-01,00N,"NHS SOUTH TYNESIDE",1565,16422.6,0,0
2022-11-01,02A,"NHS TRAFFORD",1584,13604.28,0,0
2022-11-01,00Q,"NHS BLACKBURN WITH DARWEN",1589,13953.16,0,0
2022-11-01,03F,"NHS HULL",1611,12175.4,0,0
2022-11-01,09D,"NHS BRIGHTON AND HOVE",1624,16556.24,0,0
2022-11-01,01X,"NHS ST HELENS",1635,14571.29,0,0
2022-11-01,05Q,"NHS SOUTH EAST STAFFORDSHIRE AND SEISDON PENINSULA",1654,15680.02,0,0
2022-11-01,03H,"NHS NORTH EAST LINCOLNSHIRE",1690,12777.54,0,0
2022-11-01,01W,"NHS STOCKPORT",1722,14253.09,0,0
2022-11-01,12F,"NHS WIRRAL",1737,14279.82,0,0
2022-11-01,05G,"NHS NORTH STAFFORDSHIRE",1804,15318.44,0,0
2022-11-01,15A,"NHS BERKSHIRE WEST",1812,17469.41,0,0
2022-11-01,27D,"NHS CHESHIRE",2003,17134.84,0,0
2022-11-01,00T,"NHS BOLTON",2129,16598.74,0,0
2022-11-01,07H,"NHS WEST ESSEX",2228,17643.65,0,0
2022-11-01,00P,"NHS SUNDERLAND",2271,22943.16,0,0
2022-11-01,00Y,"NHS OLDHAM",2290,17543.65,0,0
2022-11-01,03R,"NHS WAKEFIELD",2352,20269.29,0,0
2022-11-01,U2G6B,"NHS THAMES VALLEY ICB - U2G6B",2411,22481.23,0,0
2022-11-01,06T,"NHS NORTH EAST ESSEX",2500,19395.01,0,0
2022-11-01,01H,"NHS NORTH CUMBRIA",2543,24452.17,0,0
2022-11-01,02P,"NHS BARNSLEY",2584,20828.04,0,0
2022-11-01,07K,"NHS WEST SUFFOLK",2602,18345.87,0,0
2022-11-01,03L,"NHS ROTHERHAM",2654,20909.15,0,0
2022-11-01,02X,"NHS DONCASTER",2686,21968.59,0,0
2022-11-01,00L,"NHS NORTHUMBERLAND",2721,25091.99,0,0
2022-11-01,06L,"NHS IPSWICH AND EAST SUFFOLK",2747,20216.1,0,0
2022-11-01,02H,"NHS WIGAN BOROUGH",2801,24208.69,0,0
2022-11-01,06Q,"NHS MID ESSEX",2879,21856.22,0,0
2022-11-01,13T,"NHS NEWCASTLE GATESHEAD",2914,26319.05,0,0
2022-11-01,M2L0M,"NHS SHROPSHIRE, TELFORD AND WREKIN",3131,30331.68,0,0
2022-11-01,01A,"NHS EAST LANCASHIRE",3186,25317.56,0,0
2022-11-01,05W,"NHS STOKE ON TRENT",3370,27516.67,0,0
2022-11-01,97R,"NHS EAST SUSSEX",3542,31671.82,0,0
2022-11-01,06N,"NHS HERTS VALLEYS",3605,35041.22,0,0
2022-11-01,X2C4Y,"NHS KIRKLEES",3641,35248.96,0,0
2022-11-01,99A,"NHS LIVERPOOL",3715,32932.83,0,0
2022-11-01,15F,"NHS LEEDS",3899,32342.1,0,0
2022-11-01,11J,"NHS DORSET",3917,30985.77,0,0
2022-11-01,14Y,"NHS BUCKINGHAMSHIRE",4073,35595.12,0,0
2022-11-01,11M,"NHS GLOUCESTERSHIRE",4134,33543.08,0,0
2022-11-01,03N,"NHS SHEFFIELD",4150,33749.61,0,0
2022-11-01,42D,"NHS NORTH YORKSHIRE",4208,39131.95,0,0
2022-11-01,11N,"NHS CORNWALL AND THE ISLES OF SCILLY",4269,34654.8,0,0
2022-11-01,15C,"NHS BRISTOL, NORTH SOMERSET AND SOUTH GLOUCESTERSHIRE",4292,40255.55,0,0
2022-11-01,84H,"NHS COUNTY DURHAM",4560,39451.37,0,0
2022-11-01,06K,"NHS EAST AND NORTH HERTFORDSHIRE",4606,36809,0,0
2022-11-01,10Q,"NHS OXFORDSHIRE",4651,41901.32,0,0
2022-11-01,92G,"NHS BATH AND NORTH EAST SOMERSET, SWINDON AND WILTSHIRE",4869,37704.1,0,0
2022-11-01,18C,"NHS HEREFORDSHIRE AND WORCESTERSHIRE",5008,46130.29,0,0
2022-11-01,36J,"NHS BRADFORD DISTRICT AND CRAVEN",5149,40357.22,0,0
2022-11-01,16C,"NHS TEES VALLEY",5277,45757.56,0,0
2022-11-01,14L,"NHS MANCHESTER",5387,43292.56,0,0
2022-11-01,71E,"NHS LINCOLNSHIRE",5479,41303.77,0,0
2022-11-01,06H,"NHS CAMBRIDGESHIRE AND PETERBOROUGH",5482,40047.71,0,0
2022-11-01,70F,"NHS WEST SUSSEX",5562,52482.11,0,0
2022-11-01,15M,"NHS DERBY AND DERBYSHIRE",5571,52295.82,0,0
2022-11-01,B2M3M,"NHS COVENTRY AND WARWICKSHIRE",6339,52640.84,0,0
2022-11-01,15N,"NHS DEVON",6540,51961.32,0,0
2022-11-01,92A,"NHS SURREY HEARTLANDS",7060,68570.56,0,0
2022-11-01,D9Y0V,"NHS HAMPSHIRE, SOUTHAMPTON AND ISLE OF WIGHT",7136,65730.57,0,0
2022-11-01,M1J4Y,"NHS BEDFORDSHIRE, LUTON AND MILTON KEYNES",7148,55588.92,0,0
2022-11-01,52R,"NHS NOTTINGHAM AND NOTTINGHAMSHIRE",7754,59921.66,0,0
2022-11-01,36L,"NHS SOUTH WEST LONDON",8307,83131.86,0,0
2022-11-01,26A,"NHS NORFOLK AND WAVENEY",8539,68389.25,0,0
2022-11-01,93C,"NHS NORTH CENTRAL LONDON",9387,91272.29,0,0
2022-11-01,91Q,"NHS KENT AND MEDWAY",10223,84789.52,0,0
2022-11-01,72Q,"NHS SOUTH EAST LONDON",10340,105881.27,0,0
2022-11-01,D2P2L,"NHS BLACK COUNTRY",11510,100995.61,0,0
2022-11-01,15E,"NHS BIRMINGHAM AND SOLIHULL",12197,101902.67,0,0
2022-11-01,W2U3Z,"NHS NORTH WEST LONDON",12906,112871.99,0,0
2022-11-01,A3A8R,"NHS NORTH EAST LONDON",15153,141190.34,0,0
2022-12-01,09W,"NHS MEDWAY",0,0,0,0
2022-12-01,D4U1Y,"NHS FRIMLEY",72,540.36,0,0
2022-12-01,07G,"NHS THURROCK",444,3297.03,0,0
2022-12-01,99F,"NHS CASTLE POINT AND ROCHFORD",533,4079.83,0,0
2022-12-01,02T,"NHS CALDERDALE",548,3908.21,0,0
2022-12-01,99G,"NHS SOUTHEND",620,4795.09,0,0
2022-12-01,99E,"NHS BASILDON AND BRENTWOOD",846,6475.01,0,0
2022-12-01,01F,"NHS HALTON",856,7196.61,0,0
2022-12-01,04C,"NHS LEICESTER CITY",899,5267.35,0,0
2022-12-01,01V,"NHS SOUTHPORT AND FORMBY",911,8865.06,0,0
2022-12-01,03W,"NHS EAST LEICESTERSHIRE AND RUTLAND",1008,6274.49,0,0
2022-12-01,02E,"NHS WARRINGTON",1027,7770.1,0,0
2022-12-01,11X,"NHS SOMERSET",1028,7521.44,0,0
2022-12-01,02G,"NHS WEST LANCASHIRE",1035,9483.96,0,0
2022-12-01,02Q,"NHS BASSETLAW",1038,7661.24,0,0
2022-12-01,05D,"NHS EAST STAFFORDSHIRE",1073,8463.84,0,0
2022-12-01,02M,"NHS FYLDE AND WYRE",1120,9200.1,0,0
2022-12-01,10R,"NHS PORTSMOUTH",1128,11253.9,0,0
2022-12-01,78H,"NHS NORTHAMPTONSHIRE",1154,8332.46,0,0
2022-12-01,00X,"NHS CHORLEY AND SOUTH RIBBLE",1225,11448.51,0,0
2022-12-01,01T,"NHS SOUTH SEFTON",1250,10998.07,0,0
2022-12-01,04Y,"NHS CANNOCK CHASE",1252,10789.91,0,0
2022-12-01,01J,"NHS KNOWSLEY",1278,10447.03,0,0
2022-12-01,01G,"NHS SALFORD",1361,10531.54,0,0
2022-12-01,05V,"NHS STAFFORD AND SURROUNDS",1374,12342.65,0,0
2022-12-01,00V,"NHS BURY",1379,9571.07,0,0
2022-12-01,03K,"NHS NORTH LINCOLNSHIRE",1386,10228.68,0,0
2022-12-01,04V,"NHS WEST LEICESTERSHIRE",1394,8919.17,0,0
2022-12-01,00R,"NHS BLACKPOOL",1402,11885.39,0,0
2022-12-01,01E,"NHS GREATER PRESTON",1486,13746.86,0,0
2022-12-01,99C,"NHS NORTH TYNESIDE",1513,14304.9,0,0
2022-12-01,03Q,"NHS VALE OF YORK",1589,15936.15,0,0
2022-12-01,01D,"NHS HEYWOOD, MIDDLETON AND ROCHDALE",1610,12369.32,0,0
2022-12-01,00N,"NHS SOUTH TYNESIDE",1622,16814.1,0,0
2022-12-01,00Q,"NHS BLACKBURN WITH DARWEN",1625,14443.98,0,0
2022-12-01,01Y,"NHS TAMESIDE AND GLOSSOP",1649,14326.09,0,0
2022-12-01,01K,"NHS MORECAMBE BAY",1666,12464.65,0,0
2022-12-01,03F,"NHS HULL",1667,12324.67,0,0
2022-12-01,02Y,"NHS EAST RIDING OF YORKSHIRE",1681,12944.37,0,0
2022-12-01,05Q,"NHS SOUTH EAST STAFFORDSHIRE AND SEISDON PENINSULA",1757,16678.42,0,0
2022-12-01,02A,"NHS TRAFFORD",1765,15008.38,0,0
2022-12-01,09D,"NHS BRIGHTON AND HOVE",1776,17756.67,0,0
2022-12-01,03H,"NHS NORTH EAST LINCOLNSHIRE",1832,13812.72,0,0
2022-12-01,01X,"NHS ST HELENS",1858,16555.42,0,0
2022-12-01,12F,"NHS WIRRAL",1912,16096.14,0,0
2022-12-01,01W,"NHS STOCKPORT",1945,15874.18,0,0
2022-12-01,05G,"NHS NORTH STAFFORDSHIRE",2023,17829.61,0,0
2022-12-01,27D,"NHS CHESHIRE",2196,18232.28,0,0
2022-12-01,07H,"NHS WEST ESSEX",2218,17354.71,0,0
2022-12-01,15A,"NHS BERKSHIRE WEST",2268,21170.9,0,0
2022-12-01,00T,"NHS BOLTON",2314,18097.64,0,0
2022-12-01,00Y,"NHS OLDHAM",2404,18854.03,0,0
2022-12-01,00P,"NHS SUNDERLAND",2423,23326.23,0,0
2022-12-01,03R,"NHS WAKEFIELD",2473,21283.51,0,0
2022-12-01,06T,"NHS NORTH EAST ESSEX",2659,20855.12,0,0
2022-12-01,07K,"NHS WEST SUFFOLK",2712,19274.19,0,0
2022-12-01,01H,"NHS NORTH CUMBRIA",2812,26559.62,0,0
2022-12-01,02P,"NHS BARNSLEY",2814,22671.96,0,0
2022-12-01,U2G6B,"NHS THAMES VALLEY ICB - U2G6B",2851,26644.41,0,0
2022-12-01,03L,"NHS ROTHERHAM",2868,22807.57,0,0
2022-12-01,00L,"NHS NORTHUMBERLAND",2923,26784.2,0,0
2022-12-01,02X,"NHS DONCASTER",2953,24179.31,0,0
2022-12-01,02H,"NHS WIGAN BOROUGH",2996,25962.85,0,0
2022-12-01,06L,"NHS IPSWICH AND EAST SUFFOLK",3089,22386.99,0,0
2022-12-01,13T,"NHS NEWCASTLE GATESHEAD",3158,28769.87,0,0
2022-12-01,06Q,"NHS MID ESSEX",3243,24445.29,0,0
2022-12-01,01A,"NHS EAST LANCASHIRE",3329,26579.26,0,0
2022-12-01,05W,"NHS STOKE ON TRENT",3336,27142.43,0,0
2022-12-01,X2C4Y,"NHS KIRKLEES",3666,35652.48,0,0
2022-12-01,M2L0M,"NHS SHROPSHIRE, TELFORD AND WREKIN",3712,34857.17,0,0
2022-12-01,97R,"NHS EAST SUSSEX",3882,34159.29,0,0
2022-12-01,99A,"NHS LIVERPOOL",3972,34531.9,0,0
2022-12-01,06N,"NHS HERTS VALLEYS",4084,40466.16,0,0
2022-12-01,03N,"NHS SHEFFIELD",4220,33984.83,0,0
2022-12-01,15F,"NHS LEEDS",4295,36523.7,0,0
2022-12-01,11J,"NHS DORSET",4327,34139.54,0,0
2022-12-01,42D,"NHS NORTH YORKSHIRE",4539,42045.83,0,0
2022-12-01,15C,"NHS BRISTOL, NORTH SOMERSET AND SOUTH GLOUCESTERSHIRE",4756,44509.85,0,0
2022-12-01,11N,"NHS CORNWALL AND THE ISLES OF SCILLY",4761,38367.28,0,0
2022-12-01,11M,"NHS GLOUCESTERSHIRE",4764,38814.84,0,0
2022-12-01,10Q,"NHS OXFORDSHIRE",4918,44744.67,0,0
2022-12-01,06K,"NHS EAST AND NORTH HERTFORDSHIRE",4983,39156.48,0,0
2022-12-01,14Y,"NHS BUCKINGHAMSHIRE",4987,42382.52,0,0
2022-12-01,84H,"NHS COUNTY DURHAM",5032,43859.28,0,0
2022-12-01,92G,"NHS BATH AND NORTH EAST SOMERSET, SWINDON AND WILTSHIRE",5367,41869.19,0,0
2022-12-01,18C,"NHS HEREFORDSHIRE AND WORCESTERSHIRE",5514,49855.37,0,0
2022-12-01,36J,"NHS BRADFORD DISTRICT AND CRAVEN",5515,43497.84,0,0
2022-12-01,16C,"NHS TEES VALLEY",5696,48186.7,0,0
2022-12-01,71E,"NHS LINCOLNSHIRE",5725,42832.25,0,0
2022-12-01,15M,"NHS DERBY AND DERBYSHIRE",5980,56035.73,0,0
2022-12-01,14L,"NHS MANCHESTER",5989,48349.12,0,0
2022-12-01,06H,"NHS CAMBRIDGESHIRE AND PETERBOROUGH",6006,43314.01,0,0
2022-12-01,70F,"NHS WEST SUSSEX",6292,58996.07,0,0
2022-12-01,B2M3M,"NHS COVENTRY AND WARWICKSHIRE",6856,56437.23,0,0
2022-12-01,15N,"NHS DEVON",7391,58425.45,0,0
2022-12-01,M1J4Y,"NHS BEDFORDSHIRE, LUTON AND MILTON KEYNES",7655,60812.24,0,0
2022-12-01,92A,"NHS SURREY HEARTLANDS",8121,77731.54,0,0
2022-12-01,D9Y0V,"NHS HAMPSHIRE, SOUTHAMPTON AND ISLE OF WIGHT",8210,75582.92,0,0
2022-12-01,52R,"NHS NOTTINGHAM AND NOTTINGHAMSHIRE",8453,65357.11,0,0
2022-12-01,36L,"NHS SOUTH WEST LONDON",8995,89556.18,0,0
2022-12-01,26A,"NHS NORFOLK AND WAVENEY",9242,74291.5,0,0
2022-12-01,93C,"NHS NORTH CENTRAL LONDON",9701,94617.28,0,0
2022-12-01,91Q,"NHS KENT AND MEDWAY",11427,93796.05,0,0
2022-12-01,72Q,"NHS SOUTH EAST LONDON",11513,117152.2,0,0
2022-12-01,D2P2L,"NHS BLACK COUNTRY",11659,102121.46,0,0
2022-12-01,15E,"NHS BIRMINGHAM AND SOLIHULL",12635,106690.27,0,0
2022-12-01,W2U3Z,"NHS NORTH WEST LONDON",14128,124599.6,0,0
2022-12-01,A3A8R,"NHS NORTH EAST LONDON",16491,153870.17,0,0
2023-01-01,09W,"NHS MEDWAY",0,0,0,0
2023-01-01,D4U1Y,"NHS FRIMLEY",83,608.73,0,0
2023-01-01,07G,"NHS THURROCK",407,3101.85,0,0
2023-01-01,99F,"NHS CASTLE POINT AND ROCHFORD",500,4093.83,0,0
2023-01-01,02T,"NHS CALDERDALE",503,3643.28,0,0
2023-01-01,99G,"NHS SOUTHEND",511,4211.2,0,0
2023-01-01,99E,"NHS BASILDON AND BRENTWOOD",752,5849.14,0,0
2023-01-01,01F,"NHS HALTON",796,6365.13,0,0
2023-01-01,04C,"NHS LEICESTER CITY",814,4709.53,0,0
2023-01-01,11X,"NHS SOMERSET",847,6305.41,0,0
2023-01-01,01V,"NHS SOUTHPORT AND FORMBY",860,8380.08,0,0
2023-01-01,03W,"NHS EAST LEICESTERSHIRE AND RUTLAND",905,5854.36,0,0
2023-01-01,02E,"NHS WARRINGTON",910,7067.7,0,0
2023-01-01,02Q,"NHS BASSETLAW",912,6698.5,0,0
2023-01-01,05D,"NHS EAST STAFFORDSHIRE",942,7381.92,0,0
2023-01-01,02G,"NHS WEST LANCASHIRE",962,8522.67,0,0
2023-01-01,02M,"NHS FYLDE AND WYRE",1037,8589.66,0,0
2023-01-01,78H,"NHS NORTHAMPTONSHIRE",1039,7382.85,0,0
2023-01-01,01T,"NHS SOUTH SEFTON",1093,9534.55,0,0
2023-01-01,04Y,"NHS CANNOCK CHASE",1110,9836.69,0,0
2023-01-01,10R,"NHS PORTSMOUTH",1133,11253.29,0,0
2023-01-01,00X,"NHS CHORLEY AND SOUTH RIBBLE",1173,10998.4,0,0
2023-01-01,04V,"NHS WEST LEICESTERSHIRE",1186,7596.25,0,0
2023-01-01,01J,"NHS KNOWSLEY",1195,9633.84,0,0
2023-01-01,05V,"NHS STAFFORD AND SURROUNDS",1241,11283.2,0,0
2023-01-01,01G,"NHS SALFORD",1263,10012.83,0,0
2023-01-01,03K,"NHS NORTH LINCOLNSHIRE",1270,9530.64,0,0
2023-01-01,00V,"NHS BURY",1271,9012.06,0,0
2023-01-01,00R,"NHS BLACKPOOL",1318,11271.73,0,0
2023-01-01,03Q,"NHS VALE OF YORK",1410,13878.26,0,0
2023-01-01,01K,"NHS MORECAMBE BAY",1419,10727.48,0,0
2023-01-01,99C,"NHS NORTH TYNESIDE",1422,13538.21,0,0
2023-01-01,01E,"NHS GREATER PRESTON",1431,13213.31,0,0
2023-01-01,00N,"NHS SOUTH TYNESIDE",1454,15418.13,0,0
2023-01-01,02Y,"NHS EAST RIDING OF YORKSHIRE",1474,10817.25,0,0
2023-01-01,00Q,"NHS BLACKBURN WITH DARWEN",1512,13881.24,0,0
2023-01-01,01D,"NHS HEYWOOD, MIDDLETON AND ROCHDALE",1542,12028.76,0,0
2023-01-01,03F,"NHS HULL",1545,12020.29,0,0
2023-01-01,01Y,"NHS TAMESIDE AND GLOSSOP",1546,13974.45,0,0
2023-01-01,09D,"NHS BRIGHTON AND HOVE",1553,15960.46,0,0
2023-01-01,05Q,"NHS SOUTH EAST STAFFORDSHIRE AND SEISDON PENINSULA",1578,15119.83,0,0
2023-01-01,12F,"NHS WIRRAL",1599,13412.81,0,0
2023-01-01,01X,"NHS ST HELENS",1647,14657.57,0,0
2023-01-01,02A,"NHS TRAFFORD",1679,14204.75,0,0
2023-01-01,03H,"NHS NORTH EAST LINCOLNSHIRE",1698,13114.7,0,0
2023-01-01,01W,"NHS STOCKPORT",1740,14543.45,0,0
2023-01-01,05G,"NHS NORTH STAFFORDSHIRE",1793,15508.91,0,0
2023-01-01,15A,"NHS BERKSHIRE WEST",1917,18179.27,0,0
2023-01-01,27D,"NHS CHESHIRE",1963,16570.96,0,0
2023-01-01,07H,"NHS WEST ESSEX",2105,16815.98,0,0
2023-01-01,00T,"NHS BOLTON",2143,16812.68,0,0
2023-01-01,00P,"NHS SUNDERLAND",2211,22352.05,0,0
2023-01-01,00Y,"NHS OLDHAM",2226,17165.79,0,0
2023-01-01,03R,"NHS WAKEFIELD",2298,19934.24,0,0
2023-01-01,U2G6B,"NHS THAMES VALLEY ICB - U2G6B",2411,22809.26,0,0
2023-01-01,06T,"NHS NORTH EAST ESSEX",2490,19743.56,0,0
2023-01-01,00L,"NHS NORTHUMBERLAND",2570,23662.11,0,0
2023-01-01,02P,"NHS BARNSLEY",2623,21314.07,0,0
2023-01-01,01H,"NHS NORTH CUMBRIA",2632,24996.33,0,0
2023-01-01,03L,"NHS ROTHERHAM",2639,20782.13,0,0
2023-01-01,02X,"NHS DONCASTER",2644,21761.05,0,0
2023-01-01,07K,"NHS WEST SUFFOLK",2660,19273.25,0,0
2023-01-01,02H,"NHS WIGAN BOROUGH",2795,24409.28,0,0
2023-01-01,06L,"NHS IPSWICH AND EAST SUFFOLK",2809,20708.17,0,0
2023-01-01,13T,"NHS NEWCASTLE GATESHEAD",2866,26147.48,0,0
2023-01-01,06Q,"NHS MID ESSEX",2970,22622.23,0,0
2023-01-01,01A,"NHS EAST LANCASHIRE",2997,23969.2,0,0
2023-01-01,05W,"NHS STOKE ON TRENT",3262,26507.22,0,0
2023-01-01,M2L0M,"NHS SHROPSHIRE, TELFORD AND WREKIN",3326,31825.78,0,0
2023-01-01,X2C4Y,"NHS KIRKLEES",3353,32680.52,0,0
2023-01-01,06N,"NHS HERTS VALLEYS",3485,33586.59,0,0
2023-01-01,97R,"NHS EAST SUSSEX",3544,31886.98,0,0
2023-01-01,99A,"NHS LIVERPOOL",3662,32561.68,0,0
2023-01-01,03N,"NHS SHEFFIELD",3683,30518.06,0,0
2023-01-01,11J,"NHS DORSET",3907,31677.71,0,0
2023-01-01,15F,"NHS LEEDS",3923,33139.07,0,0
2023-01-01,11M,"NHS GLOUCESTERSHIRE",4057,33418.79,0,0
2023-01-01,14Y,"NHS BUCKINGHAMSHIRE",4148,36202.57,0,0
2023-01-01,42D,"NHS NORTH YORKSHIRE",4220,39473.71,0,0
2023-01-01,15C,"NHS BRISTOL, NORTH SOMERSET AND SOUTH GLOUCESTERSHIRE",4348,41992.36,0,0
2023-01-01,11N,"NHS CORNWALL AND THE ISLES OF SCILLY",4374,35490.97,0,0
2023-01-01,84H,"NHS COUNTY DURHAM",4522,38566.22,0,0
2023-01-01,10Q,"NHS OXFORDSHIRE",4524,41370.8,0,0
2023-01-01,06K,"NHS EAST AND NORTH HERTFORDSHIRE",4771,38298.29,0,0
2023-01-01,92G,"NHS BATH AND NORTH EAST SOMERSET, SWINDON AND WILTSHIRE",4921,38612.31,0,0
2023-01-01,18C,"NHS HEREFORDSHIRE AND WORCESTERSHIRE",4990,45282,0,0
2023-01-01,36J,"NHS BRADFORD DISTRICT AND CRAVEN",5230,41355.74,0,0
2023-01-01,15M,"NHS DERBY AND DERBYSHIRE",5331,50040.51,0,0
2023-01-01,16C,"NHS TEES VALLEY",5437,46394.09,0,0
2023-01-01,06H,"NHS CAMBRIDGESHIRE AND PETERBOROUGH",5442,39480.15,0,0
2023-01-01,14L,"NHS MANCHESTER",5499,45266.28,0,0
2023-01-01,71E,"NHS LINCOLNSHIRE",5547,41728.89,0,0
2023-01-01,70F,"NHS WEST SUSSEX",5922,56379.49,0,0
2023-01-01,B2M3M,"NHS COVENTRY AND WARWICKSHIRE",6024,50088.36,0,0
2023-01-01,15N,"NHS DEVON",6576,52244.89,0,0
2023-01-01,M1J4Y,"NHS BEDFORDSHIRE, LUTON AND MILTON KEYNES",7219,57387.7,0,0
2023-01-01,D9Y0V,"NHS HAMPSHIRE, SOUTHAMPTON AND ISLE OF WIGHT",7229,67058.35,0,0
2023-01-01,92A,"NHS SURREY HEARTLANDS",7364,70862.64,0,0
2023-01-01,52R,"NHS NOTTINGHAM AND NOTTINGHAMSHIRE",7817,60799.53,0,0
2023-01-01,36L,"NHS SOUTH WEST LONDON",7868,79967.11,0,0
2023-01-01,26A,"NHS NORFOLK AND WAVENEY",8515,68479.62,0,0
2023-01-01,93C,"NHS NORTH CENTRAL LONDON",9317,91164.72,0,0
2023-01-01,91Q,"NHS KENT AND MEDWAY",10357,85800.51,0,0
2023-01-01,72Q,"NHS SOUTH EAST LONDON",10573,108025.78,0,0
2023-01-01,D2P2L,"NHS BLACK COUNTRY",11343,101508.21,0,0
2023-01-01,15E,"NHS BIRMINGHAM AND SOLIHULL",11999,102114.84,0,0
2023-01-01,W2U3Z,"NHS NORTH WEST LONDON",12800,113553.82,0,0
2023-01-01,A3A8R,"NHS NORTH EAST LONDON",15983,148648.84,0,0
2023-02-01,09W,"NHS MEDWAY",0,0,0,0
2023-02-01,D4U1Y,"NHS FRIMLEY",77,541.44,0,0
2023-02-01,07G,"NHS THURROCK",352,2645.98,0,0
2023-02-01,02T,"NHS CALDERDALE",429,3183.66,0,0
2023-02-01,99G,"NHS SOUTHEND",451,3407.94,0,0
2023-02-01,99F,"NHS CASTLE POINT AND ROCHFORD",454,3569.85,0,0
2023-02-01,99E,"NHS BASILDON AND BRENTWOOD",670,5016.78,0,0
2023-02-01,01V,"NHS SOUTHPORT AND FORMBY",738,7054.12,0,0
2023-02-01,02Q,"NHS BASSETLAW",750,5753.21,0,0
2023-02-01,01F,"NHS HALTON",761,6339.78,0,0
2023-02-01,02E,"NHS WARRINGTON",768,5783.66,0,0
2023-02-01,11X,"NHS SOMERSET",777,5732.94,0,0
2023-02-01,04C,"NHS LEICESTER CITY",831,4813.7,0,0
2023-02-01,05D,"NHS EAST STAFFORDSHIRE",855,6697.18,0,0
2023-02-01,03W,"NHS EAST LEICESTERSHIRE AND RUTLAND",864,5611.07,0,0
2023-02-01,02G,"NHS WEST LANCASHIRE",871,8064.01,0,0
2023-02-01,78H,"NHS NORTHAMPTONSHIRE",910,6558.32,0,0
2023-02-01,02M,"NHS FYLDE AND WYRE",916,7566.09,0,0
2023-02-01,10R,"NHS PORTSMOUTH",944,9282.97,0,0
2023-02-01,04Y,"NHS CANNOCK CHASE",954,8283.23,0,0
2023-02-01,01T,"NHS SOUTH SEFTON",957,8194.43,0,0
2023-02-01,00X,"NHS CHORLEY AND SOUTH RIBBLE",958,8860.53,0,0
2023-02-01,01J,"NHS KNOWSLEY",1054,8818.08,0,0
2023-02-01,04V,"NHS WEST LEICESTERSHIRE",1088,7387.75,0,0
2023-02-01,00R,"NHS BLACKPOOL",1100,9231.56,0,0
2023-02-01,99C,"NHS NORTH TYNESIDE",1153,10934.88,0,0
2023-02-01,05V,"NHS STAFFORD AND SURROUNDS",1162,10404.85,0,0
2023-02-01,01G,"NHS SALFORD",1177,9236.68,0,0
2023-02-01,00V,"NHS BURY",1196,8292.54,0,0
2023-02-01,03K,"NHS NORTH LINCOLNSHIRE",1213,9161.3,0,0
2023-02-01,01Y,"NHS TAMESIDE AND GLOSSOP",1278,11087.19,0,0
2023-02-01,00Q,"NHS BLACKBURN WITH DARWEN",1298,12039.99,0,0
2023-02-01,01E,"NHS GREATER PRESTON",1305,12111.4,0,0
2023-02-01,03Q,"NHS VALE OF YORK",1306,12903.47,0,0
2023-02-01,01K,"NHS MORECAMBE BAY",1311,10049.84,0,0
2023-02-01,00N,"NHS SOUTH TYNESIDE",1374,15148.51,0,0
2023-02-01,02Y,"NHS EAST RIDING OF YORKSHIRE",1382,10403.35,0,0
2023-02-01,01D,"NHS HEYWOOD, MIDDLETON AND ROCHDALE",1388,10648.98,0,0
2023-02-01,03H,"NHS NORTH EAST LINCOLNSHIRE",1397,10642.12,0,0
2023-02-01,12F,"NHS WIRRAL",1445,11947.1,0,0
2023-02-01,01X,"NHS ST HELENS",1449,12934.68,0,0
2023-02-01,09D,"NHS BRIGHTON AND HOVE",1454,14392.33,0,0
2023-02-01,05Q,"NHS SOUTH EAST STAFFORDSHIRE AND SEISDON PENINSULA",1474,14068.79,0,0
2023-02-01,03F,"NHS HULL",1476,11193.28,0,0
2023-02-01,02A,"NHS TRAFFORD",1514,13348.23,0,0
2023-02-01,01W,"NHS STOCKPORT",1547,12747.95,0,0
2023-02-01,15A,"NHS BERKSHIRE WEST",1600,15052.39,0,0
2023-02-01,05G,"NHS NORTH STAFFORDSHIRE",1647,14549.95,0,0
2023-02-01,27D,"NHS CHESHIRE",1789,14815.79,0,0
2023-02-01,07H,"NHS WEST ESSEX",1915,14981.7,0,0
2023-02-01,00P,"NHS SUNDERLAND",1954,19164.28,0,0
2023-02-01,00T,"NHS BOLTON",1973,15305.81,0,0
2023-02-01,00Y,"NHS OLDHAM",2040,15992.99,0,0
2023-02-01,03R,"NHS WAKEFIELD",2090,17814.32,0,0
2023-02-01,00L,"NHS NORTHUMBERLAND",2154,19518.34,0,0
2023-02-01,06T,"NHS NORTH EAST ESSEX",2166,17199.12,0,0
2023-02-01,U2G6B,"NHS THAMES VALLEY ICB - U2G6B",2181,19992.64,0,0
2023-02-01,01H,"NHS NORTH CUMBRIA",2306,22140.07,0,0
2023-02-01,02P,"NHS BARNSLEY",2351,19192.22,0,0
2023-02-01,03L,"NHS ROTHERHAM",2354,18734.19,0,0
2023-02-01,02H,"NHS WIGAN BOROUGH",2399,20664.5,0,0
2023-02-01,02X,"NHS DONCASTER",2410,19722.19,0,0
2023-02-01,07K,"NHS WEST SUFFOLK",2431,17161.38,0,0
2023-02-01,06L,"NHS IPSWICH AND EAST SUFFOLK",2432,17791.27,0,0
2023-02-01,13T,"NHS NEWCASTLE GATESHEAD",2471,22056.29,0,0
2023-02-01,06Q,"NHS MID ESSEX",2615,19992.94,0,0
2023-02-01,01A,"NHS EAST LANCASHIRE",2725,21582.94,0,0
2023-02-01,M2L0M,"NHS SHROPSHIRE, TELFORD AND WREKIN",2837,26771.62,0,0
2023-02-01,05W,"NHS STOKE ON TRENT",2927,23523.85,0,0
2023-02-01,X2C4Y,"NHS KIRKLEES",2936,28328.66,0,0
2023-02-01,03N,"NHS SHEFFIELD",3192,26018.7,0,0
2023-02-01,06N,"NHS HERTS VALLEYS",3226,31604.86,0,0
2023-02-01,99A,"NHS LIVERPOOL",3229,28585.3,0,0
2023-02-01,97R,"NHS EAST SUSSEX",3329,29587.71,0,0
2023-02-01,11J,"NHS DORSET",3508,28104.03,0,0
2023-02-01,11M,"NHS GLOUCESTERSHIRE",3549,28673.44,0,0
2023-02-01,15F,"NHS LEEDS",3562,29820.42,0,0
2023-02-01,42D,"NHS NORTH YORKSHIRE",3600,33424.85,0,0
2023-02-01,14Y,"NHS BUCKINGHAMSHIRE",3754,32085.71,0,0
2023-02-01,10Q,"NHS OXFORDSHIRE",3874,34997.62,0,0
2023-02-01,11N,"NHS CORNWALL AND THE ISLES OF SCILLY",3909,31789.25,0,0
2023-02-01,15C,"NHS BRISTOL, NORTH SOMERSET AND SOUTH GLOUCESTERSHIRE",3929,37000.01,0,0
2023-02-01,84H,"NHS COUNTY DURHAM",4035,35033.16,0,0
2023-02-01,06K,"NHS EAST AND NORTH HERTFORDSHIRE",4340,34520.88,0,0
2023-02-01,18C,"NHS HEREFORDSHIRE AND WORCESTERSHIRE",4371,39611.02,0,0
2023-02-01,92G,"NHS BATH AND NORTH EAST SOMERSET, SWINDON AND WILTSHIRE",4391,34187.89,0,0
2023-02-01,36J,"NHS BRADFORD DISTRICT AND CRAVEN",4609,36547.91,0,0
2023-02-01,15M,"NHS DERBY AND DERBYSHIRE",4691,43811.02,0,0
2023-02-01,14L,"NHS MANCHESTER",4897,39777.96,0,0
2023-02-01,06H,"NHS CAMBRIDGESHIRE AND PETERBOROUGH",4904,35240.55,0,0
2023-02-01,16C,"NHS TEES VALLEY",4922,42319.32,0,0
2023-02-01,71E,"NHS LINCOLNSHIRE",5034,37608.47,0,0
2023-02-01,70F,"NHS WEST SUSSEX",5113,48312.43,0,0
2023-02-01,B2M3M,"NHS COVENTRY AND WARWICKSHIRE",5207,42752.04,0,0
2023-02-01,15N,"NHS DEVON",5863,46242.99,0,0
2023-02-01,92A,"NHS SURREY HEARTLANDS",6163,59611.17,0,0
2023-02-01,M1J4Y,"NHS BEDFORDSHIRE, LUTON AND MILTON KEYNES",6279,48966.2,0,0
2023-02-01,D9Y0V,"NHS HAMPSHIRE, SOUTHAMPTON AND ISLE OF WIGHT",6443,58829.34,0,0
2023-02-01,52R,"NHS NOTTINGHAM AND NOTTINGHAMSHIRE",6864,53645.01,0,0
2023-02-01,36L,"NHS SOUTH WEST LONDON",7233,71598.95,0,0
2023-02-01,26A,"NHS NORFOLK AND WAVENEY",7409,59561.34,0,0
2023-02-01,93C,"NHS NORTH CENTRAL LONDON",8468,81732.23,0,0
2023-02-01,72Q,"NHS SOUTH EAST LONDON",9632,98390.6,0,0
2023-02-01,91Q,"NHS KENT AND MEDWAY",9645,79670.87,0,0
2023-02-01,D2P2L,"NHS BLACK COUNTRY",9970,87871.27,0,0
2023-02-01,15E,"NHS BIRMINGHAM AND SOLIHULL",10662,90204.58,0,0
2023-02-01,W2U3Z,"NHS NORTH WEST LONDON",11593,102620.71,0,0
2023-02-01,A3A8R,"NHS NORTH EAST LONDON",14475,134327.73,0,0
2023-03-01,09W,"NHS MEDWAY",0,0,0,0
2023-03-01,D4U1Y,"NHS FRIMLEY",82,555.33,0,0
2023-03-01,07G,"NHS THURROCK",417,3146.27,0,0
2023-03-01,02T,"NHS CALDERDALE",494,3524.22,0,0
2023-03-01,99F,"NHS CASTLE POINT AND ROCHFORD",514,4049.33,0,0
2023-03-01,99G,"NHS SOUTHEND",614,5003.7,0,0
2023-03-01,11X,"NHS SOMERSET",794,5983.9,0,0
2023-03-01,99E,"NHS BASILDON AND BRENTWOOD",794,6173.26,0,0
2023-03-01,04C,"NHS LEICESTER CITY",817,4888.24,0,0
2023-03-01,01F,"NHS HALTON",821,6967.18,0,0
2023-03-01,01V,"NHS SOUTHPORT AND FORMBY",887,8516.84,0,0
2023-03-01,02Q,"NHS BASSETLAW",891,6583.29,0,0
2023-03-01,03W,"NHS EAST LEICESTERSHIRE AND RUTLAND",900,5586.24,0,0
2023-03-01,02E,"NHS WARRINGTON",959,7541.89,0,0
2023-03-01,02G,"NHS WEST LANCASHIRE",980,8720.08,0,0
2023-03-01,78H,"NHS NORTHAMPTONSHIRE",989,7303.66,0,0
2023-03-01,05D,"NHS EAST STAFFORDSHIRE",1006,7837.08,0,0
2023-03-01,01T,"NHS SOUTH SEFTON",1088,9292.64,0,0
2023-03-01,02M,"NHS FYLDE AND WYRE",1091,9192.56,0,0
2023-03-01,10R,"NHS PORTSMOUTH",1097,11020.35,0,0
2023-03-01,04Y,"NHS CANNOCK CHASE",1114,9962.45,0,0
2023-03-01,00X,"NHS CHORLEY AND SOUTH RIBBLE",1142,10647.63,0,0
2023-03-01,01G,"NHS SALFORD",1199,9558.4,0,0
2023-03-01,01J,"NHS KNOWSLEY",1213,9865.86,0,0
2023-03-01,05V,"NHS STAFFORD AND SURROUNDS",1257,11516.16,0,0
2023-03-01,04V,"NHS WEST LEICESTERSHIRE",1258,8260.17,0,0
2023-03-01,00V,"NHS BURY",1270,8846.49,0,0
2023-03-01,03K,"NHS NORTH LINCOLNSHIRE",1332,10195.93,0,0
2023-03-01,00R,"NHS BLACKPOOL",1350,11517.07,0,0
2023-03-01,01E,"NHS GREATER PRESTON",1396,12818.62,0,0
2023-03-01,99C,"NHS NORTH TYNESIDE",1397,13677.03,0,0
2023-03-01,00N,"NHS SOUTH TYNESIDE",1399,14537.78,0,0
2023-03-01,03Q,"NHS VALE OF YORK",1499,14688.97,0,0
2023-03-01,01D,"NHS HEYWOOD, MIDDLETON AND ROCHDALE",1507,11757.73,0,0
2023-03-01,01Y,"NHS TAMESIDE AND GLOSSOP",1510,13224.01,0,0
2023-03-01,02Y,"NHS EAST RIDING OF YORKSHIRE",1514,11634.75,0,0
2023-03-01,09D,"NHS BRIGHTON AND HOVE",1528,15423.19,0,0
2023-03-01,00Q,"NHS BLACKBURN WITH DARWEN",1530,14079.93,0,0
2023-03-01,01K,"NHS MORECAMBE BAY",1554,11668.68,0,0
2023-03-01,05Q,"NHS SOUTH EAST STAFFORDSHIRE AND SEISDON PENINSULA",1600,15497.81,0,0
2023-03-01,03F,"NHS HULL",1618,12086.12,0,0
2023-03-01,12F,"NHS WIRRAL",1634,13705.71,0,0
2023-03-01,02A,"NHS TRAFFORD",1703,14287.31,0,0
2023-03-01,01W,"NHS STOCKPORT",1708,14110.91,0,0
2023-03-01,03H,"NHS NORTH EAST LINCOLNSHIRE",1713,12622.27,0,0
2023-03-01,01X,"NHS ST HELENS",1755,15468.97,0,0
2023-03-01,15A,"NHS BERKSHIRE WEST",1779,16612.35,0,0
2023-03-01,05G,"NHS NORTH STAFFORDSHIRE",1847,15964.34,0,0
2023-03-01,27D,"NHS CHESHIRE",1888,15878.3,0,0
2023-03-01,00T,"NHS BOLTON",2030,15874.83,0,0
2023-03-01,07H,"NHS WEST ESSEX",2051,16400.24,0,0
2023-03-01,00P,"NHS SUNDERLAND",2126,20488.71,0,0
2023-03-01,00Y,"NHS OLDHAM",2197,16850.79,0,0
2023-03-01,03R,"NHS WAKEFIELD",2358,20421.21,0,0
2023-03-01,U2G6B,"NHS THAMES VALLEY ICB - U2G6B",2432,22482.28,0,0
2023-03-01,06T,"NHS NORTH EAST ESSEX",2440,19015.05,0,0
2023-03-01,00L,"NHS NORTHUMBERLAND",2487,23188.69,0,0
2023-03-01,01H,"NHS NORTH CUMBRIA",2581,25226.45,0,0
2023-03-01,02X,"NHS DONCASTER",2593,21257.97,0,0
2023-03-01,03L,"NHS ROTHERHAM",2602,20356.51,0,0
2023-03-01,02P,"NHS BARNSLEY",2642,21601.24,0,0
2023-03-01,02H,"NHS WIGAN BOROUGH",2732,23817.22,0,0
2023-03-01,07K,"NHS WEST SUFFOLK",2753,19465.57,0,0
2023-03-01,13T,"NHS NEWCASTLE GATESHEAD",2754,24899.05,0,0
2023-03-01,06L,"NHS IPSWICH AND EAST SUFFOLK",2847,21250.49,0,0
2023-03-01,06Q,"NHS MID ESSEX",2958,21954.42,0,0
2023-03-01,01A,"NHS EAST LANCASHIRE",3036,24493.39,0,0
2023-03-01,M2L0M,"NHS SHROPSHIRE, TELFORD AND WREKIN",3226,31031.99,0,0
2023-03-01,05W,"NHS STOKE ON TRENT",3236,26369.15,0,0
2023-03-01,X2C4Y,"NHS KIRKLEES",3398,32537.97,0,0
2023-03-01,06N,"NHS HERTS VALLEYS",3451,33621.06,0,0
2023-03-01,03N,"NHS SHEFFIELD",3525,28752.7,0,0
2023-03-01,99A,"NHS LIVERPOOL",3618,31982.27,0,0
2023-03-01,97R,"NHS EAST SUSSEX",3679,32893.01,0,0
2023-03-01,11J,"NHS DORSET",3756,30344.2,0,0
2023-03-01,11M,"NHS GLOUCESTERSHIRE",3897,31667.22,0,0
2023-03-01,15F,"NHS LEEDS",3916,33056.59,0,0
2023-03-01,42D,"NHS NORTH YORKSHIRE",4043,37962.63,0,0
2023-03-01,14Y,"NHS BUCKINGHAMSHIRE",4094,35486.49,0,0
2023-03-01,15C,"NHS BRISTOL, NORTH SOMERSET AND SOUTH GLOUCESTERSHIRE",4289,40460.02,0,0
2023-03-01,11N,"NHS CORNWALL AND THE ISLES OF SCILLY",4316,34775.92,0,0
2023-03-01,10Q,"NHS OXFORDSHIRE",4326,39383.53,0,0
2023-03-01,06K,"NHS EAST AND NORTH HERTFORDSHIRE",4630,37729.52,0,0
2023-03-01,84H,"NHS COUNTY DURHAM",4633,39868.65,0,0
2023-03-01,18C,"NHS HEREFORDSHIRE AND WORCESTERSHIRE",4950,45163.66,0,0
2023-03-01,92G,"NHS BATH AND NORTH EAST SOMERSET, SWINDON AND WILTSHIRE",4958,38732.5,0,0
2023-03-01,36J,"NHS BRADFORD DISTRICT AND CRAVEN",5109,40124.35,0,0
2023-03-01,15M,"NHS DERBY AND DERBYSHIRE",5205,49441.98,0,0
2023-03-01,06H,"NHS CAMBRIDGESHIRE AND PETERBOROUGH",5371,38774.83,0,0
2023-03-01,16C,"NHS TEES VALLEY",5426,46174.23,0,0
2023-03-01,71E,"NHS LINCOLNSHIRE",5528,41286.79,0,0
2023-03-01,14L,"NHS MANCHESTER",5583,45246.59,0,0
2023-03-01,70F,"NHS WEST SUSSEX",5610,53013.89,0,0
2023-03-01,B2M3M,"NHS COVENTRY AND WARWICKSHIRE",5662,46466.47,0,0
2023-03-01,15N,"NHS DEVON",6669,52730.08,0,0
2023-03-01,92A,"NHS SURREY HEARTLANDS",6907,67732.6,0,0
2023-03-01,M1J4Y,"NHS BEDFORDSHIRE, LUTON AND MILTON KEYNES",7068,55909.76,0,0
2023-03-01,D9Y0V,"NHS HAMPSHIRE, SOUTHAMPTON AND ISLE OF WIGHT",7246,66845.01,0,0
2023-03-01,52R,"NHS NOTTINGHAM AND NOTTINGHAMSHIRE",7894,60973.88,0,0
2023-03-01,36L,"NHS SOUTH WEST LONDON",7962,79639.38,0,0
2023-03-01,26A,"NHS NORFOLK AND WAVENEY",8439,67710,0,0
2023-03-01,93C,"NHS NORTH CENTRAL LONDON",9468,91524.13,0,0
2023-03-01,72Q,"NHS SOUTH EAST LONDON",10568,107827.82,0,0
2023-03-01,91Q,"NHS KENT AND MEDWAY",10796,89138.84,0,0
2023-03-01,D2P2L,"NHS BLACK COUNTRY",11342,99512.58,0,0
2023-03-01,15E,"NHS BIRMINGHAM AND SOLIHULL",12274,102859.54,0,0
2023-03-01,W2U3Z,"NHS NORTH WEST LONDON",13366,117696.7,0,0
2023-03-01,A3A8R,"NHS NORTH EAST LONDON",16274,152542.42,0,0
2023-04-01,09W,"NHS MEDWAY",0,0,0,0
2023-04-01,D4U1Y,"NHS FRIMLEY",52,339.33,0,0
2023-04-01,07G,"NHS THURROCK",359,2686.93,0,0
2023-04-01,99F,"NHS CASTLE POINT AND ROCHFORD",388,2991.29,0,0
2023-04-01,02T,"NHS CALDERDALE",429,3295.57,0,0
2023-04-01,99G,"NHS SOUTHEND",465,3697.25,0,0
2023-04-01,99E,"NHS BASILDON AND BRENTWOOD",615,4881.26,0,0
2023-04-01,11X,"NHS SOMERSET",651,4919.75,0,0
2023-04-01,04C,"NHS LEICESTER CITY",668,3795.95,0,0
2023-04-01,01F,"NHS HALTON",720,5913.64,0,0
2023-04-01,01V,"NHS SOUTHPORT AND FORMBY",720,7192.51,0,0
2023-04-01,02E,"NHS WARRINGTON",741,5557.11,0,0
2023-04-01,03W,"NHS EAST LEICESTERSHIRE AND RUTLAND",769,5115.61,0,0
2023-04-01,78H,"NHS NORTHAMPTONSHIRE",794,5722.19,0,0
2023-04-01,02Q,"NHS BASSETLAW",808,6291.92,0,0
2023-04-01,10R,"NHS PORTSMOUTH",824,8034.31,0,0
2023-04-01,02G,"NHS WEST LANCASHIRE",832,7734.76,0,0
2023-04-01,05D,"NHS EAST STAFFORDSHIRE",836,6440.53,0,0
2023-04-01,02M,"NHS FYLDE AND WYRE",869,7419.75,0,0
2023-04-01,00X,"NHS CHORLEY AND SOUTH RIBBLE",928,8785.16,0,0
2023-04-01,01T,"NHS SOUTH SEFTON",968,8484.45,0,0
2023-04-01,01J,"NHS KNOWSLEY",1007,8321.03,0,0
2023-04-01,00V,"NHS BURY",1022,7388.67,0,0
2023-04-01,04Y,"NHS CANNOCK CHASE",1036,9063.16,0,0
2023-04-01,04V,"NHS WEST LEICESTERSHIRE",1062,6958.6,0,0
2023-04-01,05V,"NHS STAFFORD AND SURROUNDS",1091,10002.83,0,0
2023-04-01,01G,"NHS SALFORD",1100,8908.23,0,0
2023-04-01,03K,"NHS NORTH LINCOLNSHIRE",1127,8522.47,0,0
2023-04-01,00R,"NHS BLACKPOOL",1128,9588.04,0,0
2023-04-01,01E,"NHS GREATER PRESTON",1158,11093.4,0,0
2023-04-01,99C,"NHS NORTH TYNESIDE",1161,10914.96,0,0
2023-04-01,00N,"NHS SOUTH TYNESIDE",1250,13448.18,0,0
2023-04-01,01K,"NHS MORECAMBE BAY",1251,9407.81,0,0
2023-04-01,01D,"NHS HEYWOOD, MIDDLETON AND ROCHDALE",1260,10586.53,0,0
2023-04-01,01Y,"NHS TAMESIDE AND GLOSSOP",1277,11533.29,0,0
2023-04-01,03Q,"NHS VALE OF YORK",1283,12879.5,0,0
2023-04-01,00Q,"NHS BLACKBURN WITH DARWEN",1315,11943.24,0,0
2023-04-01,02Y,"NHS EAST RIDING OF YORKSHIRE",1325,10220.11,0,0
2023-04-01,03F,"NHS HULL",1344,10300.7,0,0
2023-04-01,05Q,"NHS SOUTH EAST STAFFORDSHIRE AND SEISDON PENINSULA",1359,13301.4,0,0
2023-04-01,12F,"NHS WIRRAL",1359,11649.51,0,0
2023-04-01,09D,"NHS BRIGHTON AND HOVE",1384,14295.5,0,0
2023-04-01,02A,"NHS TRAFFORD",1389,11929.54,0,0
2023-04-01,03H,"NHS NORTH EAST LINCOLNSHIRE",1406,10809.25,0,0
2023-04-01,01X,"NHS ST HELENS",1413,12954.95,0,0
2023-04-01,01W,"NHS STOCKPORT",1414,11850.37,0,0
2023-04-01,15A,"NHS BERKSHIRE WEST",1535,14524.39,0,0
2023-04-01,05G,"NHS NORTH STAFFORDSHIRE",1570,13697.57,0,0
2023-04-01,27D,"NHS CHESHIRE",1627,13487.63,0,0
2023-04-01,00Y,"NHS OLDHAM",1809,14317.58,0,0
2023-04-01,07H,"NHS WEST ESSEX",1845,14632.89,0,0
2023-04-01,00T,"NHS BOLTON",1848,14866.1,0,0
2023-04-01,00P,"NHS SUNDERLAND",1879,18638.39,0,0
2023-04-01,03R,"NHS WAKEFIELD",1916,16588,0,0
2023-04-01,U2G6B,"NHS THAMES VALLEY ICB - U2G6B",2061,19248.58,0,0
2023-04-01,06T,"NHS NORTH EAST ESSEX",2097,16599.5,0,0
2023-04-01,02H,"NHS WIGAN BOROUGH",2198,19342.15,0,0
2023-04-01,00L,"NHS NORTHUMBERLAND",2204,20526.23,0,0
2023-04-01,02X,"NHS DONCASTER",2238,18393.93,0,0
2023-04-01,07K,"NHS WEST SUFFOLK",2289,16479.46,0,0
2023-04-01,03L,"NHS ROTHERHAM",2290,18226.28,0,0
2023-04-01,01H,"NHS NORTH CUMBRIA",2304,22051.78,0,0
2023-04-01,02P,"NHS BARNSLEY",2382,19165.81,0,0
2023-04-01,06L,"NHS IPSWICH AND EAST SUFFOLK",2435,18276.05,0,0
2023-04-01,13T,"NHS NEWCASTLE GATESHEAD",2516,22825.99,0,0
2023-04-01,01A,"NHS EAST LANCASHIRE",2518,20572.57,0,0
2023-04-01,06Q,"NHS MID ESSEX",2595,19928.48,0,0
2023-04-01,X2C4Y,"NHS KIRKLEES",2699,26606,0,0
2023-04-01,M2L0M,"NHS SHROPSHIRE, TELFORD AND WREKIN",2768,26759.32,0,0
2023-04-01,05W,"NHS STOKE ON TRENT",2867,23583.43,0,0
2023-04-01,03N,"NHS SHEFFIELD",2886,24015.28,0,0
2023-04-01,06N,"NHS HERTS VALLEYS",2904,27886.17,0,0
2023-04-01,97R,"NHS EAST SUSSEX",3121,28375.87,0,0
2023-04-01,99A,"NHS LIVERPOOL",3187,28604.9,0,0
2023-04-01,11J,"NHS DORSET",3279,26426.46,0,0
2023-04-01,11M,"NHS GLOUCESTERSHIRE",3321,27146.16,0,0
2023-04-01,15F,"NHS LEEDS",3334,29007,0,0
2023-04-01,42D,"NHS NORTH YORKSHIRE",3339,31341.59,0,0
2023-04-01,14Y,"NHS BUCKINGHAMSHIRE",3597,31329.76,0,0
2023-04-01,15C,"NHS BRISTOL, NORTH SOMERSET AND SOUTH GLOUCESTERSHIRE",3664,35611.13,0,0
2023-04-01,11N,"NHS CORNWALL AND THE ISLES OF SCILLY",3669,30376.29,0,0
2023-04-01,10Q,"NHS OXFORDSHIRE",3838,35088.82,0,0
2023-04-01,84H,"NHS COUNTY DURHAM",3894,33613.74,0,0
2023-04-01,06K,"NHS EAST AND NORTH HERTFORDSHIRE",4028,32783.86,0,0
2023-04-01,92G,"NHS BATH AND NORTH EAST SOMERSET, SWINDON AND WILTSHIRE",4055,32182.74,0,0
2023-04-01,18C,"NHS HEREFORDSHIRE AND WORCESTERSHIRE",4127,37914.71,0,0
2023-04-01,36J,"NHS BRADFORD DISTRICT AND CRAVEN",4218,34013.44,0,0
2023-04-01,15M,"NHS DERBY AND DERBYSHIRE",4342,41489.23,0,0
2023-04-01,B2M3M,"NHS COVENTRY AND WARWICKSHIRE",4476,37425.78,0,0
2023-04-01,14L,"NHS MANCHESTER",4600,38370.03,0,0
2023-04-01,16C,"NHS TEES VALLEY",4629,39575.86,0,0
2023-04-01,06H,"NHS CAMBRIDGESHIRE AND PETERBOROUGH",4642,33914.08,0,0
2023-04-01,71E,"NHS LINCOLNSHIRE",4662,35166,0,0
2023-04-01,70F,"NHS WEST SUSSEX",4789,46042.5,0,0
2023-04-01,15N,"NHS DEVON",5347,42626.64,0,0
2023-04-01,M1J4Y,"NHS BEDFORDSHIRE, LUTON AND MILTON KEYNES",5899,47215.1,0,0
2023-04-01,92A,"NHS SURREY HEARTLANDS",5999,59056.07,0,0
2023-04-01,D9Y0V,"NHS HAMPSHIRE, SOUTHAMPTON AND ISLE OF WIGHT",6138,57818.27,0,0
2023-04-01,52R,"NHS NOTTINGHAM AND NOTTINGHAMSHIRE",6504,50993.09,0,0
2023-04-01,36L,"NHS SOUTH WEST LONDON",6985,70373.15,0,0
2023-04-01,26A,"NHS NORFOLK AND WAVENEY",7372,60288.67,0,0
2023-04-01,93C,"NHS NORTH CENTRAL LONDON",8282,81539.26,0,0
2023-04-01,72Q,"NHS SOUTH EAST LONDON",9154,93879.54,0,0
2023-04-01,91Q,"NHS KENT AND MEDWAY",9184,76649.57,0,0
2023-04-01,D2P2L,"NHS BLACK COUNTRY",9511,85119.17,0,0
2023-04-01,15E,"NHS BIRMINGHAM AND SOLIHULL",9968,84650.46,0,0
2023-04-01,W2U3Z,"NHS NORTH WEST LONDON",11420,102378.91,0,0
2023-04-01,A3A8R,"NHS NORTH EAST LONDON",13704,129555.15,0,0
2023-05-01,09W,"NHS MEDWAY",0,0,0,0
2023-05-01,D4U1Y,"NHS FRIMLEY",47,320.96,0,0
2023-05-01,07G,"NHS THURROCK",363,2728.48,0,0
2023-05-01,99F,"NHS CASTLE POINT AND ROCHFORD",401,2984.23,0,0
2023-05-01,02T,"NHS CALDERDALE",461,3340.56,0,0
2023-05-01,99G,"NHS SOUTHEND",500,3934.1,0,0
2023-05-01,99E,"NHS BASILDON AND BRENTWOOD",641,5091.7,0,0
2023-05-01,11X,"NHS SOMERSET",676,5112.9,0,0
2023-05-01,01F,"NHS HALTON",756,6363.71,0,0
2023-05-01,04C,"NHS LEICESTER CITY",796,4782.95,0,0
2023-05-01,02E,"NHS WARRINGTON",801,6197.65,0,0
2023-05-01,01V,"NHS SOUTHPORT AND FORMBY",805,7954.69,0,0
2023-05-01,03W,"NHS EAST LEICESTERSHIRE AND RUTLAND",834,5264.18,0,0
2023-05-01,78H,"NHS NORTHAMPTONSHIRE",837,6066.44,0,0
2023-05-01,02Q,"NHS BASSETLAW",864,6416.76,0,0
2023-05-01,10R,"NHS PORTSMOUTH",908,9232.34,0,0
2023-05-01,05D,"NHS EAST STAFFORDSHIRE",934,7448.62,0,0
2023-05-01,02M,"NHS FYLDE AND WYRE",937,7741.88,0,0
2023-05-01,02G,"NHS WEST LANCASHIRE",941,8571.44,0,0
2023-05-01,01T,"NHS SOUTH SEFTON",1007,8684.04,0,0
2023-05-01,04Y,"NHS CANNOCK CHASE",1009,9202.94,0,0
2023-05-01,00X,"NHS CHORLEY AND SOUTH RIBBLE",1016,9595.51,0,0
2023-05-01,01J,"NHS KNOWSLEY",1119,9188.54,0,0
2023-05-01,01G,"NHS SALFORD",1120,8948.97,0,0
2023-05-01,04V,"NHS WEST LEICESTERSHIRE",1161,7656.75,0,0
2023-05-01,05V,"NHS STAFFORD AND SURROUNDS",1170,10615.29,0,0
2023-05-01,00V,"NHS BURY",1178,8346.75,0,0
2023-05-01,00R,"NHS BLACKPOOL",1187,10088.99,0,0
2023-05-01,03K,"NHS NORTH LINCOLNSHIRE",1265,9980.72,0,0
2023-05-01,01E,"NHS GREATER PRESTON",1292,12196.2,0,0
2023-05-01,99C,"NHS NORTH TYNESIDE",1296,12605.46,0,0
2023-05-01,01D,"NHS HEYWOOD, MIDDLETON AND ROCHDALE",1323,10319.54,0,0
2023-05-01,03Q,"NHS VALE OF YORK",1324,13693.12,0,0
2023-05-01,00N,"NHS SOUTH TYNESIDE",1342,13865.08,0,0
2023-05-01,01Y,"NHS TAMESIDE AND GLOSSOP",1365,12211.12,0,0
2023-05-01,00Q,"NHS BLACKBURN WITH DARWEN",1367,12787.76,0,0
2023-05-01,01K,"NHS MORECAMBE BAY",1371,10980.98,0,0
2023-05-01,12F,"NHS WIRRAL",1385,11674.34,0,0
2023-05-01,09D,"NHS BRIGHTON AND HOVE",1434,14348.04,0,0
2023-05-01,02Y,"NHS EAST RIDING OF YORKSHIRE",1464,11084.94,0,0
2023-05-01,03H,"NHS NORTH EAST LINCOLNSHIRE",1470,11408.92,0,0
2023-05-01,05Q,"NHS SOUTH EAST STAFFORDSHIRE AND SEISDON PENINSULA",1495,14213.73,0,0
2023-05-01,03F,"NHS HULL",1499,11209.73,0,0
2023-05-01,02A,"NHS TRAFFORD",1503,13069.26,0,0
2023-05-01,01X,"NHS ST HELENS",1518,13480.44,0,0
2023-05-01,01W,"NHS STOCKPORT",1579,13235.83,0,0
2023-05-01,15A,"NHS BERKSHIRE WEST",1598,15018.57,0,0
2023-05-01,27D,"NHS CHESHIRE",1621,13726.93,0,0
2023-05-01,05G,"NHS NORTH STAFFORDSHIRE",1834,16061.01,0,0
2023-05-01,07H,"NHS WEST ESSEX",1860,15063.54,0,0
2023-05-01,00T,"NHS BOLTON",1894,15061.19,0,0
2023-05-01,00P,"NHS SUNDERLAND",1989,19488.03,0,0
2023-05-01,03R,"NHS WAKEFIELD",2031,17237.57,0,0
2023-05-01,00Y,"NHS OLDHAM",2065,15972.83,0,0
2023-05-01,06T,"NHS NORTH EAST ESSEX",2137,17047.48,0,0
2023-05-01,U2G6B,"NHS THAMES VALLEY ICB - U2G6B",2216,20779.99,0,0
2023-05-01,00L,"NHS NORTHUMBERLAND",2271,21414.63,0,0
2023-05-01,02H,"NHS WIGAN BOROUGH",2315,20366.97,0,0
2023-05-01,01H,"NHS NORTH CUMBRIA",2336,22569.56,0,0
2023-05-01,07K,"NHS WEST SUFFOLK",2361,16996.7,0,0
2023-05-01,03L,"NHS ROTHERHAM",2450,19341.36,0,0
2023-05-01,02X,"NHS DONCASTER",2504,20726.44,0,0
2023-05-01,02P,"NHS BARNSLEY",2516,20513.43,0,0
2023-05-01,13T,"NHS NEWCASTLE GATESHEAD",2588,23317.25,0,0
2023-05-01,06L,"NHS IPSWICH AND EAST SUFFOLK",2604,19105.47,0,0
2023-05-01,01A,"NHS EAST LANCASHIRE",2725,21796.58,0,0
2023-05-01,06Q,"NHS MID ESSEX",2816,21340.49,0,0
2023-05-01,03N,"NHS SHEFFIELD",2948,24269.48,0,0
2023-05-01,05W,"NHS STOKE ON TRENT",3032,24855.01,0,0
2023-05-01,X2C4Y,"NHS KIRKLEES",3040,29742.4,0,0
2023-05-01,M2L0M,"NHS SHROPSHIRE, TELFORD AND WREKIN",3122,30530.48,0,0
2023-05-01,06N,"NHS HERTS VALLEYS",3160,30265.67,0,0
2023-05-01,99A,"NHS LIVERPOOL",3282,29561.87,0,0
2023-05-01,11J,"NHS DORSET",3425,27957.36,0,0
2023-05-01,97R,"NHS EAST SUSSEX",3430,31115.16,0,0
2023-05-01,15F,"NHS LEEDS",3549,30002.81,0,0
2023-05-01,11M,"NHS GLOUCESTERSHIRE",3556,29404.93,0,0
2023-05-01,42D,"NHS NORTH YORKSHIRE",3701,34948.99,0,0
2023-05-01,15C,"NHS BRISTOL, NORTH SOMERSET AND SOUTH GLOUCESTERSHIRE",3752,35857.47,0,0
2023-05-01,11N,"NHS CORNWALL AND THE ISLES OF SCILLY",3775,30912.16,0,0
2023-05-01,14Y,"NHS BUCKINGHAMSHIRE",3863,33471.45,0,0
2023-05-01,10Q,"NHS OXFORDSHIRE",4092,37846.67,0,0
2023-05-01,06K,"NHS EAST AND NORTH HERTFORDSHIRE",4195,33671.36,0,0
2023-05-01,84H,"NHS COUNTY DURHAM",4214,36527.32,0,0
2023-05-01,18C,"NHS HEREFORDSHIRE AND WORCESTERSHIRE",4323,39666.39,0,0
2023-05-01,92G,"NHS BATH AND NORTH EAST SOMERSET, SWINDON AND WILTSHIRE",4330,33672.19,0,0
2023-05-01,36J,"NHS BRADFORD DISTRICT AND CRAVEN",4706,36918.36,0,0
2023-05-01,15M,"NHS DERBY AND DERBYSHIRE",4773,45597.23,0,0
2023-05-01,16C,"NHS TEES VALLEY",4903,41607,0,0
2023-05-01,B2M3M,"NHS COVENTRY AND WARWICKSHIRE",4923,40198.69,0,0
2023-05-01,06H,"NHS CAMBRIDGESHIRE AND PETERBOROUGH",4932,36135.34,0,0
2023-05-01,71E,"NHS LINCOLNSHIRE",5068,38198.66,0,0
2023-05-01,70F,"NHS WEST SUSSEX",5102,48733.19,0,0
2023-05-01,14L,"NHS MANCHESTER",5243,43301.93,0,0
2023-05-01,15N,"NHS DEVON",5465,43419.98,0,0
2023-05-01,D9Y0V,"NHS HAMPSHIRE, SOUTHAMPTON AND ISLE OF WIGHT",6461,60220.6,0,0
2023-05-01,M1J4Y,"NHS BEDFORDSHIRE, LUTON AND MILTON KEYNES",6634,52774.59,0,0
2023-05-01,92A,"NHS SURREY HEARTLANDS",6674,64957.66,0,0
2023-05-01,52R,"NHS NOTTINGHAM AND NOTTINGHAMSHIRE",7071,55456.64,0,0
2023-05-01,36L,"NHS SOUTH WEST LONDON",7215,73192.83,0,0
2023-05-01,26A,"NHS NORFOLK AND WAVENEY",7619,61817.66,0,0
2023-05-01,93C,"NHS NORTH CENTRAL LONDON",8615,82617.17,0,0
2023-05-01,72Q,"NHS SOUTH EAST LONDON",9713,99161.48,0,0
2023-05-01,91Q,"NHS KENT AND MEDWAY",9976,83371.61,0,0
2023-05-01,D2P2L,"NHS BLACK COUNTRY",10705,95983.62,0,0
2023-05-01,15E,"NHS BIRMINGHAM AND SOLIHULL",11185,94837.51,0,0
2023-05-01,W2U3Z,"NHS NORTH WEST LONDON",11960,106182.26,0,0
2023-05-01,A3A8R,"NHS NORTH EAST LONDON",14577,137839.11,0,0
2023-06-01,09W,"NHS MEDWAY",0,0,0,0
2023-06-01,D4U1Y,"NHS FRIMLEY",77,586.84,0,0
2023-06-01,07G,"NHS THURROCK",412,3133.72,0,0
2023-06-01,99F,"NHS CASTLE POINT AND ROCHFORD",412,3299.74,0,0
2023-06-01,02T,"NHS CALDERDALE",474,3600.68,0,0
2023-06-01,99G,"NHS SOUTHEND",484,3832.03,0,0
2023-06-01,99E,"NHS BASILDON AND BRENTWOOD",671,5109.6,0,0
2023-06-01,11X,"NHS SOMERSET",759,5955.05,0,0
2023-06-01,01F,"NHS HALTON",790,6739.39,0,0
2023-06-01,01V,"NHS SOUTHPORT AND FORMBY",796,7823.29,0,0
2023-06-01,02E,"NHS WARRINGTON",813,6552.89,0,0
2023-06-01,10R,"NHS PORTSMOUTH",860,8402.93,0,0
2023-06-01,02Q,"NHS BASSETLAW",868,6532.4,0,0
2023-06-01,04C,"NHS LEICESTER CITY",869,4920.77,0,0
2023-06-01,02G,"NHS WEST LANCASHIRE",874,8026.59,0,0
2023-06-01,02M,"NHS FYLDE AND WYRE",901,7891.49,0,0
2023-06-01,05D,"NHS EAST STAFFORDSHIRE",936,7447.53,0,0
2023-06-01,78H,"NHS NORTHAMPTONSHIRE",954,6918.23,0,0
2023-06-01,03W,"NHS EAST LEICESTERSHIRE AND RUTLAND",973,6032.86,0,0
2023-06-01,04Y,"NHS CANNOCK CHASE",1017,9004.47,0,0
2023-06-01,00X,"NHS CHORLEY AND SOUTH RIBBLE",1029,9625.03,0,0
2023-06-01,01T,"NHS SOUTH SEFTON",1052,9056.72,0,0
2023-06-01,01J,"NHS KNOWSLEY",1133,9394.03,0,0
2023-06-01,01G,"NHS SALFORD",1151,9486.68,0,0
2023-06-01,00V,"NHS BURY",1183,8395.08,0,0
2023-06-01,05V,"NHS STAFFORD AND SURROUNDS",1229,11087.89,0,0
2023-06-01,00R,"NHS BLACKPOOL",1233,10477.74,0,0
2023-06-01,99C,"NHS NORTH TYNESIDE",1277,12276.67,0,0
2023-06-01,03K,"NHS NORTH LINCOLNSHIRE",1284,9835.65,0,0
2023-06-01,01K,"NHS MORECAMBE BAY",1309,9818.27,0,0
2023-06-01,01D,"NHS HEYWOOD, MIDDLETON AND ROCHDALE",1315,10321.33,0,0
2023-06-01,04V,"NHS WEST LEICESTERSHIRE",1323,8692.3,0,0
2023-06-01,01E,"NHS GREATER PRESTON",1342,12788.4,0,0
2023-06-01,00Q,"NHS BLACKBURN WITH DARWEN",1344,12263.61,0,0
2023-06-01,09D,"NHS BRIGHTON AND HOVE",1370,13933.46,0,0
2023-06-01,01Y,"NHS TAMESIDE AND GLOSSOP",1374,12264.37,0,0
2023-06-01,03Q,"NHS VALE OF YORK",1395,13796.41,0,0
2023-06-01,00N,"NHS SOUTH TYNESIDE",1412,14918.11,0,0
2023-06-01,02Y,"NHS EAST RIDING OF YORKSHIRE",1421,11018.66,0,0
2023-06-01,12F,"NHS WIRRAL",1469,12538.81,0,0
2023-06-01,02A,"NHS TRAFFORD",1518,12958.02,0,0
2023-06-01,03F,"NHS HULL",1523,11477.17,0,0
2023-06-01,03H,"NHS NORTH EAST LINCOLNSHIRE",1560,11837.75,0,0
2023-06-01,01X,"NHS ST HELENS",1563,14273.58,0,0
2023-06-01,01W,"NHS STOCKPORT",1596,13431.35,0,0
2023-06-01,05Q,"NHS SOUTH EAST STAFFORDSHIRE AND SEISDON PENINSULA",1597,15472.72,0,0
2023-06-01,15A,"NHS BERKSHIRE WEST",1632,15469.82,0,0
2023-06-01,27D,"NHS CHESHIRE",1676,13927.96,0,0
2023-06-01,05G,"NHS NORTH STAFFORDSHIRE",1820,15986.16,0,0
2023-06-01,00T,"NHS BOLTON",1988,16033.04,0,0
2023-06-01,00Y,"NHS OLDHAM",1991,15362.68,0,0
2023-06-01,03R,"NHS WAKEFIELD",1998,16970.98,0,0
2023-06-01,07H,"NHS WEST ESSEX",2003,15980.08,0,0
2023-06-01,00P,"NHS SUNDERLAND",2158,21203.2,0,0
2023-06-01,06T,"NHS NORTH EAST ESSEX",2229,17620.13,0,0
2023-06-01,U2G6B,"NHS THAMES VALLEY ICB - U2G6B",2354,21945.9,0,0
2023-06-01,02H,"NHS WIGAN BOROUGH",2361,20565.91,0,0
2023-06-01,00L,"NHS NORTHUMBERLAND",2391,22236.8,0,0
2023-06-01,03L,"NHS ROTHERHAM",2442,19463.48,0,0
2023-06-01,07K,"NHS WEST SUFFOLK",2455,17898.18,0,0
2023-06-01,02X,"NHS DONCASTER",2482,20309.17,0,0
2023-06-01,01H,"NHS NORTH CUMBRIA",2521,24123.76,0,0
2023-06-01,02P,"NHS BARNSLEY",2634,21473.35,0,0
2023-06-01,06L,"NHS IPSWICH AND EAST SUFFOLK",2652,19787.08,0,0
2023-06-01,13T,"NHS NEWCASTLE GATESHEAD",2702,24008.91,0,0
2023-06-01,06Q,"NHS MID ESSEX",2790,21034.9,0,0
2023-06-01,01A,"NHS EAST LANCASHIRE",2834,22797.69,0,0
2023-06-01,03N,"NHS SHEFFIELD",2870,23282.59,0,0
2023-06-01,05W,"NHS STOKE ON TRENT",3072,24887.93,0,0
2023-06-01,M2L0M,"NHS SHROPSHIRE, TELFORD AND WREKIN",3104,30176.29,0,0
2023-06-01,X2C4Y,"NHS KIRKLEES",3106,30611.73,0,0
2023-06-01,97R,"NHS EAST SUSSEX",3402,30798.93,0,0
2023-06-01,06N,"NHS HERTS VALLEYS",3443,33897.64,0,0
2023-06-01,11J,"NHS DORSET",3443,28525.53,0,0
2023-06-01,99A,"NHS LIVERPOOL",3477,30838.59,0,0
2023-06-01,11M,"NHS GLOUCESTERSHIRE",3728,29985.35,0,0
2023-06-01,15F,"NHS LEEDS",3730,31787.79,0,0
2023-06-01,42D,"NHS NORTH YORKSHIRE",3739,35276.89,0,0
2023-06-01,11N,"NHS CORNWALL AND THE ISLES OF SCILLY",3792,31458.43,0,0
2023-06-01,15C,"NHS BRISTOL, NORTH SOMERSET AND SOUTH GLOUCESTERSHIRE",4001,38426.81,0,0
2023-06-01,84H,"NHS COUNTY DURHAM",4197,36219.86,0,0
2023-06-01,14Y,"NHS BUCKINGHAMSHIRE",4216,36387.68,0,0
2023-06-01,06K,"NHS EAST AND NORTH HERTFORDSHIRE",4461,35494.16,0,0
2023-06-01,10Q,"NHS OXFORDSHIRE",4491,40620.49,0,0
2023-06-01,18C,"NHS HEREFORDSHIRE AND WORCESTERSHIRE",4724,42844.39,0,0
2023-06-01,92G,"NHS BATH AND NORTH EAST SOMERSET, SWINDON AND WILTSHIRE",4728,37556.33,0,0
2023-06-01,36J,"NHS BRADFORD DISTRICT AND CRAVEN",4751,38123.88,0,0
2023-06-01,15M,"NHS DERBY AND DERBYSHIRE",4778,45408.51,0,0
2023-06-01,14L,"NHS MANCHESTER",4968,40848.46,0,0
2023-06-01,16C,"NHS TEES VALLEY",5008,43119.34,0,0
2023-06-01,70F,"NHS WEST SUSSEX",5284,50445.04,0,0
2023-06-01,71E,"NHS LINCOLNSHIRE",5295,40004.24,0,0
2023-06-01,06H,"NHS CAMBRIDGESHIRE AND PETERBOROUGH",5316,38911.46,0,0
2023-06-01,B2M3M,"NHS COVENTRY AND WARWICKSHIRE",5381,44364.58,0,0
2023-06-01,15N,"NHS DEVON",5823,46687.71,0,0
2023-06-01,D9Y0V,"NHS HAMPSHIRE, SOUTHAMPTON AND ISLE OF WIGHT",6617,61475.71,0,0
2023-06-01,92A,"NHS SURREY HEARTLANDS",6733,65474.85,0,0
2023-06-01,M1J4Y,"NHS BEDFORDSHIRE, LUTON AND MILTON KEYNES",7087,56242.35,0,0
2023-06-01,36L,"NHS SOUTH WEST LONDON",7328,72946.14,0,0
2023-06-01,52R,"NHS NOTTINGHAM AND NOTTINGHAMSHIRE",7742,60165.27,0,0
2023-06-01,26A,"NHS NORFOLK AND WAVENEY",7874,64567.72,0,0
2023-06-01,93C,"NHS NORTH CENTRAL LONDON",8851,86563.87,0,0
2023-06-01,91Q,"NHS KENT AND MEDWAY",9731,80336.9,0,0
2023-06-01,72Q,"NHS SOUTH EAST LONDON",10475,107523.05,0,0
2023-06-01,D2P2L,"NHS BLACK COUNTRY",10810,96322.17,0,0
2023-06-01,15E,"NHS BIRMINGHAM AND SOLIHULL",11176,94635.75,0,0
2023-06-01,W2U3Z,"NHS NORTH WEST LONDON",13289,117022.42,0,0
2023-06-01,A3A8R,"NHS NORTH EAST LONDON",15317,143535.39,0,0
2023-07-01,09W,"NHS MEDWAY",0,0,0,0
2023-07-01,D4U1Y,"NHS FRIMLEY",65,513.78,0,0
2023-07-01,07G,"NHS THURROCK",397,2991.48,0,0
2023-07-01,99F,"NHS CASTLE POINT AND ROCHFORD",447,3511.51,0,0
2023-07-01,02T,"NHS CALDERDALE",466,3366.7,0,0
2023-07-01,99G,"NHS SOUTHEND",496,3889.46,0,0
2023-07-01,99E,"NHS BASILDON AND BRENTWOOD",628,4722.41,0,0
2023-07-01,11X,"NHS SOMERSET",638,4796.28,0,0
2023-07-01,01F,"NHS HALTON",726,6001.09,0,0
2023-07-01,02Q,"NHS BASSETLAW",742,5531.65,0,0
2023-07-01,01V,"NHS SOUTHPORT AND FORMBY",755,7377.21,0,0
2023-07-01,04C,"NHS LEICESTER CITY",774,4643.45,0,0
2023-07-01,02E,"NHS WARRINGTON",820,6450.33,0,0
2023-07-01,10R,"NHS PORTSMOUTH",824,8200.97,0,0
2023-07-01,78H,"NHS NORTHAMPTONSHIRE",826,5937.24,0,0
2023-07-01,03W,"NHS EAST LEICESTERSHIRE AND RUTLAND",832,5171.67,0,0
2023-07-01,05D,"NHS EAST STAFFORDSHIRE",842,6826.64,0,0
2023-07-01,02G,"NHS WEST LANCASHIRE",859,7971.51,0,0
2023-07-01,02M,"NHS FYLDE AND WYRE",916,7609,0,0
2023-07-01,00X,"NHS CHORLEY AND SOUTH RIBBLE",928,8891.02,0,0
2023-07-01,01T,"NHS SOUTH SEFTON",957,8257.02,0,0
2023-07-01,04Y,"NHS CANNOCK CHASE",1011,8750.35,0,0
2023-07-01,01G,"NHS SALFORD",1037,8243.81,0,0
2023-07-01,04V,"NHS WEST LEICESTERSHIRE",1057,6951.37,0,0
2023-07-01,01J,"NHS KNOWSLEY",1102,8939.57,0,0
2023-07-01,00V,"NHS BURY",1120,9093.32,0,0
2023-07-01,00R,"NHS BLACKPOOL",1154,9922.62,0,0
2023-07-01,99C,"NHS NORTH TYNESIDE",1169,11489.95,0,0
2023-07-01,05V,"NHS STAFFORD AND SURROUNDS",1183,10702.42,0,0
2023-07-01,01D,"NHS HEYWOOD, MIDDLETON AND ROCHDALE",1231,9496.17,0,0
2023-07-01,01K,"NHS MORECAMBE BAY",1238,9661.56,0,0
2023-07-01,03K,"NHS NORTH LINCOLNSHIRE",1243,9446.09,0,0
2023-07-01,01E,"NHS GREATER PRESTON",1250,11823.78,0,0
2023-07-01,00N,"NHS SOUTH TYNESIDE",1254,13262.47,0,0
2023-07-01,09D,"NHS BRIGHTON AND HOVE",1260,12601.58,0,0
2023-07-01,03Q,"NHS VALE OF YORK",1294,12567.15,0,0
2023-07-01,02Y,"NHS EAST RIDING OF YORKSHIRE",1330,10122.74,0,0
2023-07-01,00Q,"NHS BLACKBURN WITH DARWEN",1342,12089.94,0,0
2023-07-01,05Q,"NHS SOUTH EAST STAFFORDSHIRE AND SEISDON PENINSULA",1376,13345.12,0,0
2023-07-01,01Y,"NHS TAMESIDE AND GLOSSOP",1379,11859.66,0,0
2023-07-01,03F,"NHS HULL",1385,10632.88,0,0
2023-07-01,12F,"NHS WIRRAL",1407,11984.53,0,0
2023-07-01,01X,"NHS ST HELENS",1416,12875.09,0,0
2023-07-01,02A,"NHS TRAFFORD",1470,12612.72,0,0
2023-07-01,15A,"NHS BERKSHIRE WEST",1495,14332.04,0,0
2023-07-01,03H,"NHS NORTH EAST LINCOLNSHIRE",1513,11426.06,0,0
2023-07-01,01W,"NHS STOCKPORT",1551,12886.68,0,0
2023-07-01,27D,"NHS CHESHIRE",1615,13932.91,0,0
2023-07-01,05G,"NHS NORTH STAFFORDSHIRE",1737,14799.92,0,0
2023-07-01,07H,"NHS WEST ESSEX",1888,14993.71,0,0
2023-07-01,00T,"NHS BOLTON",1917,14946.63,0,0
2023-07-01,00Y,"NHS OLDHAM",1939,15127.18,0,0
2023-07-01,00P,"NHS SUNDERLAND",1951,19100.26,0,0
2023-07-01,03R,"NHS WAKEFIELD",1954,16366.8,0,0
2023-07-01,06T,"NHS NORTH EAST ESSEX",2146,16881.24,0,0
2023-07-01,00L,"NHS NORTHUMBERLAND",2197,20538.81,0,0
2023-07-01,02H,"NHS WIGAN BOROUGH",2204,19325.64,0,0
2023-07-01,01H,"NHS NORTH CUMBRIA",2209,21140.1,0,0
2023-07-01,U2G6B,"NHS THAMES VALLEY ICB - U2G6B",2218,21013.65,0,0
2023-07-01,07K,"NHS WEST SUFFOLK",2261,16356.52,0,0
2023-07-01,02X,"NHS DONCASTER",2273,18574.62,0,0
2023-07-01,02P,"NHS BARNSLEY",2407,19291.44,0,0
2023-07-01,03L,"NHS ROTHERHAM",2429,19039.56,0,0
2023-07-01,06L,"NHS IPSWICH AND EAST SUFFOLK",2458,18339.74,0,0
2023-07-01,13T,"NHS NEWCASTLE GATESHEAD",2578,23487.52,0,0
2023-07-01,06Q,"NHS MID ESSEX",2584,19681.72,0,0
2023-07-01,01A,"NHS EAST LANCASHIRE",2636,21327.25,0,0
2023-07-01,03N,"NHS SHEFFIELD",2710,22563.09,0,0
2023-07-01,05W,"NHS STOKE ON TRENT",2748,22153.65,0,0
2023-07-01,X2C4Y,"NHS KIRKLEES",2973,29169.74,0,0
2023-07-01,M2L0M,"NHS SHROPSHIRE, TELFORD AND WREKIN",2978,28841.22,0,0
2023-07-01,06N,"NHS HERTS VALLEYS",2996,28772.66,0,0
2023-07-01,11J,"NHS DORSET",3138,25642.67,0,0
2023-07-01,97R,"NHS EAST SUSSEX",3145,28618.43,0,0
2023-07-01,99A,"NHS LIVERPOOL",3146,28463.46,0,0
2023-07-01,15F,"NHS LEEDS",3477,29984.31,0,0
2023-07-01,11M,"NHS GLOUCESTERSHIRE",3492,28018.94,0,0
2023-07-01,42D,"NHS NORTH YORKSHIRE",3549,33101.41,0,0
2023-07-01,11N,"NHS CORNWALL AND THE ISLES OF SCILLY",3571,29273.47,0,0
2023-07-01,15C,"NHS BRISTOL, NORTH SOMERSET AND SOUTH GLOUCESTERSHIRE",3694,35944.22,0,0
2023-07-01,14Y,"NHS BUCKINGHAMSHIRE",3755,32922.27,0,0
2023-07-01,10Q,"NHS OXFORDSHIRE",3954,35852.53,0,0
2023-07-01,84H,"NHS COUNTY DURHAM",4049,34065.77,0,0
2023-07-01,06K,"NHS EAST AND NORTH HERTFORDSHIRE",4074,32751.13,0,0
2023-07-01,92G,"NHS BATH AND NORTH EAST SOMERSET, SWINDON AND WILTSHIRE",4234,33605.53,0,0
2023-07-01,18C,"NHS HEREFORDSHIRE AND WORCESTERSHIRE",4238,39055.56,0,0
2023-07-01,15M,"NHS DERBY AND DERBYSHIRE",4457,42371.52,0,0
2023-07-01,36J,"NHS BRADFORD DISTRICT AND CRAVEN",4552,36240.24,0,0
2023-07-01,B2M3M,"NHS COVENTRY AND WARWICKSHIRE",4689,37552.08,0,0
2023-07-01,16C,"NHS TEES VALLEY",4703,40146.25,0,0
2023-07-01,70F,"NHS WEST SUSSEX",4759,45732.48,0,0
2023-07-01,06H,"NHS CAMBRIDGESHIRE AND PETERBOROUGH",4825,35145.07,0,0
2023-07-01,14L,"NHS MANCHESTER",5001,40972.97,0,0
2023-07-01,71E,"NHS LINCOLNSHIRE",5025,37684.65,0,0
2023-07-01,15N,"NHS DEVON",5395,42964.59,0,0
2023-07-01,D9Y0V,"NHS HAMPSHIRE, SOUTHAMPTON AND ISLE OF WIGHT",5874,54261.56,0,0
2023-07-01,92A,"NHS SURREY HEARTLANDS",6219,60925.74,0,0
2023-07-01,M1J4Y,"NHS BEDFORDSHIRE, LUTON AND MILTON KEYNES",6255,49157.6,0,0
2023-07-01,36L,"NHS SOUTH WEST LONDON",6732,67872.86,0,0
2023-07-01,52R,"NHS NOTTINGHAM AND NOTTINGHAMSHIRE",6910,53407.08,0,0
2023-07-01,26A,"NHS NORFOLK AND WAVENEY",7310,59474.4,0,0
2023-07-01,93C,"NHS NORTH CENTRAL LONDON",8505,81801.55,0,0
2023-07-01,91Q,"NHS KENT AND MEDWAY",9174,76224.54,0,0
2023-07-01,72Q,"NHS SOUTH EAST LONDON",9453,96456.92,0,0
2023-07-01,D2P2L,"NHS BLACK COUNTRY",10261,90627.85,0,0
2023-07-01,15E,"NHS BIRMINGHAM AND SOLIHULL",10524,88983.99,0,0
2023-07-01,W2U3Z,"NHS NORTH WEST LONDON",11992,105461.83,0,0
2023-07-01,A3A8R,"NHS NORTH EAST LONDON",14094,131461.03,0,0
2023-08-01,09W,"NHS MEDWAY",0,0,0,0
2023-08-01,D4U1Y,"NHS FRIMLEY",44,354.43,0,0
2023-08-01,07G,"NHS THURROCK",380,2844.82,0,0
2023-08-01,99F,"NHS CASTLE POINT AND ROCHFORD",386,3254,0,0
2023-08-01,99G,"NHS SOUTHEND",473,3799.23,0,0
2023-08-01,02T,"NHS CALDERDALE",480,3481.74,0,0
2023-08-01,11X,"NHS SOMERSET",564,4660.85,0,0
2023-08-01,99E,"NHS BASILDON AND BRENTWOOD",641,5093.89,0,0
2023-08-01,04C,"NHS LEICESTER CITY",682,3937.03,0,0
2023-08-01,01F,"NHS HALTON",705,5969.81,0,0
2023-08-01,01V,"NHS SOUTHPORT AND FORMBY",749,7469.87,0,0
2023-08-01,02E,"NHS WARRINGTON",764,5948.84,0,0
2023-08-01,05D,"NHS EAST STAFFORDSHIRE",780,6277.45,0,0
2023-08-01,78H,"NHS NORTHAMPTONSHIRE",780,5858.23,0,0
2023-08-01,10R,"NHS PORTSMOUTH",785,7987.29,0,0
2023-08-01,03W,"NHS EAST LEICESTERSHIRE AND RUTLAND",805,5140.17,0,0
2023-08-01,02Q,"NHS BASSETLAW",835,6430.97,0,0
2023-08-01,02G,"NHS WEST LANCASHIRE",838,7969.93,0,0
2023-08-01,02M,"NHS FYLDE AND WYRE",880,7270.72,0,0
2023-08-01,04Y,"NHS CANNOCK CHASE",955,8428.37,0,0
2023-08-01,01J,"NHS KNOWSLEY",961,7953.95,0,0
2023-08-01,00X,"NHS CHORLEY AND SOUTH RIBBLE",966,9038.2,0,0
2023-08-01,01T,"NHS SOUTH SEFTON",966,8497.64,0,0
2023-08-01,01G,"NHS SALFORD",1021,8344.08,0,0
2023-08-01,04V,"NHS WEST LEICESTERSHIRE",1037,6968.29,0,0
2023-08-01,05V,"NHS STAFFORD AND SURROUNDS",1050,9368.84,0,0
2023-08-01,00V,"NHS BURY",1053,8214.41,0,0
2023-08-01,01E,"NHS GREATER PRESTON",1093,10266.47,0,0
2023-08-01,00R,"NHS BLACKPOOL",1144,9893.7,0,0
2023-08-01,99C,"NHS NORTH TYNESIDE",1144,11009.7,0,0
2023-08-01,01D,"NHS HEYWOOD, MIDDLETON AND ROCHDALE",1162,9154.79,0,0
2023-08-01,01K,"NHS MORECAMBE BAY",1170,8816.92,0,0
2023-08-01,03K,"NHS NORTH LINCOLNSHIRE",1178,8903.16,0,0
2023-08-01,09D,"NHS BRIGHTON AND HOVE",1238,12385.29,0,0
2023-08-01,00N,"NHS SOUTH TYNESIDE",1256,13719.23,0,0
2023-08-01,01Y,"NHS TAMESIDE AND GLOSSOP",1267,10970.61,0,0
2023-08-01,00Q,"NHS BLACKBURN WITH DARWEN",1295,12840.45,0,0
2023-08-01,03Q,"NHS VALE OF YORK",1306,13070.63,0,0
2023-08-01,12F,"NHS WIRRAL",1313,11289.15,0,0
2023-08-01,02Y,"NHS EAST RIDING OF YORKSHIRE",1317,10002.98,0,0
2023-08-01,05Q,"NHS SOUTH EAST STAFFORDSHIRE AND SEISDON PENINSULA",1365,13314.18,0,0
2023-08-01,02A,"NHS TRAFFORD",1370,12187.15,0,0
2023-08-01,03F,"NHS HULL",1413,10936.98,0,0
2023-08-01,15A,"NHS BERKSHIRE WEST",1432,14191.52,0,0
2023-08-01,01W,"NHS STOCKPORT",1447,12026.56,0,0
2023-08-01,01X,"NHS ST HELENS",1463,13130.97,0,0
2023-08-01,03H,"NHS NORTH EAST LINCOLNSHIRE",1477,11332.39,0,0
2023-08-01,27D,"NHS CHESHIRE",1480,12516.81,0,0
2023-08-01,05G,"NHS NORTH STAFFORDSHIRE",1642,14467.78,0,0
2023-08-01,03R,"NHS WAKEFIELD",1720,14508.15,0,0
2023-08-01,00T,"NHS BOLTON",1783,14209.63,0,0
2023-08-01,00Y,"NHS OLDHAM",1815,14267.56,0,0
2023-08-01,07H,"NHS WEST ESSEX",1841,14670.33,0,0
2023-08-01,00P,"NHS SUNDERLAND",1936,19035.68,0,0
2023-08-01,06T,"NHS NORTH EAST ESSEX",2069,16232.41,0,0
2023-08-01,U2G6B,"NHS THAMES VALLEY ICB - U2G6B",2120,19880.68,0,0
2023-08-01,02H,"NHS WIGAN BOROUGH",2133,18976.9,0,0
2023-08-01,00L,"NHS NORTHUMBERLAND",2156,20316.73,0,0
2023-08-01,02X,"NHS DONCASTER",2165,17843.44,0,0
2023-08-01,07K,"NHS WEST SUFFOLK",2235,16408.3,0,0
2023-08-01,03L,"NHS ROTHERHAM",2282,18436.66,0,0
2023-08-01,01H,"NHS NORTH CUMBRIA",2334,22405.32,0,0
2023-08-01,06L,"NHS IPSWICH AND EAST SUFFOLK",2383,17647.33,0,0
2023-08-01,02P,"NHS BARNSLEY",2408,19685.1,0,0
2023-08-01,03N,"NHS SHEFFIELD",2430,20454.29,0,0
2023-08-01,13T,"NHS NEWCASTLE GATESHEAD",2431,22014.52,0,0
2023-08-01,01A,"NHS EAST LANCASHIRE",2501,20125.45,0,0
2023-08-01,06Q,"NHS MID ESSEX",2594,19572.94,0,0
2023-08-01,M2L0M,"NHS SHROPSHIRE, TELFORD AND WREKIN",2787,27141.72,0,0
2023-08-01,05W,"NHS STOKE ON TRENT",2795,22763.2,0,0
2023-08-01,06N,"NHS HERTS VALLEYS",2831,28064.44,0,0
2023-08-01,X2C4Y,"NHS KIRKLEES",2906,28663.93,0,0
2023-08-01,97R,"NHS EAST SUSSEX",2926,26555.24,0,0
2023-08-01,99A,"NHS LIVERPOOL",3102,27908.97,0,0
2023-08-01,11J,"NHS DORSET",3111,25898.88,0,0
2023-08-01,11M,"NHS GLOUCESTERSHIRE",3243,26784.65,0,0
2023-08-01,15F,"NHS LEEDS",3275,28372.78,0,0
2023-08-01,15C,"NHS BRISTOL, NORTH SOMERSET AND SOUTH GLOUCESTERSHIRE",3471,33863,0,0
2023-08-01,42D,"NHS NORTH YORKSHIRE",3496,33108.09,0,0
2023-08-01,11N,"NHS CORNWALL AND THE ISLES OF SCILLY",3552,29339.93,0,0
2023-08-01,14Y,"NHS BUCKINGHAMSHIRE",3553,30942.12,0,0
2023-08-01,10Q,"NHS OXFORDSHIRE",3651,33139.87,0,0
2023-08-01,06K,"NHS EAST AND NORTH HERTFORDSHIRE",3882,31012.99,0,0
2023-08-01,84H,"NHS COUNTY DURHAM",3920,33832.06,0,0
2023-08-01,92G,"NHS BATH AND NORTH EAST SOMERSET, SWINDON AND WILTSHIRE",4063,31963.31,0,0
2023-08-01,18C,"NHS HEREFORDSHIRE AND WORCESTERSHIRE",4215,39521.29,0,0
2023-08-01,15M,"NHS DERBY AND DERBYSHIRE",4219,40763.87,0,0
2023-08-01,B2M3M,"NHS COVENTRY AND WARWICKSHIRE",4291,35723.91,0,0
2023-08-01,36J,"NHS BRADFORD DISTRICT AND CRAVEN",4472,35672.66,0,0
2023-08-01,06H,"NHS CAMBRIDGESHIRE AND PETERBOROUGH",4496,33108.74,0,0
2023-08-01,70F,"NHS WEST SUSSEX",4507,44260.67,0,0
2023-08-01,16C,"NHS TEES VALLEY",4524,38785.26,0,0
2023-08-01,71E,"NHS LINCOLNSHIRE",4777,36020.49,0,0
2023-08-01,14L,"NHS MANCHESTER",4786,39747.59,0,0
2023-08-01,15N,"NHS DEVON",5093,41036.8,0,0
2023-08-01,D9Y0V,"NHS HAMPSHIRE, SOUTHAMPTON AND ISLE OF WIGHT",5721,53805.51,0,0
2023-08-01,92A,"NHS SURREY HEARTLANDS",5904,59379.3,0,0
2023-08-01,M1J4Y,"NHS BEDFORDSHIRE, LUTON AND MILTON KEYNES",6021,48597.6,0,0
2023-08-01,36L,"NHS SOUTH WEST LONDON",6061,62317.7,0,0
2023-08-01,52R,"NHS NOTTINGHAM AND NOTTINGHAMSHIRE",6582,51812.09,0,0
2023-08-01,26A,"NHS NORFOLK AND WAVENEY",7059,58402.46,0,0
2023-08-01,93C,"NHS NORTH CENTRAL LONDON",8007,77502.97,0,0
2023-08-01,91Q,"NHS KENT AND MEDWAY",8634,73268.06,0,0
2023-08-01,72Q,"NHS SOUTH EAST LONDON",8772,90421.72,0,0
2023-08-01,D2P2L,"NHS BLACK COUNTRY",9724,86807.27,0,0
2023-08-01,15E,"NHS BIRMINGHAM AND SOLIHULL",9864,83810.19,0,0
2023-08-01,W2U3Z,"NHS NORTH WEST LONDON",10755,95623.45,0,0
2023-08-01,A3A8R,"NHS NORTH EAST LONDON",12722,120335.65,0,0
2023-09-01,09W,"NHS MEDWAY",0,0,0,0
2023-09-01,D4U1Y,"NHS FRIMLEY",70,566.07,0,0
2023-09-01,07G,"NHS THURROCK",422,3113.56,0,0
2023-09-01,99F,"NHS CASTLE POINT AND ROCHFORD",435,3265.37,0,0
2023-09-01,02T,"NHS CALDERDALE",465,3478.5,0,0
2023-09-01,99G,"NHS SOUTHEND",512,4035.41,0,0
2023-09-01,11X,"NHS SOMERSET",689,5173.82,0,0
2023-09-01,99E,"NHS BASILDON AND BRENTWOOD",697,5413.36,0,0
2023-09-01,01F,"NHS HALTON",700,5821.55,0,0
2023-09-01,02E,"NHS WARRINGTON",767,6123.99,0,0
2023-09-01,01V,"NHS SOUTHPORT AND FORMBY",768,7348.83,0,0
2023-09-01,10R,"NHS PORTSMOUTH",790,7638.94,0,0
2023-09-01,78H,"NHS NORTHAMPTONSHIRE",815,5892.59,0,0
2023-09-01,05D,"NHS EAST STAFFORDSHIRE",818,6355.29,0,0
2023-09-01,02Q,"NHS BASSETLAW",820,6131.09,0,0
2023-09-01,01J,"NHS KNOWSLEY",825,6503.18,0,0
2023-09-01,03W,"NHS EAST LEICESTERSHIRE AND RUTLAND",830,5228.86,0,0
2023-09-01,04C,"NHS LEICESTER CITY",851,4819.83,0,0
2023-09-01,02G,"NHS WEST LANCASHIRE",884,7995.64,0,0
2023-09-01,00X,"NHS CHORLEY AND SOUTH RIBBLE",953,8933.37,0,0
2023-09-01,01T,"NHS SOUTH SEFTON",970,8170.27,0,0
2023-09-01,02M,"NHS FYLDE AND WYRE",975,8176.44,0,0
2023-09-01,04Y,"NHS CANNOCK CHASE",1032,9300.57,0,0
2023-09-01,01G,"NHS SALFORD",1082,8720.21,0,0
2023-09-01,00V,"NHS BURY",1136,7852.17,0,0
2023-09-01,05V,"NHS STAFFORD AND SURROUNDS",1147,9989.49,0,0
2023-09-01,04V,"NHS WEST LEICESTERSHIRE",1150,7646.17,0,0
2023-09-01,99C,"NHS NORTH TYNESIDE",1153,11033.45,0,0
2023-09-01,00R,"NHS BLACKPOOL",1205,10269.25,0,0
2023-09-01,03K,"NHS NORTH LINCOLNSHIRE",1209,9266.69,0,0
2023-09-01,01E,"NHS GREATER PRESTON",1250,11387.9,0,0
2023-09-01,03Q,"NHS VALE OF YORK",1267,12752.59,0,0
2023-09-01,01K,"NHS MORECAMBE BAY",1297,10022.94,0,0
2023-09-01,09D,"NHS BRIGHTON AND HOVE",1305,13214.73,0,0
2023-09-01,01D,"NHS HEYWOOD, MIDDLETON AND ROCHDALE",1336,10325,0,0
2023-09-01,05Q,"NHS SOUTH EAST STAFFORDSHIRE AND SEISDON PENINSULA",1365,13358.15,0,0
2023-09-01,00N,"NHS SOUTH TYNESIDE",1380,14564.92,0,0
2023-09-01,01Y,"NHS TAMESIDE AND GLOSSOP",1388,11952.85,0,0
2023-09-01,03F,"NHS HULL",1397,10600.64,0,0
2023-09-01,02Y,"NHS EAST RIDING OF YORKSHIRE",1402,10742.69,0,0
2023-09-01,27D,"NHS CHESHIRE",1414,11554.81,0,0
2023-09-01,01X,"NHS ST HELENS",1422,12844.87,0,0
2023-09-01,15A,"NHS BERKSHIRE WEST",1425,13591.87,0,0
2023-09-01,00Q,"NHS BLACKBURN WITH DARWEN",1452,13186.36,0,0
2023-09-01,02A,"NHS TRAFFORD",1506,12765.97,0,0
2023-09-01,12F,"NHS WIRRAL",1521,12515.49,0,0
2023-09-01,03H,"NHS NORTH EAST LINCOLNSHIRE",1533,11427.58,0,0
2023-09-01,01W,"NHS STOCKPORT",1575,12939.5,0,0
2023-09-01,05G,"NHS NORTH STAFFORDSHIRE",1656,14430.03,0,0
2023-09-01,07H,"NHS WEST ESSEX",1800,14229.04,0,0
2023-09-01,03R,"NHS WAKEFIELD",1819,14781.01,0,0
2023-09-01,00Y,"NHS OLDHAM",1925,15294.07,0,0
2023-09-01,00T,"NHS BOLTON",1933,15395.41,0,0
2023-09-01,00P,"NHS SUNDERLAND",1948,18487.53,0,0
2023-09-01,06T,"NHS NORTH EAST ESSEX",1963,15262.76,0,0
2023-09-01,02H,"NHS WIGAN BOROUGH",2229,19326.03,0,0
2023-09-01,00L,"NHS NORTHUMBERLAND",2272,20905.2,0,0
2023-09-01,07K,"NHS WEST SUFFOLK",2274,16101.27,0,0
2023-09-01,03L,"NHS ROTHERHAM",2321,18034.3,0,0
2023-09-01,03N,"NHS SHEFFIELD",2326,19051.27,0,0
2023-09-01,U2G6B,"NHS THAMES VALLEY ICB - U2G6B",2338,22343.68,0,0
2023-09-01,02X,"NHS DONCASTER",2405,19490.57,0,0
2023-09-01,01H,"NHS NORTH CUMBRIA",2440,23113.83,0,0
2023-09-01,02P,"NHS BARNSLEY",2456,19587.27,0,0
2023-09-01,06L,"NHS IPSWICH AND EAST SUFFOLK",2492,18019.16,0,0
2023-09-01,13T,"NHS NEWCASTLE GATESHEAD",2629,23044.87,0,0
2023-09-01,06Q,"NHS MID ESSEX",2660,20339.9,0,0
2023-09-01,01A,"NHS EAST LANCASHIRE",2695,21698.38,0,0
2023-09-01,05W,"NHS STOKE ON TRENT",2752,22138.64,0,0
2023-09-01,M2L0M,"NHS SHROPSHIRE, TELFORD AND WREKIN",2955,28267.89,0,0
2023-09-01,X2C4Y,"NHS KIRKLEES",2995,29097.19,0,0
2023-09-01,06N,"NHS HERTS VALLEYS",3084,29940.33,0,0
2023-09-01,97R,"NHS EAST SUSSEX",3216,29144.22,0,0
2023-09-01,11J,"NHS DORSET",3270,26715.67,0,0
2023-09-01,99A,"NHS LIVERPOOL",3342,29663.1,0,0
2023-09-01,15F,"NHS LEEDS",3423,28847.3,0,0
2023-09-01,11M,"NHS GLOUCESTERSHIRE",3437,27600.67,0,0
2023-09-01,42D,"NHS NORTH YORKSHIRE",3485,32358.57,0,0
2023-09-01,14Y,"NHS BUCKINGHAMSHIRE",3773,32054.82,0,0
2023-09-01,11N,"NHS CORNWALL AND THE ISLES OF SCILLY",3774,31022.58,0,0
2023-09-01,15C,"NHS BRISTOL, NORTH SOMERSET AND SOUTH GLOUCESTERSHIRE",3782,36340.26,0,0
2023-09-01,10Q,"NHS OXFORDSHIRE",3840,34478,0,0
2023-09-01,06K,"NHS EAST AND NORTH HERTFORDSHIRE",3909,31425.7,0,0
2023-09-01,84H,"NHS COUNTY DURHAM",4105,35039.18,0,0
2023-09-01,15M,"NHS DERBY AND DERBYSHIRE",4229,40010.41,0,0
2023-09-01,92G,"NHS BATH AND NORTH EAST SOMERSET, SWINDON AND WILTSHIRE",4236,33092.2,0,0
2023-09-01,18C,"NHS HEREFORDSHIRE AND WORCESTERSHIRE",4242,38496.06,0,0
2023-09-01,B2M3M,"NHS COVENTRY AND WARWICKSHIRE",4460,36047.72,0,0
2023-09-01,06H,"NHS CAMBRIDGESHIRE AND PETERBOROUGH",4677,33925.14,0,0
2023-09-01,16C,"NHS TEES VALLEY",4741,40025.6,0,0
2023-09-01,36J,"NHS BRADFORD DISTRICT AND CRAVEN",4763,37039.14,0,0
2023-09-01,70F,"NHS WEST SUSSEX",4914,46498.41,0,0
2023-09-01,71E,"NHS LINCOLNSHIRE",4924,36667.96,0,0
2023-09-01,14L,"NHS MANCHESTER",5042,40986.31,0,0
2023-09-01,15N,"NHS DEVON",5452,43537.55,0,0
2023-09-01,92A,"NHS SURREY HEARTLANDS",5962,58355.77,0,0
2023-09-01,D9Y0V,"NHS HAMPSHIRE, SOUTHAMPTON AND ISLE OF WIGHT",5988,55366.31,0,0
2023-09-01,M1J4Y,"NHS BEDFORDSHIRE, LUTON AND MILTON KEYNES",6361,50190.14,0,0
2023-09-01,36L,"NHS SOUTH WEST LONDON",6399,64176.58,0,0
2023-09-01,52R,"NHS NOTTINGHAM AND NOTTINGHAMSHIRE",6790,52876.71,0,0
2023-09-01,26A,"NHS NORFOLK AND WAVENEY",7259,58610.33,0,0
2023-09-01,93C,"NHS NORTH CENTRAL LONDON",8377,80310.54,0,0
2023-09-01,91Q,"NHS KENT AND MEDWAY",9314,77042.15,0,0
2023-09-01,72Q,"NHS SOUTH EAST LONDON",9344,94721.59,0,0
2023-09-01,D2P2L,"NHS BLACK COUNTRY",10375,91559.36,0,0
2023-09-01,15E,"NHS BIRMINGHAM AND SOLIHULL",10640,88129.21,0,0
2023-09-01,W2U3Z,"NHS NORTH WEST LONDON",11707,103713.67,0,0
2023-09-01,A3A8R,"NHS NORTH EAST LONDON",13392,125375.69,0,0
2023-10-01,09W,"NHS MEDWAY",0,0,0,0
2023-10-01,D4U1Y,"NHS FRIMLEY",71,607.77,0,0
2023-10-01,99F,"NHS CASTLE POINT AND ROCHFORD",426,3289.21,0,0
2023-10-01,07G,"NHS THURROCK",441,3135.82,0,0
2023-10-01,99G,"NHS SOUTHEND",517,4373.62,0,0
2023-10-01,02T,"NHS CALDERDALE",543,3953.24,0,0
2023-10-01,11X,"NHS SOMERSET",658,5166.54,0,0
2023-10-01,99E,"NHS BASILDON AND BRENTWOOD",737,5758.63,0,0
2023-10-01,01F,"NHS HALTON",788,6789.7,0,0
2023-10-01,78H,"NHS NORTHAMPTONSHIRE",791,5825.25,0,0
2023-10-01,02Q,"NHS BASSETLAW",801,5990.71,0,0
2023-10-01,04C,"NHS LEICESTER CITY",802,4733.97,0,0
2023-10-01,01V,"NHS SOUTHPORT AND FORMBY",805,7753.54,0,0
2023-10-01,01J,"NHS KNOWSLEY",822,6496.11,0,0
2023-10-01,03W,"NHS EAST LEICESTERSHIRE AND RUTLAND",831,5189.03,0,0
2023-10-01,05D,"NHS EAST STAFFORDSHIRE",887,6792.02,0,0
2023-10-01,10R,"NHS PORTSMOUTH",893,8664.28,0,0
2023-10-01,02E,"NHS WARRINGTON",896,6982.7,0,0
2023-10-01,02G,"NHS WEST LANCASHIRE",907,8232.08,0,0
2023-10-01,02M,"NHS FYLDE AND WYRE",974,7963.81,0,0
2023-10-01,00X,"NHS CHORLEY AND SOUTH RIBBLE",1002,9177.77,0,0
2023-10-01,04Y,"NHS CANNOCK CHASE",1030,8837.52,0,0
2023-10-01,01T,"NHS SOUTH SEFTON",1055,8952.99,0,0
2023-10-01,05V,"NHS STAFFORD AND SURROUNDS",1171,10393.17,0,0
2023-10-01,00R,"NHS BLACKPOOL",1187,10226.95,0,0
2023-10-01,01G,"NHS SALFORD",1194,9397.48,0,0
2023-10-01,04V,"NHS WEST LEICESTERSHIRE",1209,8111.54,0,0
2023-10-01,03K,"NHS NORTH LINCOLNSHIRE",1218,9263.69,0,0
2023-10-01,00V,"NHS BURY",1230,8587.33,0,0
2023-10-01,99C,"NHS NORTH TYNESIDE",1277,12331.5,0,0
2023-10-01,01E,"NHS GREATER PRESTON",1294,12104.34,0,0
2023-10-01,01D,"NHS HEYWOOD, MIDDLETON AND ROCHDALE",1331,10150.73,0,0
2023-10-01,03Q,"NHS VALE OF YORK",1332,12986.47,0,0
2023-10-01,01K,"NHS MORECAMBE BAY",1337,10241.33,0,0
2023-10-01,01Y,"NHS TAMESIDE AND GLOSSOP",1355,12040.99,0,0
2023-10-01,00N,"NHS SOUTH TYNESIDE",1409,14400.86,0,0
2023-10-01,03F,"NHS HULL",1426,10654.17,0,0
2023-10-01,05Q,"NHS SOUTH EAST STAFFORDSHIRE AND SEISDON PENINSULA",1428,13927.55,0,0
2023-10-01,02Y,"NHS EAST RIDING OF YORKSHIRE",1433,10822.01,0,0
2023-10-01,09D,"NHS BRIGHTON AND HOVE",1439,14564.99,0,0
2023-10-01,00Q,"NHS BLACKBURN WITH DARWEN",1469,13287.71,0,0
2023-10-01,27D,"NHS CHESHIRE",1484,12114.3,0,0
2023-10-01,02A,"NHS TRAFFORD",1485,13067.48,0,0
2023-10-01,01X,"NHS ST HELENS",1540,13502.79,0,0
2023-10-01,03H,"NHS NORTH EAST LINCOLNSHIRE",1556,11949.78,0,0
2023-10-01,12F,"NHS WIRRAL",1569,13337.95,0,0
2023-10-01,01W,"NHS STOCKPORT",1597,13410.07,0,0
2023-10-01,15A,"NHS BERKSHIRE WEST",1635,15366.26,0,0
2023-10-01,05G,"NHS NORTH STAFFORDSHIRE",1814,15412.27,0,0
2023-10-01,03R,"NHS WAKEFIELD",1916,15661.66,0,0
2023-10-01,07H,"NHS WEST ESSEX",1918,14877.92,0,0
2023-10-01,00P,"NHS SUNDERLAND",2028,20188.14,0,0
2023-10-01,00Y,"NHS OLDHAM",2092,16561.83,0,0
2023-10-01,00T,"NHS BOLTON",2165,16808.52,0,0
2023-10-01,06T,"NHS NORTH EAST ESSEX",2209,17013.83,0,0
2023-10-01,00L,"NHS NORTHUMBERLAND",2328,21476.39,0,0
2023-10-01,07K,"NHS WEST SUFFOLK",2339,17133.16,0,0
2023-10-01,02X,"NHS DONCASTER",2390,19447.85,0,0
2023-10-01,03L,"NHS ROTHERHAM",2396,18511.73,0,0
2023-10-01,02H,"NHS WIGAN BOROUGH",2407,20791.97,0,0
2023-10-01,02P,"NHS BARNSLEY",2488,19973.17,0,0
2023-10-01,03N,"NHS SHEFFIELD",2496,20347.8,0,0
2023-10-01,U2G6B,"NHS THAMES VALLEY ICB - U2G6B",2512,22781.25,0,0
2023-10-01,06L,"NHS IPSWICH AND EAST SUFFOLK",2550,18614.61,0,0
2023-10-01,01H,"NHS NORTH CUMBRIA",2597,24971.82,0,0
2023-10-01,06Q,"NHS MID ESSEX",2621,19833.53,0,0
2023-10-01,13T,"NHS NEWCASTLE GATESHEAD",2736,24355.75,0,0
2023-10-01,01A,"NHS EAST LANCASHIRE",2782,22099.12,0,0
2023-10-01,05W,"NHS STOKE ON TRENT",2896,23145.08,0,0
2023-10-01,M2L0M,"NHS SHROPSHIRE, TELFORD AND WREKIN",2935,28099.33,0,0
2023-10-01,06N,"NHS HERTS VALLEYS",3049,29310.4,0,0
2023-10-01,97R,"NHS EAST SUSSEX",3329,29977.19,0,0
2023-10-01,X2C4Y,"NHS KIRKLEES",3415,32881.9,0,0
2023-10-01,99A,"NHS LIVERPOOL",3478,30588.2,0,0
2023-10-01,11J,"NHS DORSET",3517,28884.78,0,0
2023-10-01,11M,"NHS GLOUCESTERSHIRE",3633,29239.2,0,0
2023-10-01,42D,"NHS NORTH YORKSHIRE",3655,33832.7,0,0
2023-10-01,15F,"NHS LEEDS",3746,31955.53,0,0
2023-10-01,11N,"NHS CORNWALL AND THE ISLES OF SCILLY",3813,31420.02,0,0
2023-10-01,14Y,"NHS BUCKINGHAMSHIRE",3879,33569.3,0,0
2023-10-01,10Q,"NHS OXFORDSHIRE",3961,35708.1,0,0
2023-10-01,15C,"NHS BRISTOL, NORTH SOMERSET AND SOUTH GLOUCESTERSHIRE",4082,39227,0,0
2023-10-01,06K,"NHS EAST AND NORTH HERTFORDSHIRE",4148,32882.28,0,0
2023-10-01,84H,"NHS COUNTY DURHAM",4263,35916.03,0,0
2023-10-01,15M,"NHS DERBY AND DERBYSHIRE",4443,42478.33,0,0
2023-10-01,92G,"NHS BATH AND NORTH EAST SOMERSET, SWINDON AND WILTSHIRE",4528,35862.21,0,0
2023-10-01,18C,"NHS HEREFORDSHIRE AND WORCESTERSHIRE",4595,42076.95,0,0
2023-10-01,B2M3M,"NHS COVENTRY AND WARWICKSHIRE",4693,37892.89,0,0
2023-10-01,16C,"NHS TEES VALLEY",4921,41838.5,0,0
2023-10-01,06H,"NHS CAMBRIDGESHIRE AND PETERBOROUGH",4940,36146.4,0,0
2023-10-01,71E,"NHS LINCOLNSHIRE",5028,38081.79,0,0
2023-10-01,36J,"NHS BRADFORD DISTRICT AND CRAVEN",5071,39873.95,0,0
2023-10-01,70F,"NHS WEST SUSSEX",5124,48684.25,0,0
2023-10-01,14L,"NHS MANCHESTER",5370,43669.61,0,0
2023-10-01,15N,"NHS DEVON",5834,46565.86,0,0
2023-10-01,D9Y0V,"NHS HAMPSHIRE, SOUTHAMPTON AND ISLE OF WIGHT",6411,59162.79,0,0
2023-10-01,M1J4Y,"NHS BEDFORDSHIRE, LUTON AND MILTON KEYNES",6492,51135.36,0,0
2023-10-01,92A,"NHS SURREY HEARTLANDS",6583,63923.88,0,0
2023-10-01,36L,"NHS SOUTH WEST LONDON",6740,67755.86,0,0
2023-10-01,52R,"NHS NOTTINGHAM AND NOTTINGHAMSHIRE",7092,55140.12,0,0
2023-10-01,26A,"NHS NORFOLK AND WAVENEY",7443,60050.41,0,0
2023-10-01,93C,"NHS NORTH CENTRAL LONDON",8713,84001.82,0,0
2023-10-01,91Q,"NHS KENT AND MEDWAY",9480,78487.78,0,0
2023-10-01,72Q,"NHS SOUTH EAST LONDON",9742,99478.38,0,0
2023-10-01,15E,"NHS BIRMINGHAM AND SOLIHULL",10877,92010.41,0,0
2023-10-01,D2P2L,"NHS BLACK COUNTRY",10885,95462.83,0,0
2023-10-01,W2U3Z,"NHS NORTH WEST LONDON",12243,107728.5,0,0
2023-10-01,A3A8R,"NHS NORTH EAST LONDON",13195,123436.94,0,0
2023-11-01,09W,"NHS MEDWAY",0,0,0,0
2023-11-01,D4U1Y,"NHS FRIMLEY",113,822.38,0,0
2023-11-01,07G,"NHS THURROCK",462,3404.91,0,0
2023-11-01,99F,"NHS CASTLE POINT AND ROCHFORD",469,3505.75,0,0
2023-11-01,02T,"NHS CALDERDALE",533,4000.47,0,0
2023-11-01,99G,"NHS SOUTHEND",539,4246.34,0,0
2023-11-01,01J,"NHS KNOWSLEY",726,5516.95,0,0
2023-11-01,11X,"NHS SOMERSET",726,5553.34,0,0
2023-11-01,01V,"NHS SOUTHPORT AND FORMBY",764,7456.41,0,0
2023-11-01,01F,"NHS HALTON",772,6288.4,0,0
2023-11-01,99E,"NHS BASILDON AND BRENTWOOD",798,6019.84,0,0
2023-11-01,02E,"NHS WARRINGTON",821,6478.99,0,0
2023-11-01,78H,"NHS NORTHAMPTONSHIRE",824,5935.76,0,0
2023-11-01,04C,"NHS LEICESTER CITY",872,4777.54,0,0
2023-11-01,10R,"NHS PORTSMOUTH",880,8501.43,0,0
2023-11-01,02G,"NHS WEST LANCASHIRE",884,8137.13,0,0
2023-11-01,02Q,"NHS BASSETLAW",895,6829.39,0,0
2023-11-01,05D,"NHS EAST STAFFORDSHIRE",907,6985.96,0,0
2023-11-01,03W,"NHS EAST LEICESTERSHIRE AND RUTLAND",938,5858.13,0,0
2023-11-01,02M,"NHS FYLDE AND WYRE",1057,8864.76,0,0
2023-11-01,04Y,"NHS CANNOCK CHASE",1057,9289.25,0,0
2023-11-01,01T,"NHS SOUTH SEFTON",1067,8910.13,0,0
2023-11-01,00X,"NHS CHORLEY AND SOUTH RIBBLE",1098,9985.65,0,0
2023-11-01,01G,"NHS SALFORD",1222,9831.44,0,0
2023-11-01,05V,"NHS STAFFORD AND SURROUNDS",1247,11200.94,0,0
2023-11-01,00R,"NHS BLACKPOOL",1271,10740.71,0,0
2023-11-01,04V,"NHS WEST LEICESTERSHIRE",1297,8300.2,0,0
2023-11-01,00V,"NHS BURY",1302,9223.63,0,0
2023-11-01,03K,"NHS NORTH LINCOLNSHIRE",1307,10056.93,0,0
2023-11-01,03Q,"NHS VALE OF YORK",1324,13154.59,0,0
2023-11-01,99C,"NHS NORTH TYNESIDE",1328,12792.26,0,0
2023-11-01,01D,"NHS HEYWOOD, MIDDLETON AND ROCHDALE",1371,10507.97,0,0
2023-11-01,01E,"NHS GREATER PRESTON",1403,13015.89,0,0
2023-11-01,01K,"NHS MORECAMBE BAY",1447,11076.86,0,0
2023-11-01,27D,"NHS CHESHIRE",1451,11730.38,0,0
2023-11-01,00N,"NHS SOUTH TYNESIDE",1478,15280.46,0,0
2023-11-01,03F,"NHS HULL",1483,11264.26,0,0
2023-11-01,03H,"NHS NORTH EAST LINCOLNSHIRE",1500,11492.3,0,0
2023-11-01,05Q,"NHS SOUTH EAST STAFFORDSHIRE AND SEISDON PENINSULA",1500,14503.7,0,0
2023-11-01,02Y,"NHS EAST RIDING OF YORKSHIRE",1527,11542.38,0,0
2023-11-01,09D,"NHS BRIGHTON AND HOVE",1532,15690.3,0,0
2023-11-01,01Y,"NHS TAMESIDE AND GLOSSOP",1551,13247.48,0,0
2023-11-01,00Q,"NHS BLACKBURN WITH DARWEN",1585,14737.55,0,0
2023-11-01,01X,"NHS ST HELENS",1587,14252.27,0,0
2023-11-01,02A,"NHS TRAFFORD",1660,14286.85,0,0
2023-11-01,15A,"NHS BERKSHIRE WEST",1660,15383.96,0,0
2023-11-01,01W,"NHS STOCKPORT",1715,13903.81,0,0
2023-11-01,12F,"NHS WIRRAL",1717,14077.59,0,0
2023-11-01,05G,"NHS NORTH STAFFORDSHIRE",1842,15834.39,0,0
2023-11-01,03R,"NHS WAKEFIELD",1965,16109.83,0,0
2023-11-01,00Y,"NHS OLDHAM",2040,15665.9,0,0
2023-11-01,07H,"NHS WEST ESSEX",2108,16445.64,0,0
2023-11-01,00T,"NHS BOLTON",2164,16504.52,0,0
2023-11-01,00P,"NHS SUNDERLAND",2200,21210.54,0,0
2023-11-01,07K,"NHS WEST SUFFOLK",2284,16267.15,0,0
2023-11-01,06T,"NHS NORTH EAST ESSEX",2306,17833.84,0,0
2023-11-01,03N,"NHS SHEFFIELD",2366,19549.23,0,0
2023-11-01,02X,"NHS DONCASTER",2437,19850.73,0,0
2023-11-01,00L,"NHS NORTHUMBERLAND",2474,22725.96,0,0
2023-11-01,02H,"NHS WIGAN BOROUGH",2484,21155.01,0,0
2023-11-01,03L,"NHS ROTHERHAM",2535,19800.62,0,0
2023-11-01,02P,"NHS BARNSLEY",2548,20647.53,0,0
2023-11-01,U2G6B,"NHS THAMES VALLEY ICB - U2G6B",2548,23362.34,0,0
2023-11-01,01H,"NHS NORTH CUMBRIA",2588,24399.72,0,0
2023-11-01,M2L0M,"NHS SHROPSHIRE, TELFORD AND WREKIN",2700,25672.93,0,0
2023-11-01,06L,"NHS IPSWICH AND EAST SUFFOLK",2718,19603.53,0,0
2023-11-01,13T,"NHS NEWCASTLE GATESHEAD",2773,24542.33,0,0
2023-11-01,01A,"NHS EAST LANCASHIRE",2784,21462.76,0,0
2023-11-01,05W,"NHS STOKE ON TRENT",2825,22773.47,0,0
2023-11-01,06Q,"NHS MID ESSEX",2985,22388.3,0,0
2023-11-01,06N,"NHS HERTS VALLEYS",3301,31881.05,0,0
2023-11-01,X2C4Y,"NHS KIRKLEES",3359,31807.74,0,0
2023-11-01,99A,"NHS LIVERPOOL",3546,31390.84,0,0
2023-11-01,97R,"NHS EAST SUSSEX",3662,32899.89,0,0
2023-11-01,42D,"NHS NORTH YORKSHIRE",3755,34522.32,0,0
2023-11-01,11M,"NHS GLOUCESTERSHIRE",3756,30693.38,0,0
2023-11-01,11J,"NHS DORSET",3802,30794.66,0,0
2023-11-01,15F,"NHS LEEDS",3952,33181.01,0,0
2023-11-01,11N,"NHS CORNWALL AND THE ISLES OF SCILLY",4004,32356.21,0,0
2023-11-01,14Y,"NHS BUCKINGHAMSHIRE",4016,34627.11,0,0
2023-11-01,10Q,"NHS OXFORDSHIRE",4172,37189.37,0,0
2023-11-01,15C,"NHS BRISTOL, NORTH SOMERSET AND SOUTH GLOUCESTERSHIRE",4300,40275.44,0,0
2023-11-01,06K,"NHS EAST AND NORTH HERTFORDSHIRE",4332,34037.34,0,0
2023-11-01,84H,"NHS COUNTY DURHAM",4391,37161.59,0,0
2023-11-01,15M,"NHS DERBY AND DERBYSHIRE",4404,41647.31,0,0
2023-11-01,18C,"NHS HEREFORDSHIRE AND WORCESTERSHIRE",4784,44045.05,0,0
2023-11-01,92G,"NHS BATH AND NORTH EAST SOMERSET, SWINDON AND WILTSHIRE",4897,37631.49,0,0
2023-11-01,B2M3M,"NHS COVENTRY AND WARWICKSHIRE",4948,39900.66,0,0
2023-11-01,16C,"NHS TEES VALLEY",4963,41143.06,0,0
2023-11-01,36J,"NHS BRADFORD DISTRICT AND CRAVEN",5085,39955.95,0,0
2023-11-01,06H,"NHS CAMBRIDGESHIRE AND PETERBOROUGH",5237,37759.67,0,0
2023-11-01,71E,"NHS LINCOLNSHIRE",5274,39247.35,0,0
2023-11-01,14L,"NHS MANCHESTER",5446,43771.66,0,0
2023-11-01,70F,"NHS WEST SUSSEX",5812,54953.3,0,0
2023-11-01,15N,"NHS DEVON",6165,48637.24,0,0
2023-11-01,D9Y0V,"NHS HAMPSHIRE, SOUTHAMPTON AND ISLE OF WIGHT",6648,61315.29,0,0
2023-11-01,M1J4Y,"NHS BEDFORDSHIRE, LUTON AND MILTON KEYNES",6660,52597.24,0,0
2023-11-01,36L,"NHS SOUTH WEST LONDON",6929,69453.44,0,0
2023-11-01,52R,"NHS NOTTINGHAM AND NOTTINGHAMSHIRE",7102,54583.08,0,0
2023-11-01,92A,"NHS SURREY HEARTLANDS",7122,68163.12,0,0
2023-11-01,26A,"NHS NORFOLK AND WAVENEY",7899,63925.86,0,0
2023-11-01,93C,"NHS NORTH CENTRAL LONDON",9130,87083.42,0,0
2023-11-01,91Q,"NHS KENT AND MEDWAY",10077,82773.44,0,0
2023-11-01,72Q,"NHS SOUTH EAST LONDON",10320,104209.07,0,0
2023-11-01,15E,"NHS BIRMINGHAM AND SOLIHULL",10883,91842.72,0,0
2023-11-01,D2P2L,"NHS BLACK COUNTRY",11114,97496.44,0,0
2023-11-01,W2U3Z,"NHS NORTH WEST LONDON",12925,111865.3,0,0
2023-11-01,A3A8R,"NHS NORTH EAST LONDON",13035,123047.07,0,0
2023-12-01,09W,"NHS MEDWAY",0,0,0,0
2023-12-01,D4U1Y,"NHS FRIMLEY",92,668,0,0
2023-12-01,07G,"NHS THURROCK",474,3479.5,0,0
2023-12-01,99F,"NHS CASTLE POINT AND ROCHFORD",519,4128.78,0,0
2023-12-01,99G,"NHS SOUTHEND",577,4636.51,0,0
2023-12-01,02T,"NHS CALDERDALE",579,4115.89,0,0
2023-12-01,11X,"NHS SOMERSET",716,5523.19,0,0
2023-12-01,01J,"NHS KNOWSLEY",720,5545.41,0,0
2023-12-01,01F,"NHS HALTON",763,6317.12,0,0
2023-12-01,99E,"NHS BASILDON AND BRENTWOOD",790,6085.46,0,0
2023-12-01,04C,"NHS LEICESTER CITY",821,4806.14,0,0
2023-12-01,01V,"NHS SOUTHPORT AND FORMBY",851,8308.68,0,0
2023-12-01,78H,"NHS NORTHAMPTONSHIRE",858,6172.63,0,0
2023-12-01,02E,"NHS WARRINGTON",867,6625.54,0,0
2023-12-01,10R,"NHS PORTSMOUTH",884,8680.93,0,0
2023-12-01,05D,"NHS EAST STAFFORDSHIRE",909,7208.81,0,0
2023-12-01,02Q,"NHS BASSETLAW",916,6617.49,0,0
2023-12-01,02G,"NHS WEST LANCASHIRE",923,8214.2,0,0
2023-12-01,03W,"NHS EAST LEICESTERSHIRE AND RUTLAND",966,6124.32,0,0
2023-12-01,02M,"NHS FYLDE AND WYRE",1073,8967.54,0,0
2023-12-01,01T,"NHS SOUTH SEFTON",1096,9441.8,0,0
2023-12-01,04Y,"NHS CANNOCK CHASE",1104,9768.68,0,0
2023-12-01,00X,"NHS CHORLEY AND SOUTH RIBBLE",1118,10098.12,0,0
2023-12-01,01G,"NHS SALFORD",1200,9524.66,0,0
2023-12-01,05V,"NHS STAFFORD AND SURROUNDS",1213,10944.09,0,0
2023-12-01,01D,"NHS HEYWOOD, MIDDLETON AND ROCHDALE",1278,9829.5,0,0
2023-12-01,04V,"NHS WEST LEICESTERSHIRE",1279,8378.5,0,0
2023-12-01,00V,"NHS BURY",1283,8936.94,0,0
2023-12-01,00R,"NHS BLACKPOOL",1286,10938.91,0,0
2023-12-01,99C,"NHS NORTH TYNESIDE",1320,12669.99,0,0
2023-12-01,01E,"NHS GREATER PRESTON",1356,12888.38,0,0
2023-12-01,03Q,"NHS VALE OF YORK",1357,13449.7,0,0
2023-12-01,03K,"NHS NORTH LINCOLNSHIRE",1377,10507.35,0,0
2023-12-01,27D,"NHS CHESHIRE",1398,11255.49,0,0
2023-12-01,01K,"NHS MORECAMBE BAY",1416,10685.66,0,0
2023-12-01,00Q,"NHS BLACKBURN WITH DARWEN",1446,13298.24,0,0
2023-12-01,00N,"NHS SOUTH TYNESIDE",1466,14916.61,0,0
2023-12-01,01Y,"NHS TAMESIDE AND GLOSSOP",1469,12726.33,0,0
2023-12-01,05Q,"NHS SOUTH EAST STAFFORDSHIRE AND SEISDON PENINSULA",1480,14224.78,0,0
2023-12-01,03F,"NHS HULL",1492,11325.15,0,0
2023-12-01,02Y,"NHS EAST RIDING OF YORKSHIRE",1505,11333.67,0,0
2023-12-01,09D,"NHS BRIGHTON AND HOVE",1509,14768.76,0,0
2023-12-01,02A,"NHS TRAFFORD",1588,13587,0,0
2023-12-01,01X,"NHS ST HELENS",1631,14404.34,0,0
2023-12-01,03H,"NHS NORTH EAST LINCOLNSHIRE",1645,12340.34,0,0
2023-12-01,01W,"NHS STOCKPORT",1647,13779.26,0,0
2023-12-01,12F,"NHS WIRRAL",1699,14375.37,0,0
2023-12-01,15A,"NHS BERKSHIRE WEST",1800,16594.02,0,0
2023-12-01,05G,"NHS NORTH STAFFORDSHIRE",1823,15941.23,0,0
2023-12-01,03R,"NHS WAKEFIELD",1869,15381.08,0,0
2023-12-01,07H,"NHS WEST ESSEX",2070,15917.84,0,0
2023-12-01,00Y,"NHS OLDHAM",2084,17390.91,0,0
2023-12-01,00T,"NHS BOLTON",2090,16523.8,0,0
2023-12-01,00P,"NHS SUNDERLAND",2128,20517.48,0,0
2023-12-01,03N,"NHS SHEFFIELD",2212,18017.55,0,0
2023-12-01,03L,"NHS ROTHERHAM",2351,18439.7,0,0
2023-12-01,07K,"NHS WEST SUFFOLK",2412,17397.9,0,0
2023-12-01,U2G6B,"NHS THAMES VALLEY ICB - U2G6B",2451,22445.19,0,0
2023-12-01,06T,"NHS NORTH EAST ESSEX",2455,19152.41,0,0
2023-12-01,02X,"NHS DONCASTER",2487,20171.21,0,0
2023-12-01,00L,"NHS NORTHUMBERLAND",2498,23076.3,0,0
2023-12-01,02H,"NHS WIGAN BOROUGH",2502,21720.19,0,0
2023-12-01,M2L0M,"NHS SHROPSHIRE, TELFORD AND WREKIN",2611,24339.14,0,0
2023-12-01,01H,"NHS NORTH CUMBRIA",2617,24736.04,0,0
2023-12-01,02P,"NHS BARNSLEY",2683,21744.03,0,0
2023-12-01,06L,"NHS IPSWICH AND EAST SUFFOLK",2766,20225.19,0,0
2023-12-01,05W,"NHS STOKE ON TRENT",2835,22761.33,0,0
2023-12-01,13T,"NHS NEWCASTLE GATESHEAD",2848,25268.28,0,0
2023-12-01,01A,"NHS EAST LANCASHIRE",2890,22497.96,0,0
2023-12-01,06Q,"NHS MID ESSEX",3039,23046.35,0,0
2023-12-01,06N,"NHS HERTS VALLEYS",3285,31594.03,0,0
2023-12-01,X2C4Y,"NHS KIRKLEES",3326,31741.33,0,0
2023-12-01,99A,"NHS LIVERPOOL",3593,31352.36,0,0
2023-12-01,11J,"NHS DORSET",3617,29155.98,0,0
2023-12-01,11M,"NHS GLOUCESTERSHIRE",3630,29580.75,0,0
2023-12-01,42D,"NHS NORTH YORKSHIRE",3688,34501.46,0,0
2023-12-01,97R,"NHS EAST SUSSEX",3739,33568.63,0,0
2023-12-01,15F,"NHS LEEDS",3902,32780.76,0,0
2023-12-01,11N,"NHS CORNWALL AND THE ISLES OF SCILLY",4066,33418.81,0,0
2023-12-01,14Y,"NHS BUCKINGHAMSHIRE",4135,35900.89,0,0
2023-12-01,15C,"NHS BRISTOL, NORTH SOMERSET AND SOUTH GLOUCESTERSHIRE",4251,40877.1,0,0
2023-12-01,10Q,"NHS OXFORDSHIRE",4342,38783.68,0,0
2023-12-01,84H,"NHS COUNTY DURHAM",4381,37554.46,0,0
2023-12-01,06K,"NHS EAST AND NORTH HERTFORDSHIRE",4433,34821.6,0,0
2023-12-01,15M,"NHS DERBY AND DERBYSHIRE",4561,43220.07,0,0
2023-12-01,B2M3M,"NHS COVENTRY AND WARWICKSHIRE",4806,39142.7,0,0
2023-12-01,92G,"NHS BATH AND NORTH EAST SOMERSET, SWINDON AND WILTSHIRE",4849,37960.61,0,0
2023-12-01,18C,"NHS HEREFORDSHIRE AND WORCESTERSHIRE",4868,44807,0,0
2023-12-01,36J,"NHS BRADFORD DISTRICT AND CRAVEN",4989,39272.45,0,0
2023-12-01,16C,"NHS TEES VALLEY",5007,42644.34,0,0
2023-12-01,06H,"NHS CAMBRIDGESHIRE AND PETERBOROUGH",5128,37274.54,0,0
2023-12-01,14L,"NHS MANCHESTER",5253,43071.15,0,0
2023-12-01,71E,"NHS LINCOLNSHIRE",5352,40353.49,0,0
2023-12-01,70F,"NHS WEST SUSSEX",5552,52781.83,0,0
2023-12-01,15N,"NHS DEVON",6343,49839.65,0,0
2023-12-01,M1J4Y,"NHS BEDFORDSHIRE, LUTON AND MILTON KEYNES",6757,52576.32,0,0
2023-12-01,D9Y0V,"NHS HAMPSHIRE, SOUTHAMPTON AND ISLE OF WIGHT",6880,63809.54,0,0
2023-12-01,36L,"NHS SOUTH WEST LONDON",6957,69685.07,0,0
2023-12-01,52R,"NHS NOTTINGHAM AND NOTTINGHAMSHIRE",7184,55685.35,0,0
2023-12-01,92A,"NHS SURREY HEARTLANDS",7313,70737.94,0,0
2023-12-01,26A,"NHS NORFOLK AND WAVENEY",8024,64307.05,0,0
2023-12-01,93C,"NHS NORTH CENTRAL LONDON",8850,85369.58,0,0
2023-12-01,72Q,"NHS SOUTH EAST LONDON",10202,103913.75,0,0
2023-12-01,91Q,"NHS KENT AND MEDWAY",10221,84564.62,0,0
2023-12-01,15E,"NHS BIRMINGHAM AND SOLIHULL",10578,90464.12,0,0
2023-12-01,D2P2L,"NHS BLACK COUNTRY",10818,95999.19,0,0
2023-12-01,A3A8R,"NHS NORTH EAST LONDON",11513,108213.59,0,0
2023-12-01,W2U3Z,"NHS NORTH WEST LONDON",12737,111885.2,0,0
2024-01-01,09W,"NHS MEDWAY",0,0,0,0
2024-01-01,D4U1Y,"NHS FRIMLEY",110,879.33,0,0
2024-01-01,07G,"NHS THURROCK",469,3501.93,0,0
2024-01-01,99F,"NHS CASTLE POINT AND ROCHFORD",506,3917.13,0,0
2024-01-01,02T,"NHS CALDERDALE",551,4211.88,0,0
2024-01-01,99G,"NHS SOUTHEND",558,4484.25,0,0
2024-01-01,01J,"NHS KNOWSLEY",740,5688.18,0,0
2024-01-01,01V,"NHS SOUTHPORT AND FORMBY",777,7549.73,0,0
2024-01-01,01F,"NHS HALTON",778,6564.32,0,0
2024-01-01,78H,"NHS NORTHAMPTONSHIRE",788,5800.21,0,0
2024-01-01,11X,"NHS SOMERSET",793,5995.38,0,0
2024-01-01,04C,"NHS LEICESTER CITY",846,4889.1,0,0
2024-01-01,99E,"NHS BASILDON AND BRENTWOOD",870,6600.53,0,0
2024-01-01,10R,"NHS PORTSMOUTH",884,8703.39,0,0
2024-01-01,05D,"NHS EAST STAFFORDSHIRE",893,6778.66,0,0
2024-01-01,03W,"NHS EAST LEICESTERSHIRE AND RUTLAND",910,5821.02,0,0
2024-01-01,02E,"NHS WARRINGTON",924,7136.33,0,0
2024-01-01,02Q,"NHS BASSETLAW",943,6942.99,0,0
2024-01-01,02G,"NHS WEST LANCASHIRE",970,8866.25,0,0
2024-01-01,01T,"NHS SOUTH SEFTON",1043,8983.3,0,0
2024-01-01,02M,"NHS FYLDE AND WYRE",1056,8941.35,0,0
2024-01-01,00X,"NHS CHORLEY AND SOUTH RIBBLE",1060,9557,0,0
2024-01-01,04Y,"NHS CANNOCK CHASE",1117,9821.54,0,0
2024-01-01,04V,"NHS WEST LEICESTERSHIRE",1174,7618.41,0,0
2024-01-01,01G,"NHS SALFORD",1205,9539.22,0,0
2024-01-01,00V,"NHS BURY",1243,9686.22,0,0
2024-01-01,05V,"NHS STAFFORD AND SURROUNDS",1251,10962.3,0,0
2024-01-01,99C,"NHS NORTH TYNESIDE",1294,12318.41,0,0
2024-01-01,01D,"NHS HEYWOOD, MIDDLETON AND ROCHDALE",1311,10010.56,0,0
2024-01-01,03Q,"NHS VALE OF YORK",1334,13110.26,0,0
2024-01-01,00R,"NHS BLACKPOOL",1340,11450.98,0,0
2024-01-01,03K,"NHS NORTH LINCOLNSHIRE",1345,10550.23,0,0
2024-01-01,27D,"NHS CHESHIRE",1350,11054.38,0,0
2024-01-01,01E,"NHS GREATER PRESTON",1389,12909.94,0,0
2024-01-01,01K,"NHS MORECAMBE BAY",1403,10961.46,0,0
2024-01-01,01Y,"NHS TAMESIDE AND GLOSSOP",1430,12553.97,0,0
2024-01-01,05Q,"NHS SOUTH EAST STAFFORDSHIRE AND SEISDON PENINSULA",1435,14013.44,0,0
2024-01-01,03F,"NHS HULL",1463,11262.14,0,0
2024-01-01,09D,"NHS BRIGHTON AND HOVE",1478,14585.47,0,0
2024-01-01,02Y,"NHS EAST RIDING OF YORKSHIRE",1513,11444.57,0,0
2024-01-01,00N,"NHS SOUTH TYNESIDE",1518,15620.8,0,0
2024-01-01,00Q,"NHS BLACKBURN WITH DARWEN",1522,13723.73,0,0
2024-01-01,01X,"NHS ST HELENS",1569,14108.83,0,0
2024-01-01,03H,"NHS NORTH EAST LINCOLNSHIRE",1582,12211.99,0,0
2024-01-01,02A,"NHS TRAFFORD",1584,13682.42,0,0
2024-01-01,12F,"NHS WIRRAL",1693,14384.63,0,0
2024-01-01,01W,"NHS STOCKPORT",1696,14017.3,0,0
2024-01-01,15A,"NHS BERKSHIRE WEST",1748,16456.46,0,0
2024-01-01,05G,"NHS NORTH STAFFORDSHIRE",1753,15175.46,0,0
2024-01-01,03R,"NHS WAKEFIELD",1837,14661.23,0,0
2024-01-01,07H,"NHS WEST ESSEX",2093,16295.09,0,0
2024-01-01,00P,"NHS SUNDERLAND",2223,21773.93,0,0
2024-01-01,00Y,"NHS OLDHAM",2225,17081.8,0,0
2024-01-01,00T,"NHS BOLTON",2246,18066.28,0,0
2024-01-01,03N,"NHS SHEFFIELD",2289,18777.64,0,0
2024-01-01,06T,"NHS NORTH EAST ESSEX",2344,18255.95,0,0
2024-01-01,U2G6B,"NHS THAMES VALLEY ICB - U2G6B",2458,22773.94,0,0
2024-01-01,07K,"NHS WEST SUFFOLK",2467,17556.37,0,0
2024-01-01,M2L0M,"NHS SHROPSHIRE, TELFORD AND WREKIN",2489,23234.16,0,0
2024-01-01,02X,"NHS DONCASTER",2499,20069.42,0,0
2024-01-01,02H,"NHS WIGAN BOROUGH",2507,21954.29,0,0
2024-01-01,00L,"NHS NORTHUMBERLAND",2542,23033,0,0
2024-01-01,01H,"NHS NORTH CUMBRIA",2602,24811.77,0,0
2024-01-01,03L,"NHS ROTHERHAM",2622,21028.83,0,0
2024-01-01,02P,"NHS BARNSLEY",2706,21803.14,0,0
2024-01-01,01A,"NHS EAST LANCASHIRE",2816,22427.61,0,0
2024-01-01,13T,"NHS NEWCASTLE GATESHEAD",2872,25543.67,0,0
2024-01-01,06L,"NHS IPSWICH AND EAST SUFFOLK",2876,20999.47,0,0
2024-01-01,06Q,"NHS MID ESSEX",2922,21994.4,0,0
2024-01-01,05W,"NHS STOKE ON TRENT",3039,24615.35,0,0
2024-01-01,06N,"NHS HERTS VALLEYS",3301,31819.68,0,0
2024-01-01,X2C4Y,"NHS KIRKLEES",3343,32275.65,0,0
2024-01-01,97R,"NHS EAST SUSSEX",3571,31544.99,0,0
2024-01-01,99A,"NHS LIVERPOOL",3623,32444.33,0,0
2024-01-01,42D,"NHS NORTH YORKSHIRE",3636,33443.05,0,0
2024-01-01,11M,"NHS GLOUCESTERSHIRE",3700,29904.5,0,0
2024-01-01,15F,"NHS LEEDS",3900,33389.42,0,0
2024-01-01,11J,"NHS DORSET",3908,32118.45,0,0
2024-01-01,14Y,"NHS BUCKINGHAMSHIRE",3974,34313.2,0,0
2024-01-01,11N,"NHS CORNWALL AND THE ISLES OF SCILLY",4015,32573.62,0,0
2024-01-01,10Q,"NHS OXFORDSHIRE",4054,36170.64,0,0
2024-01-01,15C,"NHS BRISTOL, NORTH SOMERSET AND SOUTH GLOUCESTERSHIRE",4231,39928.6,0,0
2024-01-01,06K,"NHS EAST AND NORTH HERTFORDSHIRE",4333,34621.09,0,0
2024-01-01,15M,"NHS DERBY AND DERBYSHIRE",4375,41516.67,0,0
2024-01-01,84H,"NHS COUNTY DURHAM",4446,37247.85,0,0
2024-01-01,B2M3M,"NHS COVENTRY AND WARWICKSHIRE",4664,38075.75,0,0
2024-01-01,92G,"NHS BATH AND NORTH EAST SOMERSET, SWINDON AND WILTSHIRE",4743,36805.28,0,0
2024-01-01,18C,"NHS HEREFORDSHIRE AND WORCESTERSHIRE",4795,44132.96,0,0
2024-01-01,16C,"NHS TEES VALLEY",5194,43023.11,0,0
2024-01-01,06H,"NHS CAMBRIDGESHIRE AND PETERBOROUGH",5238,38055.54,0,0
2024-01-01,14L,"NHS MANCHESTER",5362,44150.18,0,0
2024-01-01,36J,"NHS BRADFORD DISTRICT AND CRAVEN",5373,42279.48,0,0
2024-01-01,71E,"NHS LINCOLNSHIRE",5427,40739.72,0,0
2024-01-01,70F,"NHS WEST SUSSEX",5633,53230.49,0,0
2024-01-01,15N,"NHS DEVON",6205,48980.48,0,0
2024-01-01,D9Y0V,"NHS HAMPSHIRE, SOUTHAMPTON AND ISLE OF WIGHT",6668,61474.41,0,0
2024-01-01,M1J4Y,"NHS BEDFORDSHIRE, LUTON AND MILTON KEYNES",6693,53533.22,0,0
2024-01-01,36L,"NHS SOUTH WEST LONDON",6714,66712.57,0,0
2024-01-01,52R,"NHS NOTTINGHAM AND NOTTINGHAMSHIRE",7001,54228.1,0,0
2024-01-01,92A,"NHS SURREY HEARTLANDS",7363,70517.17,0,0
2024-01-01,26A,"NHS NORFOLK AND WAVENEY",8024,64677.87,0,0
2024-01-01,93C,"NHS NORTH CENTRAL LONDON",9055,87256.76,0,0
2024-01-01,72Q,"NHS SOUTH EAST LONDON",10435,107117,0,0
2024-01-01,91Q,"NHS KENT AND MEDWAY",10526,86607.62,0,0
2024-01-01,A3A8R,"NHS NORTH EAST LONDON",10576,99935.75,0,0
2024-01-01,15E,"NHS BIRMINGHAM AND SOLIHULL",10697,91713.96,0,0
2024-01-01,D2P2L,"NHS BLACK COUNTRY",11076,98742.52,0,0
2024-01-01,W2U3Z,"NHS NORTH WEST LONDON",12687,111281.02,0,0
2024-02-01,09W,"NHS MEDWAY",0,0,0,0
2024-02-01,D4U1Y,"NHS FRIMLEY",86,635.44,0,0
2024-02-01,99F,"NHS CASTLE POINT AND ROCHFORD",441,3457.21,0,0
2024-02-01,07G,"NHS THURROCK",445,3193.23,0,0
2024-02-01,99G,"NHS SOUTHEND",508,4004.41,0,0
2024-02-01,02T,"NHS CALDERDALE",571,4123.74,0,0
2024-02-01,01J,"NHS KNOWSLEY",617,4812.04,0,0
2024-02-01,11X,"NHS SOMERSET",693,5338.61,0,0
2024-02-01,01V,"NHS SOUTHPORT AND FORMBY",726,7121.81,0,0
2024-02-01,10R,"NHS PORTSMOUTH",749,7486.7,0,0
2024-02-01,78H,"NHS NORTHAMPTONSHIRE",753,5225.89,0,0
2024-02-01,99E,"NHS BASILDON AND BRENTWOOD",771,5841.39,0,0
2024-02-01,04C,"NHS LEICESTER CITY",774,4600.78,0,0
2024-02-01,01F,"NHS HALTON",783,6625.62,0,0
2024-02-01,03W,"NHS EAST LEICESTERSHIRE AND RUTLAND",797,4883.5,0,0
2024-02-01,05D,"NHS EAST STAFFORDSHIRE",816,6374.63,0,0
2024-02-01,02Q,"NHS BASSETLAW",823,6113.19,0,0
2024-02-01,02E,"NHS WARRINGTON",832,6635.37,0,0
2024-02-01,02G,"NHS WEST LANCASHIRE",874,7877.94,0,0
2024-02-01,01T,"NHS SOUTH SEFTON",953,8346.9,0,0
2024-02-01,02M,"NHS FYLDE AND WYRE",963,7781.06,0,0
2024-02-01,00X,"NHS CHORLEY AND SOUTH RIBBLE",991,8730.7,0,0
2024-02-01,04Y,"NHS CANNOCK CHASE",1011,8770.66,0,0
2024-02-01,04V,"NHS WEST LEICESTERSHIRE",1092,6854.66,0,0
2024-02-01,01D,"NHS HEYWOOD, MIDDLETON AND ROCHDALE",1098,8355.2,0,0
2024-02-01,05V,"NHS STAFFORD AND SURROUNDS",1100,9862.7,0,0
2024-02-01,01G,"NHS SALFORD",1113,8919.69,0,0
2024-02-01,03Q,"NHS VALE OF YORK",1152,11223.23,0,0
2024-02-01,00R,"NHS BLACKPOOL",1189,10019.57,0,0
2024-02-01,99C,"NHS NORTH TYNESIDE",1197,11742.29,0,0
2024-02-01,01E,"NHS GREATER PRESTON",1217,11355.37,0,0
2024-02-01,03K,"NHS NORTH LINCOLNSHIRE",1229,9331.19,0,0
2024-02-01,00V,"NHS BURY",1231,9491.58,0,0
2024-02-01,27D,"NHS CHESHIRE",1267,10320.59,0,0
2024-02-01,01Y,"NHS TAMESIDE AND GLOSSOP",1282,11162.64,0,0
2024-02-01,09D,"NHS BRIGHTON AND HOVE",1299,12558.58,0,0
2024-02-01,01K,"NHS MORECAMBE BAY",1311,10025.88,0,0
2024-02-01,03F,"NHS HULL",1316,10038.82,0,0
2024-02-01,00N,"NHS SOUTH TYNESIDE",1345,14481.94,0,0
2024-02-01,02Y,"NHS EAST RIDING OF YORKSHIRE",1376,10418.72,0,0
2024-02-01,00Q,"NHS BLACKBURN WITH DARWEN",1386,13146.63,0,0
2024-02-01,05Q,"NHS SOUTH EAST STAFFORDSHIRE AND SEISDON PENINSULA",1390,13267.35,0,0
2024-02-01,02A,"NHS TRAFFORD",1415,12108.41,0,0
2024-02-01,01W,"NHS STOCKPORT",1440,11912.53,0,0
2024-02-01,01X,"NHS ST HELENS",1479,12894.16,0,0
2024-02-01,03H,"NHS NORTH EAST LINCOLNSHIRE",1484,11068.6,0,0
2024-02-01,15A,"NHS BERKSHIRE WEST",1560,14516.31,0,0
2024-02-01,05G,"NHS NORTH STAFFORDSHIRE",1597,13955.43,0,0
2024-02-01,12F,"NHS WIRRAL",1618,13502.25,0,0
2024-02-01,03R,"NHS WAKEFIELD",1619,13318.68,0,0
2024-02-01,07H,"NHS WEST ESSEX",1822,13921.7,0,0
2024-02-01,00Y,"NHS OLDHAM",1867,14273.52,0,0
2024-02-01,03N,"NHS SHEFFIELD",1979,16552.98,0,0
2024-02-01,00T,"NHS BOLTON",2010,16015.99,0,0
2024-02-01,00P,"NHS SUNDERLAND",2013,19840,0,0
2024-02-01,06T,"NHS NORTH EAST ESSEX",2133,16493.29,0,0
2024-02-01,07K,"NHS WEST SUFFOLK",2181,15745.29,0,0
2024-02-01,00L,"NHS NORTHUMBERLAND",2202,20256.73,0,0
2024-02-01,U2G6B,"NHS THAMES VALLEY ICB - U2G6B",2273,20574.21,0,0
2024-02-01,M2L0M,"NHS SHROPSHIRE, TELFORD AND WREKIN",2292,21321.31,0,0
2024-02-01,02X,"NHS DONCASTER",2337,19069,0,0
2024-02-01,03L,"NHS ROTHERHAM",2342,17972.93,0,0
2024-02-01,01H,"NHS NORTH CUMBRIA",2376,22771.58,0,0
2024-02-01,02H,"NHS WIGAN BOROUGH",2430,21444.94,0,0
2024-02-01,02P,"NHS BARNSLEY",2447,19724.41,0,0
2024-02-01,06L,"NHS IPSWICH AND EAST SUFFOLK",2495,18230.2,0,0
2024-02-01,13T,"NHS NEWCASTLE GATESHEAD",2522,21806.64,0,0
2024-02-01,01A,"NHS EAST LANCASHIRE",2583,20473.7,0,0
2024-02-01,05W,"NHS STOKE ON TRENT",2617,21244.14,0,0
2024-02-01,06Q,"NHS MID ESSEX",2719,20833.64,0,0
2024-02-01,X2C4Y,"NHS KIRKLEES",2980,28999.98,0,0
2024-02-01,06N,"NHS HERTS VALLEYS",2992,28416.74,0,0
2024-02-01,42D,"NHS NORTH YORKSHIRE",3182,29721.54,0,0
2024-02-01,99A,"NHS LIVERPOOL",3298,28983.46,0,0
2024-02-01,97R,"NHS EAST SUSSEX",3327,29893.06,0,0
2024-02-01,11J,"NHS DORSET",3365,27115.37,0,0
2024-02-01,11M,"NHS GLOUCESTERSHIRE",3441,27449.18,0,0
2024-02-01,14Y,"NHS BUCKINGHAMSHIRE",3597,31314.78,0,0
2024-02-01,11N,"NHS CORNWALL AND THE ISLES OF SCILLY",3633,29290.54,0,0
2024-02-01,10Q,"NHS OXFORDSHIRE",3707,34098.98,0,0
2024-02-01,15F,"NHS LEEDS",3717,31519.19,0,0
2024-02-01,15C,"NHS BRISTOL, NORTH SOMERSET AND SOUTH GLOUCESTERSHIRE",3819,36053.99,0,0
2024-02-01,06K,"NHS EAST AND NORTH HERTFORDSHIRE",3951,31187.43,0,0
2024-02-01,15M,"NHS DERBY AND DERBYSHIRE",4040,39028.21,0,0
2024-02-01,84H,"NHS COUNTY DURHAM",4221,35091.67,0,0
2024-02-01,B2M3M,"NHS COVENTRY AND WARWICKSHIRE",4363,35554.64,0,0
2024-02-01,92G,"NHS BATH AND NORTH EAST SOMERSET, SWINDON AND WILTSHIRE",4377,33552.45,0,0
2024-02-01,18C,"NHS HEREFORDSHIRE AND WORCESTERSHIRE",4428,40889,0,0
2024-02-01,16C,"NHS TEES VALLEY",4574,38447.27,0,0
2024-02-01,36J,"NHS BRADFORD DISTRICT AND CRAVEN",4578,36318.81,0,0
2024-02-01,06H,"NHS CAMBRIDGESHIRE AND PETERBOROUGH",4718,34350.64,0,0
2024-02-01,71E,"NHS LINCOLNSHIRE",4857,36349.78,0,0
2024-02-01,14L,"NHS MANCHESTER",4890,40125.93,0,0
2024-02-01,70F,"NHS WEST SUSSEX",5113,48321.09,0,0
2024-02-01,15N,"NHS DEVON",5732,44644.56,0,0
2024-02-01,36L,"NHS SOUTH WEST LONDON",5970,59671.54,0,0
2024-02-01,M1J4Y,"NHS BEDFORDSHIRE, LUTON AND MILTON KEYNES",6057,47386.46,0,0
2024-02-01,D9Y0V,"NHS HAMPSHIRE, SOUTHAMPTON AND ISLE OF WIGHT",6195,57230.5,0,0
2024-02-01,52R,"NHS NOTTINGHAM AND NOTTINGHAMSHIRE",6518,50523.49,0,0
2024-02-01,92A,"NHS SURREY HEARTLANDS",6611,63478.49,0,0
2024-02-01,26A,"NHS NORFOLK AND WAVENEY",7282,57814.83,0,0
2024-02-01,A3A8R,"NHS NORTH EAST LONDON",8101,75757.9,0,0
2024-02-01,93C,"NHS NORTH CENTRAL LONDON",8131,78056.1,0,0
2024-02-01,91Q,"NHS KENT AND MEDWAY",9307,77198.31,0,0
2024-02-01,72Q,"NHS SOUTH EAST LONDON",9337,94401.36,0,0
2024-02-01,15E,"NHS BIRMINGHAM AND SOLIHULL",9584,81664.26,0,0
2024-02-01,D2P2L,"NHS BLACK COUNTRY",10328,91088.66,0,0
2024-02-01,W2U3Z,"NHS NORTH WEST LONDON",11859,104279.45,0,0
2024-03-01,09W,"NHS MEDWAY",0,0,0,0
2024-03-01,D4U1Y,"NHS FRIMLEY",87,599.6,0,0
2024-03-01,07G,"NHS THURROCK",433,3065.5,0,0
2024-03-01,99F,"NHS CASTLE POINT AND ROCHFORD",500,3607.87,0,0
2024-03-01,02T,"NHS CALDERDALE",528,3791.21,0,0
2024-03-01,99G,"NHS SOUTHEND",551,4292.7,0,0
2024-03-01,01J,"NHS KNOWSLEY",651,5052.26,0,0
2024-03-01,11X,"NHS SOMERSET",678,5056.94,0,0
2024-03-01,04C,"NHS LEICESTER CITY",709,4185.01,0,0
2024-03-01,01V,"NHS SOUTHPORT AND FORMBY",740,7286.48,0,0
2024-03-01,01F,"NHS HALTON",755,6239.9,0,0
2024-03-01,02E,"NHS WARRINGTON",769,6084.26,0,0
2024-03-01,78H,"NHS NORTHAMPTONSHIRE",810,5996.65,0,0
2024-03-01,99E,"NHS BASILDON AND BRENTWOOD",819,6301.21,0,0
2024-03-01,10R,"NHS PORTSMOUTH",841,8040.03,0,0
2024-03-01,05D,"NHS EAST STAFFORDSHIRE",843,6507.98,0,0
2024-03-01,03W,"NHS EAST LEICESTERSHIRE AND RUTLAND",865,5506.82,0,0
2024-03-01,02Q,"NHS BASSETLAW",869,6367.61,0,0
2024-03-01,01T,"NHS SOUTH SEFTON",908,7796.37,0,0
2024-03-01,02G,"NHS WEST LANCASHIRE",923,8342.43,0,0
2024-03-01,02M,"NHS FYLDE AND WYRE",945,7804.28,0,0
2024-03-01,04Y,"NHS CANNOCK CHASE",959,8313.23,0,0
2024-03-01,00X,"NHS CHORLEY AND SOUTH RIBBLE",1001,9146.38,0,0
2024-03-01,05V,"NHS STAFFORD AND SURROUNDS",1109,9963.68,0,0
2024-03-01,01G,"NHS SALFORD",1125,8752.2,0,0
2024-03-01,00R,"NHS BLACKPOOL",1159,9677.34,0,0
2024-03-01,01D,"NHS HEYWOOD, MIDDLETON AND ROCHDALE",1162,9061.81,0,0
2024-03-01,04V,"NHS WEST LEICESTERSHIRE",1166,7354.03,0,0
2024-03-01,99C,"NHS NORTH TYNESIDE",1196,11143.23,0,0
2024-03-01,01E,"NHS GREATER PRESTON",1199,11061.19,0,0
2024-03-01,03Q,"NHS VALE OF YORK",1220,11978.48,0,0
2024-03-01,27D,"NHS CHESHIRE",1238,9979.05,0,0
2024-03-01,00V,"NHS BURY",1256,9405.28,0,0
2024-03-01,03K,"NHS NORTH LINCOLNSHIRE",1274,9691.2,0,0
2024-03-01,01K,"NHS MORECAMBE BAY",1299,9861.88,0,0
2024-03-01,02Y,"NHS EAST RIDING OF YORKSHIRE",1332,9940.3,0,0
2024-03-01,00N,"NHS SOUTH TYNESIDE",1360,14240.43,0,0
2024-03-01,05Q,"NHS SOUTH EAST STAFFORDSHIRE AND SEISDON PENINSULA",1360,13132.14,0,0
2024-03-01,00Q,"NHS BLACKBURN WITH DARWEN",1363,12412.29,0,0
2024-03-01,09D,"NHS BRIGHTON AND HOVE",1364,13288.06,0,0
2024-03-01,03F,"NHS HULL",1388,10299.54,0,0
2024-03-01,01X,"NHS ST HELENS",1403,12231.25,0,0
2024-03-01,02A,"NHS TRAFFORD",1413,12190.79,0,0
2024-03-01,01Y,"NHS TAMESIDE AND GLOSSOP",1414,12257.48,0,0
2024-03-01,03H,"NHS NORTH EAST LINCOLNSHIRE",1509,11499.89,0,0
2024-03-01,01W,"NHS STOCKPORT",1549,12656.88,0,0
2024-03-01,05G,"NHS NORTH STAFFORDSHIRE",1562,13467.85,0,0
2024-03-01,15A,"NHS BERKSHIRE WEST",1598,14495.35,0,0
2024-03-01,12F,"NHS WIRRAL",1612,13710.69,0,0
2024-03-01,03R,"NHS WAKEFIELD",1696,13658.23,0,0
2024-03-01,00T,"NHS BOLTON",1914,14989.16,0,0
2024-03-01,07H,"NHS WEST ESSEX",1936,14973.5,0,0
2024-03-01,00P,"NHS SUNDERLAND",2021,19973.27,0,0
2024-03-01,00Y,"NHS OLDHAM",2044,15642.33,0,0
2024-03-01,03N,"NHS SHEFFIELD",2088,17216.25,0,0
2024-03-01,00L,"NHS NORTHUMBERLAND",2239,20837.16,0,0
2024-03-01,U2G6B,"NHS THAMES VALLEY ICB - U2G6B",2255,20735.34,0,0
2024-03-01,02H,"NHS WIGAN BOROUGH",2286,20127.59,0,0
2024-03-01,06T,"NHS NORTH EAST ESSEX",2287,17695.05,0,0
2024-03-01,M2L0M,"NHS SHROPSHIRE, TELFORD AND WREKIN",2304,21319.32,0,0
2024-03-01,07K,"NHS WEST SUFFOLK",2346,16651.65,0,0
2024-03-01,01H,"NHS NORTH CUMBRIA",2352,21871.55,0,0
2024-03-01,02X,"NHS DONCASTER",2377,18983.31,0,0
2024-03-01,03L,"NHS ROTHERHAM",2395,18673.66,0,0
2024-03-01,02P,"NHS BARNSLEY",2489,20236.68,0,0
2024-03-01,01A,"NHS EAST LANCASHIRE",2596,20131.74,0,0
2024-03-01,13T,"NHS NEWCASTLE GATESHEAD",2607,23260.03,0,0
2024-03-01,05W,"NHS STOKE ON TRENT",2680,21829.33,0,0
2024-03-01,06L,"NHS IPSWICH AND EAST SUFFOLK",2686,19382.74,0,0
2024-03-01,06Q,"NHS MID ESSEX",2776,20724.25,0,0
2024-03-01,X2C4Y,"NHS KIRKLEES",2914,27396.79,0,0
2024-03-01,06N,"NHS HERTS VALLEYS",3169,29979.15,0,0
2024-03-01,97R,"NHS EAST SUSSEX",3286,29200.51,0,0
2024-03-01,42D,"NHS NORTH YORKSHIRE",3317,30751.52,0,0
2024-03-01,11M,"NHS GLOUCESTERSHIRE",3369,27102.04,0,0
2024-03-01,99A,"NHS LIVERPOOL",3372,29920.86,0,0
2024-03-01,11J,"NHS DORSET",3498,28318.52,0,0
2024-03-01,14Y,"NHS BUCKINGHAMSHIRE",3672,31443.98,0,0
2024-03-01,15F,"NHS LEEDS",3685,31648.59,0,0
2024-03-01,10Q,"NHS OXFORDSHIRE",3779,33593.92,0,0
2024-03-01,11N,"NHS CORNWALL AND THE ISLES OF SCILLY",3820,30476.68,0,0
2024-03-01,15M,"NHS DERBY AND DERBYSHIRE",3876,37055.22,0,0
2024-03-01,15C,"NHS BRISTOL, NORTH SOMERSET AND SOUTH GLOUCESTERSHIRE",3945,37120.02,0,0
2024-03-01,84H,"NHS COUNTY DURHAM",4148,34337.09,0,0
2024-03-01,06K,"NHS EAST AND NORTH HERTFORDSHIRE",4209,33210.38,0,0
2024-03-01,18C,"NHS HEREFORDSHIRE AND WORCESTERSHIRE",4320,39812.85,0,0
2024-03-01,B2M3M,"NHS COVENTRY AND WARWICKSHIRE",4434,35191.05,0,0
2024-03-01,92G,"NHS BATH AND NORTH EAST SOMERSET, SWINDON AND WILTSHIRE",4539,34884.21,0,0
2024-03-01,36J,"NHS BRADFORD DISTRICT AND CRAVEN",4694,37118.39,0,0
2024-03-01,06H,"NHS CAMBRIDGESHIRE AND PETERBOROUGH",4867,35051.6,0,0
2024-03-01,16C,"NHS TEES VALLEY",4873,40659.2,0,0
2024-03-01,14L,"NHS MANCHESTER",4957,40414.05,0,0
2024-03-01,71E,"NHS LINCOLNSHIRE",5151,38365.5,0,0
2024-03-01,70F,"NHS WEST SUSSEX",5190,48668.1,0,0
2024-03-01,15N,"NHS DEVON",5738,45196.16,0,0
2024-03-01,M1J4Y,"NHS BEDFORDSHIRE, LUTON AND MILTON KEYNES",6088,47455.84,0,0
2024-03-01,36L,"NHS SOUTH WEST LONDON",6105,59804.66,0,0
2024-03-01,D9Y0V,"NHS HAMPSHIRE, SOUTHAMPTON AND ISLE OF WIGHT",6328,57907.03,0,0
2024-03-01,52R,"NHS NOTTINGHAM AND NOTTINGHAMSHIRE",6520,49490.85,0,0
2024-03-01,A3A8R,"NHS NORTH EAST LONDON",6766,63100.06,0,0
2024-03-01,92A,"NHS SURREY HEARTLANDS",6813,65347.42,0,0
2024-03-01,26A,"NHS NORFOLK AND WAVENEY",7612,60690.63,0,0
2024-03-01,93C,"NHS NORTH CENTRAL LONDON",8264,79631.5,0,0
2024-03-01,72Q,"NHS SOUTH EAST LONDON",9410,93603.13,0,0
2024-03-01,91Q,"NHS KENT AND MEDWAY",9640,79878.09,0,0
2024-03-01,15E,"NHS BIRMINGHAM AND SOLIHULL",9822,84392.32,0,0
2024-03-01,D2P2L,"NHS BLACK COUNTRY",10179,90419.93,0,0
2024-03-01,W2U3Z,"NHS NORTH WEST LONDON",11700,101883.97,0,0
2024-04-01,09W,"NHS MEDWAY",0,0,0,0
2024-04-01,D4U1Y,"NHS FRIMLEY",90,667.88,0,0
2024-04-01,07G,"NHS THURROCK",426,3141.44,0,0
2024-04-01,99F,"NHS CASTLE POINT AND ROCHFORD",497,3787.14,0,0
2024-04-01,99G,"NHS SOUTHEND",530,4199.37,0,0
2024-04-01,02T,"NHS CALDERDALE",563,4127.36,0,0
2024-04-01,01J,"NHS KNOWSLEY",644,4990.13,0,0
2024-04-01,11X,"NHS SOMERSET",675,5157.92,0,0
2024-04-01,01V,"NHS SOUTHPORT AND FORMBY",696,6977.96,0,0
2024-04-01,78H,"NHS NORTHAMPTONSHIRE",749,5485.71,0,0
2024-04-01,04C,"NHS LEICESTER CITY",750,4356.7,0,0
2024-04-01,01F,"NHS HALTON",773,6493.25,0,0
2024-04-01,99E,"NHS BASILDON AND BRENTWOOD",776,6016.02,0,0
2024-04-01,05D,"NHS EAST STAFFORDSHIRE",814,6310.52,0,0
2024-04-01,02Q,"NHS BASSETLAW",829,6040.96,0,0
2024-04-01,10R,"NHS PORTSMOUTH",831,8345.27,0,0
2024-04-01,03W,"NHS EAST LEICESTERSHIRE AND RUTLAND",840,5273.14,0,0
2024-04-01,02E,"NHS WARRINGTON",857,6582.76,0,0
2024-04-01,02G,"NHS WEST LANCASHIRE",883,7933.27,0,0
2024-04-01,01T,"NHS SOUTH SEFTON",927,8250.03,0,0
2024-04-01,02M,"NHS FYLDE AND WYRE",1015,8480.24,0,0
2024-04-01,00X,"NHS CHORLEY AND SOUTH RIBBLE",1023,9344.02,0,0
2024-04-01,01D,"NHS HEYWOOD, MIDDLETON AND ROCHDALE",1071,8461.86,0,0
2024-04-01,01G,"NHS SALFORD",1078,8876.4,0,0
2024-04-01,04Y,"NHS CANNOCK CHASE",1097,9461.63,0,0
2024-04-01,04V,"NHS WEST LEICESTERSHIRE",1142,7728.46,0,0
2024-04-01,00V,"NHS BURY",1156,9123.73,0,0
2024-04-01,99C,"NHS NORTH TYNESIDE",1196,11975.23,0,0
2024-04-01,05V,"NHS STAFFORD AND SURROUNDS",1198,10675.53,0,0
2024-04-01,00R,"NHS BLACKPOOL",1214,10299.08,0,0
2024-04-01,03Q,"NHS VALE OF YORK",1214,11855.24,0,0
2024-04-01,01E,"NHS GREATER PRESTON",1218,11462.57,0,0
2024-04-01,27D,"NHS CHESHIRE",1240,10334.16,0,0
2024-04-01,03K,"NHS NORTH LINCOLNSHIRE",1261,9580.26,0,0
2024-04-01,00N,"NHS SOUTH TYNESIDE",1283,13481.65,0,0
2024-04-01,00Q,"NHS BLACKBURN WITH DARWEN",1302,12516.37,0,0
2024-04-01,01K,"NHS MORECAMBE BAY",1304,10037.52,0,0
2024-04-01,09D,"NHS BRIGHTON AND HOVE",1358,13801.61,0,0
2024-04-01,02Y,"NHS EAST RIDING OF YORKSHIRE",1403,10704.55,0,0
2024-04-01,02A,"NHS TRAFFORD",1404,12139.37,0,0
2024-04-01,03F,"NHS HULL",1415,10873.69,0,0
2024-04-01,05Q,"NHS SOUTH EAST STAFFORDSHIRE AND SEISDON PENINSULA",1415,13821.08,0,0
2024-04-01,01Y,"NHS TAMESIDE AND GLOSSOP",1442,13035.69,0,0
2024-04-01,01X,"NHS ST HELENS",1484,13274.92,0,0
2024-04-01,03H,"NHS NORTH EAST LINCOLNSHIRE",1486,11445.32,0,0
2024-04-01,01W,"NHS STOCKPORT",1494,12496.71,0,0
2024-04-01,12F,"NHS WIRRAL",1514,12880.01,0,0
2024-04-01,05G,"NHS NORTH STAFFORDSHIRE",1561,13557.2,0,0
2024-04-01,03R,"NHS WAKEFIELD",1610,13031.21,0,0
2024-04-01,15A,"NHS BERKSHIRE WEST",1678,15360.2,0,0
2024-04-01,07H,"NHS WEST ESSEX",1775,13754.23,0,0
2024-04-01,03N,"NHS SHEFFIELD",1890,15627.79,0,0
2024-04-01,00Y,"NHS OLDHAM",1906,15068.7,0,0
2024-04-01,00T,"NHS BOLTON",2018,16264.12,0,0
2024-04-01,00P,"NHS SUNDERLAND",2072,20185.54,0,0
2024-04-01,06T,"NHS NORTH EAST ESSEX",2252,17539.25,0,0
2024-04-01,U2G6B,"NHS THAMES VALLEY ICB - U2G6B",2255,21096.1,0,0
2024-04-01,00L,"NHS NORTHUMBERLAND",2262,20927.94,0,0
2024-04-01,07K,"NHS WEST SUFFOLK",2285,16304.61,0,0
2024-04-01,03L,"NHS ROTHERHAM",2332,18268.58,0,0
2024-04-01,02X,"NHS DONCASTER",2358,19105.8,0,0
2024-04-01,02H,"NHS WIGAN BOROUGH",2364,20696.41,0,0
2024-04-01,M2L0M,"NHS SHROPSHIRE, TELFORD AND WREKIN",2387,21588.38,0,0
2024-04-01,01H,"NHS NORTH CUMBRIA",2466,23658.45,0,0
2024-04-01,13T,"NHS NEWCASTLE GATESHEAD",2506,22290.75,0,0
2024-04-01,02P,"NHS BARNSLEY",2563,20937.46,0,0
2024-04-01,06L,"NHS IPSWICH AND EAST SUFFOLK",2616,18936.48,0,0
2024-04-01,01A,"NHS EAST LANCASHIRE",2660,21147.33,0,0
2024-04-01,05W,"NHS STOKE ON TRENT",2787,22359.98,0,0
2024-04-01,06Q,"NHS MID ESSEX",2873,21740.01,0,0
2024-04-01,06N,"NHS HERTS VALLEYS",3054,29226.88,0,0
2024-04-01,X2C4Y,"NHS KIRKLEES",3115,30279.99,0,0
2024-04-01,99A,"NHS LIVERPOOL",3324,30158.13,0,0
2024-04-01,97R,"NHS EAST SUSSEX",3356,29961.24,0,0
2024-04-01,11J,"NHS DORSET",3398,27704.84,0,0
2024-04-01,42D,"NHS NORTH YORKSHIRE",3403,31689.92,0,0
2024-04-01,11M,"NHS GLOUCESTERSHIRE",3406,27456.14,0,0
2024-04-01,11N,"NHS CORNWALL AND THE ISLES OF SCILLY",3634,29176.77,0,0
2024-04-01,14Y,"NHS BUCKINGHAMSHIRE",3635,31557.08,0,0
2024-04-01,15F,"NHS LEEDS",3638,31424.48,0,0
2024-04-01,10Q,"NHS OXFORDSHIRE",3848,34755.63,0,0
2024-04-01,15C,"NHS BRISTOL, NORTH SOMERSET AND SOUTH GLOUCESTERSHIRE",3866,36801.82,0,0
2024-04-01,06K,"NHS EAST AND NORTH HERTFORDSHIRE",3996,31948.7,0,0
2024-04-01,84H,"NHS COUNTY DURHAM",4102,34422.99,0,0
2024-04-01,15M,"NHS DERBY AND DERBYSHIRE",4177,39616.73,0,0
2024-04-01,92G,"NHS BATH AND NORTH EAST SOMERSET, SWINDON AND WILTSHIRE",4446,34784.31,0,0
2024-04-01,18C,"NHS HEREFORDSHIRE AND WORCESTERSHIRE",4498,41547.33,0,0
2024-04-01,06H,"NHS CAMBRIDGESHIRE AND PETERBOROUGH",4658,34177.58,0,0
2024-04-01,B2M3M,"NHS COVENTRY AND WARWICKSHIRE",4684,37509.84,0,0
2024-04-01,36J,"NHS BRADFORD DISTRICT AND CRAVEN",4694,37373.11,0,0
2024-04-01,16C,"NHS TEES VALLEY",4703,39544.32,0,0
2024-04-01,14L,"NHS MANCHESTER",4782,39553.32,0,0
2024-04-01,71E,"NHS LINCOLNSHIRE",5170,38210.26,0,0
2024-04-01,70F,"NHS WEST SUSSEX",5332,50830.93,0,0
2024-04-01,15N,"NHS DEVON",5680,44519.57,0,0
2024-04-01,A3A8R,"NHS NORTH EAST LONDON",6036,56944.04,0,0
2024-04-01,36L,"NHS SOUTH WEST LONDON",6095,61835.36,0,0
2024-04-01,M1J4Y,"NHS BEDFORDSHIRE, LUTON AND MILTON KEYNES",6166,48632.73,0,0
2024-04-01,D9Y0V,"NHS HAMPSHIRE, SOUTHAMPTON AND ISLE OF WIGHT",6185,57141.53,0,0
2024-04-01,52R,"NHS NOTTINGHAM AND NOTTINGHAMSHIRE",6491,50378.75,0,0
2024-04-01,92A,"NHS SURREY HEARTLANDS",6819,66085.78,0,0
2024-04-01,26A,"NHS NORFOLK AND WAVENEY",7636,60603.25,0,0
2024-04-01,93C,"NHS NORTH CENTRAL LONDON",8309,80926.92,0,0
2024-04-01,91Q,"NHS KENT AND MEDWAY",9430,78706.79,0,0
2024-04-01,15E,"NHS BIRMINGHAM AND SOLIHULL",9776,84057.38,0,0
2024-04-01,72Q,"NHS SOUTH EAST LONDON",9780,99805.95,0,0
2024-04-01,D2P2L,"NHS BLACK COUNTRY",10377,93038.89,0,0
2024-04-01,W2U3Z,"NHS NORTH WEST LONDON",11985,104443.28,0,0
2024-05-01,09W,"NHS MEDWAY",0,0,0,0
2024-05-01,D4U1Y,"NHS FRIMLEY",84,669.33,0,0
2024-05-01,99F,"NHS CASTLE POINT AND ROCHFORD",478,3712.28,0,0
2024-05-01,07G,"NHS THURROCK",483,3594.85,0,0
2024-05-01,02T,"NHS CALDERDALE",573,4119.47,0,0
2024-05-01,99G,"NHS SOUTHEND",583,4493.63,0,0
2024-05-01,01V,"NHS SOUTHPORT AND FORMBY",609,5429.99,0,0
2024-05-01,11X,"NHS SOMERSET",651,5044.28,0,0
2024-05-01,01J,"NHS KNOWSLEY",703,5692.13,0,0
2024-05-01,78H,"NHS NORTHAMPTONSHIRE",757,5571.28,0,0
2024-05-01,01F,"NHS HALTON",759,6088.04,0,0
2024-05-01,10R,"NHS PORTSMOUTH",769,7425.75,0,0
2024-05-01,05D,"NHS EAST STAFFORDSHIRE",787,6126.68,0,0
2024-05-01,99E,"NHS BASILDON AND BRENTWOOD",791,6212.69,0,0
2024-05-01,04C,"NHS LEICESTER CITY",825,4765.52,0,0
2024-05-01,01T,"NHS SOUTH SEFTON",839,6715.71,0,0
2024-05-01,02G,"NHS WEST LANCASHIRE",857,8043.2,0,0
2024-05-01,02E,"NHS WARRINGTON",880,7100.86,0,0
2024-05-01,02Q,"NHS BASSETLAW",884,6525.74,0,0
2024-05-01,03W,"NHS EAST LEICESTERSHIRE AND RUTLAND",921,5719.81,0,0
2024-05-01,02M,"NHS FYLDE AND WYRE",981,8124.83,0,0
2024-05-01,00X,"NHS CHORLEY AND SOUTH RIBBLE",1070,9761.91,0,0
2024-05-01,01G,"NHS SALFORD",1114,8969.79,0,0
2024-05-01,04Y,"NHS CANNOCK CHASE",1142,9859.93,0,0
2024-05-01,05V,"NHS STAFFORD AND SURROUNDS",1151,10070.71,0,0
2024-05-01,04V,"NHS WEST LEICESTERSHIRE",1155,7513.51,0,0
2024-05-01,01D,"NHS HEYWOOD, MIDDLETON AND ROCHDALE",1181,9231.06,0,0
2024-05-01,12F,"NHS WIRRAL",1186,10269.36,0,0
2024-05-01,03Q,"NHS VALE OF YORK",1187,11625.55,0,0
2024-05-01,03K,"NHS NORTH LINCOLNSHIRE",1203,9292.92,0,0
2024-05-01,27D,"NHS CHESHIRE",1206,10085.26,0,0
2024-05-01,00R,"NHS BLACKPOOL",1212,10426.33,0,0
2024-05-01,00V,"NHS BURY",1231,8858.42,0,0
2024-05-01,99C,"NHS NORTH TYNESIDE",1246,11946.9,0,0
2024-05-01,01E,"NHS GREATER PRESTON",1294,12456.5,0,0
2024-05-01,00Q,"NHS BLACKBURN WITH DARWEN",1299,12155.11,0,0
2024-05-01,03F,"NHS HULL",1321,9843.61,0,0
2024-05-01,01K,"NHS MORECAMBE BAY",1336,10290.33,0,0
2024-05-01,00N,"NHS SOUTH TYNESIDE",1343,14246.26,0,0
2024-05-01,02Y,"NHS EAST RIDING OF YORKSHIRE",1406,10583.66,0,0
2024-05-01,09D,"NHS BRIGHTON AND HOVE",1408,13832.06,0,0
2024-05-01,02A,"NHS TRAFFORD",1483,13022.31,0,0
2024-05-01,01Y,"NHS TAMESIDE AND GLOSSOP",1484,12823.72,0,0
2024-05-01,05Q,"NHS SOUTH EAST STAFFORDSHIRE AND SEISDON PENINSULA",1523,14666.91,0,0
2024-05-01,03H,"NHS NORTH EAST LINCOLNSHIRE",1525,11534.95,0,0
2024-05-01,01W,"NHS STOCKPORT",1535,12948.41,0,0
2024-05-01,01X,"NHS ST HELENS",1569,13992.46,0,0
2024-05-01,03R,"NHS WAKEFIELD",1578,13091.44,0,0
2024-05-01,05G,"NHS NORTH STAFFORDSHIRE",1606,13996.87,0,0
2024-05-01,15A,"NHS BERKSHIRE WEST",1671,15524.35,0,0
2024-05-01,07H,"NHS WEST ESSEX",1909,15209.35,0,0
2024-05-01,00Y,"NHS OLDHAM",1947,14979.68,0,0
2024-05-01,03N,"NHS SHEFFIELD",2002,16624.14,0,0
2024-05-01,00P,"NHS SUNDERLAND",2013,20077.04,0,0
2024-05-01,00T,"NHS BOLTON",2031,16075.4,0,0
2024-05-01,06T,"NHS NORTH EAST ESSEX",2251,17463.15,0,0
2024-05-01,07K,"NHS WEST SUFFOLK",2265,16231.7,0,0
2024-05-01,02H,"NHS WIGAN BOROUGH",2334,20250.69,0,0
2024-05-01,00L,"NHS NORTHUMBERLAND",2335,21781.56,0,0
2024-05-01,M2L0M,"NHS SHROPSHIRE, TELFORD AND WREKIN",2338,21860.29,0,0
2024-05-01,U2G6B,"NHS THAMES VALLEY ICB - U2G6B",2350,21586.74,0,0
2024-05-01,03L,"NHS ROTHERHAM",2368,18630.75,0,0
2024-05-01,01H,"NHS NORTH CUMBRIA",2400,22893.3,0,0
2024-05-01,02X,"NHS DONCASTER",2412,19268.89,0,0
2024-05-01,06L,"NHS IPSWICH AND EAST SUFFOLK",2558,18655.22,0,0
2024-05-01,02P,"NHS BARNSLEY",2589,21047.05,0,0
2024-05-01,01A,"NHS EAST LANCASHIRE",2609,20690.14,0,0
2024-05-01,13T,"NHS NEWCASTLE GATESHEAD",2641,23435.2,0,0
2024-05-01,06Q,"NHS MID ESSEX",2786,21120.8,0,0
2024-05-01,05W,"NHS STOKE ON TRENT",2809,22767.23,0,0
2024-05-01,X2C4Y,"NHS KIRKLEES",3020,29023.04,0,0
2024-05-01,06N,"NHS HERTS VALLEYS",3091,29595.31,0,0
2024-05-01,42D,"NHS NORTH YORKSHIRE",3119,28533.81,0,0
2024-05-01,11M,"NHS GLOUCESTERSHIRE",3339,26832.44,0,0
2024-05-01,99A,"NHS LIVERPOOL",3459,30714.84,0,0
2024-05-01,11J,"NHS DORSET",3463,27752.4,0,0
2024-05-01,97R,"NHS EAST SUSSEX",3463,31323.25,0,0
2024-05-01,11N,"NHS CORNWALL AND THE ISLES OF SCILLY",3720,30229.3,0,0
2024-05-01,15F,"NHS LEEDS",3779,33061.33,0,0
2024-05-01,10Q,"NHS OXFORDSHIRE",3782,34454.4,0,0
2024-05-01,14Y,"NHS BUCKINGHAMSHIRE",3808,33142.34,0,0
2024-05-01,15C,"NHS BRISTOL, NORTH SOMERSET AND SOUTH GLOUCESTERSHIRE",3968,37932.07,0,0
2024-05-01,06K,"NHS EAST AND NORTH HERTFORDSHIRE",3975,31892.35,0,0
2024-05-01,15M,"NHS DERBY AND DERBYSHIRE",4030,38433.26,0,0
2024-05-01,84H,"NHS COUNTY DURHAM",4155,35769.18,0,0
2024-05-01,18C,"NHS HEREFORDSHIRE AND WORCESTERSHIRE",4481,40661.65,0,0
2024-05-01,92G,"NHS BATH AND NORTH EAST SOMERSET, SWINDON AND WILTSHIRE",4482,34690.13,0,0
2024-05-01,B2M3M,"NHS COVENTRY AND WARWICKSHIRE",4690,37851.5,0,0
2024-05-01,06H,"NHS CAMBRIDGESHIRE AND PETERBOROUGH",4748,34764.18,0,0
2024-05-01,16C,"NHS TEES VALLEY",4758,39919.14,0,0
2024-05-01,36J,"NHS BRADFORD DISTRICT AND CRAVEN",4864,39049.18,0,0
2024-05-01,14L,"NHS MANCHESTER",5012,41687.35,0,0
2024-05-01,71E,"NHS LINCOLNSHIRE",5148,38656.7,0,0
2024-05-01,70F,"NHS WEST SUSSEX",5188,48859.35,0,0
2024-05-01,15N,"NHS DEVON",5676,44791.56,0,0
2024-05-01,A3A8R,"NHS NORTH EAST LONDON",5835,54576,0,0
2024-05-01,36L,"NHS SOUTH WEST LONDON",6024,60609.06,0,0
2024-05-01,M1J4Y,"NHS BEDFORDSHIRE, LUTON AND MILTON KEYNES",6141,48686.44,0,0
2024-05-01,D9Y0V,"NHS HAMPSHIRE, SOUTHAMPTON AND ISLE OF WIGHT",6237,57812.21,0,0
2024-05-01,52R,"NHS NOTTINGHAM AND NOTTINGHAMSHIRE",6441,50204.16,0,0
2024-05-01,92A,"NHS SURREY HEARTLANDS",6507,63819.28,0,0
2024-05-01,26A,"NHS NORFOLK AND WAVENEY",7541,59997.19,0,0
2024-05-01,93C,"NHS NORTH CENTRAL LONDON",8710,84461.87,0,0
2024-05-01,91Q,"NHS KENT AND MEDWAY",9507,79282.75,0,0
2024-05-01,72Q,"NHS SOUTH EAST LONDON",9535,97462.28,0,0
2024-05-01,15E,"NHS BIRMINGHAM AND SOLIHULL",10039,87228.48,0,0
2024-05-01,D2P2L,"NHS BLACK COUNTRY",10732,94721.77,0,0
2024-05-01,W2U3Z,"NHS NORTH WEST LONDON",11934,104965.05,0,0
2024-06-01,09W,"NHS MEDWAY",0,0,0,0
2024-06-01,D4U1Y,"NHS FRIMLEY",61,459.34,0,0
2024-06-01,99F,"NHS CASTLE POINT AND ROCHFORD",396,3196.02,0,0
2024-06-01,07G,"NHS THURROCK",437,3276.08,0,0
2024-06-01,99G,"NHS SOUTHEND",457,3593.11,0,0
2024-06-01,01V,"NHS SOUTHPORT AND FORMBY",504,4280.17,0,0
2024-06-01,02T,"NHS CALDERDALE",517,3807.43,0,0
2024-06-01,01J,"NHS KNOWSLEY",599,4619.7,0,0
2024-06-01,99E,"NHS BASILDON AND BRENTWOOD",610,4917.86,0,0
2024-06-01,11X,"NHS SOMERSET",624,4765.37,0,0
2024-06-01,78H,"NHS NORTHAMPTONSHIRE",665,4738.31,0,0
2024-06-01,01T,"NHS SOUTH SEFTON",687,5270.69,0,0
2024-06-01,01F,"NHS HALTON",742,6592.59,0,0
2024-06-01,10R,"NHS PORTSMOUTH",762,7692.16,0,0
2024-06-01,02E,"NHS WARRINGTON",763,5996.81,0,0
2024-06-01,04C,"NHS LEICESTER CITY",781,4353.69,0,0
2024-06-01,05D,"NHS EAST STAFFORDSHIRE",784,6164.91,0,0
2024-06-01,12F,"NHS WIRRAL",817,7123.54,0,0
2024-06-01,02Q,"NHS BASSETLAW",839,6304.18,0,0
2024-06-01,02G,"NHS WEST LANCASHIRE",848,7658.59,0,0
2024-06-01,03W,"NHS EAST LEICESTERSHIRE AND RUTLAND",872,5257.1,0,0
2024-06-01,00X,"NHS CHORLEY AND SOUTH RIBBLE",894,8497.02,0,0
2024-06-01,02M,"NHS FYLDE AND WYRE",914,7774.02,0,0
2024-06-01,04Y,"NHS CANNOCK CHASE",960,8594.7,0,0
2024-06-01,01G,"NHS SALFORD",997,8222.46,0,0
2024-06-01,01D,"NHS HEYWOOD, MIDDLETON AND ROCHDALE",1004,8195.01,0,0
2024-06-01,05V,"NHS STAFFORD AND SURROUNDS",1052,9480.25,0,0
2024-06-01,00R,"NHS BLACKPOOL",1060,9065.62,0,0
2024-06-01,04V,"NHS WEST LEICESTERSHIRE",1075,6969.2,0,0
2024-06-01,99C,"NHS NORTH TYNESIDE",1117,10878.16,0,0
2024-06-01,27D,"NHS CHESHIRE",1127,9634.14,0,0
2024-06-01,00V,"NHS BURY",1151,8165.77,0,0
2024-06-01,01E,"NHS GREATER PRESTON",1154,11074.85,0,0
2024-06-01,03Q,"NHS VALE OF YORK",1163,11516.56,0,0
2024-06-01,03K,"NHS NORTH LINCOLNSHIRE",1191,8953.84,0,0
2024-06-01,09D,"NHS BRIGHTON AND HOVE",1239,12445.89,0,0
2024-06-01,01K,"NHS MORECAMBE BAY",1251,9723.97,0,0
2024-06-01,00Q,"NHS BLACKBURN WITH DARWEN",1267,11866.68,0,0
2024-06-01,03F,"NHS HULL",1282,9732.35,0,0
2024-06-01,00N,"NHS SOUTH TYNESIDE",1297,13784.48,0,0
2024-06-01,02Y,"NHS EAST RIDING OF YORKSHIRE",1300,9696.59,0,0
2024-06-01,01Y,"NHS TAMESIDE AND GLOSSOP",1320,11819.52,0,0
2024-06-01,03H,"NHS NORTH EAST LINCOLNSHIRE",1327,10254.78,0,0
2024-06-01,05Q,"NHS SOUTH EAST STAFFORDSHIRE AND SEISDON PENINSULA",1366,13539.8,0,0
2024-06-01,02A,"NHS TRAFFORD",1388,12022.56,0,0
2024-06-01,01W,"NHS STOCKPORT",1402,11712.15,0,0
2024-06-01,01X,"NHS ST HELENS",1432,12629.51,0,0
2024-06-01,05G,"NHS NORTH STAFFORDSHIRE",1478,12980.55,0,0
2024-06-01,03R,"NHS WAKEFIELD",1524,12249.3,0,0
2024-06-01,15A,"NHS BERKSHIRE WEST",1558,14211.88,0,0
2024-06-01,03N,"NHS SHEFFIELD",1760,14699.54,0,0
2024-06-01,07H,"NHS WEST ESSEX",1790,14093.09,0,0
2024-06-01,00T,"NHS BOLTON",1810,14544.46,0,0
2024-06-01,00Y,"NHS OLDHAM",1831,14304.37,0,0
2024-06-01,00P,"NHS SUNDERLAND",1968,19040.77,0,0
2024-06-01,00L,"NHS NORTHUMBERLAND",2080,19092.34,0,0
2024-06-01,06T,"NHS NORTH EAST ESSEX",2094,16223.64,0,0
2024-06-01,02X,"NHS DONCASTER",2176,17944.92,0,0
2024-06-01,07K,"NHS WEST SUFFOLK",2207,15751.68,0,0
2024-06-01,U2G6B,"NHS THAMES VALLEY ICB - U2G6B",2208,20438.3,0,0
2024-06-01,02H,"NHS WIGAN BOROUGH",2222,19838.86,0,0
2024-06-01,M2L0M,"NHS SHROPSHIRE, TELFORD AND WREKIN",2231,20480.55,0,0
2024-06-01,03L,"NHS ROTHERHAM",2250,17667.27,0,0
2024-06-01,01H,"NHS NORTH CUMBRIA",2271,21544.81,0,0
2024-06-01,02P,"NHS BARNSLEY",2372,19359.4,0,0
2024-06-01,13T,"NHS NEWCASTLE GATESHEAD",2449,21696.25,0,0
2024-06-01,06Q,"NHS MID ESSEX",2494,19261.28,0,0
2024-06-01,01A,"NHS EAST LANCASHIRE",2495,19878.82,0,0
2024-06-01,06L,"NHS IPSWICH AND EAST SUFFOLK",2509,18198.8,0,0
2024-06-01,05W,"NHS STOKE ON TRENT",2540,20843.92,0,0
2024-06-01,X2C4Y,"NHS KIRKLEES",2821,27360.19,0,0
2024-06-01,42D,"NHS NORTH YORKSHIRE",2988,27806.85,0,0
2024-06-01,06N,"NHS HERTS VALLEYS",3036,29638.65,0,0
2024-06-01,99A,"NHS LIVERPOOL",3172,28411.36,0,0
2024-06-01,11J,"NHS DORSET",3176,25837.89,0,0
2024-06-01,97R,"NHS EAST SUSSEX",3231,28948.16,0,0
2024-06-01,11M,"NHS GLOUCESTERSHIRE",3236,26205.72,0,0
2024-06-01,15F,"NHS LEEDS",3448,29671.12,0,0
2024-06-01,15C,"NHS BRISTOL, NORTH SOMERSET AND SOUTH GLOUCESTERSHIRE",3572,34666.34,0,0
2024-06-01,11N,"NHS CORNWALL AND THE ISLES OF SCILLY",3607,28603.19,0,0
2024-06-01,10Q,"NHS OXFORDSHIRE",3638,32338,0,0
2024-06-01,14Y,"NHS BUCKINGHAMSHIRE",3724,32421.12,0,0
2024-06-01,15M,"NHS DERBY AND DERBYSHIRE",3747,36259.64,0,0
2024-06-01,06K,"NHS EAST AND NORTH HERTFORDSHIRE",3811,30282.51,0,0
2024-06-01,84H,"NHS COUNTY DURHAM",3884,32659.27,0,0
2024-06-01,92G,"NHS BATH AND NORTH EAST SOMERSET, SWINDON AND WILTSHIRE",4150,32672.83,0,0
2024-06-01,18C,"NHS HEREFORDSHIRE AND WORCESTERSHIRE",4159,38689.53,0,0
2024-06-01,B2M3M,"NHS COVENTRY AND WARWICKSHIRE",4325,34871.3,0,0
2024-06-01,36J,"NHS BRADFORD DISTRICT AND CRAVEN",4372,35011.71,0,0
2024-06-01,16C,"NHS TEES VALLEY",4422,37445.21,0,0
2024-06-01,06H,"NHS CAMBRIDGESHIRE AND PETERBOROUGH",4536,33726.5,0,0
2024-06-01,14L,"NHS MANCHESTER",4617,38589.79,0,0
2024-06-01,71E,"NHS LINCOLNSHIRE",4824,35865.71,0,0
2024-06-01,70F,"NHS WEST SUSSEX",4830,46068.97,0,0
2024-06-01,15N,"NHS DEVON",5253,42076.58,0,0
2024-06-01,A3A8R,"NHS NORTH EAST LONDON",5513,51963.42,0,0
2024-06-01,D9Y0V,"NHS HAMPSHIRE, SOUTHAMPTON AND ISLE OF WIGHT",5565,51463.94,0,0
2024-06-01,36L,"NHS SOUTH WEST LONDON",5634,57325.49,0,0
2024-06-01,M1J4Y,"NHS BEDFORDSHIRE, LUTON AND MILTON KEYNES",5836,45887.88,0,0
2024-06-01,52R,"NHS NOTTINGHAM AND NOTTINGHAMSHIRE",6108,47168.76,0,0
2024-06-01,92A,"NHS SURREY HEARTLANDS",6147,59969.33,0,0
2024-06-01,26A,"NHS NORFOLK AND WAVENEY",7051,56685.22,0,0
2024-06-01,93C,"NHS NORTH CENTRAL LONDON",8406,82037.68,0,0
2024-06-01,91Q,"NHS KENT AND MEDWAY",8855,74665.42,0,0
2024-06-01,72Q,"NHS SOUTH EAST LONDON",9381,96413.29,0,0
2024-06-01,15E,"NHS BIRMINGHAM AND SOLIHULL",9427,80493.27,0,0
2024-06-01,D2P2L,"NHS BLACK COUNTRY",9838,87439.44,0,0
2024-06-01,W2U3Z,"NHS NORTH WEST LONDON",11648,102240.86,0,0
2024-07-01,09W,"NHS MEDWAY",0,0,0,0
2024-07-01,D4U1Y,"NHS FRIMLEY",67,499.45,0,0
2024-07-01,07G,"NHS THURROCK",410,3081.97,0,0
2024-07-01,99F,"NHS CASTLE POINT AND ROCHFORD",433,3278.12,0,0
2024-07-01,12F,"NHS WIRRAL",480,4051.83,0,0
2024-07-01,99G,"NHS SOUTHEND",487,3862.29,0,0
2024-07-01,02T,"NHS CALDERDALE",537,3978.88,0,0
2024-07-01,01V,"NHS SOUTHPORT AND FORMBY",559,4895.33,0,0
2024-07-01,11X,"NHS SOMERSET",607,4755.85,0,0
2024-07-01,01J,"NHS KNOWSLEY",648,5196.18,0,0
2024-07-01,99E,"NHS BASILDON AND BRENTWOOD",661,5118.57,0,0
2024-07-01,01T,"NHS SOUTH SEFTON",691,5213.84,0,0
2024-07-01,78H,"NHS NORTHAMPTONSHIRE",694,5136.41,0,0
2024-07-01,01F,"NHS HALTON",718,5970.15,0,0
2024-07-01,10R,"NHS PORTSMOUTH",720,7057.83,0,0
2024-07-01,04C,"NHS LEICESTER CITY",767,4520.69,0,0
2024-07-01,05D,"NHS EAST STAFFORDSHIRE",798,6345.52,0,0
2024-07-01,02Q,"NHS BASSETLAW",801,5955.49,0,0
2024-07-01,03W,"NHS EAST LEICESTERSHIRE AND RUTLAND",833,5445.77,0,0
2024-07-01,02E,"NHS WARRINGTON",855,6695.19,0,0
2024-07-01,02G,"NHS WEST LANCASHIRE",861,8039.98,0,0
2024-07-01,02M,"NHS FYLDE AND WYRE",970,8165.59,0,0
2024-07-01,00X,"NHS CHORLEY AND SOUTH RIBBLE",1019,9268.7,0,0
2024-07-01,04Y,"NHS CANNOCK CHASE",1058,9317.34,0,0
2024-07-01,04V,"NHS WEST LEICESTERSHIRE",1064,7042.71,0,0
2024-07-01,01G,"NHS SALFORD",1104,9111.44,0,0
2024-07-01,05V,"NHS STAFFORD AND SURROUNDS",1115,10039.35,0,0
2024-07-01,01D,"NHS HEYWOOD, MIDDLETON AND ROCHDALE",1121,8917.55,0,0
2024-07-01,99C,"NHS NORTH TYNESIDE",1143,11204.04,0,0
2024-07-01,00R,"NHS BLACKPOOL",1186,10181.87,0,0
2024-07-01,03Q,"NHS VALE OF YORK",1200,11855.2,0,0
2024-07-01,00V,"NHS BURY",1205,8840.12,0,0
2024-07-01,01K,"NHS MORECAMBE BAY",1218,9165.8,0,0
2024-07-01,03K,"NHS NORTH LINCOLNSHIRE",1226,9449.63,0,0
2024-07-01,27D,"NHS CHESHIRE",1234,10219.21,0,0
2024-07-01,00Q,"NHS BLACKBURN WITH DARWEN",1239,11717.09,0,0
2024-07-01,01E,"NHS GREATER PRESTON",1250,11527.05,0,0
2024-07-01,03F,"NHS HULL",1269,9597.12,0,0
2024-07-01,09D,"NHS BRIGHTON AND HOVE",1286,13111.83,0,0
2024-07-01,01Y,"NHS TAMESIDE AND GLOSSOP",1346,12085.92,0,0
2024-07-01,00N,"NHS SOUTH TYNESIDE",1348,14164.11,0,0
2024-07-01,02Y,"NHS EAST RIDING OF YORKSHIRE",1370,10253.78,0,0
2024-07-01,02A,"NHS TRAFFORD",1406,12364.11,0,0
2024-07-01,05Q,"NHS SOUTH EAST STAFFORDSHIRE AND SEISDON PENINSULA",1444,14326.43,0,0
2024-07-01,03H,"NHS NORTH EAST LINCOLNSHIRE",1478,11310.69,0,0
2024-07-01,01W,"NHS STOCKPORT",1514,12639.79,0,0
2024-07-01,05G,"NHS NORTH STAFFORDSHIRE",1527,13210.58,0,0
2024-07-01,01X,"NHS ST HELENS",1539,14068.8,0,0
2024-07-01,03R,"NHS WAKEFIELD",1556,12701.11,0,0
2024-07-01,15A,"NHS BERKSHIRE WEST",1651,15375.69,0,0
2024-07-01,03N,"NHS SHEFFIELD",1766,15029.55,0,0
2024-07-01,07H,"NHS WEST ESSEX",1848,14563.78,0,0
2024-07-01,00Y,"NHS OLDHAM",1924,14979.59,0,0
2024-07-01,00P,"NHS SUNDERLAND",2013,19668.87,0,0
2024-07-01,00T,"NHS BOLTON",2032,16427.79,0,0
2024-07-01,06T,"NHS NORTH EAST ESSEX",2184,17260.52,0,0
2024-07-01,07K,"NHS WEST SUFFOLK",2202,15861.3,0,0
2024-07-01,U2G6B,"NHS THAMES VALLEY ICB - U2G6B",2299,20838.43,0,0
2024-07-01,M2L0M,"NHS SHROPSHIRE, TELFORD AND WREKIN",2314,21045.3,0,0
2024-07-01,02X,"NHS DONCASTER",2332,18954.7,0,0
2024-07-01,00L,"NHS NORTHUMBERLAND",2357,21548,0,0
2024-07-01,01H,"NHS NORTH CUMBRIA",2371,22704.57,0,0
2024-07-01,02H,"NHS WIGAN BOROUGH",2397,21105.72,0,0
2024-07-01,03L,"NHS ROTHERHAM",2424,19384.88,0,0
2024-07-01,02P,"NHS BARNSLEY",2514,20369.36,0,0
2024-07-01,06L,"NHS IPSWICH AND EAST SUFFOLK",2580,18946.94,0,0
2024-07-01,13T,"NHS NEWCASTLE GATESHEAD",2600,23033.64,0,0
2024-07-01,01A,"NHS EAST LANCASHIRE",2645,20959.04,0,0
2024-07-01,06Q,"NHS MID ESSEX",2657,20222.23,0,0
2024-07-01,05W,"NHS STOKE ON TRENT",2724,22418.88,0,0
2024-07-01,X2C4Y,"NHS KIRKLEES",3100,29637.59,0,0
2024-07-01,06N,"NHS HERTS VALLEYS",3155,30729.21,0,0
2024-07-01,42D,"NHS NORTH YORKSHIRE",3207,30141.7,0,0
2024-07-01,11J,"NHS DORSET",3211,26567.64,0,0
2024-07-01,11M,"NHS GLOUCESTERSHIRE",3295,26770.18,0,0
2024-07-01,97R,"NHS EAST SUSSEX",3309,30229.01,0,0
2024-07-01,99A,"NHS LIVERPOOL",3337,30513.78,0,0
2024-07-01,11N,"NHS CORNWALL AND THE ISLES OF SCILLY",3526,28759.48,0,0
2024-07-01,15C,"NHS BRISTOL, NORTH SOMERSET AND SOUTH GLOUCESTERSHIRE",3550,34756.7,0,0
2024-07-01,15F,"NHS LEEDS",3646,31348.3,0,0
2024-07-01,10Q,"NHS OXFORDSHIRE",3735,34498.07,0,0
2024-07-01,14Y,"NHS BUCKINGHAMSHIRE",3767,32696.43,0,0
2024-07-01,15M,"NHS DERBY AND DERBYSHIRE",3946,38068.5,0,0
2024-07-01,06K,"NHS EAST AND NORTH HERTFORDSHIRE",3996,32700.05,0,0
2024-07-01,84H,"NHS COUNTY DURHAM",4152,35285.9,0,0
2024-07-01,18C,"NHS HEREFORDSHIRE AND WORCESTERSHIRE",4168,38956.48,0,0
2024-07-01,92G,"NHS BATH AND NORTH EAST SOMERSET, SWINDON AND WILTSHIRE",4414,34379.82,0,0
2024-07-01,B2M3M,"NHS COVENTRY AND WARWICKSHIRE",4573,37068.76,0,0
2024-07-01,16C,"NHS TEES VALLEY",4659,39302.86,0,0
2024-07-01,36J,"NHS BRADFORD DISTRICT AND CRAVEN",4758,38285.38,0,0
2024-07-01,06H,"NHS CAMBRIDGESHIRE AND PETERBOROUGH",4798,35881.69,0,0
2024-07-01,70F,"NHS WEST SUSSEX",4866,46574.86,0,0
2024-07-01,14L,"NHS MANCHESTER",4914,40940.53,0,0
2024-07-01,71E,"NHS LINCOLNSHIRE",4994,37480.86,0,0
2024-07-01,15N,"NHS DEVON",5241,42646.37,0,0
2024-07-01,A3A8R,"NHS NORTH EAST LONDON",5559,51839.28,0,0
2024-07-01,D9Y0V,"NHS HAMPSHIRE, SOUTHAMPTON AND ISLE OF WIGHT",5596,52685.78,0,0
2024-07-01,36L,"NHS SOUTH WEST LONDON",5924,59342.92,0,0
2024-07-01,M1J4Y,"NHS BEDFORDSHIRE, LUTON AND MILTON KEYNES",5999,47612.77,0,0
2024-07-01,92A,"NHS SURREY HEARTLANDS",6324,63018.74,0,0
2024-07-01,52R,"NHS NOTTINGHAM AND NOTTINGHAMSHIRE",6387,49760.63,0,0
2024-07-01,26A,"NHS NORFOLK AND WAVENEY",7578,60724.31,0,0
2024-07-01,93C,"NHS NORTH CENTRAL LONDON",8875,86344.86,0,0
2024-07-01,91Q,"NHS KENT AND MEDWAY",9126,76255.39,0,0
2024-07-01,72Q,"NHS SOUTH EAST LONDON",9773,99263.61,0,0
2024-07-01,15E,"NHS BIRMINGHAM AND SOLIHULL",10142,87269.09,0,0
2024-07-01,D2P2L,"NHS BLACK COUNTRY",10441,93781.57,0,0
2024-07-01,W2U3Z,"NHS NORTH WEST LONDON",12349,107789.93,0,0
2024-08-01,09W,"NHS MEDWAY",0,0,0,0
2024-08-01,D4U1Y,"NHS FRIMLEY",51,505.93,0,0
2024-08-01,12F,"NHS WIRRAL",269,2180.18,0,0
2024-08-01,07G,"NHS THURROCK",344,2657.91,0,0
2024-08-01,99F,"NHS CASTLE POINT AND ROCHFORD",382,3031.08,0,0
2024-08-01,01V,"NHS SOUTHPORT AND FORMBY",407,3756.72,0,0
2024-08-01,99G,"NHS SOUTHEND",434,3543.96,0,0
2024-08-01,02T,"NHS CALDERDALE",442,3162.6,0,0
2024-08-01,99E,"NHS BASILDON AND BRENTWOOD",509,4058.05,0,0
2024-08-01,01T,"NHS SOUTH SEFTON",520,3999.7,0,0
2024-08-01,11X,"NHS SOMERSET",558,4530.42,0,0
2024-08-01,01J,"NHS KNOWSLEY",576,4619.18,0,0
2024-08-01,78H,"NHS NORTHAMPTONSHIRE",613,4706.09,0,0
2024-08-01,10R,"NHS PORTSMOUTH",625,6472.55,0,0
2024-08-01,01F,"NHS HALTON",654,5747.44,0,0
2024-08-01,04C,"NHS LEICESTER CITY",661,3944.12,0,0
2024-08-01,05D,"NHS EAST STAFFORDSHIRE",683,5448.13,0,0
2024-08-01,02E,"NHS WARRINGTON",699,5629,0,0
2024-08-01,03W,"NHS EAST LEICESTERSHIRE AND RUTLAND",720,4585.28,0,0
2024-08-01,02Q,"NHS BASSETLAW",793,6024.78,0,0
2024-08-01,02G,"NHS WEST LANCASHIRE",836,7860.36,0,0
2024-08-01,02M,"NHS FYLDE AND WYRE",868,7570.78,0,0
2024-08-01,04Y,"NHS CANNOCK CHASE",874,7621.03,0,0
2024-08-01,00X,"NHS CHORLEY AND SOUTH RIBBLE",879,8300.32,0,0
2024-08-01,04V,"NHS WEST LEICESTERSHIRE",961,6464.18,0,0
2024-08-01,01D,"NHS HEYWOOD, MIDDLETON AND ROCHDALE",964,7813.29,0,0
2024-08-01,05V,"NHS STAFFORD AND SURROUNDS",971,8773.17,0,0
2024-08-01,01G,"NHS SALFORD",986,8079.09,0,0
2024-08-01,27D,"NHS CHESHIRE",1015,8772.61,0,0
2024-08-01,03Q,"NHS VALE OF YORK",1020,10572.02,0,0
2024-08-01,00R,"NHS BLACKPOOL",1054,9094.26,0,0
2024-08-01,01K,"NHS MORECAMBE BAY",1079,8600.6,0,0
2024-08-01,99C,"NHS NORTH TYNESIDE",1088,11088.47,0,0
2024-08-01,03K,"NHS NORTH LINCOLNSHIRE",1105,8726.71,0,0
2024-08-01,03F,"NHS HULL",1106,8552.08,0,0
2024-08-01,00V,"NHS BURY",1134,8106.17,0,0
2024-08-01,01E,"NHS GREATER PRESTON",1141,10813.3,0,0
2024-08-01,09D,"NHS BRIGHTON AND HOVE",1153,11682.74,0,0
2024-08-01,02Y,"NHS EAST RIDING OF YORKSHIRE",1218,9135.95,0,0
2024-08-01,02A,"NHS TRAFFORD",1243,11296.16,0,0
2024-08-01,05Q,"NHS SOUTH EAST STAFFORDSHIRE AND SEISDON PENINSULA",1244,12214.65,0,0
2024-08-01,03H,"NHS NORTH EAST LINCOLNSHIRE",1286,10143.48,0,0
2024-08-01,00N,"NHS SOUTH TYNESIDE",1304,13812.56,0,0
2024-08-01,01X,"NHS ST HELENS",1321,12058.65,0,0
2024-08-01,01W,"NHS STOCKPORT",1323,11349.75,0,0
2024-08-01,01Y,"NHS TAMESIDE AND GLOSSOP",1334,12036.42,0,0
2024-08-01,03R,"NHS WAKEFIELD",1369,11001.92,0,0
2024-08-01,00Q,"NHS BLACKBURN WITH DARWEN",1408,13383.28,0,0
2024-08-01,05G,"NHS NORTH STAFFORDSHIRE",1444,12669.5,0,0
2024-08-01,03N,"NHS SHEFFIELD",1527,13145.91,0,0
2024-08-01,15A,"NHS BERKSHIRE WEST",1542,14313.99,0,0
2024-08-01,07H,"NHS WEST ESSEX",1675,13413.23,0,0
2024-08-01,00Y,"NHS OLDHAM",1798,14201.64,0,0
2024-08-01,00P,"NHS SUNDERLAND",1832,18205.34,0,0
2024-08-01,00T,"NHS BOLTON",1883,15348.54,0,0
2024-08-01,06T,"NHS NORTH EAST ESSEX",1960,15351.69,0,0
2024-08-01,03L,"NHS ROTHERHAM",1994,15800.61,0,0
2024-08-01,U2G6B,"NHS THAMES VALLEY ICB - U2G6B",1998,18930.21,0,0
2024-08-01,M2L0M,"NHS SHROPSHIRE, TELFORD AND WREKIN",2040,19116.27,0,0
2024-08-01,02X,"NHS DONCASTER",2044,16974.82,0,0
2024-08-01,00L,"NHS NORTHUMBERLAND",2077,19516.02,0,0
2024-08-01,07K,"NHS WEST SUFFOLK",2081,14839.26,0,0
2024-08-01,02H,"NHS WIGAN BOROUGH",2091,18789.77,0,0
2024-08-01,01H,"NHS NORTH CUMBRIA",2205,21022.73,0,0
2024-08-01,13T,"NHS NEWCASTLE GATESHEAD",2296,21290.83,0,0
2024-08-01,01A,"NHS EAST LANCASHIRE",2318,18959.12,0,0
2024-08-01,06Q,"NHS MID ESSEX",2325,17870.34,0,0
2024-08-01,02P,"NHS BARNSLEY",2335,19287.1,0,0
2024-08-01,06L,"NHS IPSWICH AND EAST SUFFOLK",2359,17109.35,0,0
2024-08-01,05W,"NHS STOKE ON TRENT",2489,20421.46,0,0
2024-08-01,06N,"NHS HERTS VALLEYS",2640,25622.32,0,0
2024-08-01,X2C4Y,"NHS KIRKLEES",2686,26778.99,0,0
2024-08-01,42D,"NHS NORTH YORKSHIRE",2780,26469.93,0,0
2024-08-01,11J,"NHS DORSET",2843,23966.35,0,0
2024-08-01,11M,"NHS GLOUCESTERSHIRE",2865,23908.28,0,0
2024-08-01,97R,"NHS EAST SUSSEX",2884,26147.98,0,0
2024-08-01,99A,"NHS LIVERPOOL",3008,27308.8,0,0
2024-08-01,15C,"NHS BRISTOL, NORTH SOMERSET AND SOUTH GLOUCESTERSHIRE",3116,31340.07,0,0
2024-08-01,15F,"NHS LEEDS",3169,27962.88,0,0
2024-08-01,11N,"NHS CORNWALL AND THE ISLES OF SCILLY",3268,26714.61,0,0
2024-08-01,10Q,"NHS OXFORDSHIRE",3279,29953.7,0,0
2024-08-01,14Y,"NHS BUCKINGHAMSHIRE",3303,29199.6,0,0
2024-08-01,06K,"NHS EAST AND NORTH HERTFORDSHIRE",3496,28655.93,0,0
2024-08-01,15M,"NHS DERBY AND DERBYSHIRE",3581,34815.61,0,0
2024-08-01,84H,"NHS COUNTY DURHAM",3684,32006.57,0,0
2024-08-01,92G,"NHS BATH AND NORTH EAST SOMERSET, SWINDON AND WILTSHIRE",3783,30462.28,0,0
2024-08-01,18C,"NHS HEREFORDSHIRE AND WORCESTERSHIRE",3867,37097.94,0,0
2024-08-01,B2M3M,"NHS COVENTRY AND WARWICKSHIRE",3912,32223.74,0,0
2024-08-01,16C,"NHS TEES VALLEY",4173,35699.2,0,0
2024-08-01,06H,"NHS CAMBRIDGESHIRE AND PETERBOROUGH",4215,31526.65,0,0
2024-08-01,36J,"NHS BRADFORD DISTRICT AND CRAVEN",4405,35659.27,0,0
2024-08-01,14L,"NHS MANCHESTER",4519,37803.59,0,0
2024-08-01,70F,"NHS WEST SUSSEX",4524,43220.88,0,0
2024-08-01,71E,"NHS LINCOLNSHIRE",4567,34705.15,0,0
2024-08-01,A3A8R,"NHS NORTH EAST LONDON",4649,44558.37,0,0
2024-08-01,15N,"NHS DEVON",4678,38238.2,0,0
2024-08-01,M1J4Y,"NHS BEDFORDSHIRE, LUTON AND MILTON KEYNES",5106,41535.53,0,0
2024-08-01,D9Y0V,"NHS HAMPSHIRE, SOUTHAMPTON AND ISLE OF WIGHT",5166,49276.88,0,0
2024-08-01,36L,"NHS SOUTH WEST LONDON",5216,54227.03,0,0
2024-08-01,92A,"NHS SURREY HEARTLANDS",5452,54191.11,0,0
2024-08-01,52R,"NHS NOTTINGHAM AND NOTTINGHAMSHIRE",5622,44005.47,0,0
2024-08-01,26A,"NHS NORFOLK AND WAVENEY",6763,55322.19,0,0
2024-08-01,93C,"NHS NORTH CENTRAL LONDON",7458,73283.37,0,0
2024-08-01,91Q,"NHS KENT AND MEDWAY",8047,69016.62,0,0
2024-08-01,72Q,"NHS SOUTH EAST LONDON",8219,84826.69,0,0
2024-08-01,15E,"NHS BIRMINGHAM AND SOLIHULL",8772,76693.5,0,0
2024-08-01,D2P2L,"NHS BLACK COUNTRY",9293,84879.09,0,0
2024-08-01,W2U3Z,"NHS NORTH WEST LONDON",10409,93068.7,0,0
2024-09-01,09W,"NHS MEDWAY",0,0,0,0
2024-09-01,D4U1Y,"NHS FRIMLEY",47,364.05,0,0
2024-09-01,12F,"NHS WIRRAL",304,2542.85,0,0
2024-09-01,07G,"NHS THURROCK",378,2887.99,0,0
2024-09-01,99F,"NHS CASTLE POINT AND ROCHFORD",398,3161.4,0,0
2024-09-01,01V,"NHS SOUTHPORT AND FORMBY",431,3633.5,0,0
2024-09-01,99G,"NHS SOUTHEND",464,3591.57,0,0
2024-09-01,01T,"NHS SOUTH SEFTON",489,3927.28,0,0
2024-09-01,02T,"NHS CALDERDALE",564,4311.56,0,0
2024-09-01,11X,"NHS SOMERSET",588,4511.78,0,0
2024-09-01,99E,"NHS BASILDON AND BRENTWOOD",592,4767.59,0,0
2024-09-01,01J,"NHS KNOWSLEY",639,5037.23,0,0
2024-09-01,01F,"NHS HALTON",653,5661.65,0,0
2024-09-01,78H,"NHS NORTHAMPTONSHIRE",662,4963.8,0,0
2024-09-01,10R,"NHS PORTSMOUTH",721,7132.16,0,0
2024-09-01,02Q,"NHS BASSETLAW",763,5643.88,0,0
2024-09-01,05D,"NHS EAST STAFFORDSHIRE",785,6168.51,0,0
2024-09-01,04C,"NHS LEICESTER CITY",801,4563.22,0,0
2024-09-01,02E,"NHS WARRINGTON",808,6312.53,0,0
2024-09-01,03W,"NHS EAST LEICESTERSHIRE AND RUTLAND",818,5021.38,0,0
2024-09-01,02G,"NHS WEST LANCASHIRE",861,7881.88,0,0
2024-09-01,00X,"NHS CHORLEY AND SOUTH RIBBLE",929,8447.73,0,0
2024-09-01,02M,"NHS FYLDE AND WYRE",945,8026.98,0,0
2024-09-01,05V,"NHS STAFFORD AND SURROUNDS",1025,9296.99,0,0
2024-09-01,04Y,"NHS CANNOCK CHASE",1034,8952.73,0,0
2024-09-01,04V,"NHS WEST LEICESTERSHIRE",1035,6737.47,0,0
2024-09-01,01G,"NHS SALFORD",1047,8556.52,0,0
2024-09-01,03K,"NHS NORTH LINCOLNSHIRE",1080,8250.81,0,0
2024-09-01,03Q,"NHS VALE OF YORK",1099,10669.58,0,0
2024-09-01,01D,"NHS HEYWOOD, MIDDLETON AND ROCHDALE",1118,8659.96,0,0
2024-09-01,27D,"NHS CHESHIRE",1118,9472.09,0,0
2024-09-01,00R,"NHS BLACKPOOL",1123,9477.86,0,0
2024-09-01,01K,"NHS MORECAMBE BAY",1158,8856.51,0,0
2024-09-01,99C,"NHS NORTH TYNESIDE",1168,11125.6,0,0
2024-09-01,03F,"NHS HULL",1184,8863.2,0,0
2024-09-01,00V,"NHS BURY",1206,8522.32,0,0
2024-09-01,01E,"NHS GREATER PRESTON",1218,11198.55,0,0
2024-09-01,02Y,"NHS EAST RIDING OF YORKSHIRE",1233,9157.43,0,0
2024-09-01,09D,"NHS BRIGHTON AND HOVE",1249,12660.51,0,0
2024-09-01,00N,"NHS SOUTH TYNESIDE",1267,13151.89,0,0
2024-09-01,05Q,"NHS SOUTH EAST STAFFORDSHIRE AND SEISDON PENINSULA",1317,12692.22,0,0
2024-09-01,03H,"NHS NORTH EAST LINCOLNSHIRE",1318,10151.71,0,0
2024-09-01,01Y,"NHS TAMESIDE AND GLOSSOP",1359,12165.77,0,0
2024-09-01,00Q,"NHS BLACKBURN WITH DARWEN",1363,12424.88,0,0
2024-09-01,01X,"NHS ST HELENS",1393,12320.69,0,0
2024-09-01,02A,"NHS TRAFFORD",1402,12257.58,0,0
2024-09-01,01W,"NHS STOCKPORT",1444,12091.02,0,0
2024-09-01,03R,"NHS WAKEFIELD",1475,11584.33,0,0
2024-09-01,15A,"NHS BERKSHIRE WEST",1491,13473.22,0,0
2024-09-01,05G,"NHS NORTH STAFFORDSHIRE",1527,13363.82,0,0
2024-09-01,03N,"NHS SHEFFIELD",1617,13769.19,0,0
2024-09-01,07H,"NHS WEST ESSEX",1720,13132.8,0,0
2024-09-01,00T,"NHS BOLTON",1931,15603.51,0,0
2024-09-01,00P,"NHS SUNDERLAND",1934,18646.52,0,0
2024-09-01,06T,"NHS NORTH EAST ESSEX",2013,15439.24,0,0
2024-09-01,00Y,"NHS OLDHAM",2059,15623.86,0,0
2024-09-01,02X,"NHS DONCASTER",2099,17410.68,0,0
2024-09-01,U2G6B,"NHS THAMES VALLEY ICB - U2G6B",2105,19682.45,0,0
2024-09-01,07K,"NHS WEST SUFFOLK",2123,15260.25,0,0
2024-09-01,M2L0M,"NHS SHROPSHIRE, TELFORD AND WREKIN",2164,19534.22,0,0
2024-09-01,00L,"NHS NORTHUMBERLAND",2182,20056.67,0,0
2024-09-01,02H,"NHS WIGAN BOROUGH",2200,19665.91,0,0
2024-09-01,01H,"NHS NORTH CUMBRIA",2220,21152.99,0,0
2024-09-01,03L,"NHS ROTHERHAM",2226,17430.14,0,0
2024-09-01,06L,"NHS IPSWICH AND EAST SUFFOLK",2331,17164.61,0,0
2024-09-01,02P,"NHS BARNSLEY",2383,19245.42,0,0
2024-09-01,06Q,"NHS MID ESSEX",2408,18191.77,0,0
2024-09-01,01A,"NHS EAST LANCASHIRE",2472,20022.92,0,0
2024-09-01,13T,"NHS NEWCASTLE GATESHEAD",2483,21998.44,0,0
2024-09-01,05W,"NHS STOKE ON TRENT",2613,21250.9,0,0
2024-09-01,06N,"NHS HERTS VALLEYS",2801,26865.13,0,0
2024-09-01,X2C4Y,"NHS KIRKLEES",2848,27071.18,0,0
2024-09-01,42D,"NHS NORTH YORKSHIRE",2881,26352.27,0,0
2024-09-01,11J,"NHS DORSET",3073,25484.73,0,0
2024-09-01,11M,"NHS GLOUCESTERSHIRE",3164,25490.47,0,0
2024-09-01,99A,"NHS LIVERPOOL",3165,28376.87,0,0
2024-09-01,97R,"NHS EAST SUSSEX",3198,28927.52,0,0
2024-09-01,10Q,"NHS OXFORDSHIRE",3348,30652.77,0,0
2024-09-01,11N,"NHS CORNWALL AND THE ISLES OF SCILLY",3348,26997.46,0,0
2024-09-01,15C,"NHS BRISTOL, NORTH SOMERSET AND SOUTH GLOUCESTERSHIRE",3480,33627.9,0,0
2024-09-01,14Y,"NHS BUCKINGHAMSHIRE",3508,30544.94,0,0
2024-09-01,15F,"NHS LEEDS",3568,30439.01,0,0
2024-09-01,15M,"NHS DERBY AND DERBYSHIRE",3604,34520.96,0,0
2024-09-01,06K,"NHS EAST AND NORTH HERTFORDSHIRE",3616,29217.43,0,0
2024-09-01,84H,"NHS COUNTY DURHAM",3804,32217.25,0,0
2024-09-01,18C,"NHS HEREFORDSHIRE AND WORCESTERSHIRE",3996,37519.57,0,0
2024-09-01,92G,"NHS BATH AND NORTH EAST SOMERSET, SWINDON AND WILTSHIRE",4019,31230.31,0,0
2024-09-01,B2M3M,"NHS COVENTRY AND WARWICKSHIRE",4046,33147.68,0,0
2024-09-01,16C,"NHS TEES VALLEY",4320,36584.87,0,0
2024-09-01,06H,"NHS CAMBRIDGESHIRE AND PETERBOROUGH",4345,31685.71,0,0
2024-09-01,71E,"NHS LINCOLNSHIRE",4727,35207.46,0,0
2024-09-01,36J,"NHS BRADFORD DISTRICT AND CRAVEN",4737,37411.5,0,0
2024-09-01,14L,"NHS MANCHESTER",4751,39106.53,0,0
2024-09-01,A3A8R,"NHS NORTH EAST LONDON",4756,44866.28,0,0
2024-09-01,70F,"NHS WEST SUSSEX",4893,46216.48,0,0
2024-09-01,15N,"NHS DEVON",4967,39607.88,0,0
2024-09-01,M1J4Y,"NHS BEDFORDSHIRE, LUTON AND MILTON KEYNES",5347,42321.42,0,0
2024-09-01,36L,"NHS SOUTH WEST LONDON",5472,55225.42,0,0
2024-09-01,D9Y0V,"NHS HAMPSHIRE, SOUTHAMPTON AND ISLE OF WIGHT",5496,51112.81,0,0
2024-09-01,52R,"NHS NOTTINGHAM AND NOTTINGHAMSHIRE",5733,44038.49,0,0
2024-09-01,92A,"NHS SURREY HEARTLANDS",5975,58945.26,0,0
2024-09-01,26A,"NHS NORFOLK AND WAVENEY",6828,54901.76,0,0
2024-09-01,93C,"NHS NORTH CENTRAL LONDON",8345,81455.91,0,0
2024-09-01,91Q,"NHS KENT AND MEDWAY",8795,73553.94,0,0
2024-09-01,72Q,"NHS SOUTH EAST LONDON",8911,91098.59,0,0
2024-09-01,15E,"NHS BIRMINGHAM AND SOLIHULL",9663,81551.33,0,0
2024-09-01,D2P2L,"NHS BLACK COUNTRY",10165,89979.77,0,0
2024-09-01,W2U3Z,"NHS NORTH WEST LONDON",11362,99714.27,0,0
2024-10-01,09W,"NHS MEDWAY",0,0,0,0
2024-10-01,D4U1Y,"NHS FRIMLEY",65,444.03,0,0
2024-10-01,07G,"NHS THURROCK",372,2940.74,0,0
2024-10-01,12F,"NHS WIRRAL",375,3285.14,0,0
2024-10-01,99F,"NHS CASTLE POINT AND ROCHFORD",423,3371.53,0,0
2024-10-01,01V,"NHS SOUTHPORT AND FORMBY",451,3808.13,0,0
2024-10-01,01T,"NHS SOUTH SEFTON",498,3890.18,0,0
2024-10-01,99G,"NHS SOUTHEND",508,4052.34,0,0
2024-10-01,02T,"NHS CALDERDALE",558,3951.02,0,0
2024-10-01,01J,"NHS KNOWSLEY",623,4733.88,0,0
2024-10-01,99E,"NHS BASILDON AND BRENTWOOD",628,5079.24,0,0
2024-10-01,11X,"NHS SOMERSET",635,4985.9,0,0
2024-10-01,78H,"NHS NORTHAMPTONSHIRE",659,4872.79,0,0
2024-10-01,01F,"NHS HALTON",707,5994.61,0,0
2024-10-01,04C,"NHS LEICESTER CITY",756,4485.29,0,0
2024-10-01,10R,"NHS PORTSMOUTH",759,7628.61,0,0
2024-10-01,02Q,"NHS BASSETLAW",795,5950.78,0,0
2024-10-01,05D,"NHS EAST STAFFORDSHIRE",818,6398.62,0,0
2024-10-01,03W,"NHS EAST LEICESTERSHIRE AND RUTLAND",848,5457.76,0,0
2024-10-01,02E,"NHS WARRINGTON",875,7245.03,0,0
2024-10-01,02G,"NHS WEST LANCASHIRE",920,8574.05,0,0
2024-10-01,02M,"NHS FYLDE AND WYRE",958,8027.06,0,0
2024-10-01,04V,"NHS WEST LEICESTERSHIRE",986,6519.42,0,0
2024-10-01,04Y,"NHS CANNOCK CHASE",1034,9160.28,0,0
2024-10-01,00X,"NHS CHORLEY AND SOUTH RIBBLE",1042,9489.97,0,0
2024-10-01,05V,"NHS STAFFORD AND SURROUNDS",1098,9939.79,0,0
2024-10-01,01G,"NHS SALFORD",1121,9184.28,0,0
2024-10-01,03K,"NHS NORTH LINCOLNSHIRE",1150,8731.89,0,0
2024-10-01,03Q,"NHS VALE OF YORK",1163,11519.7,0,0
2024-10-01,99C,"NHS NORTH TYNESIDE",1213,11730.62,0,0
2024-10-01,01D,"NHS HEYWOOD, MIDDLETON AND ROCHDALE",1214,9709.99,0,0
2024-10-01,27D,"NHS CHESHIRE",1217,10016.17,0,0
2024-10-01,03F,"NHS HULL",1224,9272.87,0,0
2024-10-01,00V,"NHS BURY",1233,8856.31,0,0
2024-10-01,00R,"NHS BLACKPOOL",1237,10533.34,0,0
2024-10-01,01K,"NHS MORECAMBE BAY",1268,9939.91,0,0
2024-10-01,01E,"NHS GREATER PRESTON",1271,11894.34,0,0
2024-10-01,02Y,"NHS EAST RIDING OF YORKSHIRE",1342,10219.99,0,0
2024-10-01,05Q,"NHS SOUTH EAST STAFFORDSHIRE AND SEISDON PENINSULA",1345,13076.88,0,0
2024-10-01,00N,"NHS SOUTH TYNESIDE",1355,14394.87,0,0
2024-10-01,09D,"NHS BRIGHTON AND HOVE",1384,14095.81,0,0
2024-10-01,03H,"NHS NORTH EAST LINCOLNSHIRE",1400,10585.95,0,0
2024-10-01,00Q,"NHS BLACKBURN WITH DARWEN",1401,12883.58,0,0
2024-10-01,01Y,"NHS TAMESIDE AND GLOSSOP",1454,12855.66,0,0
2024-10-01,03R,"NHS WAKEFIELD",1480,11659.18,0,0
2024-10-01,02A,"NHS TRAFFORD",1503,13372.84,0,0
2024-10-01,01W,"NHS STOCKPORT",1510,12868.36,0,0
2024-10-01,01X,"NHS ST HELENS",1527,13463.29,0,0
2024-10-01,05G,"NHS NORTH STAFFORDSHIRE",1531,13443.68,0,0
2024-10-01,03N,"NHS SHEFFIELD",1606,13683.73,0,0
2024-10-01,15A,"NHS BERKSHIRE WEST",1697,15793.69,0,0
2024-10-01,07H,"NHS WEST ESSEX",1912,15094.07,0,0
2024-10-01,00Y,"NHS OLDHAM",1991,15495.21,0,0
2024-10-01,00P,"NHS SUNDERLAND",2048,20386.35,0,0
2024-10-01,00T,"NHS BOLTON",2093,16624.47,0,0
2024-10-01,06T,"NHS NORTH EAST ESSEX",2180,17079.63,0,0
2024-10-01,07K,"NHS WEST SUFFOLK",2210,15907.44,0,0
2024-10-01,03L,"NHS ROTHERHAM",2239,17963.5,0,0
2024-10-01,00L,"NHS NORTHUMBERLAND",2249,21078.87,0,0
2024-10-01,02X,"NHS DONCASTER",2251,18206.03,0,0
2024-10-01,U2G6B,"NHS THAMES VALLEY ICB - U2G6B",2273,21293.72,0,0
2024-10-01,01H,"NHS NORTH CUMBRIA",2326,22089.25,0,0
2024-10-01,02P,"NHS BARNSLEY",2355,19144.69,0,0
2024-10-01,M2L0M,"NHS SHROPSHIRE, TELFORD AND WREKIN",2382,21988.07,0,0
2024-10-01,02H,"NHS WIGAN BOROUGH",2441,21518.17,0,0
2024-10-01,06L,"NHS IPSWICH AND EAST SUFFOLK",2608,18806.98,0,0
2024-10-01,13T,"NHS NEWCASTLE GATESHEAD",2631,23244.92,0,0
2024-10-01,06Q,"NHS MID ESSEX",2654,20264.14,0,0
2024-10-01,05W,"NHS STOKE ON TRENT",2708,22347.49,0,0
2024-10-01,01A,"NHS EAST LANCASHIRE",2802,22563.5,0,0
2024-10-01,X2C4Y,"NHS KIRKLEES",3060,29009.01,0,0
2024-10-01,42D,"NHS NORTH YORKSHIRE",3065,28884.36,0,0
2024-10-01,06N,"NHS HERTS VALLEYS",3106,30290.39,0,0
2024-10-01,11M,"NHS GLOUCESTERSHIRE",3219,26122.13,0,0
2024-10-01,11J,"NHS DORSET",3349,27673.9,0,0
2024-10-01,97R,"NHS EAST SUSSEX",3366,30445.2,0,0
2024-10-01,99A,"NHS LIVERPOOL",3476,30875.49,0,0
2024-10-01,15F,"NHS LEEDS",3643,31383.75,0,0
2024-10-01,11N,"NHS CORNWALL AND THE ISLES OF SCILLY",3677,29895.05,0,0
2024-10-01,14Y,"NHS BUCKINGHAMSHIRE",3727,32675.57,0,0
2024-10-01,15C,"NHS BRISTOL, NORTH SOMERSET AND SOUTH GLOUCESTERSHIRE",3796,36926.22,0,0
2024-10-01,10Q,"NHS OXFORDSHIRE",3804,34574.77,0,0
2024-10-01,15M,"NHS DERBY AND DERBYSHIRE",3876,37379.15,0,0
2024-10-01,06K,"NHS EAST AND NORTH HERTFORDSHIRE",3977,31874.1,0,0
2024-10-01,18C,"NHS HEREFORDSHIRE AND WORCESTERSHIRE",4221,39158.22,0,0
2024-10-01,84H,"NHS COUNTY DURHAM",4259,35987.14,0,0
2024-10-01,B2M3M,"NHS COVENTRY AND WARWICKSHIRE",4390,35753.73,0,0
2024-10-01,92G,"NHS BATH AND NORTH EAST SOMERSET, SWINDON AND WILTSHIRE",4410,33988.26,0,0
2024-10-01,16C,"NHS TEES VALLEY",4609,38748.97,0,0
2024-10-01,06H,"NHS CAMBRIDGESHIRE AND PETERBOROUGH",4741,34730.14,0,0
2024-10-01,A3A8R,"NHS NORTH EAST LONDON",4894,45823.2,0,0
2024-10-01,36J,"NHS BRADFORD DISTRICT AND CRAVEN",4977,39906.29,0,0
2024-10-01,71E,"NHS LINCOLNSHIRE",5009,37544.75,0,0
2024-10-01,14L,"NHS MANCHESTER",5162,42750.61,0,0
2024-10-01,70F,"NHS WEST SUSSEX",5174,50048.6,0,0
2024-10-01,15N,"NHS DEVON",5535,44316.69,0,0
2024-10-01,M1J4Y,"NHS BEDFORDSHIRE, LUTON AND MILTON KEYNES",5650,44648.42,0,0
2024-10-01,D9Y0V,"NHS HAMPSHIRE, SOUTHAMPTON AND ISLE OF WIGHT",5836,54018.88,0,0
2024-10-01,36L,"NHS SOUTH WEST LONDON",5927,60325.58,0,0
2024-10-01,52R,"NHS NOTTINGHAM AND NOTTINGHAMSHIRE",6070,47584.35,0,0
2024-10-01,92A,"NHS SURREY HEARTLANDS",6490,64127.6,0,0
2024-10-01,26A,"NHS NORFOLK AND WAVENEY",7206,57775.82,0,0
2024-10-01,93C,"NHS NORTH CENTRAL LONDON",8983,87150.94,0,0
2024-10-01,72Q,"NHS SOUTH EAST LONDON",9263,93928.64,0,0
2024-10-01,91Q,"NHS KENT AND MEDWAY",9418,79292.75,0,0
2024-10-01,15E,"NHS BIRMINGHAM AND SOLIHULL",10192,87361.44,0,0
2024-10-01,D2P2L,"NHS BLACK COUNTRY",10305,91628.25,0,0
2024-10-01,W2U3Z,"NHS NORTH WEST LONDON",12677,111182.75,0,0
2024-11-01,09W,"NHS MEDWAY",0,0,0,0
2024-11-01,D4U1Y,"NHS FRIMLEY",84,617.21,0,0
2024-11-01,12F,"NHS WIRRAL",361,3142.35,0,0
2024-11-01,07G,"NHS THURROCK",370,2750.94,0,0
2024-11-01,99F,"NHS CASTLE POINT AND ROCHFORD",397,3158.97,0,0
2024-11-01,01V,"NHS SOUTHPORT AND FORMBY",419,3740.72,0,0
2024-11-01,99G,"NHS SOUTHEND",448,3670.22,0,0
2024-11-01,01T,"NHS SOUTH SEFTON",529,4184.04,0,0
2024-11-01,02T,"NHS CALDERDALE",549,4023.86,0,0
2024-11-01,01J,"NHS KNOWSLEY",569,4485.27,0,0
2024-11-01,99E,"NHS BASILDON AND BRENTWOOD",597,4770.51,0,0
2024-11-01,78H,"NHS NORTHAMPTONSHIRE",639,4679.77,0,0
2024-11-01,11X,"NHS SOMERSET",667,5242.11,0,0
2024-11-01,01F,"NHS HALTON",687,5793.86,0,0
2024-11-01,10R,"NHS PORTSMOUTH",761,7439.87,0,0
2024-11-01,05D,"NHS EAST STAFFORDSHIRE",774,5842.36,0,0
2024-11-01,03W,"NHS EAST LEICESTERSHIRE AND RUTLAND",789,4999.35,0,0
2024-11-01,04C,"NHS LEICESTER CITY",795,4510.28,0,0
2024-11-01,02Q,"NHS BASSETLAW",804,5820.59,0,0
2024-11-01,02E,"NHS WARRINGTON",858,6727.08,0,0
2024-11-01,02G,"NHS WEST LANCASHIRE",889,8298.31,0,0
2024-11-01,02M,"NHS FYLDE AND WYRE",919,7539.99,0,0
2024-11-01,04Y,"NHS CANNOCK CHASE",989,8672.64,0,0
2024-11-01,04V,"NHS WEST LEICESTERSHIRE",1025,6465.3,0,0
2024-11-01,00X,"NHS CHORLEY AND SOUTH RIBBLE",1035,9456.58,0,0
2024-11-01,05V,"NHS STAFFORD AND SURROUNDS",1036,9363.76,0,0
2024-11-01,03Q,"NHS VALE OF YORK",1091,10538.46,0,0
2024-11-01,99C,"NHS NORTH TYNESIDE",1092,10740.39,0,0
2024-11-01,01G,"NHS SALFORD",1097,8903.25,0,0
2024-11-01,03K,"NHS NORTH LINCOLNSHIRE",1102,8437.15,0,0
2024-11-01,01D,"NHS HEYWOOD, MIDDLETON AND ROCHDALE",1125,8725.14,0,0
2024-11-01,00R,"NHS BLACKPOOL",1127,9644.74,0,0
2024-11-01,03F,"NHS HULL",1181,9107.57,0,0
2024-11-01,00V,"NHS BURY",1207,8755.98,0,0
2024-11-01,27D,"NHS CHESHIRE",1222,10424.61,0,0
2024-11-01,01K,"NHS MORECAMBE BAY",1244,9427.04,0,0
2024-11-01,00N,"NHS SOUTH TYNESIDE",1259,13336.43,0,0
2024-11-01,02Y,"NHS EAST RIDING OF YORKSHIRE",1268,9337.72,0,0
2024-11-01,00Q,"NHS BLACKBURN WITH DARWEN",1301,12122.61,0,0
2024-11-01,09D,"NHS BRIGHTON AND HOVE",1336,13567.71,0,0
2024-11-01,01E,"NHS GREATER PRESTON",1337,12454.23,0,0
2024-11-01,05Q,"NHS SOUTH EAST STAFFORDSHIRE AND SEISDON PENINSULA",1337,12760.23,0,0
2024-11-01,03H,"NHS NORTH EAST LINCOLNSHIRE",1343,10280.48,0,0
2024-11-01,01X,"NHS ST HELENS",1375,12264.92,0,0
2024-11-01,03R,"NHS WAKEFIELD",1379,10840.25,0,0
2024-11-01,01Y,"NHS TAMESIDE AND GLOSSOP",1391,12252.04,0,0
2024-11-01,02A,"NHS TRAFFORD",1482,12984.67,0,0
2024-11-01,05G,"NHS NORTH STAFFORDSHIRE",1484,13009.73,0,0
2024-11-01,01W,"NHS STOCKPORT",1532,12598.72,0,0
2024-11-01,03N,"NHS SHEFFIELD",1543,13172.13,0,0
2024-11-01,15A,"NHS BERKSHIRE WEST",1606,14596.64,0,0
2024-11-01,07H,"NHS WEST ESSEX",1727,13618.23,0,0
2024-11-01,02P,"NHS BARNSLEY",1863,15475.02,0,0
2024-11-01,00P,"NHS SUNDERLAND",1971,19157.32,0,0
2024-11-01,00Y,"NHS OLDHAM",1974,15307.81,0,0
2024-11-01,00T,"NHS BOLTON",2022,16461.7,0,0
2024-11-01,06T,"NHS NORTH EAST ESSEX",2151,16909.4,0,0
2024-11-01,07K,"NHS WEST SUFFOLK",2161,15401.13,0,0
2024-11-01,03L,"NHS ROTHERHAM",2191,17179.36,0,0
2024-11-01,U2G6B,"NHS THAMES VALLEY ICB - U2G6B",2192,20216.05,0,0
2024-11-01,02X,"NHS DONCASTER",2193,17726.22,0,0
2024-11-01,00L,"NHS NORTHUMBERLAND",2203,20069.52,0,0
2024-11-01,M2L0M,"NHS SHROPSHIRE, TELFORD AND WREKIN",2272,20756.19,0,0
2024-11-01,01H,"NHS NORTH CUMBRIA",2349,22426.95,0,0
2024-11-01,02H,"NHS WIGAN BOROUGH",2351,20461.32,0,0
2024-11-01,06Q,"NHS MID ESSEX",2453,18619.51,0,0
2024-11-01,13T,"NHS NEWCASTLE GATESHEAD",2473,22370.5,0,0
2024-11-01,06L,"NHS IPSWICH AND EAST SUFFOLK",2529,18619.39,0,0
2024-11-01,01A,"NHS EAST LANCASHIRE",2563,20555.78,0,0
2024-11-01,05W,"NHS STOKE ON TRENT",2622,21040.07,0,0
2024-11-01,X2C4Y,"NHS KIRKLEES",2840,27426.63,0,0
2024-11-01,06N,"NHS HERTS VALLEYS",2940,28307.47,0,0
2024-11-01,42D,"NHS NORTH YORKSHIRE",3050,28303.64,0,0
2024-11-01,99A,"NHS LIVERPOOL",3129,27859.45,0,0
2024-11-01,97R,"NHS EAST SUSSEX",3202,29150.41,0,0
2024-11-01,11M,"NHS GLOUCESTERSHIRE",3264,26338.12,0,0
2024-11-01,11J,"NHS DORSET",3283,27376.16,0,0
2024-11-01,11N,"NHS CORNWALL AND THE ISLES OF SCILLY",3376,26787.12,0,0
2024-11-01,10Q,"NHS OXFORDSHIRE",3504,31624.32,0,0
2024-11-01,14Y,"NHS BUCKINGHAMSHIRE",3524,30382.53,0,0
2024-11-01,15F,"NHS LEEDS",3620,31402.87,0,0
2024-11-01,15C,"NHS BRISTOL, NORTH SOMERSET AND SOUTH GLOUCESTERSHIRE",3700,35635.36,0,0
2024-11-01,15M,"NHS DERBY AND DERBYSHIRE",3707,35988.45,0,0
2024-11-01,06K,"NHS EAST AND NORTH HERTFORDSHIRE",3836,30792.04,0,0
2024-11-01,84H,"NHS COUNTY DURHAM",3912,33001.07,0,0
2024-11-01,18C,"NHS HEREFORDSHIRE AND WORCESTERSHIRE",4063,37782.87,0,0
2024-11-01,B2M3M,"NHS COVENTRY AND WARWICKSHIRE",4251,33853.12,0,0
2024-11-01,92G,"NHS BATH AND NORTH EAST SOMERSET, SWINDON AND WILTSHIRE",4363,34266.53,0,0
2024-11-01,16C,"NHS TEES VALLEY",4415,37113.77,0,0
2024-11-01,36J,"NHS BRADFORD DISTRICT AND CRAVEN",4651,37098.32,0,0
2024-11-01,06H,"NHS CAMBRIDGESHIRE AND PETERBOROUGH",4702,34509.91,0,0
2024-11-01,A3A8R,"NHS NORTH EAST LONDON",4822,45855.63,0,0
2024-11-01,71E,"NHS LINCOLNSHIRE",4842,36161.73,0,0
2024-11-01,14L,"NHS MANCHESTER",4868,40191.01,0,0
2024-11-01,70F,"NHS WEST SUSSEX",5084,47993.88,0,0
2024-11-01,15N,"NHS DEVON",5411,43019.81,0,0
2024-11-01,M1J4Y,"NHS BEDFORDSHIRE, LUTON AND MILTON KEYNES",5529,42910.06,0,0
2024-11-01,D9Y0V,"NHS HAMPSHIRE, SOUTHAMPTON AND ISLE OF WIGHT",5659,53541.09,0,0
2024-11-01,36L,"NHS SOUTH WEST LONDON",5841,59111.04,0,0
2024-11-01,52R,"NHS NOTTINGHAM AND NOTTINGHAMSHIRE",5853,44870.09,0,0
2024-11-01,92A,"NHS SURREY HEARTLANDS",6471,63086.32,0,0
2024-11-01,26A,"NHS NORFOLK AND WAVENEY",7224,57966.02,0,0
2024-11-01,93C,"NHS NORTH CENTRAL LONDON",8664,84184.67,0,0
2024-11-01,91Q,"NHS KENT AND MEDWAY",9260,77046.68,0,0
2024-11-01,72Q,"NHS SOUTH EAST LONDON",9440,96433.09,0,0
2024-11-01,15E,"NHS BIRMINGHAM AND SOLIHULL",9676,83548.42,0,0
2024-11-01,D2P2L,"NHS BLACK COUNTRY",9853,87779.92,0,0
2024-11-01,W2U3Z,"NHS NORTH WEST LONDON",11973,104732.6,0,0
2024-12-01,09W,"NHS MEDWAY",0,0,0,0
2024-12-01,D4U1Y,"NHS FRIMLEY",79,551.09,0,0
2024-12-01,07G,"NHS THURROCK",362,2718.66,0,0
2024-12-01,12F,"NHS WIRRAL",380,3176,0,0
2024-12-01,99F,"NHS CASTLE POINT AND ROCHFORD",421,3292.44,0,0
2024-12-01,01V,"NHS SOUTHPORT AND FORMBY",423,3917.59,0,0
2024-12-01,01J,"NHS KNOWSLEY",475,3720.46,0,0
2024-12-01,01T,"NHS SOUTH SEFTON",494,3996.35,0,0
2024-12-01,99G,"NHS SOUTHEND",527,4295,0,0
2024-12-01,02T,"NHS CALDERDALE",559,4283.56,0,0
2024-12-01,99E,"NHS BASILDON AND BRENTWOOD",607,4885.58,0,0
2024-12-01,11X,"NHS SOMERSET",615,4882.79,0,0
2024-12-01,78H,"NHS NORTHAMPTONSHIRE",662,4901.64,0,0
2024-12-01,04C,"NHS LEICESTER CITY",757,4348.6,0,0
2024-12-01,10R,"NHS PORTSMOUTH",759,7685.82,0,0
2024-12-01,05D,"NHS EAST STAFFORDSHIRE",774,6116.92,0,0
2024-12-01,01F,"NHS HALTON",779,6573.93,0,0
2024-12-01,02Q,"NHS BASSETLAW",829,6081.64,0,0
2024-12-01,02E,"NHS WARRINGTON",845,6844.53,0,0
2024-12-01,02G,"NHS WEST LANCASHIRE",863,8092.64,0,0
2024-12-01,03W,"NHS EAST LEICESTERSHIRE AND RUTLAND",879,5665.39,0,0
2024-12-01,02M,"NHS FYLDE AND WYRE",957,7913.93,0,0
2024-12-01,04Y,"NHS CANNOCK CHASE",1018,9173.71,0,0
2024-12-01,04V,"NHS WEST LEICESTERSHIRE",1037,6818.34,0,0
2024-12-01,05V,"NHS STAFFORD AND SURROUNDS",1057,9639.88,0,0
2024-12-01,01D,"NHS HEYWOOD, MIDDLETON AND ROCHDALE",1066,8446.32,0,0
2024-12-01,00X,"NHS CHORLEY AND SOUTH RIBBLE",1078,10081.37,0,0
2024-12-01,01G,"NHS SALFORD",1086,8996.5,0,0
2024-12-01,00R,"NHS BLACKPOOL",1097,9938.71,0,0
2024-12-01,03K,"NHS NORTH LINCOLNSHIRE",1152,8784.68,0,0
2024-12-01,03F,"NHS HULL",1174,9013.38,0,0
2024-12-01,99C,"NHS NORTH TYNESIDE",1182,11678.73,0,0
2024-12-01,03Q,"NHS VALE OF YORK",1183,11657.69,0,0
2024-12-01,00V,"NHS BURY",1187,8513.93,0,0
2024-12-01,27D,"NHS CHESHIRE",1219,10150.49,0,0
2024-12-01,01K,"NHS MORECAMBE BAY",1282,9812.73,0,0
2024-12-01,00N,"NHS SOUTH TYNESIDE",1303,13639.78,0,0
2024-12-01,03R,"NHS WAKEFIELD",1304,9992.6,0,0
2024-12-01,01E,"NHS GREATER PRESTON",1306,12479.39,0,0
2024-12-01,02Y,"NHS EAST RIDING OF YORKSHIRE",1306,9869.48,0,0
2024-12-01,00Q,"NHS BLACKBURN WITH DARWEN",1313,12062.68,0,0
2024-12-01,09D,"NHS BRIGHTON AND HOVE",1321,13239.98,0,0
2024-12-01,05Q,"NHS SOUTH EAST STAFFORDSHIRE AND SEISDON PENINSULA",1327,13445.53,0,0
2024-12-01,03H,"NHS NORTH EAST LINCOLNSHIRE",1344,10415.87,0,0
2024-12-01,02P,"NHS BARNSLEY",1368,11028.56,0,0
2024-12-01,01Y,"NHS TAMESIDE AND GLOSSOP",1415,12581.02,0,0
2024-12-01,01X,"NHS ST HELENS",1439,13030.98,0,0
2024-12-01,01W,"NHS STOCKPORT",1449,12291.81,0,0
2024-12-01,02A,"NHS TRAFFORD",1464,12779.02,0,0
2024-12-01,03N,"NHS SHEFFIELD",1532,12960.75,0,0
2024-12-01,05G,"NHS NORTH STAFFORDSHIRE",1547,13235.45,0,0
2024-12-01,15A,"NHS BERKSHIRE WEST",1668,15378.02,0,0
2024-12-01,07H,"NHS WEST ESSEX",1869,14572.27,0,0
2024-12-01,00Y,"NHS OLDHAM",1908,14889.51,0,0
2024-12-01,00T,"NHS BOLTON",1964,15775.86,0,0
2024-12-01,00P,"NHS SUNDERLAND",1980,19203.58,0,0
2024-12-01,03L,"NHS ROTHERHAM",2158,17023.78,0,0
2024-12-01,02X,"NHS DONCASTER",2170,17794.38,0,0
2024-12-01,U2G6B,"NHS THAMES VALLEY ICB - U2G6B",2219,20688.45,0,0
2024-12-01,06T,"NHS NORTH EAST ESSEX",2236,17652.01,0,0
2024-12-01,07K,"NHS WEST SUFFOLK",2244,15962.21,0,0
2024-12-01,00L,"NHS NORTHUMBERLAND",2291,21308.8,0,0
2024-12-01,M2L0M,"NHS SHROPSHIRE, TELFORD AND WREKIN",2336,21350.87,0,0
2024-12-01,01H,"NHS NORTH CUMBRIA",2367,22515.5,0,0
2024-12-01,02H,"NHS WIGAN BOROUGH",2413,21810.64,0,0
2024-12-01,01A,"NHS EAST LANCASHIRE",2466,19150.11,0,0
2024-12-01,06L,"NHS IPSWICH AND EAST SUFFOLK",2527,18422.85,0,0
2024-12-01,13T,"NHS NEWCASTLE GATESHEAD",2544,22842.92,0,0
2024-12-01,06Q,"NHS MID ESSEX",2555,19463.46,0,0
2024-12-01,05W,"NHS STOKE ON TRENT",2676,21972.96,0,0
2024-12-01,42D,"NHS NORTH YORKSHIRE",3018,28143.13,0,0
2024-12-01,06N,"NHS HERTS VALLEYS",3029,29570.08,0,0
2024-12-01,X2C4Y,"NHS KIRKLEES",3097,30218.53,0,0
2024-12-01,11M,"NHS GLOUCESTERSHIRE",3286,26748.38,0,0
2024-12-01,99A,"NHS LIVERPOOL",3299,29424.44,0,0
2024-12-01,11J,"NHS DORSET",3372,27625.22,0,0
2024-12-01,97R,"NHS EAST SUSSEX",3473,31356.74,0,0
2024-12-01,15F,"NHS LEEDS",3533,30838.57,0,0
2024-12-01,14Y,"NHS BUCKINGHAMSHIRE",3629,31244.38,0,0
2024-12-01,11N,"NHS CORNWALL AND THE ISLES OF SCILLY",3636,29360.6,0,0
2024-12-01,10Q,"NHS OXFORDSHIRE",3725,33170.81,0,0
2024-12-01,15C,"NHS BRISTOL, NORTH SOMERSET AND SOUTH GLOUCESTERSHIRE",3728,35960.61,0,0
2024-12-01,06K,"NHS EAST AND NORTH HERTFORDSHIRE",3827,30773.06,0,0
2024-12-01,15M,"NHS DERBY AND DERBYSHIRE",3841,37150.46,0,0
2024-12-01,84H,"NHS COUNTY DURHAM",4081,34801.56,0,0
2024-12-01,18C,"NHS HEREFORDSHIRE AND WORCESTERSHIRE",4186,38693.31,0,0
2024-12-01,92G,"NHS BATH AND NORTH EAST SOMERSET, SWINDON AND WILTSHIRE",4200,32706.8,0,0
2024-12-01,B2M3M,"NHS COVENTRY AND WARWICKSHIRE",4250,34613.29,0,0
2024-12-01,16C,"NHS TEES VALLEY",4427,37555.72,0,0
2024-12-01,06H,"NHS CAMBRIDGESHIRE AND PETERBOROUGH",4560,33818.73,0,0
2024-12-01,36J,"NHS BRADFORD DISTRICT AND CRAVEN",4612,35975.11,0,0
2024-12-01,A3A8R,"NHS NORTH EAST LONDON",4629,43050.65,0,0
2024-12-01,14L,"NHS MANCHESTER",4819,39958.19,0,0
2024-12-01,71E,"NHS LINCOLNSHIRE",5024,37701.87,0,0
2024-12-01,70F,"NHS WEST SUSSEX",5107,49443.05,0,0
2024-12-01,M1J4Y,"NHS BEDFORDSHIRE, LUTON AND MILTON KEYNES",5173,40912.1,0,0
2024-12-01,15N,"NHS DEVON",5581,44524.26,0,0
2024-12-01,36L,"NHS SOUTH WEST LONDON",5776,59084,0,0
2024-12-01,D9Y0V,"NHS HAMPSHIRE, SOUTHAMPTON AND ISLE OF WIGHT",5795,54221.1,0,0
2024-12-01,52R,"NHS NOTTINGHAM AND NOTTINGHAMSHIRE",5948,46276.31,0,0
2024-12-01,92A,"NHS SURREY HEARTLANDS",6542,64624.92,0,0
2024-12-01,26A,"NHS NORFOLK AND WAVENEY",7286,58477.74,0,0
2024-12-01,93C,"NHS NORTH CENTRAL LONDON",8485,82422.44,0,0
2024-12-01,72Q,"NHS SOUTH EAST LONDON",9278,95028.3,0,0
2024-12-01,91Q,"NHS KENT AND MEDWAY",9343,77516.58,0,0
2024-12-01,15E,"NHS BIRMINGHAM AND SOLIHULL",9655,83534.87,0,0
2024-12-01,D2P2L,"NHS BLACK COUNTRY",9904,88202.14,0,0
2024-12-01,W2U3Z,"NHS NORTH WEST LONDON",11646,101875.83,0,0
2025-01-01,09W,"NHS MEDWAY",0,0,0,0
2025-01-01,D4U1Y,"NHS FRIMLEY",78,626.74,0,0
2025-01-01,07G,"NHS THURROCK",358,2726.68,0,0
2025-01-01,12F,"NHS WIRRAL",359,2989.92,0,0
2025-01-01,99F,"NHS CASTLE POINT AND ROCHFORD",406,3307.55,0,0
2025-01-01,01V,"NHS SOUTHPORT AND FORMBY",427,3845.25,0,0
2025-01-01,01T,"NHS SOUTH SEFTON",449,3510.24,0,0
2025-01-01,99G,"NHS SOUTHEND",483,3804.15,0,0
2025-01-01,01J,"NHS KNOWSLEY",485,3854.59,0,0
2025-01-01,02T,"NHS CALDERDALE",527,4021.05,0,0
2025-01-01,99E,"NHS BASILDON AND BRENTWOOD",593,4688.6,0,0
2025-01-01,11X,"NHS SOMERSET",613,4783.94,0,0
2025-01-01,78H,"NHS NORTHAMPTONSHIRE",652,4814.46,0,0
2025-01-01,01F,"NHS HALTON",711,6204.55,0,0
2025-01-01,10R,"NHS PORTSMOUTH",727,7046.05,0,0
2025-01-01,04C,"NHS LEICESTER CITY",744,4277.35,0,0
2025-01-01,02Q,"NHS BASSETLAW",766,5664.58,0,0
2025-01-01,03W,"NHS EAST LEICESTERSHIRE AND RUTLAND",773,4938.96,0,0
2025-01-01,05D,"NHS EAST STAFFORDSHIRE",785,6051.67,0,0
2025-01-01,02E,"NHS WARRINGTON",788,6291.01,0,0
2025-01-01,02G,"NHS WEST LANCASHIRE",866,8112.09,0,0
2025-01-01,02M,"NHS FYLDE AND WYRE",926,7911.97,0,0
2025-01-01,04V,"NHS WEST LEICESTERSHIRE",964,6240.73,0,0
2025-01-01,04Y,"NHS CANNOCK CHASE",990,8519.35,0,0
2025-01-01,00X,"NHS CHORLEY AND SOUTH RIBBLE",1012,9221.23,0,0
2025-01-01,05V,"NHS STAFFORD AND SURROUNDS",1033,9363.73,0,0
2025-01-01,03K,"NHS NORTH LINCOLNSHIRE",1036,7850.61,0,0
2025-01-01,02P,"NHS BARNSLEY",1076,8541.83,0,0
2025-01-01,03Q,"NHS VALE OF YORK",1082,10695.35,0,0
2025-01-01,99C,"NHS NORTH TYNESIDE",1086,10705.31,0,0
2025-01-01,03F,"NHS HULL",1111,8312.66,0,0
2025-01-01,01G,"NHS SALFORD",1117,8981.25,0,0
2025-01-01,00V,"NHS BURY",1131,8413.9,0,0
2025-01-01,27D,"NHS CHESHIRE",1143,9756.89,0,0
2025-01-01,01D,"NHS HEYWOOD, MIDDLETON AND ROCHDALE",1163,9129.54,0,0
2025-01-01,00R,"NHS BLACKPOOL",1184,10149.72,0,0
2025-01-01,01E,"NHS GREATER PRESTON",1208,11479.28,0,0
2025-01-01,02Y,"NHS EAST RIDING OF YORKSHIRE",1280,9759.02,0,0
2025-01-01,00N,"NHS SOUTH TYNESIDE",1284,13704.62,0,0
2025-01-01,09D,"NHS BRIGHTON AND HOVE",1284,13133.86,0,0
2025-01-01,00Q,"NHS BLACKBURN WITH DARWEN",1292,11826.7,0,0
2025-01-01,01K,"NHS MORECAMBE BAY",1294,10209.94,0,0
2025-01-01,03R,"NHS WAKEFIELD",1333,10561.03,0,0
2025-01-01,05Q,"NHS SOUTH EAST STAFFORDSHIRE AND SEISDON PENINSULA",1333,13108.52,0,0
2025-01-01,01Y,"NHS TAMESIDE AND GLOSSOP",1358,11912.66,0,0
2025-01-01,03H,"NHS NORTH EAST LINCOLNSHIRE",1372,10756.45,0,0
2025-01-01,02A,"NHS TRAFFORD",1397,12428.86,0,0
2025-01-01,01X,"NHS ST HELENS",1407,12416.4,0,0
2025-01-01,05G,"NHS NORTH STAFFORDSHIRE",1480,13033.57,0,0
2025-01-01,03N,"NHS SHEFFIELD",1508,12691.18,0,0
2025-01-01,01W,"NHS STOCKPORT",1511,12838.27,0,0
2025-01-01,15A,"NHS BERKSHIRE WEST",1676,14795.74,0,0
2025-01-01,07H,"NHS WEST ESSEX",1741,13933.23,0,0
2025-01-01,00P,"NHS SUNDERLAND",1959,19078.3,0,0
2025-01-01,03L,"NHS ROTHERHAM",2051,16434.4,0,0
2025-01-01,00T,"NHS BOLTON",2088,16748.06,0,0
2025-01-01,00Y,"NHS OLDHAM",2119,16670.24,0,0
2025-01-01,02X,"NHS DONCASTER",2131,16931.37,0,0
2025-01-01,U2G6B,"NHS THAMES VALLEY ICB - U2G6B",2140,19655.2,0,0
2025-01-01,00L,"NHS NORTHUMBERLAND",2145,20168.88,0,0
2025-01-01,06T,"NHS NORTH EAST ESSEX",2174,17094.85,0,0
2025-01-01,07K,"NHS WEST SUFFOLK",2195,15926.69,0,0
2025-01-01,M2L0M,"NHS SHROPSHIRE, TELFORD AND WREKIN",2293,21383.69,0,0
2025-01-01,02H,"NHS WIGAN BOROUGH",2337,20707.1,0,0
2025-01-01,01H,"NHS NORTH CUMBRIA",2344,21926.01,0,0
2025-01-01,06Q,"NHS MID ESSEX",2417,18574.71,0,0
2025-01-01,06L,"NHS IPSWICH AND EAST SUFFOLK",2484,18211.48,0,0
2025-01-01,05W,"NHS STOKE ON TRENT",2531,20469.03,0,0
2025-01-01,13T,"NHS NEWCASTLE GATESHEAD",2531,22808.59,0,0
2025-01-01,01A,"NHS EAST LANCASHIRE",2659,21054.93,0,0
2025-01-01,X2C4Y,"NHS KIRKLEES",2848,27437.41,0,0
2025-01-01,42D,"NHS NORTH YORKSHIRE",2880,27104.05,0,0
2025-01-01,06N,"NHS HERTS VALLEYS",2962,28384.7,0,0
2025-01-01,11M,"NHS GLOUCESTERSHIRE",3132,25338.66,0,0
2025-01-01,99A,"NHS LIVERPOOL",3141,28144.39,0,0
2025-01-01,97R,"NHS EAST SUSSEX",3382,30533.87,0,0
2025-01-01,11J,"NHS DORSET",3398,28810.56,0,0
2025-01-01,14Y,"NHS BUCKINGHAMSHIRE",3421,29620.16,0,0
2025-01-01,11N,"NHS CORNWALL AND THE ISLES OF SCILLY",3460,28176.96,0,0
2025-01-01,15F,"NHS LEEDS",3474,29662.3,0,0
2025-01-01,15C,"NHS BRISTOL, NORTH SOMERSET AND SOUTH GLOUCESTERSHIRE",3500,33772.55,0,0
2025-01-01,10Q,"NHS OXFORDSHIRE",3556,32302.51,0,0
2025-01-01,15M,"NHS DERBY AND DERBYSHIRE",3688,35143.2,0,0
2025-01-01,06K,"NHS EAST AND NORTH HERTFORDSHIRE",3783,30527.51,0,0
2025-01-01,84H,"NHS COUNTY DURHAM",3944,33725.89,0,0
2025-01-01,18C,"NHS HEREFORDSHIRE AND WORCESTERSHIRE",4044,38082.01,0,0
2025-01-01,B2M3M,"NHS COVENTRY AND WARWICKSHIRE",4142,33883.33,0,0
2025-01-01,92G,"NHS BATH AND NORTH EAST SOMERSET, SWINDON AND WILTSHIRE",4182,32840.69,0,0
2025-01-01,16C,"NHS TEES VALLEY",4319,36404.25,0,0
2025-01-01,06H,"NHS CAMBRIDGESHIRE AND PETERBOROUGH",4482,33272.67,0,0
2025-01-01,36J,"NHS BRADFORD DISTRICT AND CRAVEN",4584,36853.12,0,0
2025-01-01,A3A8R,"NHS NORTH EAST LONDON",4589,43094,0,0
2025-01-01,71E,"NHS LINCOLNSHIRE",4745,35901.19,0,0
2025-01-01,14L,"NHS MANCHESTER",4862,40261.23,0,0
2025-01-01,70F,"NHS WEST SUSSEX",4979,48160.88,0,0
2025-01-01,M1J4Y,"NHS BEDFORDSHIRE, LUTON AND MILTON KEYNES",5299,41378.92,0,0
2025-01-01,15N,"NHS DEVON",5511,44213.81,0,0
2025-01-01,D9Y0V,"NHS HAMPSHIRE, SOUTHAMPTON AND ISLE OF WIGHT",5571,52102.77,0,0
2025-01-01,36L,"NHS SOUTH WEST LONDON",5647,56742.76,0,0
2025-01-01,52R,"NHS NOTTINGHAM AND NOTTINGHAMSHIRE",5959,46385.79,0,0
2025-01-01,92A,"NHS SURREY HEARTLANDS",6455,63338.21,0,0
2025-01-01,26A,"NHS NORFOLK AND WAVENEY",7206,58422.52,0,0
2025-01-01,93C,"NHS NORTH CENTRAL LONDON",8607,82753.49,0,0
2025-01-01,91Q,"NHS KENT AND MEDWAY",8976,75581.37,0,0
2025-01-01,72Q,"NHS SOUTH EAST LONDON",9045,91969.99,0,0
2025-01-01,15E,"NHS BIRMINGHAM AND SOLIHULL",9732,83534.6,0,0
2025-01-01,D2P2L,"NHS BLACK COUNTRY",10069,89745.29,0,0
2025-01-01,W2U3Z,"NHS NORTH WEST LONDON",11998,105286.19,0,0
2025-02-01,09W,"NHS MEDWAY",0,0,0,0
2025-02-01,D4U1Y,"NHS FRIMLEY",64,503.17,0,0
2025-02-01,07G,"NHS THURROCK",316,2467.78,0,0
2025-02-01,12F,"NHS WIRRAL",336,2848.52,0,0
2025-02-01,01V,"NHS SOUTHPORT AND FORMBY",353,3131.27,0,0
2025-02-01,99G,"NHS SOUTHEND",365,2823.79,0,0
2025-02-01,99F,"NHS CASTLE POINT AND ROCHFORD",371,2916.46,0,0
2025-02-01,01T,"NHS SOUTH SEFTON",389,3125.48,0,0
2025-02-01,01J,"NHS KNOWSLEY",434,3356.46,0,0
2025-02-01,02T,"NHS CALDERDALE",459,3336.3,0,0
2025-02-01,99E,"NHS BASILDON AND BRENTWOOD",497,3844.44,0,0
2025-02-01,78H,"NHS NORTHAMPTONSHIRE",537,3876.3,0,0
2025-02-01,11X,"NHS SOMERSET",538,4150.59,0,0
2025-02-01,01F,"NHS HALTON",589,5050.96,0,0
2025-02-01,10R,"NHS PORTSMOUTH",605,6237.24,0,0
2025-02-01,04C,"NHS LEICESTER CITY",636,3602.66,0,0
2025-02-01,02Q,"NHS BASSETLAW",645,4728.35,0,0
2025-02-01,05D,"NHS EAST STAFFORDSHIRE",646,5152.8,0,0
2025-02-01,02E,"NHS WARRINGTON",685,5566.76,0,0
2025-02-01,03W,"NHS EAST LEICESTERSHIRE AND RUTLAND",685,4136.52,0,0
2025-02-01,02G,"NHS WEST LANCASHIRE",727,6495.8,0,0
2025-02-01,02M,"NHS FYLDE AND WYRE",795,6663.29,0,0
2025-02-01,02P,"NHS BARNSLEY",799,6260.03,0,0
2025-02-01,04Y,"NHS CANNOCK CHASE",802,7174.09,0,0
2025-02-01,04V,"NHS WEST LEICESTERSHIRE",848,5618.64,0,0
2025-02-01,00X,"NHS CHORLEY AND SOUTH RIBBLE",857,7993.22,0,0
2025-02-01,05V,"NHS STAFFORD AND SURROUNDS",904,7893.89,0,0
2025-02-01,03Q,"NHS VALE OF YORK",922,9029.07,0,0
2025-02-01,01G,"NHS SALFORD",941,7807.03,0,0
2025-02-01,03K,"NHS NORTH LINCOLNSHIRE",946,7190.41,0,0
2025-02-01,03F,"NHS HULL",948,7079.64,0,0
2025-02-01,99C,"NHS NORTH TYNESIDE",966,9472.73,0,0
2025-02-01,00R,"NHS BLACKPOOL",971,8229.65,0,0
2025-02-01,01D,"NHS HEYWOOD, MIDDLETON AND ROCHDALE",971,7665.59,0,0
2025-02-01,00V,"NHS BURY",990,7258.69,0,0
2025-02-01,27D,"NHS CHESHIRE",1024,8809.86,0,0
2025-02-01,01K,"NHS MORECAMBE BAY",1033,8106.78,0,0
2025-02-01,00N,"NHS SOUTH TYNESIDE",1059,11163.11,0,0
2025-02-01,01E,"NHS GREATER PRESTON",1075,10002.23,0,0
2025-02-01,02Y,"NHS EAST RIDING OF YORKSHIRE",1079,8160.9,0,0
2025-02-01,00Q,"NHS BLACKBURN WITH DARWEN",1083,10038.54,0,0
2025-02-01,09D,"NHS BRIGHTON AND HOVE",1084,10875.63,0,0
2025-02-01,03R,"NHS WAKEFIELD",1117,8840.19,0,0
2025-02-01,05Q,"NHS SOUTH EAST STAFFORDSHIRE AND SEISDON PENINSULA",1120,11012.56,0,0
2025-02-01,03H,"NHS NORTH EAST LINCOLNSHIRE",1134,8532.95,0,0
2025-02-01,01Y,"NHS TAMESIDE AND GLOSSOP",1172,10495.02,0,0
2025-02-01,02A,"NHS TRAFFORD",1206,10434.29,0,0
2025-02-01,01X,"NHS ST HELENS",1217,10885.07,0,0
2025-02-01,05G,"NHS NORTH STAFFORDSHIRE",1239,10710.87,0,0
2025-02-01,03N,"NHS SHEFFIELD",1267,10729.49,0,0
2025-02-01,01W,"NHS STOCKPORT",1308,10955.24,0,0
2025-02-01,15A,"NHS BERKSHIRE WEST",1442,13461.22,0,0
2025-02-01,07H,"NHS WEST ESSEX",1503,11662.7,0,0
2025-02-01,00T,"NHS BOLTON",1643,13149.07,0,0
2025-02-01,00P,"NHS SUNDERLAND",1649,15886.58,0,0
2025-02-01,00Y,"NHS OLDHAM",1672,13171.89,0,0
2025-02-01,U2G6B,"NHS THAMES VALLEY ICB - U2G6B",1796,16771.78,0,0
2025-02-01,02X,"NHS DONCASTER",1813,14588.07,0,0
2025-02-01,06T,"NHS NORTH EAST ESSEX",1826,14390.38,0,0
2025-02-01,00L,"NHS NORTHUMBERLAND",1853,17496.21,0,0
2025-02-01,03L,"NHS ROTHERHAM",1860,14815.43,0,0
2025-02-01,07K,"NHS WEST SUFFOLK",1862,13256.8,0,0
2025-02-01,01H,"NHS NORTH CUMBRIA",1963,18628.69,0,0
2025-02-01,M2L0M,"NHS SHROPSHIRE, TELFORD AND WREKIN",2002,18531.31,0,0
2025-02-01,06Q,"NHS MID ESSEX",2064,15616.5,0,0
2025-02-01,13T,"NHS NEWCASTLE GATESHEAD",2077,18205.58,0,0
2025-02-01,02H,"NHS WIGAN BOROUGH",2088,18708.68,0,0
2025-02-01,06L,"NHS IPSWICH AND EAST SUFFOLK",2161,15933.02,0,0
2025-02-01,01A,"NHS EAST LANCASHIRE",2170,17223.78,0,0
2025-02-01,05W,"NHS STOKE ON TRENT",2295,18550.42,0,0
2025-02-01,X2C4Y,"NHS KIRKLEES",2407,23305.48,0,0
2025-02-01,06N,"NHS HERTS VALLEYS",2429,23077.55,0,0
2025-02-01,42D,"NHS NORTH YORKSHIRE",2461,22383.05,0,0
2025-02-01,11M,"NHS GLOUCESTERSHIRE",2650,21196.42,0,0
2025-02-01,99A,"NHS LIVERPOOL",2675,23680.2,0,0
2025-02-01,11J,"NHS DORSET",2711,22532.26,0,0
2025-02-01,97R,"NHS EAST SUSSEX",2827,25490.63,0,0
2025-02-01,11N,"NHS CORNWALL AND THE ISLES OF SCILLY",2892,23210.7,0,0
2025-02-01,15C,"NHS BRISTOL, NORTH SOMERSET AND SOUTH GLOUCESTERSHIRE",2933,28757.79,0,0
2025-02-01,15F,"NHS LEEDS",3006,25970.72,0,0
2025-02-01,10Q,"NHS OXFORDSHIRE",3077,28050.72,0,0
2025-02-01,15M,"NHS DERBY AND DERBYSHIRE",3107,30058.42,0,0
2025-02-01,14Y,"NHS BUCKINGHAMSHIRE",3135,27489.64,0,0
2025-02-01,06K,"NHS EAST AND NORTH HERTFORDSHIRE",3293,26446.65,0,0
2025-02-01,84H,"NHS COUNTY DURHAM",3365,28941.88,0,0
2025-02-01,18C,"NHS HEREFORDSHIRE AND WORCESTERSHIRE",3437,32343.95,0,0
2025-02-01,92G,"NHS BATH AND NORTH EAST SOMERSET, SWINDON AND WILTSHIRE",3444,26859.8,0,0
2025-02-01,B2M3M,"NHS COVENTRY AND WARWICKSHIRE",3528,28420.87,0,0
2025-02-01,16C,"NHS TEES VALLEY",3682,31224.64,0,0
2025-02-01,06H,"NHS CAMBRIDGESHIRE AND PETERBOROUGH",3725,27507.44,0,0
2025-02-01,36J,"NHS BRADFORD DISTRICT AND CRAVEN",3776,29943.28,0,0
2025-02-01,A3A8R,"NHS NORTH EAST LONDON",3815,35684.96,0,0
2025-02-01,14L,"NHS MANCHESTER",3956,32839.45,0,0
2025-02-01,71E,"NHS LINCOLNSHIRE",4160,31003.4,0,0
2025-02-01,70F,"NHS WEST SUSSEX",4231,40497.14,0,0
2025-02-01,M1J4Y,"NHS BEDFORDSHIRE, LUTON AND MILTON KEYNES",4465,35241.87,0,0
2025-02-01,15N,"NHS DEVON",4522,36160.38,0,0
2025-02-01,D9Y0V,"NHS HAMPSHIRE, SOUTHAMPTON AND ISLE OF WIGHT",4728,43740.76,0,0
2025-02-01,36L,"NHS SOUTH WEST LONDON",4845,48482.86,0,0
2025-02-01,52R,"NHS NOTTINGHAM AND NOTTINGHAMSHIRE",4942,38265.5,0,0
2025-02-01,92A,"NHS SURREY HEARTLANDS",5397,52835.13,0,0
2025-02-01,26A,"NHS NORFOLK AND WAVENEY",6054,48483.16,0,0
2025-02-01,93C,"NHS NORTH CENTRAL LONDON",7394,71355.98,0,0
2025-02-01,91Q,"NHS KENT AND MEDWAY",7860,65304.94,0,0
2025-02-01,72Q,"NHS SOUTH EAST LONDON",7888,79907.78,0,0
2025-02-01,15E,"NHS BIRMINGHAM AND SOLIHULL",8016,69158.26,0,0
2025-02-01,D2P2L,"NHS BLACK COUNTRY",8220,72654.87,0,0
2025-02-01,W2U3Z,"NHS NORTH WEST LONDON",10245,90559.62,0,0
2025-03-01,09W,"NHS MEDWAY",0,0,0,0
2025-03-01,D4U1Y,"NHS FRIMLEY",53,432.33,0,0
2025-03-01,07G,"NHS THURROCK",301,2244.78,0,0
2025-03-01,12F,"NHS WIRRAL",344,2939.28,0,0
2025-03-01,01V,"NHS SOUTHPORT AND FORMBY",352,3139.82,0,0
2025-03-01,99F,"NHS CASTLE POINT AND ROCHFORD",367,2987.45,0,0
2025-03-01,01T,"NHS SOUTH SEFTON",432,3412.54,0,0
2025-03-01,99G,"NHS SOUTHEND",445,3443.8,0,0
2025-03-01,01J,"NHS KNOWSLEY",453,3412.11,0,0
2025-03-01,02T,"NHS CALDERDALE",493,3575.44,0,0
2025-03-01,99E,"NHS BASILDON AND BRENTWOOD",525,4107.29,0,0
2025-03-01,78H,"NHS NORTHAMPTONSHIRE",529,4007.22,0,0
2025-03-01,11X,"NHS SOMERSET",564,4406.95,0,0
2025-03-01,10R,"NHS PORTSMOUTH",618,6170.9,0,0
2025-03-01,01F,"NHS HALTON",634,5320.31,0,0
2025-03-01,05D,"NHS EAST STAFFORDSHIRE",651,5116.14,0,0
2025-03-01,02P,"NHS BARNSLEY",667,5338.82,0,0
2025-03-01,02Q,"NHS BASSETLAW",667,5044.1,0,0
2025-03-01,04C,"NHS LEICESTER CITY",671,3820.94,0,0
2025-03-01,02E,"NHS WARRINGTON",719,5810.04,0,0
2025-03-01,03W,"NHS EAST LEICESTERSHIRE AND RUTLAND",732,4581.51,0,0
2025-03-01,02G,"NHS WEST LANCASHIRE",778,7262.33,0,0
2025-03-01,02M,"NHS FYLDE AND WYRE",780,6696.32,0,0
2025-03-01,04Y,"NHS CANNOCK CHASE",869,7626.97,0,0
2025-03-01,00X,"NHS CHORLEY AND SOUTH RIBBLE",885,7954.58,0,0
2025-03-01,03Q,"NHS VALE OF YORK",919,9213.77,0,0
2025-03-01,04V,"NHS WEST LEICESTERSHIRE",922,5930.58,0,0
2025-03-01,01G,"NHS SALFORD",937,7725.53,0,0
2025-03-01,01D,"NHS HEYWOOD, MIDDLETON AND ROCHDALE",941,7348.3,0,0
2025-03-01,03K,"NHS NORTH LINCOLNSHIRE",948,7235.1,0,0
2025-03-01,99C,"NHS NORTH TYNESIDE",950,9394.58,0,0
2025-03-01,00V,"NHS BURY",976,6883.47,0,0
2025-03-01,05V,"NHS STAFFORD AND SURROUNDS",982,8789.65,0,0
2025-03-01,03F,"NHS HULL",1006,7578.25,0,0
2025-03-01,27D,"NHS CHESHIRE",1010,8713.07,0,0
2025-03-01,00R,"NHS BLACKPOOL",1011,8586.79,0,0
2025-03-01,09D,"NHS BRIGHTON AND HOVE",1059,10284.8,0,0
2025-03-01,01E,"NHS GREATER PRESTON",1061,9969.93,0,0
2025-03-01,01K,"NHS MORECAMBE BAY",1072,8179.74,0,0
2025-03-01,00Q,"NHS BLACKBURN WITH DARWEN",1086,10159,0,0
2025-03-01,00N,"NHS SOUTH TYNESIDE",1103,11524.12,0,0
2025-03-01,03H,"NHS NORTH EAST LINCOLNSHIRE",1144,9002.29,0,0
2025-03-01,05Q,"NHS SOUTH EAST STAFFORDSHIRE AND SEISDON PENINSULA",1149,11153.21,0,0
2025-03-01,02Y,"NHS EAST RIDING OF YORKSHIRE",1182,8898.52,0,0
2025-03-01,03R,"NHS WAKEFIELD",1201,9302.13,0,0
2025-03-01,01Y,"NHS TAMESIDE AND GLOSSOP",1248,10996.57,0,0
2025-03-01,02A,"NHS TRAFFORD",1249,10921.7,0,0
2025-03-01,01W,"NHS STOCKPORT",1276,10459.02,0,0
2025-03-01,05G,"NHS NORTH STAFFORDSHIRE",1285,11018.1,0,0
2025-03-01,01X,"NHS ST HELENS",1288,11509.49,0,0
2025-03-01,03N,"NHS SHEFFIELD",1344,11408.94,0,0
2025-03-01,15A,"NHS BERKSHIRE WEST",1510,13593.13,0,0
2025-03-01,07H,"NHS WEST ESSEX",1631,12752.93,0,0
2025-03-01,00P,"NHS SUNDERLAND",1718,16541.36,0,0
2025-03-01,00Y,"NHS OLDHAM",1766,13552.72,0,0
2025-03-01,00T,"NHS BOLTON",1788,14536.15,0,0
2025-03-01,00L,"NHS NORTHUMBERLAND",1892,17618.76,0,0
2025-03-01,U2G6B,"NHS THAMES VALLEY ICB - U2G6B",1892,17744.52,0,0
2025-03-01,03L,"NHS ROTHERHAM",1908,15036.64,0,0
2025-03-01,07K,"NHS WEST SUFFOLK",1912,13586.9,0,0
2025-03-01,06T,"NHS NORTH EAST ESSEX",1917,14827.9,0,0
2025-03-01,02X,"NHS DONCASTER",1943,15718.44,0,0
2025-03-01,M2L0M,"NHS SHROPSHIRE, TELFORD AND WREKIN",2004,18396.44,0,0
2025-03-01,01H,"NHS NORTH CUMBRIA",2071,19603.2,0,0
2025-03-01,13T,"NHS NEWCASTLE GATESHEAD",2097,18845.95,0,0
2025-03-01,06Q,"NHS MID ESSEX",2111,16361.39,0,0
2025-03-01,02H,"NHS WIGAN BOROUGH",2193,19527.28,0,0
2025-03-01,01A,"NHS EAST LANCASHIRE",2274,17990.98,0,0
2025-03-01,06L,"NHS IPSWICH AND EAST SUFFOLK",2327,17063.35,0,0
2025-03-01,05W,"NHS STOKE ON TRENT",2395,19220.93,0,0
2025-03-01,06N,"NHS HERTS VALLEYS",2518,24006.73,0,0
2025-03-01,42D,"NHS NORTH YORKSHIRE",2531,23497.55,0,0
2025-03-01,X2C4Y,"NHS KIRKLEES",2674,25298.38,0,0
2025-03-01,11M,"NHS GLOUCESTERSHIRE",2774,22667.18,0,0
2025-03-01,99A,"NHS LIVERPOOL",2779,24821.47,0,0
2025-03-01,11J,"NHS DORSET",2859,23694.2,0,0
2025-03-01,97R,"NHS EAST SUSSEX",2957,26576.01,0,0
2025-03-01,14Y,"NHS BUCKINGHAMSHIRE",3019,26157.77,0,0
2025-03-01,15F,"NHS LEEDS",3026,26102.73,0,0
2025-03-01,15C,"NHS BRISTOL, NORTH SOMERSET AND SOUTH GLOUCESTERSHIRE",3065,29619.55,0,0
2025-03-01,11N,"NHS CORNWALL AND THE ISLES OF SCILLY",3142,25318.3,0,0
2025-03-01,10Q,"NHS OXFORDSHIRE",3215,28961.69,0,0
2025-03-01,15M,"NHS DERBY AND DERBYSHIRE",3276,31740.98,0,0
2025-03-01,06K,"NHS EAST AND NORTH HERTFORDSHIRE",3392,27646.42,0,0
2025-03-01,18C,"NHS HEREFORDSHIRE AND WORCESTERSHIRE",3436,32213.67,0,0
2025-03-01,B2M3M,"NHS COVENTRY AND WARWICKSHIRE",3465,27827.29,0,0
2025-03-01,84H,"NHS COUNTY DURHAM",3491,29255.92,0,0
2025-03-01,92G,"NHS BATH AND NORTH EAST SOMERSET, SWINDON AND WILTSHIRE",3603,28299.58,0,0
2025-03-01,16C,"NHS TEES VALLEY",3727,31509.33,0,0
2025-03-01,A3A8R,"NHS NORTH EAST LONDON",3867,35874.53,0,0
2025-03-01,06H,"NHS CAMBRIDGESHIRE AND PETERBOROUGH",3888,28671.71,0,0
2025-03-01,36J,"NHS BRADFORD DISTRICT AND CRAVEN",3967,31499.65,0,0
2025-03-01,71E,"NHS LINCOLNSHIRE",4299,32157.64,0,0
2025-03-01,14L,"NHS MANCHESTER",4340,35970.28,0,0
2025-03-01,70F,"NHS WEST SUSSEX",4346,41682.71,0,0
2025-03-01,M1J4Y,"NHS BEDFORDSHIRE, LUTON AND MILTON KEYNES",4538,35512.5,0,0
2025-03-01,15N,"NHS DEVON",4715,37466.71,0,0
2025-03-01,D9Y0V,"NHS HAMPSHIRE, SOUTHAMPTON AND ISLE OF WIGHT",4871,45955.32,0,0
2025-03-01,36L,"NHS SOUTH WEST LONDON",5131,50817.2,0,0
2025-03-01,52R,"NHS NOTTINGHAM AND NOTTINGHAMSHIRE",5182,39653.48,0,0
2025-03-01,92A,"NHS SURREY HEARTLANDS",5522,53536.48,0,0
2025-03-01,26A,"NHS NORFOLK AND WAVENEY",6364,50862.61,0,0
2025-03-01,93C,"NHS NORTH CENTRAL LONDON",7598,73238.61,0,0
2025-03-01,91Q,"NHS KENT AND MEDWAY",8005,67581.82,0,0
2025-03-01,72Q,"NHS SOUTH EAST LONDON",8111,82103.5,0,0
2025-03-01,15E,"NHS BIRMINGHAM AND SOLIHULL",8400,71960.99,0,0
2025-03-01,D2P2L,"NHS BLACK COUNTRY",8618,76572.42,0,0
2025-03-01,W2U3Z,"NHS NORTH WEST LONDON",10655,93493.61,0,0
2025-04-01,09W,"NHS MEDWAY",0,0,0,0
2025-04-01,D4U1Y,"NHS FRIMLEY",68,525.65,0,0
2025-04-01,07G,"NHS THURROCK",296,2233.75,0,0
2025-04-01,12F,"NHS WIRRAL",321,2601.7,0,0
2025-04-01,99F,"NHS CASTLE POINT AND ROCHFORD",342,2742.87,0,0
2025-04-01,01V,"NHS SOUTHPORT AND FORMBY",351,2999.05,0,0
2025-04-01,99G,"NHS SOUTHEND",385,3257.67,0,0
2025-04-01,01T,"NHS SOUTH SEFTON",391,3145.01,0,0
2025-04-01,01J,"NHS KNOWSLEY",438,3458.35,0,0
2025-04-01,02T,"NHS CALDERDALE",455,3442,0,0
2025-04-01,11X,"NHS SOMERSET",461,3573.32,0,0
2025-04-01,99E,"NHS BASILDON AND BRENTWOOD",502,4030.68,0,0
2025-04-01,78H,"NHS NORTHAMPTONSHIRE",520,3832,0,0
2025-04-01,10R,"NHS PORTSMOUTH",548,5820.79,0,0
2025-04-01,02P,"NHS BARNSLEY",612,4848.93,0,0
2025-04-01,01F,"NHS HALTON",627,5227.07,0,0
2025-04-01,04C,"NHS LEICESTER CITY",627,3728.51,0,0
2025-04-01,03W,"NHS EAST LEICESTERSHIRE AND RUTLAND",644,4070.05,0,0
2025-04-01,02Q,"NHS BASSETLAW",685,4993.56,0,0
2025-04-01,02E,"NHS WARRINGTON",704,5614.75,0,0
2025-04-01,05D,"NHS EAST STAFFORDSHIRE",710,5692.45,0,0
2025-04-01,02G,"NHS WEST LANCASHIRE",724,6665.42,0,0
2025-04-01,00X,"NHS CHORLEY AND SOUTH RIBBLE",816,7474.41,0,0
2025-04-01,02M,"NHS FYLDE AND WYRE",818,6609.32,0,0
2025-04-01,04V,"NHS WEST LEICESTERSHIRE",826,5363.44,0,0
2025-04-01,04Y,"NHS CANNOCK CHASE",832,7339.57,0,0
2025-04-01,03Q,"NHS VALE OF YORK",874,8566.38,0,0
2025-04-01,05V,"NHS STAFFORD AND SURROUNDS",903,8141.97,0,0
2025-04-01,03K,"NHS NORTH LINCOLNSHIRE",910,6930.7,0,0
2025-04-01,01G,"NHS SALFORD",911,7489.64,0,0
2025-04-01,01D,"NHS HEYWOOD, MIDDLETON AND ROCHDALE",914,7245.42,0,0
2025-04-01,00Q,"NHS BLACKBURN WITH DARWEN",970,9128.74,0,0
2025-04-01,03F,"NHS HULL",976,7629.77,0,0
2025-04-01,00R,"NHS BLACKPOOL",983,8410.93,0,0
2025-04-01,00V,"NHS BURY",988,7251.33,0,0
2025-04-01,99C,"NHS NORTH TYNESIDE",1004,9931.22,0,0
2025-04-01,01K,"NHS MORECAMBE BAY",1011,7772.9,0,0
2025-04-01,27D,"NHS CHESHIRE",1019,8480.22,0,0
2025-04-01,01E,"NHS GREATER PRESTON",1029,9666.09,0,0
2025-04-01,09D,"NHS BRIGHTON AND HOVE",1051,10950.36,0,0
2025-04-01,00N,"NHS SOUTH TYNESIDE",1060,11558.14,0,0
2025-04-01,02Y,"NHS EAST RIDING OF YORKSHIRE",1081,8030.65,0,0
2025-04-01,05Q,"NHS SOUTH EAST STAFFORDSHIRE AND SEISDON PENINSULA",1091,10576.31,0,0
2025-04-01,01Y,"NHS TAMESIDE AND GLOSSOP",1139,10070.43,0,0
2025-04-01,03R,"NHS WAKEFIELD",1140,9152.66,0,0
2025-04-01,03H,"NHS NORTH EAST LINCOLNSHIRE",1177,9066,0,0
2025-04-01,01X,"NHS ST HELENS",1200,10911.92,0,0
2025-04-01,01W,"NHS STOCKPORT",1205,10103.09,0,0
2025-04-01,05G,"NHS NORTH STAFFORDSHIRE",1221,10703.27,0,0
2025-04-01,03N,"NHS SHEFFIELD",1236,10509.47,0,0
2025-04-01,02A,"NHS TRAFFORD",1244,10958.44,0,0
2025-04-01,15A,"NHS BERKSHIRE WEST",1403,12832.55,0,0
2025-04-01,07H,"NHS WEST ESSEX",1539,11985.5,0,0
2025-04-01,00Y,"NHS OLDHAM",1581,12202.56,0,0
2025-04-01,00P,"NHS SUNDERLAND",1645,15734.3,0,0
2025-04-01,00T,"NHS BOLTON",1669,13449.45,0,0
2025-04-01,02X,"NHS DONCASTER",1744,14184.18,0,0
2025-04-01,03L,"NHS ROTHERHAM",1788,14488.61,0,0
2025-04-01,06T,"NHS NORTH EAST ESSEX",1792,14058.82,0,0
2025-04-01,00L,"NHS NORTHUMBERLAND",1803,16864.17,0,0
2025-04-01,07K,"NHS WEST SUFFOLK",1814,12988.75,0,0
2025-04-01,U2G6B,"NHS THAMES VALLEY ICB - U2G6B",1877,17054.96,0,0
2025-04-01,02H,"NHS WIGAN BOROUGH",1911,16843.7,0,0
2025-04-01,01H,"NHS NORTH CUMBRIA",1972,18686.05,0,0
2025-04-01,M2L0M,"NHS SHROPSHIRE, TELFORD AND WREKIN",1973,18288.07,0,0
2025-04-01,06Q,"NHS MID ESSEX",2046,15550.29,0,0
2025-04-01,13T,"NHS NEWCASTLE GATESHEAD",2101,18595.94,0,0
2025-04-01,06L,"NHS IPSWICH AND EAST SUFFOLK",2108,15797.01,0,0
2025-04-01,01A,"NHS EAST LANCASHIRE",2181,17373.61,0,0
2025-04-01,05W,"NHS STOKE ON TRENT",2186,17985.05,0,0
2025-04-01,42D,"NHS NORTH YORKSHIRE",2390,22330.25,0,0
2025-04-01,X2C4Y,"NHS KIRKLEES",2441,23378.28,0,0
2025-04-01,11M,"NHS GLOUCESTERSHIRE",2588,21032.44,0,0
2025-04-01,11J,"NHS DORSET",2590,21801.33,0,0
2025-04-01,06N,"NHS HERTS VALLEYS",2638,25401.23,0,0
2025-04-01,99A,"NHS LIVERPOOL",2683,23644.17,0,0
2025-04-01,11N,"NHS CORNWALL AND THE ISLES OF SCILLY",2810,22601.71,0,0
2025-04-01,97R,"NHS EAST SUSSEX",2812,25093.83,0,0
2025-04-01,15C,"NHS BRISTOL, NORTH SOMERSET AND SOUTH GLOUCESTERSHIRE",2899,28447.08,0,0
2025-04-01,15F,"NHS LEEDS",2911,24951.02,0,0
2025-04-01,14Y,"NHS BUCKINGHAMSHIRE",3002,25636.86,0,0
2025-04-01,10Q,"NHS OXFORDSHIRE",3019,27321.88,0,0
2025-04-01,15M,"NHS DERBY AND DERBYSHIRE",3172,30684.27,0,0
2025-04-01,06K,"NHS EAST AND NORTH HERTFORDSHIRE",3234,26413.66,0,0
2025-04-01,18C,"NHS HEREFORDSHIRE AND WORCESTERSHIRE",3361,31350.48,0,0
2025-04-01,92G,"NHS BATH AND NORTH EAST SOMERSET, SWINDON AND WILTSHIRE",3401,26496.77,0,0
2025-04-01,84H,"NHS COUNTY DURHAM",3405,29303.26,0,0
2025-04-01,B2M3M,"NHS COVENTRY AND WARWICKSHIRE",3597,29607.06,0,0
2025-04-01,16C,"NHS TEES VALLEY",3642,30873.59,0,0
2025-04-01,06H,"NHS CAMBRIDGESHIRE AND PETERBOROUGH",3686,27192.51,0,0
2025-04-01,36J,"NHS BRADFORD DISTRICT AND CRAVEN",3745,29813.64,0,0
2025-04-01,A3A8R,"NHS NORTH EAST LONDON",3826,35874.61,0,0
2025-04-01,71E,"NHS LINCOLNSHIRE",3899,29453.71,0,0
2025-04-01,14L,"NHS MANCHESTER",4068,33654.78,0,0
2025-04-01,70F,"NHS WEST SUSSEX",4169,40297.04,0,0
2025-04-01,15N,"NHS DEVON",4340,34559.7,0,0
2025-04-01,M1J4Y,"NHS BEDFORDSHIRE, LUTON AND MILTON KEYNES",4358,34730.82,0,0
2025-04-01,D9Y0V,"NHS HAMPSHIRE, SOUTHAMPTON AND ISLE OF WIGHT",4524,42032.62,0,0
2025-04-01,52R,"NHS NOTTINGHAM AND NOTTINGHAMSHIRE",4948,38321.5,0,0
2025-04-01,92A,"NHS SURREY HEARTLANDS",5301,52071.91,0,0
2025-04-01,36L,"NHS SOUTH WEST LONDON",5411,54303.29,0,0
2025-04-01,26A,"NHS NORFOLK AND WAVENEY",5927,47947.8,0,0
2025-04-01,93C,"NHS NORTH CENTRAL LONDON",7612,73111.8,0,0
2025-04-01,91Q,"NHS KENT AND MEDWAY",7730,64977.1,0,0
2025-04-01,72Q,"NHS SOUTH EAST LONDON",7751,78663.47,0,0
2025-04-01,15E,"NHS BIRMINGHAM AND SOLIHULL",8010,69332.93,0,0
2025-04-01,D2P2L,"NHS BLACK COUNTRY",8541,75965.86,0,0
2025-04-01,W2U3Z,"NHS NORTH WEST LONDON",10534,92376.64,0,0
2025-05-01,09W,"NHS MEDWAY",0,0,0,0
2025-05-01,D4U1Y,"NHS FRIMLEY",63,445.06,0,0
2025-05-01,07G,"NHS THURROCK",289,2219.81,0,0
2025-05-01,01V,"NHS SOUTHPORT AND FORMBY",332,3051.99,0,0
2025-05-01,99F,"NHS CASTLE POINT AND ROCHFORD",344,2663.26,0,0
2025-05-01,12F,"NHS WIRRAL",345,2955.22,0,0
2025-05-01,01T,"NHS SOUTH SEFTON",384,3021.94,0,0
2025-05-01,99G,"NHS SOUTHEND",391,3264.19,0,0
2025-05-01,02T,"NHS CALDERDALE",447,3367.28,0,0
2025-05-01,01J,"NHS KNOWSLEY",472,3668.71,0,0
2025-05-01,78H,"NHS NORTHAMPTONSHIRE",484,3608.87,0,0
2025-05-01,99E,"NHS BASILDON AND BRENTWOOD",519,4137.4,0,0
2025-05-01,11X,"NHS SOMERSET",522,3771.41,0,0
2025-05-01,01F,"NHS HALTON",563,4622.82,0,0
2025-05-01,10R,"NHS PORTSMOUTH",589,5823.94,0,0
2025-05-01,02P,"NHS BARNSLEY",620,4824.97,0,0
2025-05-01,05D,"NHS EAST STAFFORDSHIRE",633,4896.77,0,0
2025-05-01,04C,"NHS LEICESTER CITY",648,3683.98,0,0
2025-05-01,03W,"NHS EAST LEICESTERSHIRE AND RUTLAND",688,4245.97,0,0
2025-05-01,02Q,"NHS BASSETLAW",697,5259.35,0,0
2025-05-01,02E,"NHS WARRINGTON",699,5580.26,0,0
2025-05-01,02M,"NHS FYLDE AND WYRE",773,6370.11,0,0
2025-05-01,02G,"NHS WEST LANCASHIRE",783,7200.78,0,0
2025-05-01,03Q,"NHS VALE OF YORK",881,8469.9,0,0
2025-05-01,04V,"NHS WEST LEICESTERSHIRE",887,5705.9,0,0
2025-05-01,00X,"NHS CHORLEY AND SOUTH RIBBLE",893,8019.04,0,0
2025-05-01,04Y,"NHS CANNOCK CHASE",896,7865.59,0,0
2025-05-01,01G,"NHS SALFORD",903,7321.32,0,0
2025-05-01,01D,"NHS HEYWOOD, MIDDLETON AND ROCHDALE",909,7060.73,0,0
2025-05-01,05V,"NHS STAFFORD AND SURROUNDS",914,8167.26,0,0
2025-05-01,03K,"NHS NORTH LINCOLNSHIRE",936,7201.84,0,0
2025-05-01,00R,"NHS BLACKPOOL",971,8218.17,0,0
2025-05-01,03F,"NHS HULL",979,7321.52,0,0
2025-05-01,99C,"NHS NORTH TYNESIDE",995,10086.24,0,0
2025-05-01,00V,"NHS BURY",1020,7484.99,0,0
2025-05-01,09D,"NHS BRIGHTON AND HOVE",1035,10715.91,0,0
2025-05-01,01E,"NHS GREATER PRESTON",1045,9986.29,0,0
2025-05-01,01K,"NHS MORECAMBE BAY",1050,8087.58,0,0
2025-05-01,02Y,"NHS EAST RIDING OF YORKSHIRE",1061,8014.83,0,0
2025-05-01,27D,"NHS CHESHIRE",1065,8845.56,0,0
2025-05-01,00N,"NHS SOUTH TYNESIDE",1094,11674.12,0,0
2025-05-01,00Q,"NHS BLACKBURN WITH DARWEN",1119,10346.04,0,0
2025-05-01,03R,"NHS WAKEFIELD",1163,9567.69,0,0
2025-05-01,03H,"NHS NORTH EAST LINCOLNSHIRE",1175,8968.55,0,0
2025-05-01,05Q,"NHS SOUTH EAST STAFFORDSHIRE AND SEISDON PENINSULA",1180,11330.19,0,0
2025-05-01,01Y,"NHS TAMESIDE AND GLOSSOP",1204,10836.67,0,0
2025-05-01,02A,"NHS TRAFFORD",1216,10796.06,0,0
2025-05-01,05G,"NHS NORTH STAFFORDSHIRE",1229,10634.6,0,0
2025-05-01,01X,"NHS ST HELENS",1245,10980.85,0,0
2025-05-01,01W,"NHS STOCKPORT",1274,10505.61,0,0
2025-05-01,03N,"NHS SHEFFIELD",1281,10880.85,0,0
2025-05-01,15A,"NHS BERKSHIRE WEST",1534,13683.83,0,0
2025-05-01,07H,"NHS WEST ESSEX",1641,13127.88,0,0
2025-05-01,00Y,"NHS OLDHAM",1644,12941.07,0,0
2025-05-01,00P,"NHS SUNDERLAND",1679,16267.78,0,0
2025-05-01,00T,"NHS BOLTON",1690,13250.99,0,0
2025-05-01,07K,"NHS WEST SUFFOLK",1795,12979.47,0,0
2025-05-01,06T,"NHS NORTH EAST ESSEX",1810,14333.7,0,0
2025-05-01,U2G6B,"NHS THAMES VALLEY ICB - U2G6B",1829,17130.34,0,0
2025-05-01,02X,"NHS DONCASTER",1832,14695.17,0,0
2025-05-01,00L,"NHS NORTHUMBERLAND",1866,17266.9,0,0
2025-05-01,03L,"NHS ROTHERHAM",1891,14830.07,0,0
2025-05-01,M2L0M,"NHS SHROPSHIRE, TELFORD AND WREKIN",1964,17821.26,0,0
2025-05-01,01H,"NHS NORTH CUMBRIA",2000,18773.28,0,0
2025-05-01,13T,"NHS NEWCASTLE GATESHEAD",2023,18088.51,0,0
2025-05-01,06Q,"NHS MID ESSEX",2084,16046.01,0,0
2025-05-01,02H,"NHS WIGAN BOROUGH",2085,18178.86,0,0
2025-05-01,01A,"NHS EAST LANCASHIRE",2168,17207.89,0,0
2025-05-01,06L,"NHS IPSWICH AND EAST SUFFOLK",2197,16220.08,0,0
2025-05-01,05W,"NHS STOKE ON TRENT",2279,18874.18,0,0
2025-05-01,42D,"NHS NORTH YORKSHIRE",2356,21733.44,0,0
2025-05-01,X2C4Y,"NHS KIRKLEES",2396,23215.57,0,0
2025-05-01,06N,"NHS HERTS VALLEYS",2418,23499.17,0,0
2025-05-01,11M,"NHS GLOUCESTERSHIRE",2565,21051.33,0,0
2025-05-01,11J,"NHS DORSET",2647,22653.48,0,0
2025-05-01,99A,"NHS LIVERPOOL",2734,24416.61,0,0
2025-05-01,97R,"NHS EAST SUSSEX",2736,24881.24,0,0
2025-05-01,15C,"NHS BRISTOL, NORTH SOMERSET AND SOUTH GLOUCESTERSHIRE",2829,27410.7,0,0
2025-05-01,11N,"NHS CORNWALL AND THE ISLES OF SCILLY",2918,23437.35,0,0
2025-05-01,10Q,"NHS OXFORDSHIRE",3050,27627.72,0,0
2025-05-01,15F,"NHS LEEDS",3063,26725.55,0,0
2025-05-01,14Y,"NHS BUCKINGHAMSHIRE",3078,26844.91,0,0
2025-05-01,06K,"NHS EAST AND NORTH HERTFORDSHIRE",3209,26136.79,0,0
2025-05-01,15M,"NHS DERBY AND DERBYSHIRE",3231,31211.97,0,0
2025-05-01,18C,"NHS HEREFORDSHIRE AND WORCESTERSHIRE",3287,30762.95,0,0
2025-05-01,84H,"NHS COUNTY DURHAM",3339,28649.99,0,0
2025-05-01,92G,"NHS BATH AND NORTH EAST SOMERSET, SWINDON AND WILTSHIRE",3447,27263.4,0,0
2025-05-01,B2M3M,"NHS COVENTRY AND WARWICKSHIRE",3537,28471.5,0,0
2025-05-01,16C,"NHS TEES VALLEY",3636,30612.13,0,0
2025-05-01,06H,"NHS CAMBRIDGESHIRE AND PETERBOROUGH",3667,26815.14,0,0
2025-05-01,A3A8R,"NHS NORTH EAST LONDON",3708,34780.15,0,0
2025-05-01,36J,"NHS BRADFORD DISTRICT AND CRAVEN",3999,31668.76,0,0
2025-05-01,14L,"NHS MANCHESTER",4060,33372.92,0,0
2025-05-01,70F,"NHS WEST SUSSEX",4217,40639.82,0,0
2025-05-01,71E,"NHS LINCOLNSHIRE",4231,31630.8,0,0
2025-05-01,M1J4Y,"NHS BEDFORDSHIRE, LUTON AND MILTON KEYNES",4351,34511.75,0,0
2025-05-01,15N,"NHS DEVON",4433,35963.41,0,0
2025-05-01,D9Y0V,"NHS HAMPSHIRE, SOUTHAMPTON AND ISLE OF WIGHT",4673,44501.35,0,0
2025-05-01,52R,"NHS NOTTINGHAM AND NOTTINGHAMSHIRE",4993,39119.76,0,0
2025-05-01,92A,"NHS SURREY HEARTLANDS",5202,50495.39,0,0
2025-05-01,36L,"NHS SOUTH WEST LONDON",5277,52816.04,0,0
2025-05-01,26A,"NHS NORFOLK AND WAVENEY",6088,49158.78,0,0
2025-05-01,93C,"NHS NORTH CENTRAL LONDON",7405,71955.13,0,0
2025-05-01,91Q,"NHS KENT AND MEDWAY",7910,66331.84,0,0
2025-05-01,72Q,"NHS SOUTH EAST LONDON",7943,80502.55,0,0
2025-05-01,15E,"NHS BIRMINGHAM AND SOLIHULL",8273,71445,0,0
2025-05-01,D2P2L,"NHS BLACK COUNTRY",8538,76136.6,0,0
2025-05-01,W2U3Z,"NHS NORTH WEST LONDON",10100,89084.55,0,0
2025-06-01,09W,"NHS MEDWAY",0,0,0,0
2025-06-01,D4U1Y,"NHS FRIMLEY",48,388.81,0,0
2025-06-01,07G,"NHS THURROCK",302,2449.42,0,0
2025-06-01,01V,"NHS SOUTHPORT AND FORMBY",316,2890.29,0,0
2025-06-01,99F,"NHS CASTLE POINT AND ROCHFORD",319,2527.09,0,0
2025-06-01,12F,"NHS WIRRAL",321,2609.24,0,0
2025-06-01,99G,"NHS SOUTHEND",367,2927.27,0,0
2025-06-01,01T,"NHS SOUTH SEFTON",376,3134.18,0,0
2025-06-01,02T,"NHS CALDERDALE",416,3231.57,0,0
2025-06-01,01J,"NHS KNOWSLEY",435,3302.21,0,0
2025-06-01,11X,"NHS SOMERSET",469,3673.6,0,0
2025-06-01,99E,"NHS BASILDON AND BRENTWOOD",501,4036.74,0,0
2025-06-01,78H,"NHS NORTHAMPTONSHIRE",512,3751.84,0,0
2025-06-01,10R,"NHS PORTSMOUTH",526,5456.12,0,0
2025-06-01,01F,"NHS HALTON",544,4590.53,0,0
2025-06-01,02P,"NHS BARNSLEY",578,4452.57,0,0
2025-06-01,05D,"NHS EAST STAFFORDSHIRE",609,4635.76,0,0
2025-06-01,02Q,"NHS BASSETLAW",638,4831.58,0,0
2025-06-01,02E,"NHS WARRINGTON",641,5135.8,0,0
2025-06-01,04C,"NHS LEICESTER CITY",649,3587.86,0,0
2025-06-01,02G,"NHS WEST LANCASHIRE",700,6446.37,0,0
2025-06-01,03W,"NHS EAST LEICESTERSHIRE AND RUTLAND",724,4545.39,0,0
2025-06-01,02M,"NHS FYLDE AND WYRE",725,6171.5,0,0
2025-06-01,04V,"NHS WEST LEICESTERSHIRE",771,5009.21,0,0
2025-06-01,04Y,"NHS CANNOCK CHASE",773,6938.7,0,0
2025-06-01,00X,"NHS CHORLEY AND SOUTH RIBBLE",779,7173.87,0,0
2025-06-01,01G,"NHS SALFORD",828,6884.67,0,0
2025-06-01,05V,"NHS STAFFORD AND SURROUNDS",873,7632.29,0,0
2025-06-01,01D,"NHS HEYWOOD, MIDDLETON AND ROCHDALE",875,6999.33,0,0
2025-06-01,03Q,"NHS VALE OF YORK",877,8613.13,0,0
2025-06-01,00R,"NHS BLACKPOOL",882,7423.08,0,0
2025-06-01,03K,"NHS NORTH LINCOLNSHIRE",891,6771.88,0,0
2025-06-01,01K,"NHS MORECAMBE BAY",902,6860.52,0,0
2025-06-01,03F,"NHS HULL",942,7183.89,0,0
2025-06-01,99C,"NHS NORTH TYNESIDE",945,9273.74,0,0
2025-06-01,27D,"NHS CHESHIRE",957,8011.05,0,0
2025-06-01,01E,"NHS GREATER PRESTON",969,9115.69,0,0
2025-06-01,00Q,"NHS BLACKBURN WITH DARWEN",973,8988.1,0,0
2025-06-01,00V,"NHS BURY",973,7043.31,0,0
2025-06-01,09D,"NHS BRIGHTON AND HOVE",982,9932.2,0,0
2025-06-01,00N,"NHS SOUTH TYNESIDE",1041,10894.31,0,0
2025-06-01,05Q,"NHS SOUTH EAST STAFFORDSHIRE AND SEISDON PENINSULA",1058,10864.64,0,0
2025-06-01,03H,"NHS NORTH EAST LINCOLNSHIRE",1080,8343.92,0,0
2025-06-01,02Y,"NHS EAST RIDING OF YORKSHIRE",1081,8141.04,0,0
2025-06-01,01Y,"NHS TAMESIDE AND GLOSSOP",1095,9684.77,0,0
2025-06-01,01W,"NHS STOCKPORT",1105,9564.45,0,0
2025-06-01,03R,"NHS WAKEFIELD",1107,8820.59,0,0
2025-06-01,02A,"NHS TRAFFORD",1111,9834.24,0,0
2025-06-01,01X,"NHS ST HELENS",1133,10304.9,0,0
2025-06-01,03N,"NHS SHEFFIELD",1145,9824.12,0,0
2025-06-01,05G,"NHS NORTH STAFFORDSHIRE",1157,9894.75,0,0
2025-06-01,15A,"NHS BERKSHIRE WEST",1371,12434.51,0,0
2025-06-01,07H,"NHS WEST ESSEX",1480,11590.52,0,0
2025-06-01,00Y,"NHS OLDHAM",1514,11919.12,0,0
2025-06-01,00P,"NHS SUNDERLAND",1601,15110.25,0,0
2025-06-01,00T,"NHS BOLTON",1636,12924.48,0,0
2025-06-01,02X,"NHS DONCASTER",1674,13402.31,0,0
2025-06-01,06T,"NHS NORTH EAST ESSEX",1730,13747.78,0,0
2025-06-01,03L,"NHS ROTHERHAM",1758,14214.29,0,0
2025-06-01,07K,"NHS WEST SUFFOLK",1758,12877.87,0,0
2025-06-01,U2G6B,"NHS THAMES VALLEY ICB - U2G6B",1777,16363.52,0,0
2025-06-01,00L,"NHS NORTHUMBERLAND",1810,17408.36,0,0
2025-06-01,01H,"NHS NORTH CUMBRIA",1837,17300.35,0,0
2025-06-01,M2L0M,"NHS SHROPSHIRE, TELFORD AND WREKIN",1924,18075.64,0,0
2025-06-01,02H,"NHS WIGAN BOROUGH",1932,16996.78,0,0
2025-06-01,06Q,"NHS MID ESSEX",1958,14887.73,0,0
2025-06-01,13T,"NHS NEWCASTLE GATESHEAD",2062,18448.94,0,0
2025-06-01,06L,"NHS IPSWICH AND EAST SUFFOLK",2079,15338.21,0,0
2025-06-01,01A,"NHS EAST LANCASHIRE",2081,16498.56,0,0
2025-06-01,05W,"NHS STOKE ON TRENT",2133,17007.35,0,0
2025-06-01,42D,"NHS NORTH YORKSHIRE",2278,21227.82,0,0
2025-06-01,06N,"NHS HERTS VALLEYS",2298,22442.04,0,0
2025-06-01,11M,"NHS GLOUCESTERSHIRE",2377,19211.66,0,0
2025-06-01,X2C4Y,"NHS KIRKLEES",2411,23351.68,0,0
2025-06-01,11J,"NHS DORSET",2448,20768.98,0,0
2025-06-01,99A,"NHS LIVERPOOL",2534,22601.96,0,0
2025-06-01,15C,"NHS BRISTOL, NORTH SOMERSET AND SOUTH GLOUCESTERSHIRE",2565,24874.48,0,0
2025-06-01,97R,"NHS EAST SUSSEX",2629,23884.37,0,0
2025-06-01,11N,"NHS CORNWALL AND THE ISLES OF SCILLY",2698,21747.6,0,0
2025-06-01,10Q,"NHS OXFORDSHIRE",2824,25605.89,0,0
2025-06-01,15F,"NHS LEEDS",2839,24270.43,0,0
2025-06-01,14Y,"NHS BUCKINGHAMSHIRE",2965,25744.75,0,0
2025-06-01,06K,"NHS EAST AND NORTH HERTFORDSHIRE",3021,24070.59,0,0
2025-06-01,15M,"NHS DERBY AND DERBYSHIRE",3048,29708.56,0,0
2025-06-01,84H,"NHS COUNTY DURHAM",3103,26542.66,0,0
2025-06-01,18C,"NHS HEREFORDSHIRE AND WORCESTERSHIRE",3164,29578.79,0,0
2025-06-01,92G,"NHS BATH AND NORTH EAST SOMERSET, SWINDON AND WILTSHIRE",3246,25376.45,0,0
2025-06-01,B2M3M,"NHS COVENTRY AND WARWICKSHIRE",3437,27295.91,0,0
2025-06-01,16C,"NHS TEES VALLEY",3486,29359.71,0,0
2025-06-01,A3A8R,"NHS NORTH EAST LONDON",3492,32256.84,0,0
2025-06-01,06H,"NHS CAMBRIDGESHIRE AND PETERBOROUGH",3504,25982.41,0,0
2025-06-01,36J,"NHS BRADFORD DISTRICT AND CRAVEN",3657,29179.71,0,0
2025-06-01,14L,"NHS MANCHESTER",3783,31596.41,0,0
2025-06-01,70F,"NHS WEST SUSSEX",3826,36886.83,0,0
2025-06-01,71E,"NHS LINCOLNSHIRE",3985,29976.23,0,0
2025-06-01,15N,"NHS DEVON",4071,32539.26,0,0
2025-06-01,M1J4Y,"NHS BEDFORDSHIRE, LUTON AND MILTON KEYNES",4076,32235.68,0,0
2025-06-01,D9Y0V,"NHS HAMPSHIRE, SOUTHAMPTON AND ISLE OF WIGHT",4249,40037.51,0,0
2025-06-01,52R,"NHS NOTTINGHAM AND NOTTINGHAMSHIRE",4626,35395.09,0,0
2025-06-01,92A,"NHS SURREY HEARTLANDS",4803,47455.07,0,0
2025-06-01,36L,"NHS SOUTH WEST LONDON",4824,48642.37,0,0
2025-06-01,26A,"NHS NORFOLK AND WAVENEY",5750,46191.64,0,0
2025-06-01,93C,"NHS NORTH CENTRAL LONDON",7037,67109.38,0,0
2025-06-01,72Q,"NHS SOUTH EAST LONDON",7094,72440.42,0,0
2025-06-01,91Q,"NHS KENT AND MEDWAY",7503,62727.4,0,0
2025-06-01,D2P2L,"NHS BLACK COUNTRY",7873,69483.99,0,0
2025-06-01,15E,"NHS BIRMINGHAM AND SOLIHULL",7879,67670.43,0,0
2025-06-01,W2U3Z,"NHS NORTH WEST LONDON",9546,84078.12,0,0
2025-07-01,09W,"NHS MEDWAY",0,0,0,0
2025-07-01,D4U1Y,"NHS FRIMLEY",30,256.91,0,0
2025-07-01,07G,"NHS THURROCK",282,2173.19,0,0
2025-07-01,99F,"NHS CASTLE POINT AND ROCHFORD",298,2330.46,0,0
2025-07-01,12F,"NHS WIRRAL",317,2620.39,0,0
2025-07-01,01T,"NHS SOUTH SEFTON",341,2816.5,0,0
2025-07-01,01V,"NHS SOUTHPORT AND FORMBY",344,3067.91,0,0
2025-07-01,99G,"NHS SOUTHEND",367,2971.21,0,0
2025-07-01,02T,"NHS CALDERDALE",413,3065.66,0,0
2025-07-01,11X,"NHS SOMERSET",439,3233.35,0,0
2025-07-01,01J,"NHS KNOWSLEY",444,3500.41,0,0
2025-07-01,99E,"NHS BASILDON AND BRENTWOOD",457,3802.45,0,0
2025-07-01,01F,"NHS HALTON",526,4285.63,0,0
2025-07-01,10R,"NHS PORTSMOUTH",530,5274.61,0,0
2025-07-01,78H,"NHS NORTHAMPTONSHIRE",554,4134.33,0,0
2025-07-01,02P,"NHS BARNSLEY",555,4490.12,0,0
2025-07-01,04C,"NHS LEICESTER CITY",613,3498.48,0,0
2025-07-01,03W,"NHS EAST LEICESTERSHIRE AND RUTLAND",620,3868.69,0,0
2025-07-01,05D,"NHS EAST STAFFORDSHIRE",625,4882.76,0,0
2025-07-01,02Q,"NHS BASSETLAW",691,5209.72,0,0
2025-07-01,02E,"NHS WARRINGTON",697,5657.84,0,0
2025-07-01,02G,"NHS WEST LANCASHIRE",729,6936.1,0,0
2025-07-01,02M,"NHS FYLDE AND WYRE",732,6227.67,0,0
2025-07-01,00X,"NHS CHORLEY AND SOUTH RIBBLE",778,7105.56,0,0
2025-07-01,04Y,"NHS CANNOCK CHASE",795,7055.13,0,0
2025-07-01,01G,"NHS SALFORD",811,6877.8,0,0
2025-07-01,04V,"NHS WEST LEICESTERSHIRE",816,5274.47,0,0
2025-07-01,01D,"NHS HEYWOOD, MIDDLETON AND ROCHDALE",827,6430.24,0,0
2025-07-01,03Q,"NHS VALE OF YORK",847,8569.77,0,0
2025-07-01,03K,"NHS NORTH LINCOLNSHIRE",865,6579.07,0,0
2025-07-01,05V,"NHS STAFFORD AND SURROUNDS",876,7885.12,0,0
2025-07-01,03F,"NHS HULL",911,6913.28,0,0
2025-07-01,00R,"NHS BLACKPOOL",912,7653.16,0,0
2025-07-01,09D,"NHS BRIGHTON AND HOVE",946,9953.29,0,0
2025-07-01,01E,"NHS GREATER PRESTON",954,8788.78,0,0
2025-07-01,99C,"NHS NORTH TYNESIDE",963,9491.16,0,0
2025-07-01,00V,"NHS BURY",976,6844.7,0,0
2025-07-01,27D,"NHS CHESHIRE",986,8399.29,0,0
2025-07-01,00N,"NHS SOUTH TYNESIDE",999,10846.16,0,0
2025-07-01,01K,"NHS MORECAMBE BAY",1008,7729.31,0,0
2025-07-01,00Q,"NHS BLACKBURN WITH DARWEN",1028,9401.82,0,0
2025-07-01,02Y,"NHS EAST RIDING OF YORKSHIRE",1032,7941.62,0,0
2025-07-01,03H,"NHS NORTH EAST LINCOLNSHIRE",1102,8769,0,0
2025-07-01,05G,"NHS NORTH STAFFORDSHIRE",1111,9607.29,0,0
2025-07-01,03R,"NHS WAKEFIELD",1115,8808.09,0,0
2025-07-01,02A,"NHS TRAFFORD",1146,10207.88,0,0
2025-07-01,01Y,"NHS TAMESIDE AND GLOSSOP",1153,10384.04,0,0
2025-07-01,05Q,"NHS SOUTH EAST STAFFORDSHIRE AND SEISDON PENINSULA",1164,11251.05,0,0
2025-07-01,01W,"NHS STOCKPORT",1176,10042,0,0
2025-07-01,03N,"NHS SHEFFIELD",1190,10305.77,0,0
2025-07-01,01X,"NHS ST HELENS",1219,10885.65,0,0
2025-07-01,15A,"NHS BERKSHIRE WEST",1354,12625.34,0,0
2025-07-01,07H,"NHS WEST ESSEX",1462,11542.54,0,0
2025-07-01,02X,"NHS DONCASTER",1607,12773.47,0,0
2025-07-01,00P,"NHS SUNDERLAND",1609,15624.56,0,0
2025-07-01,00T,"NHS BOLTON",1677,13646.88,0,0
2025-07-01,00Y,"NHS OLDHAM",1680,13087.55,0,0
2025-07-01,03L,"NHS ROTHERHAM",1719,13823.77,0,0
2025-07-01,00L,"NHS NORTHUMBERLAND",1725,15742.02,0,0
2025-07-01,07K,"NHS WEST SUFFOLK",1780,12663.98,0,0
2025-07-01,U2G6B,"NHS THAMES VALLEY ICB - U2G6B",1782,16574.18,0,0
2025-07-01,06T,"NHS NORTH EAST ESSEX",1785,13976.52,0,0
2025-07-01,06Q,"NHS MID ESSEX",1893,14779.53,0,0
2025-07-01,01H,"NHS NORTH CUMBRIA",1912,17904.12,0,0
2025-07-01,M2L0M,"NHS SHROPSHIRE, TELFORD AND WREKIN",1928,18349.98,0,0
2025-07-01,02H,"NHS WIGAN BOROUGH",1941,17263.78,0,0
2025-07-01,13T,"NHS NEWCASTLE GATESHEAD",1966,17121.99,0,0
2025-07-01,06L,"NHS IPSWICH AND EAST SUFFOLK",2068,15355.9,0,0
2025-07-01,01A,"NHS EAST LANCASHIRE",2080,16277.34,0,0
2025-07-01,05W,"NHS STOKE ON TRENT",2154,17651.51,0,0
2025-07-01,42D,"NHS NORTH YORKSHIRE",2278,21043.04,0,0
2025-07-01,X2C4Y,"NHS KIRKLEES",2374,23461.64,0,0
2025-07-01,11M,"NHS GLOUCESTERSHIRE",2395,19583.22,0,0
2025-07-01,06N,"NHS HERTS VALLEYS",2399,23105.18,0,0
2025-07-01,15C,"NHS BRISTOL, NORTH SOMERSET AND SOUTH GLOUCESTERSHIRE",2432,23704.9,0,0
2025-07-01,11J,"NHS DORSET",2444,20348.21,0,0
2025-07-01,99A,"NHS LIVERPOOL",2540,22902.69,0,0
2025-07-01,97R,"NHS EAST SUSSEX",2588,23762.29,0,0
2025-07-01,10Q,"NHS OXFORDSHIRE",2822,25801.05,0,0
2025-07-01,11N,"NHS CORNWALL AND THE ISLES OF SCILLY",2827,23042.76,0,0
2025-07-01,14Y,"NHS BUCKINGHAMSHIRE",2902,25544.89,0,0
2025-07-01,15F,"NHS LEEDS",2952,25191.94,0,0
2025-07-01,18C,"NHS HEREFORDSHIRE AND WORCESTERSHIRE",2995,27922.18,0,0
2025-07-01,15M,"NHS DERBY AND DERBYSHIRE",3013,28966.63,0,0
2025-07-01,06K,"NHS EAST AND NORTH HERTFORDSHIRE",3025,24413.5,0,0
2025-07-01,92G,"NHS BATH AND NORTH EAST SOMERSET, SWINDON AND WILTSHIRE",3178,25003.93,0,0
2025-07-01,84H,"NHS COUNTY DURHAM",3238,27421.9,0,0
2025-07-01,16C,"NHS TEES VALLEY",3329,28265.09,0,0
2025-07-01,B2M3M,"NHS COVENTRY AND WARWICKSHIRE",3336,26885.31,0,0
2025-07-01,06H,"NHS CAMBRIDGESHIRE AND PETERBOROUGH",3445,25422.46,0,0
2025-07-01,A3A8R,"NHS NORTH EAST LONDON",3572,33269.16,0,0
2025-07-01,36J,"NHS BRADFORD DISTRICT AND CRAVEN",3724,29585.42,0,0
2025-07-01,70F,"NHS WEST SUSSEX",3786,36260.44,0,0
2025-07-01,71E,"NHS LINCOLNSHIRE",3947,29819.26,0,0
2025-07-01,14L,"NHS MANCHESTER",3972,32806.69,0,0
2025-07-01,15N,"NHS DEVON",4156,33377.08,0,0
2025-07-01,M1J4Y,"NHS BEDFORDSHIRE, LUTON AND MILTON KEYNES",4228,33523.47,0,0
2025-07-01,D9Y0V,"NHS HAMPSHIRE, SOUTHAMPTON AND ISLE OF WIGHT",4355,41853.42,0,0
2025-07-01,52R,"NHS NOTTINGHAM AND NOTTINGHAMSHIRE",4631,35955.59,0,0
2025-07-01,92A,"NHS SURREY HEARTLANDS",4751,47105.86,0,0
2025-07-01,36L,"NHS SOUTH WEST LONDON",4777,47822.94,0,0
2025-07-01,26A,"NHS NORFOLK AND WAVENEY",5708,45784.15,0,0
2025-07-01,93C,"NHS NORTH CENTRAL LONDON",7079,68926.76,0,0
2025-07-01,72Q,"NHS SOUTH EAST LONDON",7230,73371.88,0,0
2025-07-01,91Q,"NHS KENT AND MEDWAY",7379,62036.33,0,0
2025-07-01,15E,"NHS BIRMINGHAM AND SOLIHULL",7825,68510.68,0,0
2025-07-01,D2P2L,"NHS BLACK COUNTRY",8397,75559.82,0,0
2025-07-01,W2U3Z,"NHS NORTH WEST LONDON",9462,84411.61,0,0
2025-08-01,09W,"NHS MEDWAY",0,0,0,0
2025-08-01,D4U1Y,"NHS FRIMLEY",30,215.56,0,0
2025-08-01,07G,"NHS THURROCK",213,1614.19,0,0
2025-08-01,12F,"NHS WIRRAL",259,2219.92,0,0
2025-08-01,01T,"NHS SOUTH SEFTON",284,2192.55,0,0
2025-08-01,01V,"NHS SOUTHPORT AND FORMBY",285,2640.96,0,0
2025-08-01,99F,"NHS CASTLE POINT AND ROCHFORD",289,2364.5,0,0
2025-08-01,02T,"NHS CALDERDALE",300,2344.78,0,0
2025-08-01,99G,"NHS SOUTHEND",321,2582.25,0,0
2025-08-01,01J,"NHS KNOWSLEY",349,2765.45,0,0
2025-08-01,11X,"NHS SOMERSET",389,2956.67,0,0
2025-08-01,99E,"NHS BASILDON AND BRENTWOOD",412,3488.32,0,0
2025-08-01,78H,"NHS NORTHAMPTONSHIRE",435,3220.12,0,0
2025-08-01,10R,"NHS PORTSMOUTH",451,4583.1,0,0
2025-08-01,02P,"NHS BARNSLEY",499,4011.6,0,0
2025-08-01,05D,"NHS EAST STAFFORDSHIRE",513,3965.51,0,0
2025-08-01,04C,"NHS LEICESTER CITY",522,3197.76,0,0
2025-08-01,01F,"NHS HALTON",523,4487.15,0,0
2025-08-01,03W,"NHS EAST LEICESTERSHIRE AND RUTLAND",565,3524.27,0,0
2025-08-01,02Q,"NHS BASSETLAW",572,4273.13,0,0
2025-08-01,02E,"NHS WARRINGTON",592,4837.39,0,0
2025-08-01,02G,"NHS WEST LANCASHIRE",598,5503.65,0,0
2025-08-01,02M,"NHS FYLDE AND WYRE",669,5616.6,0,0
2025-08-01,04Y,"NHS CANNOCK CHASE",693,6334.46,0,0
2025-08-01,04V,"NHS WEST LEICESTERSHIRE",699,4601.11,0,0
2025-08-01,01G,"NHS SALFORD",702,5905.47,0,0
2025-08-01,03Q,"NHS VALE OF YORK",723,7258.18,0,0
2025-08-01,03F,"NHS HULL",749,5602.25,0,0
2025-08-01,05V,"NHS STAFFORD AND SURROUNDS",749,6800.88,0,0
2025-08-01,00X,"NHS CHORLEY AND SOUTH RIBBLE",754,6902.19,0,0
2025-08-01,03K,"NHS NORTH LINCOLNSHIRE",780,6141.21,0,0
2025-08-01,00R,"NHS BLACKPOOL",790,6762.38,0,0
2025-08-01,01D,"NHS HEYWOOD, MIDDLETON AND ROCHDALE",813,6414.23,0,0
2025-08-01,99C,"NHS NORTH TYNESIDE",818,8290.75,0,0
2025-08-01,09D,"NHS BRIGHTON AND HOVE",823,8780.77,0,0
2025-08-01,01K,"NHS MORECAMBE BAY",850,6663.03,0,0
2025-08-01,27D,"NHS CHESHIRE",861,7442.91,0,0
2025-08-01,03R,"NHS WAKEFIELD",868,6954.56,0,0
2025-08-01,00Q,"NHS BLACKBURN WITH DARWEN",872,8043.15,0,0
2025-08-01,01E,"NHS GREATER PRESTON",875,8165.73,0,0
2025-08-01,00V,"NHS BURY",879,6379.77,0,0
2025-08-01,02Y,"NHS EAST RIDING OF YORKSHIRE",886,6652.32,0,0
2025-08-01,00N,"NHS SOUTH TYNESIDE",887,9418.38,0,0
2025-08-01,03H,"NHS NORTH EAST LINCOLNSHIRE",902,7053.74,0,0
2025-08-01,05Q,"NHS SOUTH EAST STAFFORDSHIRE AND SEISDON PENINSULA",944,9389.7,0,0
2025-08-01,02A,"NHS TRAFFORD",947,8154.42,0,0
2025-08-01,01Y,"NHS TAMESIDE AND GLOSSOP",955,8328.05,0,0
2025-08-01,03N,"NHS SHEFFIELD",955,8236.61,0,0
2025-08-01,01X,"NHS ST HELENS",983,8855.17,0,0
2025-08-01,05G,"NHS NORTH STAFFORDSHIRE",991,8560.98,0,0
2025-08-01,01W,"NHS STOCKPORT",1017,8741.77,0,0
2025-08-01,15A,"NHS BERKSHIRE WEST",1206,11073.06,0,0
2025-08-01,02X,"NHS DONCASTER",1208,9724.03,0,0
2025-08-01,07H,"NHS WEST ESSEX",1345,10543.34,0,0
2025-08-01,00Y,"NHS OLDHAM",1391,10828.81,0,0
2025-08-01,00P,"NHS SUNDERLAND",1407,13282.49,0,0
2025-08-01,03L,"NHS ROTHERHAM",1441,11518.72,0,0
2025-08-01,00T,"NHS BOLTON",1458,11646.28,0,0
2025-08-01,U2G6B,"NHS THAMES VALLEY ICB - U2G6B",1460,13908.15,0,0
2025-08-01,07K,"NHS WEST SUFFOLK",1485,10931.69,0,0
2025-08-01,06T,"NHS NORTH EAST ESSEX",1515,12177.25,0,0
2025-08-01,00L,"NHS NORTHUMBERLAND",1544,14838.52,0,0
2025-08-01,M2L0M,"NHS SHROPSHIRE, TELFORD AND WREKIN",1627,15443.57,0,0
2025-08-01,02H,"NHS WIGAN BOROUGH",1648,14935.43,0,0
2025-08-01,06Q,"NHS MID ESSEX",1668,12954.73,0,0
2025-08-01,13T,"NHS NEWCASTLE GATESHEAD",1676,15300.45,0,0
2025-08-01,01H,"NHS NORTH CUMBRIA",1678,16209.14,0,0
2025-08-01,01A,"NHS EAST LANCASHIRE",1708,13606.48,0,0
2025-08-01,15C,"NHS BRISTOL, NORTH SOMERSET AND SOUTH GLOUCESTERSHIRE",1724,16401.2,0,0
2025-08-01,06L,"NHS IPSWICH AND EAST SUFFOLK",1849,13915.23,0,0
2025-08-01,06N,"NHS HERTS VALLEYS",1892,18966.17,0,0
2025-08-01,05W,"NHS STOKE ON TRENT",1895,15429.09,0,0
2025-08-01,X2C4Y,"NHS KIRKLEES",2047,19782.51,0,0
2025-08-01,42D,"NHS NORTH YORKSHIRE",2053,19424.95,0,0
2025-08-01,11M,"NHS GLOUCESTERSHIRE",2085,17114.76,0,0
2025-08-01,11J,"NHS DORSET",2133,18352.52,0,0
2025-08-01,99A,"NHS LIVERPOOL",2201,19923.97,0,0
2025-08-01,97R,"NHS EAST SUSSEX",2252,20328.24,0,0
2025-08-01,14Y,"NHS BUCKINGHAMSHIRE",2380,21321.98,0,0
2025-08-01,15F,"NHS LEEDS",2415,21465.51,0,0
2025-08-01,11N,"NHS CORNWALL AND THE ISLES OF SCILLY",2422,19720.8,0,0
2025-08-01,10Q,"NHS OXFORDSHIRE",2437,22649.29,0,0
2025-08-01,06K,"NHS EAST AND NORTH HERTFORDSHIRE",2463,20103.28,0,0
2025-08-01,18C,"NHS HEREFORDSHIRE AND WORCESTERSHIRE",2549,24218.7,0,0
2025-08-01,15M,"NHS DERBY AND DERBYSHIRE",2659,26083.39,0,0
2025-08-01,92G,"NHS BATH AND NORTH EAST SOMERSET, SWINDON AND WILTSHIRE",2690,21863.52,0,0
2025-08-01,84H,"NHS COUNTY DURHAM",2786,24837.22,0,0
2025-08-01,16C,"NHS TEES VALLEY",2800,23808.93,0,0
2025-08-01,B2M3M,"NHS COVENTRY AND WARWICKSHIRE",2836,23270.37,0,0
2025-08-01,06H,"NHS CAMBRIDGESHIRE AND PETERBOROUGH",2966,22243.24,0,0
2025-08-01,A3A8R,"NHS NORTH EAST LONDON",3033,29200.27,0,0
2025-08-01,36J,"NHS BRADFORD DISTRICT AND CRAVEN",3287,26598.49,0,0
2025-08-01,14L,"NHS MANCHESTER",3289,27498.3,0,0
2025-08-01,70F,"NHS WEST SUSSEX",3372,33391.46,0,0
2025-08-01,71E,"NHS LINCOLNSHIRE",3420,26195.34,0,0
2025-08-01,M1J4Y,"NHS BEDFORDSHIRE, LUTON AND MILTON KEYNES",3444,27036.69,0,0
2025-08-01,15N,"NHS DEVON",3674,29824.28,0,0
2025-08-01,D9Y0V,"NHS HAMPSHIRE, SOUTHAMPTON AND ISLE OF WIGHT",3683,35386,0,0
2025-08-01,52R,"NHS NOTTINGHAM AND NOTTINGHAMSHIRE",3969,31409.94,0,0
2025-08-01,92A,"NHS SURREY HEARTLANDS",4051,40557.87,0,0
2025-08-01,36L,"NHS SOUTH WEST LONDON",4224,42739.45,0,0
2025-08-01,26A,"NHS NORFOLK AND WAVENEY",5003,40943.77,0,0
2025-08-01,72Q,"NHS SOUTH EAST LONDON",5933,61520.5,0,0
2025-08-01,93C,"NHS NORTH CENTRAL LONDON",6014,58795.16,0,0
2025-08-01,91Q,"NHS KENT AND MEDWAY",6398,55262.96,0,0
2025-08-01,15E,"NHS BIRMINGHAM AND SOLIHULL",6605,57853.66,0,0
2025-08-01,D2P2L,"NHS BLACK COUNTRY",7071,63011.26,0,0
2025-08-01,W2U3Z,"NHS NORTH WEST LONDON",8092,72585.44,0,0
2025-09-01,09W,"NHS MEDWAY",0,0,0,0
2025-09-01,D4U1Y,"NHS FRIMLEY",42,300.27,0,0
2025-09-01,07G,"NHS THURROCK",272,2029.38,0,0
2025-09-01,99F,"NHS CASTLE POINT AND ROCHFORD",331,2644.48,0,0
2025-09-01,12F,"NHS WIRRAL",337,2934.36,0,0
2025-09-01,01V,"NHS SOUTHPORT AND FORMBY",343,3107.67,0,0
2025-09-01,02T,"NHS CALDERDALE",364,2785.64,0,0
2025-09-01,99G,"NHS SOUTHEND",388,3091.78,0,0
2025-09-01,01T,"NHS SOUTH SEFTON",390,3165.03,0,0
2025-09-01,01J,"NHS KNOWSLEY",441,3492.4,0,0
2025-09-01,11X,"NHS SOMERSET",441,3451.09,0,0
2025-09-01,99E,"NHS BASILDON AND BRENTWOOD",461,3715.67,0,0
2025-09-01,78H,"NHS NORTHAMPTONSHIRE",466,3315.7,0,0
2025-09-01,10R,"NHS PORTSMOUTH",538,5321.35,0,0
2025-09-01,01F,"NHS HALTON",554,4625.3,0,0
2025-09-01,02P,"NHS BARNSLEY",555,4322.49,0,0
2025-09-01,05D,"NHS EAST STAFFORDSHIRE",595,4677.56,0,0
2025-09-01,02Q,"NHS BASSETLAW",648,4941.38,0,0
2025-09-01,03W,"NHS EAST LEICESTERSHIRE AND RUTLAND",667,4128.99,0,0
2025-09-01,02E,"NHS WARRINGTON",682,5345.53,0,0
2025-09-01,02G,"NHS WEST LANCASHIRE",686,6486.78,0,0
2025-09-01,04C,"NHS LEICESTER CITY",702,3826.1,0,0
2025-09-01,02M,"NHS FYLDE AND WYRE",751,6166.92,0,0
2025-09-01,00X,"NHS CHORLEY AND SOUTH RIBBLE",783,7101.47,0,0
2025-09-01,05V,"NHS STAFFORD AND SURROUNDS",799,7104.43,0,0
2025-09-01,04Y,"NHS CANNOCK CHASE",803,7004.58,0,0
2025-09-01,03F,"NHS HULL",830,6272.04,0,0
2025-09-01,01G,"NHS SALFORD",832,6799.74,0,0
2025-09-01,03K,"NHS NORTH LINCOLNSHIRE",853,6426.75,0,0
2025-09-01,99C,"NHS NORTH TYNESIDE",856,7858.65,0,0
2025-09-01,03Q,"NHS VALE OF YORK",871,8725.34,0,0
2025-09-01,04V,"NHS WEST LEICESTERSHIRE",876,5577.57,0,0
2025-09-01,00R,"NHS BLACKPOOL",887,7322.62,0,0
2025-09-01,09D,"NHS BRIGHTON AND HOVE",913,9256.87,0,0
2025-09-01,01E,"NHS GREATER PRESTON",947,8445.39,0,0
2025-09-01,01D,"NHS HEYWOOD, MIDDLETON AND ROCHDALE",948,7334.88,0,0
2025-09-01,27D,"NHS CHESHIRE",973,8057.46,0,0
2025-09-01,00N,"NHS SOUTH TYNESIDE",978,10160.38,0,0
2025-09-01,01K,"NHS MORECAMBE BAY",984,7418.62,0,0
2025-09-01,02Y,"NHS EAST RIDING OF YORKSHIRE",989,7234.8,0,0
2025-09-01,00V,"NHS BURY",1007,7380.97,0,0
2025-09-01,00Q,"NHS BLACKBURN WITH DARWEN",1053,9393.13,0,0
2025-09-01,05G,"NHS NORTH STAFFORDSHIRE",1078,9365.22,0,0
2025-09-01,05Q,"NHS SOUTH EAST STAFFORDSHIRE AND SEISDON PENINSULA",1085,10557.95,0,0
2025-09-01,03N,"NHS SHEFFIELD",1096,9322.74,0,0
2025-09-01,02A,"NHS TRAFFORD",1099,9681.62,0,0
2025-09-01,01Y,"NHS TAMESIDE AND GLOSSOP",1105,9748.21,0,0
2025-09-01,01X,"NHS ST HELENS",1112,10047.2,0,0
2025-09-01,03H,"NHS NORTH EAST LINCOLNSHIRE",1145,8684.32,0,0
2025-09-01,03R,"NHS WAKEFIELD",1146,8977.81,0,0
2025-09-01,01W,"NHS STOCKPORT",1203,9936.2,0,0
2025-09-01,02X,"NHS DONCASTER",1345,10280.55,0,0
2025-09-01,15A,"NHS BERKSHIRE WEST",1388,12828.68,0,0
2025-09-01,07H,"NHS WEST ESSEX",1432,11199.91,0,0
2025-09-01,00P,"NHS SUNDERLAND",1478,14131.2,0,0
2025-09-01,00Y,"NHS OLDHAM",1627,12207.89,0,0
2025-09-01,03L,"NHS ROTHERHAM",1674,13127.47,0,0
2025-09-01,07K,"NHS WEST SUFFOLK",1695,12037.46,0,0
2025-09-01,00T,"NHS BOLTON",1718,13522.55,0,0
2025-09-01,U2G6B,"NHS THAMES VALLEY ICB - U2G6B",1749,15954.5,0,0
2025-09-01,00L,"NHS NORTHUMBERLAND",1760,16295.6,0,0
2025-09-01,06T,"NHS NORTH EAST ESSEX",1808,14347.09,0,0
2025-09-01,M2L0M,"NHS SHROPSHIRE, TELFORD AND WREKIN",1870,17247.41,0,0
2025-09-01,15C,"NHS BRISTOL, NORTH SOMERSET AND SOUTH GLOUCESTERSHIRE",1893,17606.15,0,0
2025-09-01,02H,"NHS WIGAN BOROUGH",1928,17098.16,0,0
2025-09-01,06Q,"NHS MID ESSEX",1932,14723.51,0,0
2025-09-01,01H,"NHS NORTH CUMBRIA",1963,17964.8,0,0
2025-09-01,05W,"NHS STOKE ON TRENT",2061,16723.69,0,0
2025-09-01,13T,"NHS NEWCASTLE GATESHEAD",2061,17758.72,0,0
2025-09-01,01A,"NHS EAST LANCASHIRE",2093,16049.31,0,0
2025-09-01,06L,"NHS IPSWICH AND EAST SUFFOLK",2123,15554.34,0,0
2025-09-01,42D,"NHS NORTH YORKSHIRE",2165,19567.88,0,0
2025-09-01,06N,"NHS HERTS VALLEYS",2319,22114.86,0,0
2025-09-01,11M,"NHS GLOUCESTERSHIRE",2375,19530.83,0,0
2025-09-01,11J,"NHS DORSET",2466,20814.4,0,0
2025-09-01,X2C4Y,"NHS KIRKLEES",2539,23863.9,0,0
2025-09-01,99A,"NHS LIVERPOOL",2573,22895.61,0,0
2025-09-01,97R,"NHS EAST SUSSEX",2643,23458.23,0,0
2025-09-01,11N,"NHS CORNWALL AND THE ISLES OF SCILLY",2647,21351.87,0,0
2025-09-01,10Q,"NHS OXFORDSHIRE",2694,24188.69,0,0
2025-09-01,14Y,"NHS BUCKINGHAMSHIRE",2809,24385.23,0,0
2025-09-01,06K,"NHS EAST AND NORTH HERTFORDSHIRE",2851,22989.04,0,0
2025-09-01,15M,"NHS DERBY AND DERBYSHIRE",2870,28169.22,0,0
2025-09-01,15F,"NHS LEEDS",2919,24375.07,0,0
2025-09-01,18C,"NHS HEREFORDSHIRE AND WORCESTERSHIRE",2983,27863.27,0,0
2025-09-01,84H,"NHS COUNTY DURHAM",3049,25517.25,0,0
2025-09-01,16C,"NHS TEES VALLEY",3227,27023.02,0,0
2025-09-01,92G,"NHS BATH AND NORTH EAST SOMERSET, SWINDON AND WILTSHIRE",3264,25531.54,0,0
2025-09-01,06H,"NHS CAMBRIDGESHIRE AND PETERBOROUGH",3334,24341.54,0,0
2025-09-01,B2M3M,"NHS COVENTRY AND WARWICKSHIRE",3355,26476.96,0,0
2025-09-01,A3A8R,"NHS NORTH EAST LONDON",3518,32858.87,0,0
2025-09-01,71E,"NHS LINCOLNSHIRE",3868,29367.8,0,0
2025-09-01,70F,"NHS WEST SUSSEX",3930,37684.5,0,0
2025-09-01,14L,"NHS MANCHESTER",3955,32596.76,0,0
2025-09-01,36J,"NHS BRADFORD DISTRICT AND CRAVEN",4077,32091.99,0,0
2025-09-01,M1J4Y,"NHS BEDFORDSHIRE, LUTON AND MILTON KEYNES",4154,32679.81,0,0
2025-09-01,15N,"NHS DEVON",4269,33829.8,0,0
2025-09-01,D9Y0V,"NHS HAMPSHIRE, SOUTHAMPTON AND ISLE OF WIGHT",4337,40584.08,0,0
2025-09-01,52R,"NHS NOTTINGHAM AND NOTTINGHAMSHIRE",4370,33873,0,0
2025-09-01,92A,"NHS SURREY HEARTLANDS",4694,46166.79,0,0
2025-09-01,36L,"NHS SOUTH WEST LONDON",4853,48411.1,0,0
2025-09-01,26A,"NHS NORFOLK AND WAVENEY",5552,44380.95,0,0
2025-09-01,93C,"NHS NORTH CENTRAL LONDON",6830,64822.24,0,0
2025-09-01,72Q,"NHS SOUTH EAST LONDON",7039,71140.31,0,0
2025-09-01,91Q,"NHS KENT AND MEDWAY",7456,61508,0,0
2025-09-01,15E,"NHS BIRMINGHAM AND SOLIHULL",8064,68160.09,0,0
2025-09-01,D2P2L,"NHS BLACK COUNTRY",8193,71287.49,0,0
2025-09-01,W2U3Z,"NHS NORTH WEST LONDON",9094,80893.43,0,0
2025-10-01,09W,"NHS MEDWAY",0,0,0,0
2025-10-01,D4U1Y,"NHS FRIMLEY",55,402.89,0,0
2025-10-01,07G,"NHS THURROCK",271,2122.36,0,0
2025-10-01,12F,"NHS WIRRAL",323,2805.72,0,0
2025-10-01,99F,"NHS CASTLE POINT AND ROCHFORD",326,2778.53,0,0
2025-10-01,02T,"NHS CALDERDALE",330,2350.79,0,0
2025-10-01,01V,"NHS SOUTHPORT AND FORMBY",354,3226.64,0,0
2025-10-01,01T,"NHS SOUTH SEFTON",355,2828.96,0,0
2025-10-01,99G,"NHS SOUTHEND",370,2988.05,0,0
2025-10-01,01J,"NHS KNOWSLEY",423,3370.88,0,0
2025-10-01,11X,"NHS SOMERSET",488,3710.47,0,0
2025-10-01,78H,"NHS NORTHAMPTONSHIRE",497,3748.44,0,0
2025-10-01,99E,"NHS BASILDON AND BRENTWOOD",506,4073.12,0,0
2025-10-01,02P,"NHS BARNSLEY",541,4198.66,0,0
2025-10-01,01F,"NHS HALTON",553,4535.97,0,0
2025-10-01,10R,"NHS PORTSMOUTH",560,5551.72,0,0
2025-10-01,05D,"NHS EAST STAFFORDSHIRE",595,4615.72,0,0
2025-10-01,03W,"NHS EAST LEICESTERSHIRE AND RUTLAND",613,3804.68,0,0
2025-10-01,04C,"NHS LEICESTER CITY",617,3386.6,0,0
2025-10-01,02G,"NHS WEST LANCASHIRE",656,6004.77,0,0
2025-10-01,02Q,"NHS BASSETLAW",664,4974.46,0,0
2025-10-01,02E,"NHS WARRINGTON",687,5610.68,0,0
2025-10-01,02M,"NHS FYLDE AND WYRE",753,6077.68,0,0
2025-10-01,04Y,"NHS CANNOCK CHASE",792,6941.31,0,0
2025-10-01,03K,"NHS NORTH LINCOLNSHIRE",834,6374.11,0,0
2025-10-01,00X,"NHS CHORLEY AND SOUTH RIBBLE",841,7731.66,0,0
2025-10-01,01G,"NHS SALFORD",848,6952.55,0,0
2025-10-01,04V,"NHS WEST LEICESTERSHIRE",860,5423.58,0,0
2025-10-01,03Q,"NHS VALE OF YORK",863,8894.32,0,0
2025-10-01,05V,"NHS STAFFORD AND SURROUNDS",877,7924.49,0,0
2025-10-01,01D,"NHS HEYWOOD, MIDDLETON AND ROCHDALE",903,6705.46,0,0
2025-10-01,00R,"NHS BLACKPOOL",911,7605.1,0,0
2025-10-01,03F,"NHS HULL",916,6842.46,0,0
2025-10-01,99C,"NHS NORTH TYNESIDE",923,9186.09,0,0
2025-10-01,01E,"NHS GREATER PRESTON",940,8787.03,0,0
2025-10-01,00N,"NHS SOUTH TYNESIDE",963,9932.12,0,0
2025-10-01,09D,"NHS BRIGHTON AND HOVE",974,9938.44,0,0
2025-10-01,01K,"NHS MORECAMBE BAY",992,7826.02,0,0
2025-10-01,00V,"NHS BURY",995,7220.11,0,0
2025-10-01,27D,"NHS CHESHIRE",1015,8548.03,0,0
2025-10-01,00Q,"NHS BLACKBURN WITH DARWEN",1021,9193.57,0,0
2025-10-01,02Y,"NHS EAST RIDING OF YORKSHIRE",1036,7776.36,0,0
2025-10-01,03H,"NHS NORTH EAST LINCOLNSHIRE",1070,8094.15,0,0
2025-10-01,03N,"NHS SHEFFIELD",1086,9263.88,0,0
2025-10-01,05G,"NHS NORTH STAFFORDSHIRE",1096,9271.1,0,0
2025-10-01,03R,"NHS WAKEFIELD",1101,8785.38,0,0
2025-10-01,05Q,"NHS SOUTH EAST STAFFORDSHIRE AND SEISDON PENINSULA",1112,11052.3,0,0
2025-10-01,01X,"NHS ST HELENS",1120,10053.41,0,0
2025-10-01,01Y,"NHS TAMESIDE AND GLOSSOP",1149,9760.31,0,0
2025-10-01,02A,"NHS TRAFFORD",1155,10160.72,0,0
2025-10-01,01W,"NHS STOCKPORT",1270,10343.06,0,0
2025-10-01,02X,"NHS DONCASTER",1294,9972.55,0,0
2025-10-01,15A,"NHS BERKSHIRE WEST",1396,12540.9,0,0
2025-10-01,07H,"NHS WEST ESSEX",1466,11610.98,0,0
2025-10-01,00P,"NHS SUNDERLAND",1486,13851.81,0,0
2025-10-01,00Y,"NHS OLDHAM",1574,12028.83,0,0
2025-10-01,00T,"NHS BOLTON",1705,13720.99,0,0
2025-10-01,03L,"NHS ROTHERHAM",1716,13375.76,0,0
2025-10-01,U2G6B,"NHS THAMES VALLEY ICB - U2G6B",1727,15892.14,0,0
2025-10-01,15C,"NHS BRISTOL, NORTH SOMERSET AND SOUTH GLOUCESTERSHIRE",1733,16131.68,0,0
2025-10-01,07K,"NHS WEST SUFFOLK",1778,12883.09,0,0
2025-10-01,00L,"NHS NORTHUMBERLAND",1797,16710.17,0,0
2025-10-01,06T,"NHS NORTH EAST ESSEX",1811,14187.23,0,0
2025-10-01,01H,"NHS NORTH CUMBRIA",1863,17442.52,0,0
2025-10-01,06Q,"NHS MID ESSEX",1873,14276.99,0,0
2025-10-01,13T,"NHS NEWCASTLE GATESHEAD",1912,16741.99,0,0
2025-10-01,02H,"NHS WIGAN BOROUGH",1929,17217.99,0,0
2025-10-01,M2L0M,"NHS SHROPSHIRE, TELFORD AND WREKIN",1936,17825.43,0,0
2025-10-01,01A,"NHS EAST LANCASHIRE",2051,15792.37,0,0
2025-10-01,05W,"NHS STOKE ON TRENT",2064,16796.12,0,0
2025-10-01,06L,"NHS IPSWICH AND EAST SUFFOLK",2097,15388.11,0,0
2025-10-01,42D,"NHS NORTH YORKSHIRE",2302,21822.65,0,0
2025-10-01,06N,"NHS HERTS VALLEYS",2313,22614.05,0,0
2025-10-01,11M,"NHS GLOUCESTERSHIRE",2336,18961.77,0,0
2025-10-01,X2C4Y,"NHS KIRKLEES",2491,23652.61,0,0
2025-10-01,99A,"NHS LIVERPOOL",2506,22056.86,0,0
2025-10-01,11J,"NHS DORSET",2528,21451.76,0,0
2025-10-01,97R,"NHS EAST SUSSEX",2637,23346.12,0,0
2025-10-01,11N,"NHS CORNWALL AND THE ISLES OF SCILLY",2785,21945.39,0,0
2025-10-01,14Y,"NHS BUCKINGHAMSHIRE",2889,25045.78,0,0
2025-10-01,10Q,"NHS OXFORDSHIRE",2899,25944.25,0,0
2025-10-01,15M,"NHS DERBY AND DERBYSHIRE",2903,28020.21,0,0
2025-10-01,15F,"NHS LEEDS",2927,24449.21,0,0
2025-10-01,06K,"NHS EAST AND NORTH HERTFORDSHIRE",2967,23831.11,0,0
2025-10-01,18C,"NHS HEREFORDSHIRE AND WORCESTERSHIRE",3043,28176.85,0,0
2025-10-01,84H,"NHS COUNTY DURHAM",3139,26799.23,0,0
2025-10-01,92G,"NHS BATH AND NORTH EAST SOMERSET, SWINDON AND WILTSHIRE",3230,25938.68,0,0
2025-10-01,16C,"NHS TEES VALLEY",3248,27319.96,0,0
2025-10-01,B2M3M,"NHS COVENTRY AND WARWICKSHIRE",3326,26238.02,0,0
2025-10-01,A3A8R,"NHS NORTH EAST LONDON",3485,32765.44,0,0
2025-10-01,06H,"NHS CAMBRIDGESHIRE AND PETERBOROUGH",3506,25793.36,0,0
2025-10-01,36J,"NHS BRADFORD DISTRICT AND CRAVEN",3882,30667.42,0,0
2025-10-01,71E,"NHS LINCOLNSHIRE",3904,29189.93,0,0
2025-10-01,14L,"NHS MANCHESTER",3997,32535.51,0,0
2025-10-01,70F,"NHS WEST SUSSEX",4007,38130.09,0,0
2025-10-01,M1J4Y,"NHS BEDFORDSHIRE, LUTON AND MILTON KEYNES",4127,32523.2,0,0
2025-10-01,52R,"NHS NOTTINGHAM AND NOTTINGHAMSHIRE",4154,32352.77,0,0
2025-10-01,D9Y0V,"NHS HAMPSHIRE, SOUTHAMPTON AND ISLE OF WIGHT",4455,42084.11,0,0
2025-10-01,15N,"NHS DEVON",4459,35701.42,0,0
2025-10-01,92A,"NHS SURREY HEARTLANDS",4880,46989.53,0,0
2025-10-01,36L,"NHS SOUTH WEST LONDON",5013,49672.57,0,0
2025-10-01,26A,"NHS NORFOLK AND WAVENEY",5699,45324.51,0,0
2025-10-01,93C,"NHS NORTH CENTRAL LONDON",6948,66430.39,0,0
2025-10-01,72Q,"NHS SOUTH EAST LONDON",7005,70476.77,0,0
2025-10-01,91Q,"NHS KENT AND MEDWAY",7794,65976.02,0,0
2025-10-01,15E,"NHS BIRMINGHAM AND SOLIHULL",7970,68358.06,0,0
2025-10-01,D2P2L,"NHS BLACK COUNTRY",7995,70042.95,0,0
2025-10-01,W2U3Z,"NHS NORTH WEST LONDON",9486,82347.22,0,0
2025-11-01,09W,"NHS MEDWAY",0,0,0,0
2025-11-01,D4U1Y,"NHS FRIMLEY",49,405.36,0,0
2025-11-01,07G,"NHS THURROCK",234,1785.52,0,0
2025-11-01,12F,"NHS WIRRAL",279,2373.86,0,0
2025-11-01,01V,"NHS SOUTHPORT AND FORMBY",288,2659.51,0,0
2025-11-01,02T,"NHS CALDERDALE",317,2365.92,0,0
2025-11-01,99G,"NHS SOUTHEND",320,2478.48,0,0
2025-11-01,99F,"NHS CASTLE POINT AND ROCHFORD",321,2529,0,0
2025-11-01,01T,"NHS SOUTH SEFTON",360,2854.91,0,0
2025-11-01,01J,"NHS KNOWSLEY",410,3086.32,0,0
2025-11-01,99E,"NHS BASILDON AND BRENTWOOD",413,3147.54,0,0
2025-11-01,11X,"NHS SOMERSET",419,3148.41,0,0
2025-11-01,78H,"NHS NORTHAMPTONSHIRE",459,3482.2,0,0
2025-11-01,02P,"NHS BARNSLEY",506,4088.99,0,0
2025-11-01,10R,"NHS PORTSMOUTH",516,5060.45,0,0
2025-11-01,01F,"NHS HALTON",523,4523.43,0,0
2025-11-01,05D,"NHS EAST STAFFORDSHIRE",528,4061.21,0,0
2025-11-01,02Q,"NHS BASSETLAW",529,4041.81,0,0
2025-11-01,04C,"NHS LEICESTER CITY",567,3263.56,0,0
2025-11-01,03W,"NHS EAST LEICESTERSHIRE AND RUTLAND",606,3738.03,0,0
2025-11-01,02G,"NHS WEST LANCASHIRE",622,5771.03,0,0
2025-11-01,02E,"NHS WARRINGTON",642,5160.27,0,0
2025-11-01,02M,"NHS FYLDE AND WYRE",691,5716.95,0,0
2025-11-01,03F,"NHS HULL",727,5493.13,0,0
2025-11-01,03Q,"NHS VALE OF YORK",740,7379.74,0,0
2025-11-01,00X,"NHS CHORLEY AND SOUTH RIBBLE",760,6734.31,0,0
2025-11-01,04V,"NHS WEST LEICESTERSHIRE",764,4918.49,0,0
2025-11-01,01G,"NHS SALFORD",775,6261.97,0,0
2025-11-01,05V,"NHS STAFFORD AND SURROUNDS",776,7160.41,0,0
2025-11-01,03K,"NHS NORTH LINCOLNSHIRE",786,5780.46,0,0
2025-11-01,04Y,"NHS CANNOCK CHASE",801,6951.45,0,0
2025-11-01,00R,"NHS BLACKPOOL",815,6799.88,0,0
2025-11-01,01D,"NHS HEYWOOD, MIDDLETON AND ROCHDALE",819,6219.7,0,0
2025-11-01,99C,"NHS NORTH TYNESIDE",826,8261.07,0,0
2025-11-01,00N,"NHS SOUTH TYNESIDE",827,8439.85,0,0
2025-11-01,00V,"NHS BURY",863,6213.49,0,0
2025-11-01,09D,"NHS BRIGHTON AND HOVE",874,8945.08,0,0
2025-11-01,27D,"NHS CHESHIRE",910,7568.98,0,0
2025-11-01,01E,"NHS GREATER PRESTON",912,8212.52,0,0
2025-11-01,02Y,"NHS EAST RIDING OF YORKSHIRE",920,6805.98,0,0
2025-11-01,01K,"NHS MORECAMBE BAY",927,6950.76,0,0
2025-11-01,00Q,"NHS BLACKBURN WITH DARWEN",986,8536.68,0,0
2025-11-01,03H,"NHS NORTH EAST LINCOLNSHIRE",1002,7552.86,0,0
2025-11-01,03N,"NHS SHEFFIELD",1002,8678.49,0,0
2025-11-01,05G,"NHS NORTH STAFFORDSHIRE",1011,8375.26,0,0
2025-11-01,03R,"NHS WAKEFIELD",1029,8090.37,0,0
2025-11-01,05Q,"NHS SOUTH EAST STAFFORDSHIRE AND SEISDON PENINSULA",1035,10135.99,0,0
2025-11-01,02A,"NHS TRAFFORD",1038,9020.76,0,0
2025-11-01,01Y,"NHS TAMESIDE AND GLOSSOP",1060,9283.32,0,0
2025-11-01,02X,"NHS DONCASTER",1077,8111.49,0,0
2025-11-01,01W,"NHS STOCKPORT",1096,9163.88,0,0
2025-11-01,01X,"NHS ST HELENS",1102,9990.71,0,0
2025-11-01,07H,"NHS WEST ESSEX",1281,9953.02,0,0
2025-11-01,15A,"NHS BERKSHIRE WEST",1297,11861.4,0,0
2025-11-01,00P,"NHS SUNDERLAND",1338,12686.1,0,0
2025-11-01,00Y,"NHS OLDHAM",1437,11106.5,0,0
2025-11-01,15C,"NHS BRISTOL, NORTH SOMERSET AND SOUTH GLOUCESTERSHIRE",1488,13570.16,0,0
2025-11-01,03L,"NHS ROTHERHAM",1510,11806.12,0,0
2025-11-01,00L,"NHS NORTHUMBERLAND",1553,14333.36,0,0
2025-11-01,00T,"NHS BOLTON",1576,12390.43,0,0
2025-11-01,07K,"NHS WEST SUFFOLK",1588,11175.92,0,0
2025-11-01,06T,"NHS NORTH EAST ESSEX",1647,13204.28,0,0
2025-11-01,U2G6B,"NHS THAMES VALLEY ICB - U2G6B",1676,14793.99,0,0
2025-11-01,M2L0M,"NHS SHROPSHIRE, TELFORD AND WREKIN",1694,15909.42,0,0
2025-11-01,01H,"NHS NORTH CUMBRIA",1728,15895.91,0,0
2025-11-01,13T,"NHS NEWCASTLE GATESHEAD",1735,15162.26,0,0
2025-11-01,06Q,"NHS MID ESSEX",1781,13546.94,0,0
2025-11-01,02H,"NHS WIGAN BOROUGH",1835,16247.95,0,0
2025-11-01,01A,"NHS EAST LANCASHIRE",1910,14538.24,0,0
2025-11-01,06L,"NHS IPSWICH AND EAST SUFFOLK",1986,14872.51,0,0
2025-11-01,05W,"NHS STOKE ON TRENT",1987,15768.49,0,0
2025-11-01,42D,"NHS NORTH YORKSHIRE",2006,18367.27,0,0
2025-11-01,06N,"NHS HERTS VALLEYS",2099,20137.78,0,0
2025-11-01,11M,"NHS GLOUCESTERSHIRE",2151,17557.65,0,0
2025-11-01,X2C4Y,"NHS KIRKLEES",2284,21944.39,0,0
2025-11-01,99A,"NHS LIVERPOOL",2318,20787.72,0,0
2025-11-01,11J,"NHS DORSET",2361,19874.45,0,0
2025-11-01,97R,"NHS EAST SUSSEX",2430,21811.84,0,0
2025-11-01,11N,"NHS CORNWALL AND THE ISLES OF SCILLY",2530,20175.39,0,0
2025-11-01,10Q,"NHS OXFORDSHIRE",2626,23675.21,0,0
2025-11-01,06K,"NHS EAST AND NORTH HERTFORDSHIRE",2642,21224.35,0,0
2025-11-01,15M,"NHS DERBY AND DERBYSHIRE",2650,25419.42,0,0
2025-11-01,14Y,"NHS BUCKINGHAMSHIRE",2688,23532.99,0,0
2025-11-01,15F,"NHS LEEDS",2711,22706.41,0,0
2025-11-01,18C,"NHS HEREFORDSHIRE AND WORCESTERSHIRE",2787,26142.66,0,0
2025-11-01,84H,"NHS COUNTY DURHAM",2808,23801.99,0,0
2025-11-01,92G,"NHS BATH AND NORTH EAST SOMERSET, SWINDON AND WILTSHIRE",2917,23120.86,0,0
2025-11-01,16C,"NHS TEES VALLEY",2955,24628.7,0,0
2025-11-01,B2M3M,"NHS COVENTRY AND WARWICKSHIRE",3022,24253.95,0,0
2025-11-01,06H,"NHS CAMBRIDGESHIRE AND PETERBOROUGH",3081,22895.98,0,0
2025-11-01,52R,"NHS NOTTINGHAM AND NOTTINGHAMSHIRE",3243,24875.2,0,0
2025-11-01,A3A8R,"NHS NORTH EAST LONDON",3282,30466.79,0,0
2025-11-01,71E,"NHS LINCOLNSHIRE",3453,25713.26,0,0
2025-11-01,14L,"NHS MANCHESTER",3565,29301.15,0,0
2025-11-01,70F,"NHS WEST SUSSEX",3639,35324.64,0,0
2025-11-01,36J,"NHS BRADFORD DISTRICT AND CRAVEN",3698,29060.44,0,0
2025-11-01,M1J4Y,"NHS BEDFORDSHIRE, LUTON AND MILTON KEYNES",3848,30449.61,0,0
2025-11-01,15N,"NHS DEVON",4019,32040.36,0,0
2025-11-01,D9Y0V,"NHS HAMPSHIRE, SOUTHAMPTON AND ISLE OF WIGHT",4021,37920.08,0,0
2025-11-01,92A,"NHS SURREY HEARTLANDS",4513,43911.05,0,0
2025-11-01,36L,"NHS SOUTH WEST LONDON",4581,45672.11,0,0
2025-11-01,26A,"NHS NORFOLK AND WAVENEY",5229,41994.81,0,0
2025-11-01,93C,"NHS NORTH CENTRAL LONDON",6301,61628.28,0,0
2025-11-01,72Q,"NHS SOUTH EAST LONDON",6346,63479.41,0,0
2025-11-01,15E,"NHS BIRMINGHAM AND SOLIHULL",7171,61515.91,0,0
2025-11-01,91Q,"NHS KENT AND MEDWAY",7193,58769.25,0,0
2025-11-01,D2P2L,"NHS BLACK COUNTRY",7352,65004.62,0,0
2025-11-01,W2U3Z,"NHS NORTH WEST LONDON",8429,73839.48,0,0
2025-12-01,09W,"NHS MEDWAY",0,0,0,0
2025-12-01,D4U1Y,"NHS FRIMLEY",76,597.31,0,0
2025-12-01,07G,"NHS THURROCK",261,1953.47,0,0
2025-12-01,02T,"NHS CALDERDALE",302,2339.57,0,0
2025-12-01,01V,"NHS SOUTHPORT AND FORMBY",346,3119.71,0,0
2025-12-01,12F,"NHS WIRRAL",360,2916.06,0,0
2025-12-01,99F,"NHS CASTLE POINT AND ROCHFORD",361,2819.92,0,0
2025-12-01,01T,"NHS SOUTH SEFTON",394,3097.38,0,0
2025-12-01,99G,"NHS SOUTHEND",400,3194.58,0,0
2025-12-01,01J,"NHS KNOWSLEY",439,3378.58,0,0
2025-12-01,78H,"NHS NORTHAMPTONSHIRE",458,3306.06,0,0
2025-12-01,11X,"NHS SOMERSET",476,3552.04,0,0
2025-12-01,99E,"NHS BASILDON AND BRENTWOOD",482,3946.26,0,0
2025-12-01,02P,"NHS BARNSLEY",519,4045.24,0,0
2025-12-01,02Q,"NHS BASSETLAW",538,3858.51,0,0
2025-12-01,10R,"NHS PORTSMOUTH",581,5665.01,0,0
2025-12-01,01F,"NHS HALTON",584,4835.33,0,0
2025-12-01,05D,"NHS EAST STAFFORDSHIRE",624,4826.09,0,0
2025-12-01,04C,"NHS LEICESTER CITY",666,3771.06,0,0
2025-12-01,02E,"NHS WARRINGTON",678,5670.65,0,0
2025-12-01,02G,"NHS WEST LANCASHIRE",695,6442.35,0,0
2025-12-01,03W,"NHS EAST LEICESTERSHIRE AND RUTLAND",734,4423.97,0,0
2025-12-01,02M,"NHS FYLDE AND WYRE",763,6193.9,0,0
2025-12-01,04Y,"NHS CANNOCK CHASE",806,7459.23,0,0
2025-12-01,05V,"NHS STAFFORD AND SURROUNDS",809,6963.46,0,0
2025-12-01,00X,"NHS CHORLEY AND SOUTH RIBBLE",822,7626.49,0,0
2025-12-01,03Q,"NHS VALE OF YORK",836,8197.81,0,0
2025-12-01,01G,"NHS SALFORD",840,6989.83,0,0
2025-12-01,01D,"NHS HEYWOOD, MIDDLETON AND ROCHDALE",880,6693.19,0,0
2025-12-01,03F,"NHS HULL",886,6561.4,0,0
2025-12-01,03K,"NHS NORTH LINCOLNSHIRE",904,6862.98,0,0
2025-12-01,01E,"NHS GREATER PRESTON",928,8345.22,0,0
2025-12-01,99C,"NHS NORTH TYNESIDE",928,9502.77,0,0
2025-12-01,04V,"NHS WEST LEICESTERSHIRE",953,6212.62,0,0
2025-12-01,00R,"NHS BLACKPOOL",957,8057.66,0,0
2025-12-01,00N,"NHS SOUTH TYNESIDE",963,9892.74,0,0
2025-12-01,00Q,"NHS BLACKBURN WITH DARWEN",963,8786.82,0,0
2025-12-01,09D,"NHS BRIGHTON AND HOVE",975,9989.09,0,0
2025-12-01,01K,"NHS MORECAMBE BAY",1014,7679.42,0,0
2025-12-01,00V,"NHS BURY",1036,7513.44,0,0
2025-12-01,27D,"NHS CHESHIRE",1047,8689.97,0,0
2025-12-01,02Y,"NHS EAST RIDING OF YORKSHIRE",1054,8015.99,0,0
2025-12-01,03H,"NHS NORTH EAST LINCOLNSHIRE",1072,8244.64,0,0
2025-12-01,05G,"NHS NORTH STAFFORDSHIRE",1083,9652.34,0,0
2025-12-01,03N,"NHS SHEFFIELD",1105,9261.28,0,0
2025-12-01,03R,"NHS WAKEFIELD",1111,8808.53,0,0
2025-12-01,05Q,"NHS SOUTH EAST STAFFORDSHIRE AND SEISDON PENINSULA",1115,11024.52,0,0
2025-12-01,01Y,"NHS TAMESIDE AND GLOSSOP",1125,9542.43,0,0
2025-12-01,02A,"NHS TRAFFORD",1138,10133.19,0,0
2025-12-01,01X,"NHS ST HELENS",1160,10312.67,0,0
2025-12-01,01W,"NHS STOCKPORT",1229,10576.41,0,0
2025-12-01,02X,"NHS DONCASTER",1257,9464.9,0,0
2025-12-01,00P,"NHS SUNDERLAND",1382,13031.59,0,0
2025-12-01,15A,"NHS BERKSHIRE WEST",1431,13189.24,0,0
2025-12-01,07H,"NHS WEST ESSEX",1462,11552.48,0,0
2025-12-01,00Y,"NHS OLDHAM",1484,11537.41,0,0
2025-12-01,15C,"NHS BRISTOL, NORTH SOMERSET AND SOUTH GLOUCESTERSHIRE",1547,13844.95,0,0
2025-12-01,03L,"NHS ROTHERHAM",1672,13455.66,0,0
2025-12-01,00T,"NHS BOLTON",1706,13468.86,0,0
2025-12-01,U2G6B,"NHS THAMES VALLEY ICB - U2G6B",1724,15911.57,0,0
2025-12-01,00L,"NHS NORTHUMBERLAND",1727,16285.55,0,0
2025-12-01,07K,"NHS WEST SUFFOLK",1775,12709.41,0,0
2025-12-01,13T,"NHS NEWCASTLE GATESHEAD",1885,16464.14,0,0
2025-12-01,01H,"NHS NORTH CUMBRIA",1901,17277.03,0,0
2025-12-01,06T,"NHS NORTH EAST ESSEX",1905,14894.89,0,0
2025-12-01,01A,"NHS EAST LANCASHIRE",1964,14962.2,0,0
2025-12-01,05W,"NHS STOKE ON TRENT",2010,15864.21,0,0
2025-12-01,06Q,"NHS MID ESSEX",2017,15493.13,0,0
2025-12-01,02H,"NHS WIGAN BOROUGH",2020,17742.67,0,0
2025-12-01,M2L0M,"NHS SHROPSHIRE, TELFORD AND WREKIN",2032,19045.59,0,0
2025-12-01,06L,"NHS IPSWICH AND EAST SUFFOLK",2128,15443.2,0,0
2025-12-01,42D,"NHS NORTH YORKSHIRE",2385,22283.64,0,0
2025-12-01,06N,"NHS HERTS VALLEYS",2392,22760.89,0,0
2025-12-01,X2C4Y,"NHS KIRKLEES",2402,22658.86,0,0
2025-12-01,99A,"NHS LIVERPOOL",2484,21780.18,0,0
2025-12-01,11M,"NHS GLOUCESTERSHIRE",2497,19951.57,0,0
2025-12-01,11J,"NHS DORSET",2569,21926.97,0,0
2025-12-01,97R,"NHS EAST SUSSEX",2693,23721.3,0,0
2025-12-01,11N,"NHS CORNWALL AND THE ISLES OF SCILLY",2812,22322.17,0,0
2025-12-01,14Y,"NHS BUCKINGHAMSHIRE",2821,24922.92,0,0
2025-12-01,06K,"NHS EAST AND NORTH HERTFORDSHIRE",2884,23153.57,0,0
2025-12-01,15M,"NHS DERBY AND DERBYSHIRE",2905,28641.32,0,0
2025-12-01,15F,"NHS LEEDS",2916,24754.98,0,0
2025-12-01,10Q,"NHS OXFORDSHIRE",2948,26517.18,0,0
2025-12-01,18C,"NHS HEREFORDSHIRE AND WORCESTERSHIRE",3033,28704.54,0,0
2025-12-01,52R,"NHS NOTTINGHAM AND NOTTINGHAMSHIRE",3054,23309.35,0,0
2025-12-01,84H,"NHS COUNTY DURHAM",3062,26737.03,0,0
2025-12-01,16C,"NHS TEES VALLEY",3132,26247.36,0,0
2025-12-01,B2M3M,"NHS COVENTRY AND WARWICKSHIRE",3311,26526.2,0,0
2025-12-01,92G,"NHS BATH AND NORTH EAST SOMERSET, SWINDON AND WILTSHIRE",3313,25786.87,0,0
2025-12-01,A3A8R,"NHS NORTH EAST LONDON",3379,31458.2,0,0
2025-12-01,06H,"NHS CAMBRIDGESHIRE AND PETERBOROUGH",3497,25926.44,0,0
2025-12-01,14L,"NHS MANCHESTER",3690,30235.59,0,0
2025-12-01,36J,"NHS BRADFORD DISTRICT AND CRAVEN",3824,30079.85,0,0
2025-12-01,71E,"NHS LINCOLNSHIRE",3905,29391.1,0,0
2025-12-01,70F,"NHS WEST SUSSEX",4103,38893.92,0,0
2025-12-01,M1J4Y,"NHS BEDFORDSHIRE, LUTON AND MILTON KEYNES",4103,31258.41,0,0
2025-12-01,15N,"NHS DEVON",4395,35116.61,0,0
2025-12-01,D9Y0V,"NHS HAMPSHIRE, SOUTHAMPTON AND ISLE OF WIGHT",4576,42325.42,0,0
2025-12-01,92A,"NHS SURREY HEARTLANDS",4939,47511.79,0,0
2025-12-01,36L,"NHS SOUTH WEST LONDON",4989,48892.36,0,0
2025-12-01,26A,"NHS NORFOLK AND WAVENEY",5925,47213.71,0,0
2025-12-01,93C,"NHS NORTH CENTRAL LONDON",6853,64967.62,0,0
2025-12-01,72Q,"NHS SOUTH EAST LONDON",6888,69432.66,0,0
2025-12-01,15E,"NHS BIRMINGHAM AND SOLIHULL",7549,64853.07,0,0
2025-12-01,D2P2L,"NHS BLACK COUNTRY",7911,69394.8,0,0
2025-12-01,91Q,"NHS KENT AND MEDWAY",8280,69020.76,0,0
2025-12-01,W2U3Z,"NHS NORTH WEST LONDON",9203,79868,0,0
2026-01-01,09W,"NHS MEDWAY",0,0,0,0
2026-01-01,D4U1Y,"NHS FRIMLEY",53,355.57,0,0
2026-01-01,07G,"NHS THURROCK",229,1891.13,0,0
2026-01-01,12F,"NHS WIRRAL",293,2431.35,0,0
2026-01-01,99F,"NHS CASTLE POINT AND ROCHFORD",300,2446.21,0,0
2026-01-01,02T,"NHS CALDERDALE",313,2394.48,0,0
2026-01-01,01V,"NHS SOUTHPORT AND FORMBY",316,2936.31,0,0
2026-01-01,99G,"NHS SOUTHEND",332,2712.22,0,0
2026-01-01,01T,"NHS SOUTH SEFTON",336,2731.9,0,0
2026-01-01,01J,"NHS KNOWSLEY",389,3015.3,0,0
2026-01-01,99E,"NHS BASILDON AND BRENTWOOD",402,3191.06,0,0
2026-01-01,78H,"NHS NORTHAMPTONSHIRE",441,3385.9,0,0
2026-01-01,11X,"NHS SOMERSET",448,3205.09,0,0
2026-01-01,02P,"NHS BARNSLEY",498,3959.13,0,0
2026-01-01,01F,"NHS HALTON",524,4484.12,0,0
2026-01-01,10R,"NHS PORTSMOUTH",536,5248.86,0,0
2026-01-01,02Q,"NHS BASSETLAW",537,3867.37,0,0
2026-01-01,05D,"NHS EAST STAFFORDSHIRE",567,4265.91,0,0
2026-01-01,02G,"NHS WEST LANCASHIRE",584,5270.96,0,0
2026-01-01,04C,"NHS LEICESTER CITY",590,3206.9,0,0
2026-01-01,02E,"NHS WARRINGTON",627,4994.77,0,0
2026-01-01,03W,"NHS EAST LEICESTERSHIRE AND RUTLAND",637,3933.52,0,0
2026-01-01,02M,"NHS FYLDE AND WYRE",703,5766.22,0,0
2026-01-01,00X,"NHS CHORLEY AND SOUTH RIBBLE",717,6490.62,0,0
2026-01-01,03Q,"NHS VALE OF YORK",771,7684.14,0,0
2026-01-01,00R,"NHS BLACKPOOL",780,6441.53,0,0
2026-01-01,04Y,"NHS CANNOCK CHASE",780,6829.34,0,0
2026-01-01,05V,"NHS STAFFORD AND SURROUNDS",790,7069.9,0,0
2026-01-01,01G,"NHS SALFORD",791,6317.55,0,0
2026-01-01,03K,"NHS NORTH LINCOLNSHIRE",802,5991.21,0,0
2026-01-01,04V,"NHS WEST LEICESTERSHIRE",810,5341.83,0,0
2026-01-01,03F,"NHS HULL",842,6479.42,0,0
2026-01-01,01E,"NHS GREATER PRESTON",845,7522.18,0,0
2026-01-01,09D,"NHS BRIGHTON AND HOVE",867,8885.89,0,0
2026-01-01,99C,"NHS NORTH TYNESIDE",874,8259.06,0,0
2026-01-01,00N,"NHS SOUTH TYNESIDE",891,8937.32,0,0
2026-01-01,01D,"NHS HEYWOOD, MIDDLETON AND ROCHDALE",894,6927.04,0,0
2026-01-01,00Q,"NHS BLACKBURN WITH DARWEN",909,8173.88,0,0
2026-01-01,00V,"NHS BURY",910,6534.62,0,0
2026-01-01,01K,"NHS MORECAMBE BAY",914,6806.11,0,0
2026-01-01,27D,"NHS CHESHIRE",943,7939.86,0,0
2026-01-01,03N,"NHS SHEFFIELD",945,8349.66,0,0
2026-01-01,02Y,"NHS EAST RIDING OF YORKSHIRE",963,7190.47,0,0
2026-01-01,03R,"NHS WAKEFIELD",1010,8048.05,0,0
2026-01-01,03H,"NHS NORTH EAST LINCOLNSHIRE",1014,7960.62,0,0
2026-01-01,05G,"NHS NORTH STAFFORDSHIRE",1020,8783.08,0,0
2026-01-01,05Q,"NHS SOUTH EAST STAFFORDSHIRE AND SEISDON PENINSULA",1033,10169.12,0,0
2026-01-01,01X,"NHS ST HELENS",1046,9637.99,0,0
2026-01-01,02A,"NHS TRAFFORD",1049,9014.8,0,0
2026-01-01,02X,"NHS DONCASTER",1052,7711.71,0,0
2026-01-01,01W,"NHS STOCKPORT",1070,8982.55,0,0
2026-01-01,01Y,"NHS TAMESIDE AND GLOSSOP",1075,9289.81,0,0
2026-01-01,15C,"NHS BRISTOL, NORTH SOMERSET AND SOUTH GLOUCESTERSHIRE",1101,10215.92,0,0
2026-01-01,00P,"NHS SUNDERLAND",1233,11096.62,0,0
2026-01-01,15A,"NHS BERKSHIRE WEST",1357,11972.93,0,0
2026-01-01,07H,"NHS WEST ESSEX",1376,10883.59,0,0
2026-01-01,00Y,"NHS OLDHAM",1458,11531.83,0,0
2026-01-01,03L,"NHS ROTHERHAM",1509,11724.63,0,0
2026-01-01,00T,"NHS BOLTON",1565,12507.48,0,0
2026-01-01,00L,"NHS NORTHUMBERLAND",1599,14824.99,0,0
2026-01-01,07K,"NHS WEST SUFFOLK",1622,11282.95,0,0
2026-01-01,U2G6B,"NHS THAMES VALLEY ICB - U2G6B",1699,15618.7,0,0
2026-01-01,01H,"NHS NORTH CUMBRIA",1716,16089.52,0,0
2026-01-01,13T,"NHS NEWCASTLE GATESHEAD",1739,15347.75,0,0
2026-01-01,06T,"NHS NORTH EAST ESSEX",1762,13531.47,0,0
2026-01-01,M2L0M,"NHS SHROPSHIRE, TELFORD AND WREKIN",1792,16795.36,0,0
2026-01-01,02H,"NHS WIGAN BOROUGH",1816,16001.7,0,0
2026-01-01,06Q,"NHS MID ESSEX",1833,14138.71,0,0
2026-01-01,01A,"NHS EAST LANCASHIRE",1888,14480.15,0,0
2026-01-01,05W,"NHS STOKE ON TRENT",1910,15407.05,0,0
2026-01-01,06L,"NHS IPSWICH AND EAST SUFFOLK",2073,15267.37,0,0
2026-01-01,42D,"NHS NORTH YORKSHIRE",2187,20284.61,0,0
2026-01-01,06N,"NHS HERTS VALLEYS",2195,21364.68,0,0
2026-01-01,11M,"NHS GLOUCESTERSHIRE",2202,17912.35,0,0
2026-01-01,X2C4Y,"NHS KIRKLEES",2308,22081.17,0,0
2026-01-01,99A,"NHS LIVERPOOL",2315,20307.13,0,0
2026-01-01,11J,"NHS DORSET",2422,20257.75,0,0
2026-01-01,97R,"NHS EAST SUSSEX",2459,21563.93,0,0
2026-01-01,15M,"NHS DERBY AND DERBYSHIRE",2594,25146.46,0,0
2026-01-01,11N,"NHS CORNWALL AND THE ISLES OF SCILLY",2626,20763.96,0,0
2026-01-01,06K,"NHS EAST AND NORTH HERTFORDSHIRE",2632,21178.49,0,0
2026-01-01,15F,"NHS LEEDS",2659,22088.47,0,0
2026-01-01,18C,"NHS HEREFORDSHIRE AND WORCESTERSHIRE",2696,24749.07,0,0
2026-01-01,14Y,"NHS BUCKINGHAMSHIRE",2706,24057.49,0,0
2026-01-01,52R,"NHS NOTTINGHAM AND NOTTINGHAMSHIRE",2727,20624.66,0,0
2026-01-01,10Q,"NHS OXFORDSHIRE",2763,24678.29,0,0
2026-01-01,84H,"NHS COUNTY DURHAM",2781,23572.4,0,0
2026-01-01,16C,"NHS TEES VALLEY",2950,24681.21,0,0
2026-01-01,92G,"NHS BATH AND NORTH EAST SOMERSET, SWINDON AND WILTSHIRE",3081,24526.74,0,0
2026-01-01,B2M3M,"NHS COVENTRY AND WARWICKSHIRE",3162,25379.24,0,0
2026-01-01,A3A8R,"NHS NORTH EAST LONDON",3213,29858.4,0,0
2026-01-01,06H,"NHS CAMBRIDGESHIRE AND PETERBOROUGH",3229,23847.69,0,0
2026-01-01,71E,"NHS LINCOLNSHIRE",3477,25926.5,0,0
2026-01-01,14L,"NHS MANCHESTER",3492,28654.18,0,0
2026-01-01,36J,"NHS BRADFORD DISTRICT AND CRAVEN",3548,28080.56,0,0
2026-01-01,70F,"NHS WEST SUSSEX",3801,36225.61,0,0
2026-01-01,M1J4Y,"NHS BEDFORDSHIRE, LUTON AND MILTON KEYNES",3892,30220.09,0,0
2026-01-01,15N,"NHS DEVON",4045,31943.64,0,0
2026-01-01,D9Y0V,"NHS HAMPSHIRE, SOUTHAMPTON AND ISLE OF WIGHT",4151,39001.86,0,0
2026-01-01,92A,"NHS SURREY HEARTLANDS",4563,44459.24,0,0
2026-01-01,36L,"NHS SOUTH WEST LONDON",4596,45427.84,0,0
2026-01-01,26A,"NHS NORFOLK AND WAVENEY",5344,43045.84,0,0
2026-01-01,72Q,"NHS SOUTH EAST LONDON",6259,62475.56,0,0
2026-01-01,93C,"NHS NORTH CENTRAL LONDON",6445,61636.37,0,0
2026-01-01,15E,"NHS BIRMINGHAM AND SOLIHULL",6967,59977.09,0,0
2026-01-01,D2P2L,"NHS BLACK COUNTRY",7462,65337.3,0,0
2026-01-01,91Q,"NHS KENT AND MEDWAY",7471,61940.53,0,0
2026-01-01,W2U3Z,"NHS NORTH WEST LONDON",8572,75256.96,0,0
2026-02-01,09W,"NHS MEDWAY",0,0,0,0
2026-02-01,D4U1Y,"NHS FRIMLEY",52,396.09,0,0
2026-02-01,07G,"NHS THURROCK",214,1574.05,0,0
2026-02-01,02T,"NHS CALDERDALE",252,1907.21,0,0
2026-02-01,01V,"NHS SOUTHPORT AND FORMBY",267,2320.03,0,0
2026-02-01,99F,"NHS CASTLE POINT AND ROCHFORD",275,2159.3,0,0
2026-02-01,12F,"NHS WIRRAL",276,2275.28,0,0
2026-02-01,01T,"NHS SOUTH SEFTON",279,2193.76,0,0
2026-02-01,99G,"NHS SOUTHEND",284,2166.38,0,0
2026-02-01,01J,"NHS KNOWSLEY",353,2664.66,0,0
2026-02-01,99E,"NHS BASILDON AND BRENTWOOD",362,2894.13,0,0
2026-02-01,11X,"NHS SOMERSET",394,3034.17,0,0
2026-02-01,02P,"NHS BARNSLEY",411,3134.04,0,0
2026-02-01,78H,"NHS NORTHAMPTONSHIRE",427,3259,0,0
2026-02-01,10R,"NHS PORTSMOUTH",436,4150.98,0,0
2026-02-01,01F,"NHS HALTON",443,3552.94,0,0
2026-02-01,02Q,"NHS BASSETLAW",455,3424.03,0,0
2026-02-01,05D,"NHS EAST STAFFORDSHIRE",499,3856.04,0,0
2026-02-01,04C,"NHS LEICESTER CITY",536,3012.31,0,0
2026-02-01,03W,"NHS EAST LEICESTERSHIRE AND RUTLAND",555,3483.92,0,0
2026-02-01,02E,"NHS WARRINGTON",571,4503.18,0,0
2026-02-01,02G,"NHS WEST LANCASHIRE",581,5258.21,0,0
2026-02-01,00X,"NHS CHORLEY AND SOUTH RIBBLE",615,5478.92,0,0
2026-02-01,03Q,"NHS VALE OF YORK",641,6409.9,0,0
2026-02-01,02M,"NHS FYLDE AND WYRE",645,5085.09,0,0
2026-02-01,04Y,"NHS CANNOCK CHASE",662,5823.94,0,0
2026-02-01,00R,"NHS BLACKPOOL",670,5536.41,0,0
2026-02-01,01G,"NHS SALFORD",695,5607.19,0,0
2026-02-01,05V,"NHS STAFFORD AND SURROUNDS",701,6266.47,0,0
2026-02-01,03K,"NHS NORTH LINCOLNSHIRE",705,5450.14,0,0
2026-02-01,03F,"NHS HULL",721,5285.23,0,0
2026-02-01,09D,"NHS BRIGHTON AND HOVE",723,7495.77,0,0
2026-02-01,01E,"NHS GREATER PRESTON",730,6588.35,0,0
2026-02-01,04V,"NHS WEST LEICESTERSHIRE",738,4687.2,0,0
2026-02-01,01D,"NHS HEYWOOD, MIDDLETON AND ROCHDALE",752,5753.86,0,0
2026-02-01,02X,"NHS DONCASTER",758,5227.7,0,0
2026-02-01,00N,"NHS SOUTH TYNESIDE",763,7699.41,0,0
2026-02-01,99C,"NHS NORTH TYNESIDE",764,7854.81,0,0
2026-02-01,00Q,"NHS BLACKBURN WITH DARWEN",791,6867.54,0,0
2026-02-01,27D,"NHS CHESHIRE",794,6549.17,0,0
2026-02-01,00V,"NHS BURY",806,5751.43,0,0
2026-02-01,01K,"NHS MORECAMBE BAY",815,6264.8,0,0
2026-02-01,03H,"NHS NORTH EAST LINCOLNSHIRE",821,6265.25,0,0
2026-02-01,03N,"NHS SHEFFIELD",842,6882.63,0,0
2026-02-01,02A,"NHS TRAFFORD",883,7565.49,0,0
2026-02-01,01X,"NHS ST HELENS",896,7993.36,0,0
2026-02-01,02Y,"NHS EAST RIDING OF YORKSHIRE",907,6686.26,0,0
2026-02-01,05G,"NHS NORTH STAFFORDSHIRE",921,7710.91,0,0
2026-02-01,15C,"NHS BRISTOL, NORTH SOMERSET AND SOUTH GLOUCESTERSHIRE",931,8503.26,0,0
2026-02-01,01Y,"NHS TAMESIDE AND GLOSSOP",937,8001.72,0,0
2026-02-01,01W,"NHS STOCKPORT",962,8319.38,0,0
2026-02-01,05Q,"NHS SOUTH EAST STAFFORDSHIRE AND SEISDON PENINSULA",974,9451.83,0,0
2026-02-01,03R,"NHS WAKEFIELD",986,7591.65,0,0
2026-02-01,00P,"NHS SUNDERLAND",1061,9725.09,0,0
2026-02-01,15A,"NHS BERKSHIRE WEST",1195,10975.78,0,0
2026-02-01,07H,"NHS WEST ESSEX",1214,9387.8,0,0
2026-02-01,00Y,"NHS OLDHAM",1215,9312.87,0,0
2026-02-01,03L,"NHS ROTHERHAM",1259,9905.72,0,0
2026-02-01,00L,"NHS NORTHUMBERLAND",1333,12602.22,0,0
2026-02-01,00T,"NHS BOLTON",1352,10781.82,0,0
2026-02-01,U2G6B,"NHS THAMES VALLEY ICB - U2G6B",1428,13308.46,0,0
2026-02-01,13T,"NHS NEWCASTLE GATESHEAD",1442,12523.47,0,0
2026-02-01,01H,"NHS NORTH CUMBRIA",1466,13629.41,0,0
2026-02-01,07K,"NHS WEST SUFFOLK",1476,10416.16,0,0
2026-02-01,05W,"NHS STOKE ON TRENT",1568,12069.45,0,0
2026-02-01,06T,"NHS NORTH EAST ESSEX",1572,12289.82,0,0
2026-02-01,02H,"NHS WIGAN BOROUGH",1598,14155.68,0,0
2026-02-01,01A,"NHS EAST LANCASHIRE",1610,12423.89,0,0
2026-02-01,M2L0M,"NHS SHROPSHIRE, TELFORD AND WREKIN",1628,15430.88,0,0
2026-02-01,06Q,"NHS MID ESSEX",1641,12798.69,0,0
2026-02-01,06L,"NHS IPSWICH AND EAST SUFFOLK",1714,12575.75,0,0
2026-02-01,06N,"NHS HERTS VALLEYS",1835,17577.89,0,0
2026-02-01,42D,"NHS NORTH YORKSHIRE",1896,17541.12,0,0
2026-02-01,11M,"NHS GLOUCESTERSHIRE",1974,15759.16,0,0
2026-02-01,99A,"NHS LIVERPOOL",1977,17177.46,0,0
2026-02-01,X2C4Y,"NHS KIRKLEES",1996,19054.87,0,0
2026-02-01,11J,"NHS DORSET",2080,17262.78,0,0
2026-02-01,11N,"NHS CORNWALL AND THE ISLES OF SCILLY",2154,17204.15,0,0
2026-02-01,97R,"NHS EAST SUSSEX",2180,19164.16,0,0
2026-02-01,15M,"NHS DERBY AND DERBYSHIRE",2247,21895.37,0,0
2026-02-01,52R,"NHS NOTTINGHAM AND NOTTINGHAMSHIRE",2296,17287.01,0,0
2026-02-01,10Q,"NHS OXFORDSHIRE",2301,20680.91,0,0
2026-02-01,15F,"NHS LEEDS",2343,19567.61,0,0
2026-02-01,14Y,"NHS BUCKINGHAMSHIRE",2357,20625.99,0,0
2026-02-01,06K,"NHS EAST AND NORTH HERTFORDSHIRE",2416,19055.96,0,0
2026-02-01,84H,"NHS COUNTY DURHAM",2458,20800.99,0,0
2026-02-01,18C,"NHS HEREFORDSHIRE AND WORCESTERSHIRE",2505,22958.47,0,0
2026-02-01,16C,"NHS TEES VALLEY",2556,21274.31,0,0
2026-02-01,92G,"NHS BATH AND NORTH EAST SOMERSET, SWINDON AND WILTSHIRE",2683,20784.45,0,0
2026-02-01,06H,"NHS CAMBRIDGESHIRE AND PETERBOROUGH",2734,20477.35,0,0
2026-02-01,B2M3M,"NHS COVENTRY AND WARWICKSHIRE",2755,21600.77,0,0
2026-02-01,A3A8R,"NHS NORTH EAST LONDON",2834,26023.23,0,0
2026-02-01,36J,"NHS BRADFORD DISTRICT AND CRAVEN",3055,23929.78,0,0
2026-02-01,14L,"NHS MANCHESTER",3083,25103.98,0,0
2026-02-01,70F,"NHS WEST SUSSEX",3230,30784.84,0,0
2026-02-01,71E,"NHS LINCOLNSHIRE",3238,23875.12,0,0
2026-02-01,M1J4Y,"NHS BEDFORDSHIRE, LUTON AND MILTON KEYNES",3305,25464.45,0,0
2026-02-01,15N,"NHS DEVON",3472,28217.09,0,0
2026-02-01,D9Y0V,"NHS HAMPSHIRE, SOUTHAMPTON AND ISLE OF WIGHT",3584,33204.2,0,0
2026-02-01,36L,"NHS SOUTH WEST LONDON",4013,38738.79,0,0
2026-02-01,92A,"NHS SURREY HEARTLANDS",4022,38025.57,0,0
2026-02-01,26A,"NHS NORFOLK AND WAVENEY",4868,38530.8,0,0
2026-02-01,93C,"NHS NORTH CENTRAL LONDON",5587,53147.7,0,0
2026-02-01,72Q,"NHS SOUTH EAST LONDON",5723,56403.67,0,0
2026-02-01,15E,"NHS BIRMINGHAM AND SOLIHULL",6180,52693.88,0,0
2026-02-01,91Q,"NHS KENT AND MEDWAY",6488,53731.33,0,0
2026-02-01,D2P2L,"NHS BLACK COUNTRY",6618,57711.45,0,0
2026-02-01,W2U3Z,"NHS NORTH WEST LONDON",7514,65435.88,0,0
2026-03-01,09W,"NHS MEDWAY",0,0,0,0
2026-03-01,D4U1Y,"NHS FRIMLEY",50,349.76,0,0
2026-03-01,07G,"NHS THURROCK",242,1934.3,0,0
2026-03-01,12F,"NHS WIRRAL",284,2342.58,0,0
2026-03-01,01V,"NHS SOUTHPORT AND FORMBY",298,2729.94,0,0
2026-03-01,01T,"NHS SOUTH SEFTON",302,2459.03,0,0
2026-03-01,99G,"NHS SOUTHEND",303,2556.97,0,0
2026-03-01,02T,"NHS CALDERDALE",310,2319,0,0
2026-03-01,99F,"NHS CASTLE POINT AND ROCHFORD",315,2525.31,0,0
2026-03-01,01J,"NHS KNOWSLEY",361,2776.43,0,0
2026-03-01,99E,"NHS BASILDON AND BRENTWOOD",405,3269.68,0,0
2026-03-01,10R,"NHS PORTSMOUTH",444,4495.48,0,0
2026-03-01,11X,"NHS SOMERSET",447,3276.3,0,0
2026-03-01,02Q,"NHS BASSETLAW",456,3414.48,0,0
2026-03-01,02P,"NHS BARNSLEY",464,3450.37,0,0
2026-03-01,78H,"NHS NORTHAMPTONSHIRE",465,3404.65,0,0
2026-03-01,05D,"NHS EAST STAFFORDSHIRE",500,3849.75,0,0
2026-03-01,01F,"NHS HALTON",502,4118.01,0,0
2026-03-01,03W,"NHS EAST LEICESTERSHIRE AND RUTLAND",531,3265.78,0,0
2026-03-01,02G,"NHS WEST LANCASHIRE",558,5187.08,0,0
2026-03-01,04C,"NHS LEICESTER CITY",606,3378.51,0,0
2026-03-01,02E,"NHS WARRINGTON",634,4993,0,0
2026-03-01,02M,"NHS FYLDE AND WYRE",654,5138.89,0,0
2026-03-01,00X,"NHS CHORLEY AND SOUTH RIBBLE",666,5871.6,0,0
2026-03-01,01D,"NHS HEYWOOD, MIDDLETON AND ROCHDALE",723,5491.37,0,0
2026-03-01,00R,"NHS BLACKPOOL",740,6102.81,0,0
2026-03-01,04Y,"NHS CANNOCK CHASE",742,6600.59,0,0
2026-03-01,03Q,"NHS VALE OF YORK",749,7303.15,0,0
2026-03-01,01G,"NHS SALFORD",753,6134.66,0,0
2026-03-01,03K,"NHS NORTH LINCOLNSHIRE",754,5647.97,0,0
2026-03-01,03F,"NHS HULL",765,5744.92,0,0
2026-03-01,09D,"NHS BRIGHTON AND HOVE",766,7670.57,0,0
2026-03-01,05V,"NHS STAFFORD AND SURROUNDS",772,6683.18,0,0
2026-03-01,01E,"NHS GREATER PRESTON",795,7151.24,0,0
2026-03-01,04V,"NHS WEST LEICESTERSHIRE",797,5071.27,0,0
2026-03-01,00N,"NHS SOUTH TYNESIDE",799,8127.85,0,0
2026-03-01,99C,"NHS NORTH TYNESIDE",801,7820.74,0,0
2026-03-01,00V,"NHS BURY",828,6027.18,0,0
2026-03-01,02X,"NHS DONCASTER",843,5856.93,0,0
2026-03-01,00Q,"NHS BLACKBURN WITH DARWEN",857,7787.63,0,0
2026-03-01,01K,"NHS MORECAMBE BAY",860,6385.77,0,0
2026-03-01,27D,"NHS CHESHIRE",860,7133.88,0,0
2026-03-01,15C,"NHS BRISTOL, NORTH SOMERSET AND SOUTH GLOUCESTERSHIRE",862,7785.27,0,0
2026-03-01,02Y,"NHS EAST RIDING OF YORKSHIRE",892,6613.78,0,0
2026-03-01,03N,"NHS SHEFFIELD",900,7768.35,0,0
2026-03-01,05G,"NHS NORTH STAFFORDSHIRE",929,7985.72,0,0
2026-03-01,03H,"NHS NORTH EAST LINCOLNSHIRE",935,6966.85,0,0
2026-03-01,02A,"NHS TRAFFORD",944,8073.57,0,0
2026-03-01,01Y,"NHS TAMESIDE AND GLOSSOP",949,8104.85,0,0
2026-03-01,05Q,"NHS SOUTH EAST STAFFORDSHIRE AND SEISDON PENINSULA",985,9656.7,0,0
2026-03-01,01X,"NHS ST HELENS",989,9038.77,0,0
2026-03-01,01W,"NHS STOCKPORT",1020,8668.44,0,0
2026-03-01,03R,"NHS WAKEFIELD",1063,8200.58,0,0
2026-03-01,00P,"NHS SUNDERLAND",1125,10209.98,0,0
2026-03-01,15A,"NHS BERKSHIRE WEST",1253,11448.25,0,0
2026-03-01,00Y,"NHS OLDHAM",1261,9880.87,0,0
2026-03-01,07H,"NHS WEST ESSEX",1281,9797.54,0,0
2026-03-01,00L,"NHS NORTHUMBERLAND",1394,12605.87,0,0
2026-03-01,03L,"NHS ROTHERHAM",1423,10911.46,0,0
2026-03-01,00T,"NHS BOLTON",1462,11579.76,0,0
2026-03-01,07K,"NHS WEST SUFFOLK",1554,10946.37,0,0
2026-03-01,01H,"NHS NORTH CUMBRIA",1590,14679.41,0,0
2026-03-01,13T,"NHS NEWCASTLE GATESHEAD",1599,13801.68,0,0
2026-03-01,U2G6B,"NHS THAMES VALLEY ICB - U2G6B",1623,14976.81,0,0
2026-03-01,06Q,"NHS MID ESSEX",1640,12723.16,0,0
2026-03-01,06T,"NHS NORTH EAST ESSEX",1660,12860.22,0,0
2026-03-01,M2L0M,"NHS SHROPSHIRE, TELFORD AND WREKIN",1704,16146.45,0,0
2026-03-01,01A,"NHS EAST LANCASHIRE",1735,13235.98,0,0
2026-03-01,02H,"NHS WIGAN BOROUGH",1740,15090.58,0,0
2026-03-01,05W,"NHS STOKE ON TRENT",1749,13893.72,0,0
2026-03-01,06L,"NHS IPSWICH AND EAST SUFFOLK",1844,13587.78,0,0
2026-03-01,42D,"NHS NORTH YORKSHIRE",1992,18792.8,0,0
2026-03-01,11M,"NHS GLOUCESTERSHIRE",2016,16523.48,0,0
2026-03-01,06N,"NHS HERTS VALLEYS",2042,19628.15,0,0
2026-03-01,X2C4Y,"NHS KIRKLEES",2075,19318.53,0,0
2026-03-01,99A,"NHS LIVERPOOL",2111,18866.15,0,0
2026-03-01,11J,"NHS DORSET",2128,17996.84,0,0
2026-03-01,97R,"NHS EAST SUSSEX",2305,20190.89,0,0
2026-03-01,11N,"NHS CORNWALL AND THE ISLES OF SCILLY",2381,18914.05,0,0
2026-03-01,52R,"NHS NOTTINGHAM AND NOTTINGHAMSHIRE",2382,17921.2,0,0
2026-03-01,15M,"NHS DERBY AND DERBYSHIRE",2398,23395.86,0,0
2026-03-01,10Q,"NHS OXFORDSHIRE",2452,22179.85,0,0
2026-03-01,15F,"NHS LEEDS",2497,20903.82,0,0
2026-03-01,14Y,"NHS BUCKINGHAMSHIRE",2522,22275.68,0,0
2026-03-01,18C,"NHS HEREFORDSHIRE AND WORCESTERSHIRE",2536,23916.08,0,0
2026-03-01,84H,"NHS COUNTY DURHAM",2539,21361.48,0,0
2026-03-01,06K,"NHS EAST AND NORTH HERTFORDSHIRE",2582,20444.34,0,0
2026-03-01,16C,"NHS TEES VALLEY",2731,22600.96,0,0
2026-03-01,B2M3M,"NHS COVENTRY AND WARWICKSHIRE",2899,23178.24,0,0
2026-03-01,92G,"NHS BATH AND NORTH EAST SOMERSET, SWINDON AND WILTSHIRE",2946,23000.92,0,0
2026-03-01,06H,"NHS CAMBRIDGESHIRE AND PETERBOROUGH",3102,22749.61,0,0
2026-03-01,A3A8R,"NHS NORTH EAST LONDON",3141,28800.37,0,0
2026-03-01,14L,"NHS MANCHESTER",3206,26022.17,0,0
2026-03-01,36J,"NHS BRADFORD DISTRICT AND CRAVEN",3340,26110.23,0,0
2026-03-01,71E,"NHS LINCOLNSHIRE",3386,25362.42,0,0
2026-03-01,70F,"NHS WEST SUSSEX",3409,32338.39,0,0
2026-03-01,M1J4Y,"NHS BEDFORDSHIRE, LUTON AND MILTON KEYNES",3508,27146.64,0,0
2026-03-01,15N,"NHS DEVON",3747,29049.12,0,0
2026-03-01,D9Y0V,"NHS HAMPSHIRE, SOUTHAMPTON AND ISLE OF WIGHT",3872,35928.66,0,0
2026-03-01,92A,"NHS SURREY HEARTLANDS",4244,40707.71,0,0
2026-03-01,36L,"NHS SOUTH WEST LONDON",4379,42194.05,0,0
2026-03-01,26A,"NHS NORFOLK AND WAVENEY",5059,40378.19,0,0
2026-03-01,72Q,"NHS SOUTH EAST LONDON",5951,58743.45,0,0
2026-03-01,93C,"NHS NORTH CENTRAL LONDON",6113,58076.36,0,0
2026-03-01,15E,"NHS BIRMINGHAM AND SOLIHULL",6597,56240.4,0,0
2026-03-01,D2P2L,"NHS BLACK COUNTRY",7010,60530.41,0,0
2026-03-01,91Q,"NHS KENT AND MEDWAY",7130,57934.43,0,0
2026-03-01,W2U3Z,"NHS NORTH WEST LONDON",8292,72100.62,0,0
2026-04-01,09W,"NHS MEDWAY",0,0,0,0
2026-04-01,D4U1Y,"NHS FRIMLEY",44,342.91,0,0
2026-04-01,07G,"NHS THURROCK",192,1423.85,0,0
2026-04-01,02T,"NHS CALDERDALE",254,1955.69,0,0
2026-04-01,99F,"NHS CASTLE POINT AND ROCHFORD",269,2118.81,0,0
2026-04-01,12F,"NHS WIRRAL",285,2535.73,0,0
2026-04-01,01V,"NHS SOUTHPORT AND FORMBY",289,2787.59,0,0
2026-04-01,01T,"NHS SOUTH SEFTON",293,2384.22,0,0
2026-04-01,99G,"NHS SOUTHEND",320,2597.5,0,0
2026-04-01,01J,"NHS KNOWSLEY",370,2801.26,0,0
2026-04-01,78H,"NHS NORTHAMPTONSHIRE",377,2867.32,0,0
2026-04-01,99E,"NHS BASILDON AND BRENTWOOD",394,3206.64,0,0
2026-04-01,02Q,"NHS BASSETLAW",411,3006.27,0,0
2026-04-01,02P,"NHS BARNSLEY",419,3413.62,0,0
2026-04-01,11X,"NHS SOMERSET",429,3094.55,0,0
2026-04-01,10R,"NHS PORTSMOUTH",432,4260.01,0,0
2026-04-01,01F,"NHS HALTON",458,3781.41,0,0
2026-04-01,05D,"NHS EAST STAFFORDSHIRE",483,3702.08,0,0
2026-04-01,02E,"NHS WARRINGTON",525,4186,0,0
2026-04-01,02G,"NHS WEST LANCASHIRE",530,4611.04,0,0
2026-04-01,03W,"NHS EAST LEICESTERSHIRE AND RUTLAND",566,3431.89,0,0
2026-04-01,04C,"NHS LEICESTER CITY",569,3207.62,0,0
2026-04-01,03Q,"NHS VALE OF YORK",624,6137.72,0,0
2026-04-01,02M,"NHS FYLDE AND WYRE",629,4894.08,0,0
2026-04-01,01G,"NHS SALFORD",666,5344.13,0,0
2026-04-01,00R,"NHS BLACKPOOL",667,5523.17,0,0
2026-04-01,09D,"NHS BRIGHTON AND HOVE",672,6854.81,0,0
2026-04-01,04Y,"NHS CANNOCK CHASE",677,5934.7,0,0
2026-04-01,00X,"NHS CHORLEY AND SOUTH RIBBLE",681,6346.59,0,0
2026-04-01,03K,"NHS NORTH LINCOLNSHIRE",691,5151.37,0,0
2026-04-01,03F,"NHS HULL",700,5205.46,0,0
2026-04-01,05V,"NHS STAFFORD AND SURROUNDS",727,6487.01,0,0
2026-04-01,02X,"NHS DONCASTER",732,5112.06,0,0
2026-04-01,04V,"NHS WEST LEICESTERSHIRE",738,4574.1,0,0
2026-04-01,01E,"NHS GREATER PRESTON",749,6645.94,0,0
2026-04-01,99C,"NHS NORTH TYNESIDE",756,7410.85,0,0
2026-04-01,01D,"NHS HEYWOOD, MIDDLETON AND ROCHDALE",763,5885.11,0,0
2026-04-01,15C,"NHS BRISTOL, NORTH SOMERSET AND SOUTH GLOUCESTERSHIRE",777,7019.52,0,0
2026-04-01,00N,"NHS SOUTH TYNESIDE",778,7712.94,0,0
2026-04-01,01K,"NHS MORECAMBE BAY",800,5963.4,0,0
2026-04-01,00V,"NHS BURY",810,5916.98,0,0
2026-04-01,00Q,"NHS BLACKBURN WITH DARWEN",820,7374.36,0,0
2026-04-01,03N,"NHS SHEFFIELD",834,7147.83,0,0
2026-04-01,27D,"NHS CHESHIRE",838,6883.69,0,0
2026-04-01,02A,"NHS TRAFFORD",848,7289.23,0,0
2026-04-01,01Y,"NHS TAMESIDE AND GLOSSOP",866,7486.29,0,0
2026-04-01,02Y,"NHS EAST RIDING OF YORKSHIRE",869,6547.39,0,0
2026-04-01,03H,"NHS NORTH EAST LINCOLNSHIRE",878,6764.42,0,0
2026-04-01,01X,"NHS ST HELENS",886,7822.01,0,0
2026-04-01,01W,"NHS STOCKPORT",918,7699.34,0,0
2026-04-01,05G,"NHS NORTH STAFFORDSHIRE",922,7875.28,0,0
2026-04-01,03R,"NHS WAKEFIELD",960,7383.87,0,0
2026-04-01,05Q,"NHS SOUTH EAST STAFFORDSHIRE AND SEISDON PENINSULA",1010,9612.06,0,0
2026-04-01,00P,"NHS SUNDERLAND",1012,9365.11,0,0
2026-04-01,15A,"NHS BERKSHIRE WEST",1131,10256.31,0,0
2026-04-01,00Y,"NHS OLDHAM",1182,9142.36,0,0
2026-04-01,07H,"NHS WEST ESSEX",1213,9511.24,0,0
2026-04-01,00T,"NHS BOLTON",1333,10443.11,0,0
2026-04-01,03L,"NHS ROTHERHAM",1351,10681.25,0,0
2026-04-01,00L,"NHS NORTHUMBERLAND",1393,13168.37,0,0
2026-04-01,U2G6B,"NHS THAMES VALLEY ICB - U2G6B",1430,12833.32,0,0
2026-04-01,13T,"NHS NEWCASTLE GATESHEAD",1443,12599.27,0,0
2026-04-01,07K,"NHS WEST SUFFOLK",1453,10462.64,0,0
2026-04-01,01H,"NHS NORTH CUMBRIA",1480,13429.92,0,0
2026-04-01,06T,"NHS NORTH EAST ESSEX",1546,12204.3,0,0
2026-04-01,02H,"NHS WIGAN BOROUGH",1573,13959.36,0,0
2026-04-01,06Q,"NHS MID ESSEX",1585,12373.77,0,0
2026-04-01,M2L0M,"NHS SHROPSHIRE, TELFORD AND WREKIN",1606,15046.7,0,0
2026-04-01,01A,"NHS EAST LANCASHIRE",1657,12698.63,0,0
2026-04-01,05W,"NHS STOKE ON TRENT",1685,13257.31,0,0
2026-04-01,06L,"NHS IPSWICH AND EAST SUFFOLK",1701,12598.98,0,0
2026-04-01,11M,"NHS GLOUCESTERSHIRE",1900,15147.72,0,0
2026-04-01,42D,"NHS NORTH YORKSHIRE",1903,17667.16,0,0
2026-04-01,06N,"NHS HERTS VALLEYS",1913,18689.58,0,0
2026-04-01,99A,"NHS LIVERPOOL",1983,17442.55,0,0
2026-04-01,X2C4Y,"NHS KIRKLEES",2004,19189.89,0,0
2026-04-01,97R,"NHS EAST SUSSEX",2021,17548.94,0,0
2026-04-01,11J,"NHS DORSET",2072,17253.57,0,0
2026-04-01,52R,"NHS NOTTINGHAM AND NOTTINGHAMSHIRE",2129,16076.34,0,0
2026-04-01,11N,"NHS CORNWALL AND THE ISLES OF SCILLY",2211,17813.46,0,0
2026-04-01,15M,"NHS DERBY AND DERBYSHIRE",2228,21675.41,0,0
2026-04-01,15F,"NHS LEEDS",2259,18811.7,0,0
2026-04-01,84H,"NHS COUNTY DURHAM",2343,20064.94,0,0
2026-04-01,10Q,"NHS OXFORDSHIRE",2346,21205.43,0,0
2026-04-01,18C,"NHS HEREFORDSHIRE AND WORCESTERSHIRE",2348,21347.84,0,0
2026-04-01,14Y,"NHS BUCKINGHAMSHIRE",2349,20324.06,0,0
2026-04-01,06K,"NHS EAST AND NORTH HERTFORDSHIRE",2375,19270.35,0,0
2026-04-01,16C,"NHS TEES VALLEY",2521,21406.79,0,0
2026-04-01,92G,"NHS BATH AND NORTH EAST SOMERSET, SWINDON AND WILTSHIRE",2578,20474.18,0,0
2026-04-01,B2M3M,"NHS COVENTRY AND WARWICKSHIRE",2682,21257.28,0,0
2026-04-01,06H,"NHS CAMBRIDGESHIRE AND PETERBOROUGH",2799,21027.2,0,0
2026-04-01,14L,"NHS MANCHESTER",2932,23994.5,0,0
2026-04-01,A3A8R,"NHS NORTH EAST LONDON",3000,27513.62,0,0
2026-04-01,36J,"NHS BRADFORD DISTRICT AND CRAVEN",3051,23682.49,0,0
2026-04-01,70F,"NHS WEST SUSSEX",3112,29396.17,0,0
2026-04-01,71E,"NHS LINCOLNSHIRE",3223,24157.27,0,0
2026-04-01,15N,"NHS DEVON",3305,26717.93,0,0
2026-04-01,M1J4Y,"NHS BEDFORDSHIRE, LUTON AND MILTON KEYNES",3321,26238.35,0,0
2026-04-01,D9Y0V,"NHS HAMPSHIRE, SOUTHAMPTON AND ISLE OF WIGHT",3587,34458.43,0,0
2026-04-01,92A,"NHS SURREY HEARTLANDS",3945,37971.91,0,0
2026-04-01,36L,"NHS SOUTH WEST LONDON",4083,39549.8,0,0
2026-04-01,26A,"NHS NORFOLK AND WAVENEY",4711,37431.61,0,0
2026-04-01,93C,"NHS NORTH CENTRAL LONDON",5514,52391.52,0,0
2026-04-01,72Q,"NHS SOUTH EAST LONDON",5548,53730.79,0,0
2026-04-01,15E,"NHS BIRMINGHAM AND SOLIHULL",6375,55063.92,0,0
2026-04-01,D2P2L,"NHS BLACK COUNTRY",6549,57986.82,0,0
2026-04-01,91Q,"NHS KENT AND MEDWAY",6573,54580.74,0,0
2026-04-01,W2U3Z,"NHS NORTH WEST LONDON",7440,64496.3,0,0
2026-05-01,09W,"NHS MEDWAY",0,0,0,0
2026-05-01,D4U1Y,"NHS FRIMLEY",36,276.98,0,0
2026-05-01,07G,"NHS THURROCK",183,1329.77,0,0
2026-05-01,01T,"NHS SOUTH SEFTON",243,1909.8,0,0
2026-05-01,02T,"NHS CALDERDALE",259,1946.07,0,0
2026-05-01,12F,"NHS WIRRAL",267,2237.52,0,0
2026-05-01,01V,"NHS SOUTHPORT AND FORMBY",272,2498.54,0,0
2026-05-01,99F,"NHS CASTLE POINT AND ROCHFORD",280,2254.6,0,0
2026-05-01,99G,"NHS SOUTHEND",281,2253.16,0,0
2026-05-01,01J,"NHS KNOWSLEY",329,2573.45,0,0
2026-05-01,99E,"NHS BASILDON AND BRENTWOOD",344,2714.82,0,0
2026-05-01,78H,"NHS NORTHAMPTONSHIRE",394,2915.81,0,0
2026-05-01,02Q,"NHS BASSETLAW",396,3046.8,0,0
2026-05-01,01F,"NHS HALTON",402,3272.97,0,0
2026-05-01,11X,"NHS SOMERSET",404,3025.61,0,0
2026-05-01,10R,"NHS PORTSMOUTH",429,4086.36,0,0
2026-05-01,02P,"NHS BARNSLEY",451,3434.1,0,0
2026-05-01,02G,"NHS WEST LANCASHIRE",480,4420.36,0,0
2026-05-01,05D,"NHS EAST STAFFORDSHIRE",490,3818.53,0,0
2026-05-01,03W,"NHS EAST LEICESTERSHIRE AND RUTLAND",547,3296.83,0,0
2026-05-01,02E,"NHS WARRINGTON",554,4495.8,0,0
2026-05-01,02M,"NHS FYLDE AND WYRE",559,4485.68,0,0
2026-05-01,04C,"NHS LEICESTER CITY",571,3194.07,0,0
2026-05-01,00X,"NHS CHORLEY AND SOUTH RIBBLE",610,5202.44,0,0
2026-05-01,03Q,"NHS VALE OF YORK",614,5976.31,0,0
2026-05-01,01G,"NHS SALFORD",621,5039.39,0,0
2026-05-01,03K,"NHS NORTH LINCOLNSHIRE",649,4845.31,0,0
2026-05-01,04Y,"NHS CANNOCK CHASE",652,5557.73,0,0
2026-05-01,09D,"NHS BRIGHTON AND HOVE",668,6882.09,0,0
2026-05-01,03F,"NHS HULL",670,5052.03,0,0
2026-05-01,01E,"NHS GREATER PRESTON",677,5939.04,0,0
2026-05-01,01D,"NHS HEYWOOD, MIDDLETON AND ROCHDALE",685,5202.46,0,0
2026-05-01,99C,"NHS NORTH TYNESIDE",687,6973.69,0,0
2026-05-01,05V,"NHS STAFFORD AND SURROUNDS",690,6050.13,0,0
2026-05-01,00R,"NHS BLACKPOOL",695,5434.18,0,0
2026-05-01,02X,"NHS DONCASTER",706,4808.35,0,0
2026-05-01,04V,"NHS WEST LEICESTERSHIRE",741,4848.15,0,0
2026-05-01,00Q,"NHS BLACKBURN WITH DARWEN",746,6649.91,0,0
2026-05-01,00N,"NHS SOUTH TYNESIDE",754,7706.84,0,0
2026-05-01,01K,"NHS MORECAMBE BAY",764,5572.87,0,0
2026-05-01,15C,"NHS BRISTOL, NORTH SOMERSET AND SOUTH GLOUCESTERSHIRE",772,7214.71,0,0
2026-05-01,00V,"NHS BURY",777,5595.15,0,0
2026-05-01,03N,"NHS SHEFFIELD",795,6904.52,0,0
2026-05-01,27D,"NHS CHESHIRE",823,6825.47,0,0
2026-05-01,01X,"NHS ST HELENS",825,7387.1,0,0
2026-05-01,01Y,"NHS TAMESIDE AND GLOSSOP",835,7033.36,0,0
2026-05-01,03H,"NHS NORTH EAST LINCOLNSHIRE",856,6667.49,0,0
2026-05-01,05G,"NHS NORTH STAFFORDSHIRE",863,7402.44,0,0
2026-05-01,05Q,"NHS SOUTH EAST STAFFORDSHIRE AND SEISDON PENINSULA",868,8473.8,0,0
2026-05-01,02Y,"NHS EAST RIDING OF YORKSHIRE",876,6535.54,0,0
2026-05-01,02A,"NHS TRAFFORD",877,7500.44,0,0
2026-05-01,03R,"NHS WAKEFIELD",888,6969.32,0,0
2026-05-01,01W,"NHS STOCKPORT",920,7748.79,0,0
2026-05-01,00P,"NHS SUNDERLAND",969,8898.92,0,0
2026-05-01,15A,"NHS BERKSHIRE WEST",1149,10302.99,0,0
2026-05-01,07H,"NHS WEST ESSEX",1187,9209.99,0,0
2026-05-01,03L,"NHS ROTHERHAM",1190,9598.53,0,0
2026-05-01,00Y,"NHS OLDHAM",1280,9841.35,0,0
2026-05-01,00L,"NHS NORTHUMBERLAND",1327,12167.6,0,0
2026-05-01,00T,"NHS BOLTON",1364,10928.61,0,0
2026-05-01,U2G6B,"NHS THAMES VALLEY ICB - U2G6B",1419,13228.72,0,0
2026-05-01,07K,"NHS WEST SUFFOLK",1427,9967.14,0,0
2026-05-01,01H,"NHS NORTH CUMBRIA",1430,13213.39,0,0
2026-05-01,13T,"NHS NEWCASTLE GATESHEAD",1444,12823.62,0,0
2026-05-01,06Q,"NHS MID ESSEX",1489,11580.33,0,0
2026-05-01,06T,"NHS NORTH EAST ESSEX",1516,11903.68,0,0
2026-05-01,M2L0M,"NHS SHROPSHIRE, TELFORD AND WREKIN",1529,13957.95,0,0
2026-05-01,05W,"NHS STOKE ON TRENT",1553,12127.67,0,0
2026-05-01,02H,"NHS WIGAN BOROUGH",1554,13374.19,0,0
2026-05-01,01A,"NHS EAST LANCASHIRE",1642,12404.23,0,0
2026-05-01,06L,"NHS IPSWICH AND EAST SUFFOLK",1654,12143.43,0,0
2026-05-01,42D,"NHS NORTH YORKSHIRE",1760,16275.37,0,0
2026-05-01,06N,"NHS HERTS VALLEYS",1817,17245.34,0,0
2026-05-01,99A,"NHS LIVERPOOL",1828,16231.61,0,0
2026-05-01,X2C4Y,"NHS KIRKLEES",1865,18073.25,0,0
2026-05-01,11J,"NHS DORSET",1881,16070.58,0,0
2026-05-01,11M,"NHS GLOUCESTERSHIRE",1885,15140.25,0,0
2026-05-01,52R,"NHS NOTTINGHAM AND NOTTINGHAMSHIRE",2001,15107.2,0,0
2026-05-01,97R,"NHS EAST SUSSEX",2041,17986.73,0,0
2026-05-01,15M,"NHS DERBY AND DERBYSHIRE",2107,20790.23,0,0
2026-05-01,11N,"NHS CORNWALL AND THE ISLES OF SCILLY",2132,17134.73,0,0
2026-05-01,84H,"NHS COUNTY DURHAM",2201,18614.09,0,0
2026-05-01,15F,"NHS LEEDS",2208,18776.95,0,0
2026-05-01,18C,"NHS HEREFORDSHIRE AND WORCESTERSHIRE",2211,20488.37,0,0
2026-05-01,14Y,"NHS BUCKINGHAMSHIRE",2231,19981.97,0,0
2026-05-01,10Q,"NHS OXFORDSHIRE",2244,20729.6,0,0
2026-05-01,06K,"NHS EAST AND NORTH HERTFORDSHIRE",2274,17883.66,0,0
2026-05-01,16C,"NHS TEES VALLEY",2356,19722.67,0,0
2026-05-01,92G,"NHS BATH AND NORTH EAST SOMERSET, SWINDON AND WILTSHIRE",2455,19393.12,0,0
2026-05-01,B2M3M,"NHS COVENTRY AND WARWICKSHIRE",2658,21072.58,0,0
2026-05-01,A3A8R,"NHS NORTH EAST LONDON",2678,24808.53,0,0
2026-05-01,14L,"NHS MANCHESTER",2696,21771.31,0,0
2026-05-01,06H,"NHS CAMBRIDGESHIRE AND PETERBOROUGH",2714,20054.71,0,0
2026-05-01,36J,"NHS BRADFORD DISTRICT AND CRAVEN",2953,23078.89,0,0
2026-05-01,70F,"NHS WEST SUSSEX",2982,28389.72,0,0
2026-05-01,71E,"NHS LINCOLNSHIRE",3057,23078.86,0,0
2026-05-01,M1J4Y,"NHS BEDFORDSHIRE, LUTON AND MILTON KEYNES",3161,24102.94,0,0
2026-05-01,15N,"NHS DEVON",3367,26544.49,0,0
2026-05-01,D9Y0V,"NHS HAMPSHIRE, SOUTHAMPTON AND ISLE OF WIGHT",3467,32494.57,0,0
2026-05-01,92A,"NHS SURREY HEARTLANDS",3705,35582.94,0,0
2026-05-01,36L,"NHS SOUTH WEST LONDON",3782,36698.18,0,0
2026-05-01,26A,"NHS NORFOLK AND WAVENEY",4594,36635.53,0,0
2026-05-01,72Q,"NHS SOUTH EAST LONDON",5155,51003.4,0,0
2026-05-01,93C,"NHS NORTH CENTRAL LONDON",5210,49294.1,0,0
2026-05-01,15E,"NHS BIRMINGHAM AND SOLIHULL",5812,49410.86,0,0
2026-05-01,91Q,"NHS KENT AND MEDWAY",6274,52123.41,0,0
2026-05-01,D2P2L,"NHS BLACK COUNTRY",6312,55254.14,0,0
2026-05-01,W2U3Z,"NHS NORTH WEST LONDON",7047,61584.35,0,0
2026-06-01,09W,"NHS MEDWAY",0,0,0,0
2026-06-01,D4U1Y,"NHS FRIMLEY",52,394.61,0,0
2026-06-01,07G,"NHS THURROCK",208,1514.46,0,0
2026-06-01,99F,"NHS CASTLE POINT AND ROCHFORD",237,1808.28,0,0
2026-06-01,01V,"NHS SOUTHPORT AND FORMBY",261,2346.06,0,0
2026-06-01,12F,"NHS WIRRAL",270,2357.26,0,0
2026-06-01,01T,"NHS SOUTH SEFTON",287,2245.18,0,0
2026-06-01,02T,"NHS CALDERDALE",293,2214.57,0,0
2026-06-01,99G,"NHS SOUTHEND",294,2352.21,0,0
2026-06-01,01J,"NHS KNOWSLEY",347,2615.39,0,0
2026-06-01,78H,"NHS NORTHAMPTONSHIRE",365,2636.75,0,0
2026-06-01,99E,"NHS BASILDON AND BRENTWOOD",372,2958.09,0,0
2026-06-01,11X,"NHS SOMERSET",382,2882.76,0,0
2026-06-01,10R,"NHS PORTSMOUTH",409,4010.95,0,0
2026-06-01,02Q,"NHS BASSETLAW",418,3138.04,0,0
2026-06-01,05D,"NHS EAST STAFFORDSHIRE",436,3368.68,0,0
2026-06-01,01F,"NHS HALTON",464,3903.36,0,0
2026-06-01,02P,"NHS BARNSLEY",483,3723.61,0,0
2026-06-01,02G,"NHS WEST LANCASHIRE",511,4564.52,0,0
2026-06-01,02E,"NHS WARRINGTON",512,4075.07,0,0
2026-06-01,02M,"NHS FYLDE AND WYRE",579,4607.38,0,0
2026-06-01,03W,"NHS EAST LEICESTERSHIRE AND RUTLAND",586,3408.46,0,0
2026-06-01,04C,"NHS LEICESTER CITY",601,3330.95,0,0
2026-06-01,00X,"NHS CHORLEY AND SOUTH RIBBLE",607,5512.11,0,0
2026-06-01,04Y,"NHS CANNOCK CHASE",635,5492.76,0,0
2026-06-01,00R,"NHS BLACKPOOL",641,5331.42,0,0
2026-06-01,09D,"NHS BRIGHTON AND HOVE",649,6835.5,0,0
2026-06-01,03Q,"NHS VALE OF YORK",667,6751.86,0,0
2026-06-01,05V,"NHS STAFFORD AND SURROUNDS",680,6002.68,0,0
2026-06-01,15C,"NHS BRISTOL, NORTH SOMERSET AND SOUTH GLOUCESTERSHIRE",686,6206.55,0,0
2026-06-01,01G,"NHS SALFORD",690,5504.44,0,0
2026-06-01,03K,"NHS NORTH LINCOLNSHIRE",691,5223.2,0,0
2026-06-01,03F,"NHS HULL",715,5347.24,0,0
2026-06-01,00N,"NHS SOUTH TYNESIDE",718,7102.13,0,0
2026-06-01,01E,"NHS GREATER PRESTON",725,6495.24,0,0
2026-06-01,01D,"NHS HEYWOOD, MIDDLETON AND ROCHDALE",735,5644.54,0,0
2026-06-01,04V,"NHS WEST LEICESTERSHIRE",752,4724.24,0,0
2026-06-01,02X,"NHS DONCASTER",756,5292.8,0,0
2026-06-01,00V,"NHS BURY",759,5463.48,0,0
2026-06-01,01K,"NHS MORECAMBE BAY",765,5645.48,0,0
2026-06-01,99C,"NHS NORTH TYNESIDE",770,7729.42,0,0
2026-06-01,00Q,"NHS BLACKBURN WITH DARWEN",779,7015.66,0,0
2026-06-01,27D,"NHS CHESHIRE",793,6644.57,0,0
2026-06-01,02A,"NHS TRAFFORD",814,7173.37,0,0
2026-06-01,03N,"NHS SHEFFIELD",824,7178.88,0,0
2026-06-01,01X,"NHS ST HELENS",864,7865.59,0,0
2026-06-01,01W,"NHS STOCKPORT",871,7387.11,0,0
2026-06-01,01Y,"NHS TAMESIDE AND GLOSSOP",871,7628.3,0,0
2026-06-01,02Y,"NHS EAST RIDING OF YORKSHIRE",873,6786.49,0,0
2026-06-01,03H,"NHS NORTH EAST LINCOLNSHIRE",880,6690.08,0,0
2026-06-01,05Q,"NHS SOUTH EAST STAFFORDSHIRE AND SEISDON PENINSULA",896,8696.29,0,0
2026-06-01,05G,"NHS NORTH STAFFORDSHIRE",901,7549.42,0,0
2026-06-01,00P,"NHS SUNDERLAND",956,8646.71,0,0
2026-06-01,03R,"NHS WAKEFIELD",958,7682.53,0,0
2026-06-01,15A,"NHS BERKSHIRE WEST",1074,10048.81,0,0
2026-06-01,07H,"NHS WEST ESSEX",1168,9085.63,0,0
2026-06-01,03L,"NHS ROTHERHAM",1255,9779.46,0,0
2026-06-01,00Y,"NHS OLDHAM",1264,9743.84,0,0
2026-06-01,00L,"NHS NORTHUMBERLAND",1284,11971.04,0,0
2026-06-01,00T,"NHS BOLTON",1366,10555.29,0,0
2026-06-01,U2G6B,"NHS THAMES VALLEY ICB - U2G6B",1398,12677.83,0,0
2026-06-01,01H,"NHS NORTH CUMBRIA",1457,13750.59,0,0
2026-06-01,13T,"NHS NEWCASTLE GATESHEAD",1475,12712.56,0,0
2026-06-01,07K,"NHS WEST SUFFOLK",1490,10676.76,0,0
2026-06-01,06T,"NHS NORTH EAST ESSEX",1507,11798.55,0,0
2026-06-01,02H,"NHS WIGAN BOROUGH",1569,13839.56,0,0
2026-06-01,M2L0M,"NHS SHROPSHIRE, TELFORD AND WREKIN",1589,14954.51,0,0
2026-06-01,06Q,"NHS MID ESSEX",1602,12526.52,0,0
2026-06-01,05W,"NHS STOKE ON TRENT",1628,12820.87,0,0
2026-06-01,01A,"NHS EAST LANCASHIRE",1638,12811.26,0,0
2026-06-01,06L,"NHS IPSWICH AND EAST SUFFOLK",1703,12548.33,0,0
2026-06-01,06N,"NHS HERTS VALLEYS",1812,17440.16,0,0
2026-06-01,11M,"NHS GLOUCESTERSHIRE",1845,15019.05,0,0
2026-06-01,99A,"NHS LIVERPOOL",1847,16321.95,0,0
2026-06-01,11J,"NHS DORSET",1875,15890.75,0,0
2026-06-01,42D,"NHS NORTH YORKSHIRE",1875,17500.99,0,0
2026-06-01,97R,"NHS EAST SUSSEX",1991,17852.69,0,0
2026-06-01,X2C4Y,"NHS KIRKLEES",1992,19011.34,0,0
2026-06-01,52R,"NHS NOTTINGHAM AND NOTTINGHAMSHIRE",2005,15046.12,0,0
2026-06-01,14Y,"NHS BUCKINGHAMSHIRE",2110,19209.45,0,0
2026-06-01,10Q,"NHS OXFORDSHIRE",2141,19133.06,0,0
2026-06-01,15M,"NHS DERBY AND DERBYSHIRE",2225,21681.51,0,0
2026-06-01,11N,"NHS CORNWALL AND THE ISLES OF SCILLY",2251,18018.29,0,0
2026-06-01,06K,"NHS EAST AND NORTH HERTFORDSHIRE",2261,18148.63,0,0
2026-06-01,84H,"NHS COUNTY DURHAM",2325,19753.16,0,0
2026-06-01,18C,"NHS HEREFORDSHIRE AND WORCESTERSHIRE",2334,21327.77,0,0
2026-06-01,15F,"NHS LEEDS",2348,19800.63,0,0
2026-06-01,16C,"NHS TEES VALLEY",2407,19833,0,0
2026-06-01,B2M3M,"NHS COVENTRY AND WARWICKSHIRE",2630,21029.39,0,0
2026-06-01,92G,"NHS BATH AND NORTH EAST SOMERSET, SWINDON AND WILTSHIRE",2638,21325.18,0,0
2026-06-01,14L,"NHS MANCHESTER",2703,22353.06,0,0
2026-06-01,06H,"NHS CAMBRIDGESHIRE AND PETERBOROUGH",2742,20597.54,0,0
2026-06-01,70F,"NHS WEST SUSSEX",2935,28448.84,0,0
2026-06-01,A3A8R,"NHS NORTH EAST LONDON",2965,27134.52,0,0
2026-06-01,36J,"NHS BRADFORD DISTRICT AND CRAVEN",3038,24245.11,0,0
2026-06-01,71E,"NHS LINCOLNSHIRE",3158,23412.37,0,0
2026-06-01,M1J4Y,"NHS BEDFORDSHIRE, LUTON AND MILTON KEYNES",3263,25126.85,0,0
2026-06-01,15N,"NHS DEVON",3300,26874.08,0,0
2026-06-01,D9Y0V,"NHS HAMPSHIRE, SOUTHAMPTON AND ISLE OF WIGHT",3342,31485.12,0,0
2026-06-01,36L,"NHS SOUTH WEST LONDON",3705,35737.36,0,0
2026-06-01,92A,"NHS SURREY HEARTLANDS",3836,36488.05,0,0
2026-06-01,26A,"NHS NORFOLK AND WAVENEY",4463,35926.91,0,0
2026-06-01,72Q,"NHS SOUTH EAST LONDON",5258,51556.43,0,0
2026-06-01,93C,"NHS NORTH CENTRAL LONDON",5282,50899.74,0,0
2026-06-01,15E,"NHS BIRMINGHAM AND SOLIHULL",6032,51476.1,0,0
2026-06-01,91Q,"NHS KENT AND MEDWAY",6286,52733.74,0,0
2026-06-01,D2P2L,"NHS BLACK COUNTRY",6613,58349.61,0,0
2026-06-01,W2U3Z,"NHS NORTH WEST LONDON",7150,62055.58,0,0