date,id,name,y_items,y_actual_cost,x_items,x_actual_cost
2021-07-01,09W,"NHS MEDWAY",0,0,0,0
2021-07-01,D4U1Y,"NHS FRIMLEY",5,136.76,0,0
2021-07-01,99C,"NHS NORTH TYNESIDE",679,24560.78,0,0
2021-07-01,99G,"NHS SOUTHEND",1101,36705.49,0,0
2021-07-01,01V,"NHS SOUTHPORT AND FORMBY",1156,35229.81,0,0
2021-07-01,99F,"NHS CASTLE POINT AND ROCHFORD",1172,38674.89,0,0
2021-07-01,05V,"NHS STAFFORD AND SURROUNDS",1228,39631.24,0,0
2021-07-01,02Q,"NHS BASSETLAW",1330,38348.05,0,0
2021-07-01,00X,"NHS CHORLEY AND SOUTH RIBBLE",1333,42860.19,0,0
2021-07-01,01T,"NHS SOUTH SEFTON",1389,39470.55,0,0
2021-07-01,02G,"NHS WEST LANCASHIRE",1411,41822.18,0,0
2021-07-01,04Y,"NHS CANNOCK CHASE",1435,45540.65,0,0
2021-07-01,05D,"NHS EAST STAFFORDSHIRE",1454,45265.57,0,0
2021-07-01,03Q,"NHS VALE OF YORK",1544,50352.68,0,0
2021-07-01,01E,"NHS GREATER PRESTON",1560,49643.31,0,0
2021-07-01,09D,"NHS BRIGHTON AND HOVE",1566,59295.14,0,0
2021-07-01,02T,"NHS CALDERDALE",1581,54592.59,0,0
2021-07-01,00N,"NHS SOUTH TYNESIDE",1632,59569.32,0,0
2021-07-01,06N,"NHS HERTS VALLEYS",1646,60197.94,0,0
2021-07-01,02A,"NHS TRAFFORD",1726,55168.57,0,0
2021-07-01,00T,"NHS BOLTON",1762,53364.51,0,0
2021-07-01,01Y,"NHS TAMESIDE AND GLOSSOP",1782,58286.15,0,0
2021-07-01,00L,"NHS NORTHUMBERLAND",1784,55768.61,0,0
2021-07-01,97R,"NHS EAST SUSSEX",1810,60143.44,0,0
2021-07-01,01F,"NHS HALTON",1890,58041.45,0,0
2021-07-01,02M,"NHS FYLDE AND WYRE",1979,57847.95,0,0
2021-07-01,10R,"NHS PORTSMOUTH",1986,83907.4,0,0
2021-07-01,00R,"NHS BLACKPOOL",1993,57495.91,0,0
2021-07-01,00Q,"NHS BLACKBURN WITH DARWEN",2199,65044.6,0,0
2021-07-01,07G,"NHS THURROCK",2219,65919.2,0,0
2021-07-01,01G,"NHS SALFORD",2221,65755.75,0,0
2021-07-01,05Q,"NHS SOUTH EAST STAFFORDSHIRE AND SEISDON PENINSULA",2236,74641.52,0,0
2021-07-01,05G,"NHS NORTH STAFFORDSHIRE",2252,68542.7,0,0
2021-07-01,01D,"NHS HEYWOOD, MIDDLETON AND ROCHDALE",2258,68052.86,0,0
2021-07-01,13T,"NHS NEWCASTLE GATESHEAD",2273,79481.67,0,0
2021-07-01,00P,"NHS SUNDERLAND",2296,77650.1,0,0
2021-07-01,03K,"NHS NORTH LINCOLNSHIRE",2393,67093.25,0,0
2021-07-01,03H,"NHS NORTH EAST LINCOLNSHIRE",2442,71827.27,0,0
2021-07-01,00V,"NHS BURY",2455,72457.22,0,0
2021-07-01,00Y,"NHS OLDHAM",2496,80113.32,0,0
2021-07-01,02E,"NHS WARRINGTON",2524,79894.71,0,0
2021-07-01,01W,"NHS STOCKPORT",2577,81016.53,0,0
2021-07-01,06K,"NHS EAST AND NORTH HERTFORDSHIRE",2581,76094.28,0,0
2021-07-01,X2C4Y,"NHS KIRKLEES",2591,94468.48,0,0
2021-07-01,01H,"NHS NORTH CUMBRIA",2684,88915.3,0,0
2021-07-01,07H,"NHS WEST ESSEX",2686,79454.69,0,0
2021-07-01,01J,"NHS KNOWSLEY",2750,79316.22,0,0
2021-07-01,U2G6B,"NHS THAMES VALLEY ICB - U2G6B",2750,95755.55,0,0
2021-07-01,01X,"NHS ST HELENS",2783,84163.38,0,0
2021-07-01,06Q,"NHS MID ESSEX",2824,82873.18,0,0
2021-07-01,03L,"NHS ROTHERHAM",2837,83206.56,0,0
2021-07-01,99E,"NHS BASILDON AND BRENTWOOD",3042,97481.54,0,0
2021-07-01,14Y,"NHS BUCKINGHAMSHIRE",3067,100812.28,0,0
2021-07-01,05W,"NHS STOKE ON TRENT",3445,102982.28,0,0
2021-07-01,06T,"NHS NORTH EAST ESSEX",3468,97238.06,0,0
2021-07-01,M2L0M,"NHS SHROPSHIRE, TELFORD AND WREKIN",3491,123316.12,0,0
2021-07-01,03F,"NHS HULL",3530,103639.52,0,0
2021-07-01,03W,"NHS EAST LEICESTERSHIRE AND RUTLAND",3540,107189.44,0,0
2021-07-01,02P,"NHS BARNSLEY",3545,105935.65,0,0
2021-07-01,12F,"NHS WIRRAL",3640,113237.59,0,0
2021-07-01,02Y,"NHS EAST RIDING OF YORKSHIRE",3787,117387.23,0,0
2021-07-01,03N,"NHS SHEFFIELD",3861,125707.73,0,0
2021-07-01,02H,"NHS WIGAN BOROUGH",3910,122865.08,0,0
2021-07-01,07K,"NHS WEST SUFFOLK",4022,113369.14,0,0
2021-07-01,02X,"NHS DONCASTER",4091,121909.84,0,0
2021-07-01,04C,"NHS LEICESTER CITY",4149,121008.89,0,0
2021-07-01,36J,"NHS BRADFORD DISTRICT AND CRAVEN",4258,134543.13,0,0
2021-07-01,11X,"NHS SOMERSET",4337,146075.39,0,0
2021-07-01,06L,"NHS IPSWICH AND EAST SUFFOLK",4348,133712.27,0,0
2021-07-01,01K,"NHS MORECAMBE BAY",4439,138699.07,0,0
2021-07-01,36L,"NHS SOUTH WEST LONDON",4447,159454.27,0,0
2021-07-01,15A,"NHS BERKSHIRE WEST",4635,147776.05,0,0
2021-07-01,15C,"NHS BRISTOL, NORTH SOMERSET AND SOUTH GLOUCESTERSHIRE",4739,193906.78,0,0
2021-07-01,42D,"NHS NORTH YORKSHIRE",4799,143559.73,0,0
2021-07-01,93C,"NHS NORTH CENTRAL LONDON",4902,176657.44,0,0
2021-07-01,11M,"NHS GLOUCESTERSHIRE",4906,160790.54,0,0
2021-07-01,04V,"NHS WEST LEICESTERSHIRE",4937,152047.12,0,0
2021-07-01,03R,"NHS WAKEFIELD",5071,161210.29,0,0
2021-07-01,14L,"NHS MANCHESTER",5099,154349.55,0,0
2021-07-01,70F,"NHS WEST SUSSEX",5335,194211.22,0,0
2021-07-01,15F,"NHS LEEDS",5568,186288.59,0,0
2021-07-01,92A,"NHS SURREY HEARTLANDS",5570,209909.98,0,0
2021-07-01,92G,"NHS BATH AND NORTH EAST SOMERSET, SWINDON AND WILTSHIRE",5664,188468.87,0,0
2021-07-01,99A,"NHS LIVERPOOL",5758,171445.91,0,0
2021-07-01,10Q,"NHS OXFORDSHIRE",5801,200718.76,0,0
2021-07-01,84H,"NHS COUNTY DURHAM",5904,178744.7,0,0
2021-07-01,27D,"NHS CHESHIRE",6048,190147,0,0
2021-07-01,01A,"NHS EAST LANCASHIRE",6329,183015.97,0,0
2021-07-01,A3A8R,"NHS NORTH EAST LONDON",6478,230320.53,0,0
2021-07-01,72Q,"NHS SOUTH EAST LONDON",6720,257609.94,0,0
2021-07-01,16C,"NHS TEES VALLEY",6949,213264.71,0,0
2021-07-01,11J,"NHS DORSET",7770,267294.04,0,0
2021-07-01,18C,"NHS HEREFORDSHIRE AND WORCESTERSHIRE",7999,286013.05,0,0
2021-07-01,11N,"NHS CORNWALL AND THE ISLES OF SCILLY",8204,251179.86,0,0
2021-07-01,W2U3Z,"NHS NORTH WEST LONDON",8279,288196.8,0,0
2021-07-01,71E,"NHS LINCOLNSHIRE",8727,254378.64,0,0
2021-07-01,26A,"NHS NORFOLK AND WAVENEY",9280,291055.47,0,0
2021-07-01,B2M3M,"NHS COVENTRY AND WARWICKSHIRE",9474,279015.15,0,0
2021-07-01,M1J4Y,"NHS BEDFORDSHIRE, LUTON AND MILTON KEYNES",9970,330180.99,0,0
2021-07-01,78H,"NHS NORTHAMPTONSHIRE",10702,298959.75,0,0
2021-07-01,06H,"NHS CAMBRIDGESHIRE AND PETERBOROUGH",11446,337047.33,0,0
2021-07-01,D2P2L,"NHS BLACK COUNTRY",11548,384232.17,0,0
2021-07-01,91Q,"NHS KENT AND MEDWAY",11934,398112.51,0,0
2021-07-01,15E,"NHS BIRMINGHAM AND SOLIHULL",12582,420554.17,0,0
2021-07-01,15N,"NHS DEVON",12764,418000.01,0,0
2021-07-01,15M,"NHS DERBY AND DERBYSHIRE",14342,522579.22,0,0
2021-07-01,52R,"NHS NOTTINGHAM AND NOTTINGHAMSHIRE",15843,497883.44,0,0
2021-07-01,D9Y0V,"NHS HAMPSHIRE, SOUTHAMPTON AND ISLE OF WIGHT",16071,620834.98,0,0
2021-08-01,09W,"NHS MEDWAY",0,0,0,0
2021-08-01,D4U1Y,"NHS FRIMLEY",10,273.77,0,0
2021-08-01,99C,"NHS NORTH TYNESIDE",689,24826.74,0,0
2021-08-01,99G,"NHS SOUTHEND",1028,33669.13,0,0
2021-08-01,99F,"NHS CASTLE POINT AND ROCHFORD",1100,36762.02,0,0
2021-08-01,05V,"NHS STAFFORD AND SURROUNDS",1138,37062.21,0,0
2021-08-01,01V,"NHS SOUTHPORT AND FORMBY",1144,35175.5,0,0
2021-08-01,02Q,"NHS BASSETLAW",1219,34956.84,0,0
2021-08-01,01T,"NHS SOUTH SEFTON",1283,36654.84,0,0
2021-08-01,00X,"NHS CHORLEY AND SOUTH RIBBLE",1287,41060.31,0,0
2021-08-01,02G,"NHS WEST LANCASHIRE",1326,39419.04,0,0
2021-08-01,04Y,"NHS CANNOCK CHASE",1345,42675.35,0,0
2021-08-01,05D,"NHS EAST STAFFORDSHIRE",1377,42946.89,0,0
2021-08-01,09D,"NHS BRIGHTON AND HOVE",1404,54524.3,0,0
2021-08-01,03Q,"NHS VALE OF YORK",1482,48038.62,0,0
2021-08-01,02T,"NHS CALDERDALE",1503,51132.57,0,0
2021-08-01,01E,"NHS GREATER PRESTON",1511,48751.76,0,0
2021-08-01,06N,"NHS HERTS VALLEYS",1553,56961.14,0,0
2021-08-01,00N,"NHS SOUTH TYNESIDE",1561,57344.66,0,0
2021-08-01,02A,"NHS TRAFFORD",1614,51900.07,0,0
2021-08-01,01Y,"NHS TAMESIDE AND GLOSSOP",1678,54363.54,0,0
2021-08-01,00L,"NHS NORTHUMBERLAND",1723,53705.5,0,0
2021-08-01,97R,"NHS EAST SUSSEX",1738,57125.77,0,0
2021-08-01,00R,"NHS BLACKPOOL",1749,50807.24,0,0
2021-08-01,10R,"NHS PORTSMOUTH",1819,75024.33,0,0
2021-08-01,00T,"NHS BOLTON",1854,55241.42,0,0
2021-08-01,01F,"NHS HALTON",1909,58881.29,0,0
2021-08-01,02M,"NHS FYLDE AND WYRE",1955,57045.44,0,0
2021-08-01,05Q,"NHS SOUTH EAST STAFFORDSHIRE AND SEISDON PENINSULA",2044,68350.21,0,0
2021-08-01,05G,"NHS NORTH STAFFORDSHIRE",2070,62520.5,0,0
2021-08-01,07G,"NHS THURROCK",2079,61181.22,0,0
2021-08-01,01G,"NHS SALFORD",2099,63206.99,0,0
2021-08-01,13T,"NHS NEWCASTLE GATESHEAD",2122,74207.17,0,0
2021-08-01,00P,"NHS SUNDERLAND",2153,72620.47,0,0
2021-08-01,00Q,"NHS BLACKBURN WITH DARWEN",2173,63481.55,0,0
2021-08-01,01D,"NHS HEYWOOD, MIDDLETON AND ROCHDALE",2186,66108.59,0,0
2021-08-01,03H,"NHS NORTH EAST LINCOLNSHIRE",2268,67121.17,0,0
2021-08-01,00Y,"NHS OLDHAM",2280,72375.8,0,0
2021-08-01,00V,"NHS BURY",2290,67149.6,0,0
2021-08-01,03K,"NHS NORTH LINCOLNSHIRE",2413,67611.22,0,0
2021-08-01,X2C4Y,"NHS KIRKLEES",2433,89698.22,0,0
2021-08-01,01W,"NHS STOCKPORT",2452,76865.49,0,0
2021-08-01,06K,"NHS EAST AND NORTH HERTFORDSHIRE",2453,72541.21,0,0
2021-08-01,02E,"NHS WARRINGTON",2459,78233.38,0,0
2021-08-01,07H,"NHS WEST ESSEX",2500,74207.64,0,0
2021-08-01,U2G6B,"NHS THAMES VALLEY ICB - U2G6B",2557,89891.5,0,0
2021-08-01,01H,"NHS NORTH CUMBRIA",2580,86933.02,0,0
2021-08-01,01X,"NHS ST HELENS",2596,78317.43,0,0
2021-08-01,01J,"NHS KNOWSLEY",2617,75390.57,0,0
2021-08-01,03L,"NHS ROTHERHAM",2720,79905.52,0,0
2021-08-01,99E,"NHS BASILDON AND BRENTWOOD",2735,86500.55,0,0
2021-08-01,14Y,"NHS BUCKINGHAMSHIRE",2822,91340.31,0,0
2021-08-01,06Q,"NHS MID ESSEX",2833,83349.54,0,0
2021-08-01,05W,"NHS STOKE ON TRENT",3133,93236.85,0,0
2021-08-01,06T,"NHS NORTH EAST ESSEX",3217,89568.79,0,0
2021-08-01,M2L0M,"NHS SHROPSHIRE, TELFORD AND WREKIN",3328,117638.67,0,0
2021-08-01,03F,"NHS HULL",3367,98602.92,0,0
2021-08-01,02P,"NHS BARNSLEY",3375,100982.77,0,0
2021-08-01,03W,"NHS EAST LEICESTERSHIRE AND RUTLAND",3378,102347.33,0,0
2021-08-01,12F,"NHS WIRRAL",3434,105909.68,0,0
2021-08-01,02H,"NHS WIGAN BOROUGH",3594,112560.84,0,0
2021-08-01,02Y,"NHS EAST RIDING OF YORKSHIRE",3638,110910.91,0,0
2021-08-01,03N,"NHS SHEFFIELD",3706,119074.35,0,0
2021-08-01,07K,"NHS WEST SUFFOLK",3763,105602.59,0,0
2021-08-01,04C,"NHS LEICESTER CITY",3906,114398.06,0,0
2021-08-01,02X,"NHS DONCASTER",3924,116285.64,0,0
2021-08-01,11X,"NHS SOMERSET",3959,131602.9,0,0
2021-08-01,06L,"NHS IPSWICH AND EAST SUFFOLK",4139,127878.83,0,0
2021-08-01,36L,"NHS SOUTH WEST LONDON",4165,149179.63,0,0
2021-08-01,01K,"NHS MORECAMBE BAY",4215,131309.06,0,0
2021-08-01,36J,"NHS BRADFORD DISTRICT AND CRAVEN",4279,136073.35,0,0
2021-08-01,15A,"NHS BERKSHIRE WEST",4414,140748.88,0,0
2021-08-01,15C,"NHS BRISTOL, NORTH SOMERSET AND SOUTH GLOUCESTERSHIRE",4463,183112.28,0,0
2021-08-01,11M,"NHS GLOUCESTERSHIRE",4599,150790.88,0,0
2021-08-01,93C,"NHS NORTH CENTRAL LONDON",4647,168832.22,0,0
2021-08-01,42D,"NHS NORTH YORKSHIRE",4740,142550.82,0,0
2021-08-01,04V,"NHS WEST LEICESTERSHIRE",4743,145871.94,0,0
2021-08-01,14L,"NHS MANCHESTER",4876,147218.17,0,0
2021-08-01,03R,"NHS WAKEFIELD",4970,159038.81,0,0
2021-08-01,70F,"NHS WEST SUSSEX",5014,181583.28,0,0
2021-08-01,92A,"NHS SURREY HEARTLANDS",5247,198744.57,0,0
2021-08-01,92G,"NHS BATH AND NORTH EAST SOMERSET, SWINDON AND WILTSHIRE",5278,174905.07,0,0
2021-08-01,15F,"NHS LEEDS",5403,181399.62,0,0
2021-08-01,99A,"NHS LIVERPOOL",5517,164327.91,0,0
2021-08-01,84H,"NHS COUNTY DURHAM",5560,169333.28,0,0
2021-08-01,10Q,"NHS OXFORDSHIRE",5587,196059.99,0,0
2021-08-01,27D,"NHS CHESHIRE",5861,184139.74,0,0
2021-08-01,01A,"NHS EAST LANCASHIRE",5960,172020.32,0,0
2021-08-01,A3A8R,"NHS NORTH EAST LONDON",6142,217255.83,0,0
2021-08-01,72Q,"NHS SOUTH EAST LONDON",6430,244786.3,0,0
2021-08-01,16C,"NHS TEES VALLEY",6704,206180,0,0
2021-08-01,11J,"NHS DORSET",7364,253191.06,0,0
2021-08-01,18C,"NHS HEREFORDSHIRE AND WORCESTERSHIRE",7549,270940.96,0,0
2021-08-01,11N,"NHS CORNWALL AND THE ISLES OF SCILLY",7649,233642.22,0,0
2021-08-01,W2U3Z,"NHS NORTH WEST LONDON",7664,268142.26,0,0
2021-08-01,71E,"NHS LINCOLNSHIRE",8346,243878.09,0,0
2021-08-01,26A,"NHS NORFOLK AND WAVENEY",8842,277655.84,0,0
2021-08-01,B2M3M,"NHS COVENTRY AND WARWICKSHIRE",9083,267739.44,0,0
2021-08-01,M1J4Y,"NHS BEDFORDSHIRE, LUTON AND MILTON KEYNES",9267,306546.68,0,0
2021-08-01,78H,"NHS NORTHAMPTONSHIRE",10033,280802.77,0,0
2021-08-01,06H,"NHS CAMBRIDGESHIRE AND PETERBOROUGH",10830,317497.03,0,0
2021-08-01,D2P2L,"NHS BLACK COUNTRY",11064,369837.54,0,0
2021-08-01,91Q,"NHS KENT AND MEDWAY",11076,368895.08,0,0
2021-08-01,15E,"NHS BIRMINGHAM AND SOLIHULL",12033,403150.22,0,0
2021-08-01,15N,"NHS DEVON",12040,394217.25,0,0
2021-08-01,15M,"NHS DERBY AND DERBYSHIRE",13472,492008.79,0,0
2021-08-01,52R,"NHS NOTTINGHAM AND NOTTINGHAMSHIRE",14848,464993.74,0,0
2021-08-01,D9Y0V,"NHS HAMPSHIRE, SOUTHAMPTON AND ISLE OF WIGHT",14942,579613.51,0,0
2021-09-01,09W,"NHS MEDWAY",0,0,0,0
2021-09-01,D4U1Y,"NHS FRIMLEY",9,246.13,0,0
2021-09-01,99C,"NHS NORTH TYNESIDE",685,25184.26,0,0
2021-09-01,99G,"NHS SOUTHEND",1050,34892.78,0,0
2021-09-01,01V,"NHS SOUTHPORT AND FORMBY",1125,33854.94,0,0
2021-09-01,05V,"NHS STAFFORD AND SURROUNDS",1207,39021.05,0,0
2021-09-01,99F,"NHS CASTLE POINT AND ROCHFORD",1224,40389.13,0,0
2021-09-01,02Q,"NHS BASSETLAW",1263,36480.27,0,0
2021-09-01,00X,"NHS CHORLEY AND SOUTH RIBBLE",1388,44710.31,0,0
2021-09-01,02G,"NHS WEST LANCASHIRE",1421,42250.53,0,0
2021-09-01,05D,"NHS EAST STAFFORDSHIRE",1427,44216.31,0,0
2021-09-01,04Y,"NHS CANNOCK CHASE",1436,45558.17,0,0
2021-09-01,01T,"NHS SOUTH SEFTON",1493,42825.46,0,0
2021-09-01,09D,"NHS BRIGHTON AND HOVE",1500,57668.59,0,0
2021-09-01,03Q,"NHS VALE OF YORK",1564,50560.6,0,0
2021-09-01,00N,"NHS SOUTH TYNESIDE",1633,59556.34,0,0
2021-09-01,01E,"NHS GREATER PRESTON",1675,53050.81,0,0
2021-09-01,06N,"NHS HERTS VALLEYS",1707,61907.66,0,0
2021-09-01,01Y,"NHS TAMESIDE AND GLOSSOP",1708,55785.02,0,0
2021-09-01,02T,"NHS CALDERDALE",1711,58026.59,0,0
2021-09-01,02A,"NHS TRAFFORD",1767,57234.53,0,0
2021-09-01,97R,"NHS EAST SUSSEX",1814,59118.95,0,0
2021-09-01,00L,"NHS NORTHUMBERLAND",1852,57916.94,0,0
2021-09-01,00T,"NHS BOLTON",1868,56033,0,0
2021-09-01,10R,"NHS PORTSMOUTH",1942,81401.05,0,0
2021-09-01,01F,"NHS HALTON",2013,62075.9,0,0
2021-09-01,02M,"NHS FYLDE AND WYRE",2093,61171.61,0,0
2021-09-01,00R,"NHS BLACKPOOL",2129,61448.63,0,0
2021-09-01,01G,"NHS SALFORD",2181,64948.21,0,0
2021-09-01,07G,"NHS THURROCK",2200,65357.81,0,0
2021-09-01,05G,"NHS NORTH STAFFORDSHIRE",2234,67680.32,0,0
2021-09-01,13T,"NHS NEWCASTLE GATESHEAD",2234,78042.44,0,0
2021-09-01,05Q,"NHS SOUTH EAST STAFFORDSHIRE AND SEISDON PENINSULA",2247,75992.18,0,0
2021-09-01,00Q,"NHS BLACKBURN WITH DARWEN",2266,66698.68,0,0
2021-09-01,01D,"NHS HEYWOOD, MIDDLETON AND ROCHDALE",2308,69706.12,0,0
2021-09-01,00P,"NHS SUNDERLAND",2383,81297.18,0,0
2021-09-01,03K,"NHS NORTH LINCOLNSHIRE",2384,66585.91,0,0
2021-09-01,03H,"NHS NORTH EAST LINCOLNSHIRE",2462,72796,0,0
2021-09-01,00V,"NHS BURY",2519,74328.38,0,0
2021-09-01,U2G6B,"NHS THAMES VALLEY ICB - U2G6B",2593,91823.87,0,0
2021-09-01,00Y,"NHS OLDHAM",2624,83678.31,0,0
2021-09-01,02E,"NHS WARRINGTON",2644,83651.01,0,0
2021-09-01,06K,"NHS EAST AND NORTH HERTFORDSHIRE",2658,77609.36,0,0
2021-09-01,01H,"NHS NORTH CUMBRIA",2684,88786.72,0,0
2021-09-01,01W,"NHS STOCKPORT",2687,85100.57,0,0
2021-09-01,X2C4Y,"NHS KIRKLEES",2736,101064.76,0,0
2021-09-01,01J,"NHS KNOWSLEY",2762,80017.14,0,0
2021-09-01,07H,"NHS WEST ESSEX",2815,83757.9,0,0
2021-09-01,01X,"NHS ST HELENS",2837,85512.46,0,0
2021-09-01,06Q,"NHS MID ESSEX",2919,85124.55,0,0
2021-09-01,03L,"NHS ROTHERHAM",2938,86196.47,0,0
2021-09-01,99E,"NHS BASILDON AND BRENTWOOD",2987,96338.75,0,0
2021-09-01,14Y,"NHS BUCKINGHAMSHIRE",3058,99149.61,0,0
2021-09-01,06T,"NHS NORTH EAST ESSEX",3468,96397.04,0,0
2021-09-01,03F,"NHS HULL",3521,103616.82,0,0
2021-09-01,M2L0M,"NHS SHROPSHIRE, TELFORD AND WREKIN",3524,123644.77,0,0
2021-09-01,12F,"NHS WIRRAL",3581,111954.82,0,0
2021-09-01,05W,"NHS STOKE ON TRENT",3586,107963.91,0,0
2021-09-01,02P,"NHS BARNSLEY",3611,107690.18,0,0
2021-09-01,03W,"NHS EAST LEICESTERSHIRE AND RUTLAND",3699,112006.07,0,0
2021-09-01,02Y,"NHS EAST RIDING OF YORKSHIRE",3932,120861.02,0,0
2021-09-01,03N,"NHS SHEFFIELD",3950,127403.5,0,0
2021-09-01,02H,"NHS WIGAN BOROUGH",3957,124150.99,0,0
2021-09-01,07K,"NHS WEST SUFFOLK",3980,112714.52,0,0
2021-09-01,02X,"NHS DONCASTER",4009,118711.45,0,0
2021-09-01,04C,"NHS LEICESTER CITY",4231,123689.67,0,0
2021-09-01,36J,"NHS BRADFORD DISTRICT AND CRAVEN",4336,136974.77,0,0
2021-09-01,06L,"NHS IPSWICH AND EAST SUFFOLK",4390,135296.06,0,0
2021-09-01,01K,"NHS MORECAMBE BAY",4396,136672.91,0,0
2021-09-01,11X,"NHS SOMERSET",4426,149105.73,0,0
2021-09-01,36L,"NHS SOUTH WEST LONDON",4440,158544.73,0,0
2021-09-01,15A,"NHS BERKSHIRE WEST",4509,144462.14,0,0
2021-09-01,15C,"NHS BRISTOL, NORTH SOMERSET AND SOUTH GLOUCESTERSHIRE",4689,191895.54,0,0
2021-09-01,42D,"NHS NORTH YORKSHIRE",4814,144266.81,0,0
2021-09-01,93C,"NHS NORTH CENTRAL LONDON",4865,175333.88,0,0
2021-09-01,11M,"NHS GLOUCESTERSHIRE",4896,162532.51,0,0
2021-09-01,04V,"NHS WEST LEICESTERSHIRE",4978,154173.86,0,0
2021-09-01,03R,"NHS WAKEFIELD",5235,166726.22,0,0
2021-09-01,14L,"NHS MANCHESTER",5239,158581.94,0,0
2021-09-01,70F,"NHS WEST SUSSEX",5385,197203.8,0,0
2021-09-01,92A,"NHS SURREY HEARTLANDS",5476,205434.62,0,0
2021-09-01,15F,"NHS LEEDS",5572,186466.68,0,0
2021-09-01,92G,"NHS BATH AND NORTH EAST SOMERSET, SWINDON AND WILTSHIRE",5716,190423.57,0,0
2021-09-01,99A,"NHS LIVERPOOL",5828,173486.87,0,0
2021-09-01,10Q,"NHS OXFORDSHIRE",5888,203626.83,0,0
2021-09-01,84H,"NHS COUNTY DURHAM",5939,180729.13,0,0
2021-09-01,27D,"NHS CHESHIRE",6088,191499.91,0,0
2021-09-01,01A,"NHS EAST LANCASHIRE",6379,184589.47,0,0
2021-09-01,A3A8R,"NHS NORTH EAST LONDON",6460,228712.05,0,0
2021-09-01,72Q,"NHS SOUTH EAST LONDON",6774,261053.29,0,0
2021-09-01,16C,"NHS TEES VALLEY",6908,212343.02,0,0
2021-09-01,11J,"NHS DORSET",7869,268548.58,0,0
2021-09-01,18C,"NHS HEREFORDSHIRE AND WORCESTERSHIRE",8152,292403.17,0,0
2021-09-01,11N,"NHS CORNWALL AND THE ISLES OF SCILLY",8210,250795.58,0,0
2021-09-01,W2U3Z,"NHS NORTH WEST LONDON",8413,293001.5,0,0
2021-09-01,71E,"NHS LINCOLNSHIRE",8839,257958.95,0,0
2021-09-01,26A,"NHS NORFOLK AND WAVENEY",9200,289048.95,0,0
2021-09-01,B2M3M,"NHS COVENTRY AND WARWICKSHIRE",9416,277614.36,0,0
2021-09-01,M1J4Y,"NHS BEDFORDSHIRE, LUTON AND MILTON KEYNES",9590,315534.73,0,0
2021-09-01,78H,"NHS NORTHAMPTONSHIRE",10205,285413.45,0,0
2021-09-01,06H,"NHS CAMBRIDGESHIRE AND PETERBOROUGH",11334,333828.64,0,0
2021-09-01,D2P2L,"NHS BLACK COUNTRY",11853,394539.54,0,0
2021-09-01,91Q,"NHS KENT AND MEDWAY",12009,402564.04,0,0
2021-09-01,15E,"NHS BIRMINGHAM AND SOLIHULL",12671,423497.68,0,0
2021-09-01,15N,"NHS DEVON",12955,424717.66,0,0
2021-09-01,15M,"NHS DERBY AND DERBYSHIRE",14324,522847.35,0,0
2021-09-01,52R,"NHS NOTTINGHAM AND NOTTINGHAMSHIRE",15818,496927.21,0,0
2021-09-01,D9Y0V,"NHS HAMPSHIRE, SOUTHAMPTON AND ISLE OF WIGHT",16001,619714.85,0,0
2021-10-01,09W,"NHS MEDWAY",0,0,0,0
2021-10-01,D4U1Y,"NHS FRIMLEY",14,382.68,0,0
2021-10-01,99C,"NHS NORTH TYNESIDE",658,23477.73,0,0
2021-10-01,99G,"NHS SOUTHEND",1067,35313.18,0,0
2021-10-01,01V,"NHS SOUTHPORT AND FORMBY",1161,35505.67,0,0
2021-10-01,99F,"NHS CASTLE POINT AND ROCHFORD",1188,40041.29,0,0
2021-10-01,05V,"NHS STAFFORD AND SURROUNDS",1220,39712.63,0,0
2021-10-01,02Q,"NHS BASSETLAW",1229,35587.74,0,0
2021-10-01,01T,"NHS SOUTH SEFTON",1317,37474.77,0,0
2021-10-01,00X,"NHS CHORLEY AND SOUTH RIBBLE",1344,43431.28,0,0
2021-10-01,02G,"NHS WEST LANCASHIRE",1386,41382.68,0,0
2021-10-01,05D,"NHS EAST STAFFORDSHIRE",1415,44167.58,0,0
2021-10-01,04Y,"NHS CANNOCK CHASE",1449,46027.99,0,0
2021-10-01,09D,"NHS BRIGHTON AND HOVE",1528,59034.44,0,0
2021-10-01,03Q,"NHS VALE OF YORK",1559,51355.42,0,0
2021-10-01,00N,"NHS SOUTH TYNESIDE",1569,56412,0,0
2021-10-01,02T,"NHS CALDERDALE",1576,53433.99,0,0
2021-10-01,06N,"NHS HERTS VALLEYS",1624,58925.9,0,0
2021-10-01,01E,"NHS GREATER PRESTON",1627,52204.85,0,0
2021-10-01,02A,"NHS TRAFFORD",1649,53134.36,0,0
2021-10-01,01Y,"NHS TAMESIDE AND GLOSSOP",1694,55293.41,0,0
2021-10-01,00L,"NHS NORTHUMBERLAND",1774,55401.66,0,0
2021-10-01,97R,"NHS EAST SUSSEX",1774,57833.02,0,0
2021-10-01,10R,"NHS PORTSMOUTH",1910,79612.62,0,0
2021-10-01,00T,"NHS BOLTON",1920,57591.19,0,0
2021-10-01,01F,"NHS HALTON",1925,59066.68,0,0
2021-10-01,02M,"NHS FYLDE AND WYRE",1990,58107.78,0,0
2021-10-01,00R,"NHS BLACKPOOL",2027,58439.54,0,0
2021-10-01,05Q,"NHS SOUTH EAST STAFFORDSHIRE AND SEISDON PENINSULA",2048,67428.4,0,0
2021-10-01,07G,"NHS THURROCK",2077,61199.05,0,0
2021-10-01,00Q,"NHS BLACKBURN WITH DARWEN",2163,63987.59,0,0
2021-10-01,13T,"NHS NEWCASTLE GATESHEAD",2179,76227.96,0,0
2021-10-01,05G,"NHS NORTH STAFFORDSHIRE",2198,66663.45,0,0
2021-10-01,01D,"NHS HEYWOOD, MIDDLETON AND ROCHDALE",2242,67349.16,0,0
2021-10-01,01G,"NHS SALFORD",2261,67485.97,0,0
2021-10-01,00P,"NHS SUNDERLAND",2263,76283.71,0,0
2021-10-01,03K,"NHS NORTH LINCOLNSHIRE",2311,64668.06,0,0
2021-10-01,03H,"NHS NORTH EAST LINCOLNSHIRE",2322,68606.26,0,0
2021-10-01,00V,"NHS BURY",2373,69618.5,0,0
2021-10-01,00Y,"NHS OLDHAM",2376,75738.64,0,0
2021-10-01,01W,"NHS STOCKPORT",2466,77816.24,0,0
2021-10-01,02E,"NHS WARRINGTON",2501,79155.18,0,0
2021-10-01,X2C4Y,"NHS KIRKLEES",2547,93090.12,0,0
2021-10-01,U2G6B,"NHS THAMES VALLEY ICB - U2G6B",2614,90686.75,0,0
2021-10-01,06K,"NHS EAST AND NORTH HERTFORDSHIRE",2641,78036.2,0,0
2021-10-01,07H,"NHS WEST ESSEX",2653,78332.81,0,0
2021-10-01,01H,"NHS NORTH CUMBRIA",2669,88715.62,0,0
2021-10-01,01X,"NHS ST HELENS",2679,80687.72,0,0
2021-10-01,01J,"NHS KNOWSLEY",2694,77928.36,0,0
2021-10-01,03L,"NHS ROTHERHAM",2797,81972.87,0,0
2021-10-01,06Q,"NHS MID ESSEX",2813,81940.43,0,0
2021-10-01,99E,"NHS BASILDON AND BRENTWOOD",2889,91700.84,0,0
2021-10-01,14Y,"NHS BUCKINGHAMSHIRE",2977,96915.4,0,0
2021-10-01,05W,"NHS STOKE ON TRENT",3285,97798.7,0,0
2021-10-01,06T,"NHS NORTH EAST ESSEX",3299,92386.46,0,0
2021-10-01,03W,"NHS EAST LEICESTERSHIRE AND RUTLAND",3475,105364.56,0,0
2021-10-01,02P,"NHS BARNSLEY",3486,103838.69,0,0
2021-10-01,M2L0M,"NHS SHROPSHIRE, TELFORD AND WREKIN",3487,123092.76,0,0
2021-10-01,12F,"NHS WIRRAL",3491,108620.85,0,0
2021-10-01,03F,"NHS HULL",3492,102965.21,0,0
2021-10-01,02Y,"NHS EAST RIDING OF YORKSHIRE",3628,110581.12,0,0
2021-10-01,02H,"NHS WIGAN BOROUGH",3676,115590.27,0,0
2021-10-01,03N,"NHS SHEFFIELD",3759,121383.36,0,0
2021-10-01,07K,"NHS WEST SUFFOLK",3917,110008.88,0,0
2021-10-01,11X,"NHS SOMERSET",3968,132444.16,0,0
2021-10-01,04C,"NHS LEICESTER CITY",4057,118381.82,0,0
2021-10-01,02X,"NHS DONCASTER",4077,121742.11,0,0
2021-10-01,06L,"NHS IPSWICH AND EAST SUFFOLK",4276,131814.66,0,0
2021-10-01,36J,"NHS BRADFORD DISTRICT AND CRAVEN",4281,135077.43,0,0
2021-10-01,01K,"NHS MORECAMBE BAY",4317,134501.86,0,0
2021-10-01,36L,"NHS SOUTH WEST LONDON",4363,155953.38,0,0
2021-10-01,15A,"NHS BERKSHIRE WEST",4394,140783.65,0,0
2021-10-01,42D,"NHS NORTH YORKSHIRE",4663,139632.22,0,0
2021-10-01,15C,"NHS BRISTOL, NORTH SOMERSET AND SOUTH GLOUCESTERSHIRE",4684,192731.7,0,0
2021-10-01,11M,"NHS GLOUCESTERSHIRE",4721,154855.93,0,0
2021-10-01,04V,"NHS WEST LEICESTERSHIRE",4824,147786,0,0
2021-10-01,93C,"NHS NORTH CENTRAL LONDON",4848,173937.13,0,0
2021-10-01,03R,"NHS WAKEFIELD",4957,157762.47,0,0
2021-10-01,14L,"NHS MANCHESTER",5017,151562.68,0,0
2021-10-01,70F,"NHS WEST SUSSEX",5186,187789.16,0,0
2021-10-01,15F,"NHS LEEDS",5437,181538.52,0,0
2021-10-01,92G,"NHS BATH AND NORTH EAST SOMERSET, SWINDON AND WILTSHIRE",5447,181311.74,0,0
2021-10-01,92A,"NHS SURREY HEARTLANDS",5595,207767.72,0,0
2021-10-01,10Q,"NHS OXFORDSHIRE",5604,196804.78,0,0
2021-10-01,84H,"NHS COUNTY DURHAM",5635,171320.92,0,0
2021-10-01,99A,"NHS LIVERPOOL",5702,169904.09,0,0
2021-10-01,27D,"NHS CHESHIRE",6056,190095.94,0,0
2021-10-01,01A,"NHS EAST LANCASHIRE",6203,179006.73,0,0
2021-10-01,A3A8R,"NHS NORTH EAST LONDON",6569,232536.77,0,0
2021-10-01,72Q,"NHS SOUTH EAST LONDON",6635,254313.27,0,0
2021-10-01,16C,"NHS TEES VALLEY",6961,213907.53,0,0
2021-10-01,11J,"NHS DORSET",7567,260054.85,0,0
2021-10-01,11N,"NHS CORNWALL AND THE ISLES OF SCILLY",7751,236980.89,0,0
2021-10-01,18C,"NHS HEREFORDSHIRE AND WORCESTERSHIRE",7825,281685.64,0,0
2021-10-01,W2U3Z,"NHS NORTH WEST LONDON",8328,290180.83,0,0
2021-10-01,71E,"NHS LINCOLNSHIRE",8471,247201.77,0,0
2021-10-01,26A,"NHS NORFOLK AND WAVENEY",9068,285465.24,0,0
2021-10-01,B2M3M,"NHS COVENTRY AND WARWICKSHIRE",9328,274774.19,0,0
2021-10-01,78H,"NHS NORTHAMPTONSHIRE",9679,270652.68,0,0
2021-10-01,M1J4Y,"NHS BEDFORDSHIRE, LUTON AND MILTON KEYNES",9972,331151.64,0,0
2021-10-01,06H,"NHS CAMBRIDGESHIRE AND PETERBOROUGH",10997,322242.34,0,0
2021-10-01,D2P2L,"NHS BLACK COUNTRY",11286,377019.31,0,0
2021-10-01,91Q,"NHS KENT AND MEDWAY",11690,390070.3,0,0
2021-10-01,15N,"NHS DEVON",12566,415081.28,0,0
2021-10-01,15E,"NHS BIRMINGHAM AND SOLIHULL",12571,420668.5,0,0
2021-10-01,15M,"NHS DERBY AND DERBYSHIRE",13752,503544.3,0,0
2021-10-01,52R,"NHS NOTTINGHAM AND NOTTINGHAMSHIRE",15343,480752.24,0,0
2021-10-01,D9Y0V,"NHS HAMPSHIRE, SOUTHAMPTON AND ISLE OF WIGHT",15594,603016.94,0,0
2021-11-01,09W,"NHS MEDWAY",0,0,0,0
2021-11-01,D4U1Y,"NHS FRIMLEY",13,355.68,0,0
2021-11-01,99C,"NHS NORTH TYNESIDE",688,24129.28,0,0
2021-11-01,99G,"NHS SOUTHEND",1080,35921.05,0,0
2021-11-01,01V,"NHS SOUTHPORT AND FORMBY",1161,35238.32,0,0
2021-11-01,99F,"NHS CASTLE POINT AND ROCHFORD",1211,40134.12,0,0
2021-11-01,05V,"NHS STAFFORD AND SURROUNDS",1238,39969.2,0,0
2021-11-01,02Q,"NHS BASSETLAW",1248,35895,0,0
2021-11-01,00X,"NHS CHORLEY AND SOUTH RIBBLE",1405,45660.88,0,0
2021-11-01,05D,"NHS EAST STAFFORDSHIRE",1413,43498.19,0,0
2021-11-01,01T,"NHS SOUTH SEFTON",1431,40984.69,0,0
2021-11-01,02G,"NHS WEST LANCASHIRE",1439,42926.51,0,0
2021-11-01,04Y,"NHS CANNOCK CHASE",1508,47877.19,0,0
2021-11-01,09D,"NHS BRIGHTON AND HOVE",1593,61415.52,0,0
2021-11-01,00N,"NHS SOUTH TYNESIDE",1608,58790.31,0,0
2021-11-01,03Q,"NHS VALE OF YORK",1660,54276.88,0,0
2021-11-01,01E,"NHS GREATER PRESTON",1706,54251.52,0,0
2021-11-01,02T,"NHS CALDERDALE",1709,58873.66,0,0
2021-11-01,01Y,"NHS TAMESIDE AND GLOSSOP",1733,56494.67,0,0
2021-11-01,06N,"NHS HERTS VALLEYS",1762,64152.16,0,0
2021-11-01,02A,"NHS TRAFFORD",1776,57753.19,0,0
2021-11-01,00L,"NHS NORTHUMBERLAND",1867,57971.31,0,0
2021-11-01,00T,"NHS BOLTON",1878,55949.48,0,0
2021-11-01,97R,"NHS EAST SUSSEX",1917,63304.28,0,0
2021-11-01,10R,"NHS PORTSMOUTH",2002,83408.23,0,0
2021-11-01,00R,"NHS BLACKPOOL",2017,58467.22,0,0
2021-11-01,01F,"NHS HALTON",2043,64265.26,0,0
2021-11-01,07G,"NHS THURROCK",2100,61967.91,0,0
2021-11-01,02M,"NHS FYLDE AND WYRE",2194,64838.02,0,0
2021-11-01,05G,"NHS NORTH STAFFORDSHIRE",2221,67547.07,0,0
2021-11-01,00Q,"NHS BLACKBURN WITH DARWEN",2234,66510.14,0,0
2021-11-01,05Q,"NHS SOUTH EAST STAFFORDSHIRE AND SEISDON PENINSULA",2259,76409.99,0,0
2021-11-01,01G,"NHS SALFORD",2271,68260.87,0,0
2021-11-01,13T,"NHS NEWCASTLE GATESHEAD",2310,80485.81,0,0
2021-11-01,00P,"NHS SUNDERLAND",2353,80404.26,0,0
2021-11-01,01D,"NHS HEYWOOD, MIDDLETON AND ROCHDALE",2360,71653.1,0,0
2021-11-01,00V,"NHS BURY",2408,71243.45,0,0
2021-11-01,03K,"NHS NORTH LINCOLNSHIRE",2463,68860.18,0,0
2021-11-01,00Y,"NHS OLDHAM",2548,81008.31,0,0
2021-11-01,01W,"NHS STOCKPORT",2548,80598.19,0,0
2021-11-01,03H,"NHS NORTH EAST LINCOLNSHIRE",2562,76139.46,0,0
2021-11-01,02E,"NHS WARRINGTON",2607,83278.76,0,0
2021-11-01,X2C4Y,"NHS KIRKLEES",2635,97800.82,0,0
2021-11-01,01H,"NHS NORTH CUMBRIA",2638,87759.85,0,0
2021-11-01,01J,"NHS KNOWSLEY",2712,78341.71,0,0
2021-11-01,U2G6B,"NHS THAMES VALLEY ICB - U2G6B",2740,97310.07,0,0
2021-11-01,01X,"NHS ST HELENS",2744,82952.47,0,0
2021-11-01,07H,"NHS WEST ESSEX",2760,81881.65,0,0
2021-11-01,06K,"NHS EAST AND NORTH HERTFORDSHIRE",2778,82022.33,0,0
2021-11-01,06Q,"NHS MID ESSEX",2926,85656.1,0,0
2021-11-01,03L,"NHS ROTHERHAM",2970,87084.2,0,0
2021-11-01,99E,"NHS BASILDON AND BRENTWOOD",2972,95453.15,0,0
2021-11-01,14Y,"NHS BUCKINGHAMSHIRE",3163,103490.78,0,0
2021-11-01,M2L0M,"NHS SHROPSHIRE, TELFORD AND WREKIN",3454,122114.79,0,0
2021-11-01,05W,"NHS STOKE ON TRENT",3459,103855,0,0
2021-11-01,06T,"NHS NORTH EAST ESSEX",3535,98465.46,0,0
2021-11-01,12F,"NHS WIRRAL",3543,111212.67,0,0
2021-11-01,02P,"NHS BARNSLEY",3567,106617.67,0,0
2021-11-01,03F,"NHS HULL",3573,105989.61,0,0
2021-11-01,03W,"NHS EAST LEICESTERSHIRE AND RUTLAND",3666,111865.27,0,0
2021-11-01,02Y,"NHS EAST RIDING OF YORKSHIRE",3737,114351.98,0,0
2021-11-01,02H,"NHS WIGAN BOROUGH",3913,123359.64,0,0
2021-11-01,07K,"NHS WEST SUFFOLK",3984,112301.38,0,0
2021-11-01,11X,"NHS SOMERSET",4025,134866.76,0,0
2021-11-01,03N,"NHS SHEFFIELD",4156,133070.97,0,0
2021-11-01,04C,"NHS LEICESTER CITY",4219,122953.23,0,0
2021-11-01,02X,"NHS DONCASTER",4276,126918.92,0,0
2021-11-01,01K,"NHS MORECAMBE BAY",4365,136188.1,0,0
2021-11-01,06L,"NHS IPSWICH AND EAST SUFFOLK",4426,135468.07,0,0
2021-11-01,36J,"NHS BRADFORD DISTRICT AND CRAVEN",4426,140348.04,0,0
2021-11-01,15A,"NHS BERKSHIRE WEST",4428,141300.25,0,0
2021-11-01,36L,"NHS SOUTH WEST LONDON",4646,165648.47,0,0
2021-11-01,11M,"NHS GLOUCESTERSHIRE",4965,163291.34,0,0
2021-11-01,15C,"NHS BRISTOL, NORTH SOMERSET AND SOUTH GLOUCESTERSHIRE",4994,202926.88,0,0
2021-11-01,42D,"NHS NORTH YORKSHIRE",4998,150460.43,0,0
2021-11-01,04V,"NHS WEST LEICESTERSHIRE",5028,155038.13,0,0
2021-11-01,93C,"NHS NORTH CENTRAL LONDON",5139,187040.64,0,0
2021-11-01,03R,"NHS WAKEFIELD",5230,165626.82,0,0
2021-11-01,14L,"NHS MANCHESTER",5304,160679.28,0,0
2021-11-01,70F,"NHS WEST SUSSEX",5679,208701.99,0,0
2021-11-01,10Q,"NHS OXFORDSHIRE",5804,203528.61,0,0
2021-11-01,15F,"NHS LEEDS",5837,196428.09,0,0
2021-11-01,92G,"NHS BATH AND NORTH EAST SOMERSET, SWINDON AND WILTSHIRE",5875,196966.46,0,0
2021-11-01,84H,"NHS COUNTY DURHAM",5917,180155.72,0,0
2021-11-01,99A,"NHS LIVERPOOL",5922,176657.98,0,0
2021-11-01,92A,"NHS SURREY HEARTLANDS",5929,225580.18,0,0
2021-11-01,27D,"NHS CHESHIRE",6329,199412.42,0,0
2021-11-01,01A,"NHS EAST LANCASHIRE",6413,185413.26,0,0
2021-11-01,A3A8R,"NHS NORTH EAST LONDON",6785,242495,0,0
2021-11-01,16C,"NHS TEES VALLEY",6790,209403.53,0,0
2021-11-01,72Q,"NHS SOUTH EAST LONDON",7054,271869.72,0,0
2021-11-01,11J,"NHS DORSET",7994,273787.04,0,0
2021-11-01,11N,"NHS CORNWALL AND THE ISLES OF SCILLY",8062,246751.99,0,0
2021-11-01,18C,"NHS HEREFORDSHIRE AND WORCESTERSHIRE",8140,292430.04,0,0
2021-11-01,W2U3Z,"NHS NORTH WEST LONDON",8665,302191.15,0,0
2021-11-01,71E,"NHS LINCOLNSHIRE",8758,255589.14,0,0
2021-11-01,26A,"NHS NORFOLK AND WAVENEY",9575,301766.19,0,0
2021-11-01,B2M3M,"NHS COVENTRY AND WARWICKSHIRE",9804,289506.12,0,0
2021-11-01,78H,"NHS NORTHAMPTONSHIRE",9871,276215.27,0,0
2021-11-01,M1J4Y,"NHS BEDFORDSHIRE, LUTON AND MILTON KEYNES",9925,327197.33,0,0
2021-11-01,06H,"NHS CAMBRIDGESHIRE AND PETERBOROUGH",11629,342545.5,0,0
2021-11-01,D2P2L,"NHS BLACK COUNTRY",11919,396663.24,0,0
2021-11-01,91Q,"NHS KENT AND MEDWAY",12139,405868.66,0,0
2021-11-01,15E,"NHS BIRMINGHAM AND SOLIHULL",12821,430749.77,0,0
2021-11-01,15N,"NHS DEVON",13226,435718.52,0,0
2021-11-01,15M,"NHS DERBY AND DERBYSHIRE",14272,522048.31,0,0
2021-11-01,52R,"NHS NOTTINGHAM AND NOTTINGHAMSHIRE",15847,497648.39,0,0
2021-11-01,D9Y0V,"NHS HAMPSHIRE, SOUTHAMPTON AND ISLE OF WIGHT",16069,621340.23,0,0
2021-12-01,09W,"NHS MEDWAY",0,0,0,0
2021-12-01,D4U1Y,"NHS FRIMLEY",16,438.09,0,0
2021-12-01,99C,"NHS NORTH TYNESIDE",804,30170.6,0,0
2021-12-01,99G,"NHS SOUTHEND",1207,39891.59,0,0
2021-12-01,01V,"NHS SOUTHPORT AND FORMBY",1333,40385.79,0,0
2021-12-01,02Q,"NHS BASSETLAW",1339,38578.76,0,0
2021-12-01,05V,"NHS STAFFORD AND SURROUNDS",1367,44189.06,0,0
2021-12-01,99F,"NHS CASTLE POINT AND ROCHFORD",1398,46955.03,0,0
2021-12-01,02G,"NHS WEST LANCASHIRE",1500,44876.41,0,0
2021-12-01,00X,"NHS CHORLEY AND SOUTH RIBBLE",1516,48653.55,0,0
2021-12-01,04Y,"NHS CANNOCK CHASE",1556,48954.94,0,0
2021-12-01,05D,"NHS EAST STAFFORDSHIRE",1572,48295.84,0,0
2021-12-01,01T,"NHS SOUTH SEFTON",1589,45233.3,0,0
2021-12-01,09D,"NHS BRIGHTON AND HOVE",1688,63927.55,0,0
2021-12-01,03Q,"NHS VALE OF YORK",1693,55140.24,0,0
2021-12-01,00N,"NHS SOUTH TYNESIDE",1720,62012.13,0,0
2021-12-01,02T,"NHS CALDERDALE",1778,61137.04,0,0
2021-12-01,01Y,"NHS TAMESIDE AND GLOSSOP",1816,59933.25,0,0
2021-12-01,01E,"NHS GREATER PRESTON",1864,59522.96,0,0
2021-12-01,02A,"NHS TRAFFORD",1884,60809.92,0,0
2021-12-01,06N,"NHS HERTS VALLEYS",1916,70279.6,0,0
2021-12-01,97R,"NHS EAST SUSSEX",2032,67268.45,0,0
2021-12-01,00T,"NHS BOLTON",2038,61058.12,0,0
2021-12-01,00L,"NHS NORTHUMBERLAND",2090,65763.99,0,0
2021-12-01,00R,"NHS BLACKPOOL",2090,60785.11,0,0
2021-12-01,01F,"NHS HALTON",2118,65575.02,0,0
2021-12-01,02M,"NHS FYLDE AND WYRE",2156,64012.88,0,0
2021-12-01,10R,"NHS PORTSMOUTH",2169,91247.78,0,0
2021-12-01,07G,"NHS THURROCK",2278,68285.89,0,0
2021-12-01,01G,"NHS SALFORD",2296,69272.04,0,0
2021-12-01,00Q,"NHS BLACKBURN WITH DARWEN",2309,68177.44,0,0
2021-12-01,05G,"NHS NORTH STAFFORDSHIRE",2393,72828.71,0,0
2021-12-01,05Q,"NHS SOUTH EAST STAFFORDSHIRE AND SEISDON PENINSULA",2429,81479.94,0,0
2021-12-01,13T,"NHS NEWCASTLE GATESHEAD",2434,85120.33,0,0
2021-12-01,01D,"NHS HEYWOOD, MIDDLETON AND ROCHDALE",2480,75021.81,0,0
2021-12-01,00P,"NHS SUNDERLAND",2539,86846,0,0
2021-12-01,03H,"NHS NORTH EAST LINCOLNSHIRE",2628,78252.42,0,0
2021-12-01,03K,"NHS NORTH LINCOLNSHIRE",2659,74854.39,0,0
2021-12-01,00Y,"NHS OLDHAM",2667,84466.42,0,0
2021-12-01,00V,"NHS BURY",2706,79704.71,0,0
2021-12-01,02E,"NHS WARRINGTON",2748,87012.43,0,0
2021-12-01,01W,"NHS STOCKPORT",2825,88847.4,0,0
2021-12-01,X2C4Y,"NHS KIRKLEES",2875,106555.55,0,0
2021-12-01,01X,"NHS ST HELENS",2932,89204.59,0,0
2021-12-01,U2G6B,"NHS THAMES VALLEY ICB - U2G6B",2934,103491.17,0,0
2021-12-01,06K,"NHS EAST AND NORTH HERTFORDSHIRE",2987,88082.1,0,0
2021-12-01,07H,"NHS WEST ESSEX",2992,88433.89,0,0
2021-12-01,01H,"NHS NORTH CUMBRIA",3012,100175.7,0,0
2021-12-01,01J,"NHS KNOWSLEY",3019,87180.32,0,0
2021-12-01,99E,"NHS BASILDON AND BRENTWOOD",3042,97060.49,0,0
2021-12-01,03L,"NHS ROTHERHAM",3168,92518.54,0,0
2021-12-01,06Q,"NHS MID ESSEX",3178,92758.82,0,0
2021-12-01,14Y,"NHS BUCKINGHAMSHIRE",3337,109237.92,0,0
2021-12-01,12F,"NHS WIRRAL",3704,116008.43,0,0
2021-12-01,05W,"NHS STOKE ON TRENT",3741,111739.26,0,0
2021-12-01,03F,"NHS HULL",3742,111766.65,0,0
2021-12-01,06T,"NHS NORTH EAST ESSEX",3787,105660.93,0,0
2021-12-01,M2L0M,"NHS SHROPSHIRE, TELFORD AND WREKIN",3810,135158.59,0,0
2021-12-01,02P,"NHS BARNSLEY",3858,115133.6,0,0
2021-12-01,03W,"NHS EAST LEICESTERSHIRE AND RUTLAND",3937,120029.19,0,0
2021-12-01,02Y,"NHS EAST RIDING OF YORKSHIRE",4087,125856.16,0,0
2021-12-01,02H,"NHS WIGAN BOROUGH",4148,130847.89,0,0
2021-12-01,11X,"NHS SOMERSET",4185,140611.2,0,0
2021-12-01,07K,"NHS WEST SUFFOLK",4235,119397.53,0,0
2021-12-01,03N,"NHS SHEFFIELD",4460,145302.33,0,0
2021-12-01,04C,"NHS LEICESTER CITY",4479,130687.77,0,0
2021-12-01,02X,"NHS DONCASTER",4617,137339.57,0,0
2021-12-01,36J,"NHS BRADFORD DISTRICT AND CRAVEN",4731,149848.12,0,0
2021-12-01,01K,"NHS MORECAMBE BAY",4747,147903.02,0,0
2021-12-01,06L,"NHS IPSWICH AND EAST SUFFOLK",4799,148386.09,0,0
2021-12-01,15A,"NHS BERKSHIRE WEST",4877,155811.13,0,0
2021-12-01,36L,"NHS SOUTH WEST LONDON",5004,179766.81,0,0
2021-12-01,15C,"NHS BRISTOL, NORTH SOMERSET AND SOUTH GLOUCESTERSHIRE",5180,212665.54,0,0
2021-12-01,11M,"NHS GLOUCESTERSHIRE",5259,173329.41,0,0
2021-12-01,93C,"NHS NORTH CENTRAL LONDON",5320,192688.88,0,0
2021-12-01,42D,"NHS NORTH YORKSHIRE",5325,160734.52,0,0
2021-12-01,04V,"NHS WEST LEICESTERSHIRE",5426,167177.98,0,0
2021-12-01,14L,"NHS MANCHESTER",5496,166854.87,0,0
2021-12-01,03R,"NHS WAKEFIELD",5592,178075.83,0,0
2021-12-01,70F,"NHS WEST SUSSEX",5926,217378.69,0,0
2021-12-01,15F,"NHS LEEDS",6186,207422.71,0,0
2021-12-01,99A,"NHS LIVERPOOL",6272,188075.49,0,0
2021-12-01,84H,"NHS COUNTY DURHAM",6307,193026.51,0,0
2021-12-01,92A,"NHS SURREY HEARTLANDS",6309,236871.33,0,0
2021-12-01,92G,"NHS BATH AND NORTH EAST SOMERSET, SWINDON AND WILTSHIRE",6326,212944,0,0
2021-12-01,27D,"NHS CHESHIRE",6518,204851.77,0,0
2021-12-01,10Q,"NHS OXFORDSHIRE",6545,229037.46,0,0
2021-12-01,01A,"NHS EAST LANCASHIRE",6743,195359.1,0,0
2021-12-01,A3A8R,"NHS NORTH EAST LONDON",7054,250021.14,0,0
2021-12-01,72Q,"NHS SOUTH EAST LONDON",7344,284290.82,0,0
2021-12-01,16C,"NHS TEES VALLEY",7480,230949.78,0,0
2021-12-01,18C,"NHS HEREFORDSHIRE AND WORCESTERSHIRE",8744,313189.01,0,0
2021-12-01,11J,"NHS DORSET",8797,300420.35,0,0
2021-12-01,11N,"NHS CORNWALL AND THE ISLES OF SCILLY",8851,271995.14,0,0
2021-12-01,W2U3Z,"NHS NORTH WEST LONDON",9281,325997.64,0,0
2021-12-01,71E,"NHS LINCOLNSHIRE",9494,278045.94,0,0
2021-12-01,26A,"NHS NORFOLK AND WAVENEY",9987,314292.77,0,0
2021-12-01,78H,"NHS NORTHAMPTONSHIRE",10330,289707.4,0,0
2021-12-01,B2M3M,"NHS COVENTRY AND WARWICKSHIRE",10381,307746.33,0,0
2021-12-01,M1J4Y,"NHS BEDFORDSHIRE, LUTON AND MILTON KEYNES",10741,358168.62,0,0
2021-12-01,06H,"NHS CAMBRIDGESHIRE AND PETERBOROUGH",12055,356225.97,0,0
2021-12-01,D2P2L,"NHS BLACK COUNTRY",12703,427497.02,0,0
2021-12-01,91Q,"NHS KENT AND MEDWAY",12940,432821.89,0,0
2021-12-01,15E,"NHS BIRMINGHAM AND SOLIHULL",13480,454492.6,0,0
2021-12-01,15N,"NHS DEVON",14119,468909.01,0,0
2021-12-01,15M,"NHS DERBY AND DERBYSHIRE",15222,558071.08,0,0
2021-12-01,52R,"NHS NOTTINGHAM AND NOTTINGHAMSHIRE",16919,530506.9,0,0
2021-12-01,D9Y0V,"NHS HAMPSHIRE, SOUTHAMPTON AND ISLE OF WIGHT",17754,689169.84,0,0
2022-01-01,09W,"NHS MEDWAY",0,0,0,0
2022-01-01,D4U1Y,"NHS FRIMLEY",15,439.04,0,0
2022-01-01,99C,"NHS NORTH TYNESIDE",761,27959.74,0,0
2022-01-01,99G,"NHS SOUTHEND",1097,36357.27,0,0
2022-01-01,01V,"NHS SOUTHPORT AND FORMBY",1195,36550.5,0,0
2022-01-01,99F,"NHS CASTLE POINT AND ROCHFORD",1206,39512.85,0,0
2022-01-01,02Q,"NHS BASSETLAW",1242,35754.95,0,0
2022-01-01,05V,"NHS STAFFORD AND SURROUNDS",1309,42146.14,0,0
2022-01-01,02G,"NHS WEST LANCASHIRE",1380,41160.86,0,0
2022-01-01,01T,"NHS SOUTH SEFTON",1405,40530.32,0,0
2022-01-01,00X,"NHS CHORLEY AND SOUTH RIBBLE",1420,45550.02,0,0
2022-01-01,04Y,"NHS CANNOCK CHASE",1469,46620.25,0,0
2022-01-01,05D,"NHS EAST STAFFORDSHIRE",1479,46425.94,0,0
2022-01-01,09D,"NHS BRIGHTON AND HOVE",1548,59622.8,0,0
2022-01-01,03Q,"NHS VALE OF YORK",1565,50844.04,0,0
2022-01-01,00N,"NHS SOUTH TYNESIDE",1593,58169.64,0,0
2022-01-01,01E,"NHS GREATER PRESTON",1645,52355,0,0
2022-01-01,02T,"NHS CALDERDALE",1682,57567.25,0,0
2022-01-01,02A,"NHS TRAFFORD",1732,56525.63,0,0
2022-01-01,01Y,"NHS TAMESIDE AND GLOSSOP",1757,57074.46,0,0
2022-01-01,06N,"NHS HERTS VALLEYS",1793,66043.87,0,0
2022-01-01,97R,"NHS EAST SUSSEX",1835,60145.41,0,0
2022-01-01,02M,"NHS FYLDE AND WYRE",1883,55812.53,0,0
2022-01-01,00L,"NHS NORTHUMBERLAND",1914,60146.48,0,0
2022-01-01,10R,"NHS PORTSMOUTH",1942,81104.74,0,0
2022-01-01,01F,"NHS HALTON",1949,60862.1,0,0
2022-01-01,00T,"NHS BOLTON",1960,58448.43,0,0
2022-01-01,00R,"NHS BLACKPOOL",2001,57955.21,0,0
2022-01-01,01G,"NHS SALFORD",2159,64732.22,0,0
2022-01-01,07G,"NHS THURROCK",2164,64128.05,0,0
2022-01-01,05G,"NHS NORTH STAFFORDSHIRE",2165,65224.09,0,0
2022-01-01,05Q,"NHS SOUTH EAST STAFFORDSHIRE AND SEISDON PENINSULA",2178,73893.52,0,0
2022-01-01,01D,"NHS HEYWOOD, MIDDLETON AND ROCHDALE",2239,67201.82,0,0
2022-01-01,00Q,"NHS BLACKBURN WITH DARWEN",2266,67531.33,0,0
2022-01-01,13T,"NHS NEWCASTLE GATESHEAD",2283,79929.55,0,0
2022-01-01,00P,"NHS SUNDERLAND",2286,77159.24,0,0
2022-01-01,03K,"NHS NORTH LINCOLNSHIRE",2394,67199.2,0,0
2022-01-01,00V,"NHS BURY",2400,71071.37,0,0
2022-01-01,03H,"NHS NORTH EAST LINCOLNSHIRE",2421,71152.87,0,0
2022-01-01,00Y,"NHS OLDHAM",2499,80069.39,0,0
2022-01-01,02E,"NHS WARRINGTON",2547,80590.85,0,0
2022-01-01,U2G6B,"NHS THAMES VALLEY ICB - U2G6B",2628,92496.3,0,0
2022-01-01,X2C4Y,"NHS KIRKLEES",2653,98201.82,0,0
2022-01-01,01W,"NHS STOCKPORT",2694,85447.87,0,0
2022-01-01,01X,"NHS ST HELENS",2714,81854.91,0,0
2022-01-01,01H,"NHS NORTH CUMBRIA",2715,91725.73,0,0
2022-01-01,01J,"NHS KNOWSLEY",2745,79911.64,0,0
2022-01-01,07H,"NHS WEST ESSEX",2778,82646.32,0,0
2022-01-01,06K,"NHS EAST AND NORTH HERTFORDSHIRE",2813,83309.07,0,0
2022-01-01,03L,"NHS ROTHERHAM",2978,87014.24,0,0
2022-01-01,14Y,"NHS BUCKINGHAMSHIRE",2982,97542.42,0,0
2022-01-01,99E,"NHS BASILDON AND BRENTWOOD",3023,97932.16,0,0
2022-01-01,06Q,"NHS MID ESSEX",3051,89176.79,0,0
2022-01-01,M2L0M,"NHS SHROPSHIRE, TELFORD AND WREKIN",3481,123301.71,0,0
2022-01-01,05W,"NHS STOKE ON TRENT",3490,104932.43,0,0
2022-01-01,02P,"NHS BARNSLEY",3495,104986.61,0,0
2022-01-01,06T,"NHS NORTH EAST ESSEX",3518,98511.74,0,0
2022-01-01,03W,"NHS EAST LEICESTERSHIRE AND RUTLAND",3607,109783.65,0,0
2022-01-01,03F,"NHS HULL",3615,108088.38,0,0
2022-01-01,12F,"NHS WIRRAL",3642,114123.17,0,0
2022-01-01,11X,"NHS SOMERSET",3708,123744.02,0,0
2022-01-01,02Y,"NHS EAST RIDING OF YORKSHIRE",3817,117353.47,0,0
2022-01-01,02H,"NHS WIGAN BOROUGH",3882,123013.15,0,0
2022-01-01,07K,"NHS WEST SUFFOLK",3960,112005.4,0,0
2022-01-01,02X,"NHS DONCASTER",4046,120546.12,0,0
2022-01-01,03N,"NHS SHEFFIELD",4086,132286.58,0,0
2022-01-01,04C,"NHS LEICESTER CITY",4207,123044.64,0,0
2022-01-01,36J,"NHS BRADFORD DISTRICT AND CRAVEN",4474,143042.98,0,0
2022-01-01,01K,"NHS MORECAMBE BAY",4504,140353.18,0,0
2022-01-01,06L,"NHS IPSWICH AND EAST SUFFOLK",4534,139465.62,0,0
2022-01-01,36L,"NHS SOUTH WEST LONDON",4635,165619.9,0,0
2022-01-01,15A,"NHS BERKSHIRE WEST",4678,150254.26,0,0
2022-01-01,11M,"NHS GLOUCESTERSHIRE",4830,158427.91,0,0
2022-01-01,42D,"NHS NORTH YORKSHIRE",4925,148466.14,0,0
2022-01-01,15C,"NHS BRISTOL, NORTH SOMERSET AND SOUTH GLOUCESTERSHIRE",4976,204901.87,0,0
2022-01-01,93C,"NHS NORTH CENTRAL LONDON",5012,181094.68,0,0
2022-01-01,04V,"NHS WEST LEICESTERSHIRE",5025,154429.72,0,0
2022-01-01,03R,"NHS WAKEFIELD",5201,165790.18,0,0
2022-01-01,14L,"NHS MANCHESTER",5223,159373.48,0,0
2022-01-01,70F,"NHS WEST SUSSEX",5543,202354.71,0,0
2022-01-01,15F,"NHS LEEDS",5701,191936.61,0,0
2022-01-01,92G,"NHS BATH AND NORTH EAST SOMERSET, SWINDON AND WILTSHIRE",5737,192202.54,0,0
2022-01-01,99A,"NHS LIVERPOOL",5756,172052.36,0,0
2022-01-01,84H,"NHS COUNTY DURHAM",5772,176849.69,0,0
2022-01-01,92A,"NHS SURREY HEARTLANDS",5791,220846.29,0,0
2022-01-01,10Q,"NHS OXFORDSHIRE",5952,208305.65,0,0
2022-01-01,27D,"NHS CHESHIRE",6007,190347.09,0,0
2022-01-01,01A,"NHS EAST LANCASHIRE",6386,185580.59,0,0
2022-01-01,A3A8R,"NHS NORTH EAST LONDON",6727,240116.02,0,0
2022-01-01,72Q,"NHS SOUTH EAST LONDON",6984,269084.61,0,0
2022-01-01,16C,"NHS TEES VALLEY",7141,220892.92,0,0
2022-01-01,11N,"NHS CORNWALL AND THE ISLES OF SCILLY",7740,237335.13,0,0
2022-01-01,18C,"NHS HEREFORDSHIRE AND WORCESTERSHIRE",8116,291433.08,0,0
2022-01-01,11J,"NHS DORSET",8122,278882.82,0,0
2022-01-01,71E,"NHS LINCOLNSHIRE",8807,258242.72,0,0
2022-01-01,W2U3Z,"NHS NORTH WEST LONDON",8962,312172.86,0,0
2022-01-01,78H,"NHS NORTHAMPTONSHIRE",9215,259118.8,0,0
2022-01-01,26A,"NHS NORFOLK AND WAVENEY",9487,298850.85,0,0
2022-01-01,B2M3M,"NHS COVENTRY AND WARWICKSHIRE",9499,282080.48,0,0
2022-01-01,M1J4Y,"NHS BEDFORDSHIRE, LUTON AND MILTON KEYNES",9868,326496.86,0,0
2022-01-01,06H,"NHS CAMBRIDGESHIRE AND PETERBOROUGH",11427,335827.83,0,0
2022-01-01,D2P2L,"NHS BLACK COUNTRY",11791,395153.81,0,0
2022-01-01,91Q,"NHS KENT AND MEDWAY",11816,394099.3,0,0
2022-01-01,15E,"NHS BIRMINGHAM AND SOLIHULL",12818,432826.79,0,0
2022-01-01,15N,"NHS DEVON",12939,429331.44,0,0
2022-01-01,15M,"NHS DERBY AND DERBYSHIRE",14164,520610.27,0,0
2022-01-01,52R,"NHS NOTTINGHAM AND NOTTINGHAMSHIRE",15438,486725.92,0,0
2022-01-01,D9Y0V,"NHS HAMPSHIRE, SOUTHAMPTON AND ISLE OF WIGHT",15965,618827.15,0,0
2022-02-01,09W,"NHS MEDWAY",0,0,0,0
2022-02-01,D4U1Y,"NHS FRIMLEY",8,247.13,0,0
2022-02-01,99C,"NHS NORTH TYNESIDE",682,25344.21,0,0
2022-02-01,99G,"NHS SOUTHEND",1018,33528.27,0,0
2022-02-01,01V,"NHS SOUTHPORT AND FORMBY",1125,34051.17,0,0
2022-02-01,99F,"NHS CASTLE POINT AND ROCHFORD",1164,38745.3,0,0
2022-02-01,02Q,"NHS BASSETLAW",1173,33804,0,0
2022-02-01,05V,"NHS STAFFORD AND SURROUNDS",1198,39074.1,0,0
2022-02-01,00X,"NHS CHORLEY AND SOUTH RIBBLE",1291,41107.71,0,0
2022-02-01,01T,"NHS SOUTH SEFTON",1319,37539.61,0,0
2022-02-01,02G,"NHS WEST LANCASHIRE",1338,40065.2,0,0
2022-02-01,05D,"NHS EAST STAFFORDSHIRE",1352,41847.43,0,0
2022-02-01,04Y,"NHS CANNOCK CHASE",1369,43798.56,0,0
2022-02-01,09D,"NHS BRIGHTON AND HOVE",1427,55410.51,0,0
2022-02-01,03Q,"NHS VALE OF YORK",1505,49837.62,0,0
2022-02-01,02T,"NHS CALDERDALE",1522,51925.63,0,0
2022-02-01,00N,"NHS SOUTH TYNESIDE",1526,54231.45,0,0
2022-02-01,01Y,"NHS TAMESIDE AND GLOSSOP",1574,51624.3,0,0
2022-02-01,02A,"NHS TRAFFORD",1592,51075.59,0,0
2022-02-01,01E,"NHS GREATER PRESTON",1594,50993.01,0,0
2022-02-01,02M,"NHS FYLDE AND WYRE",1660,50251.69,0,0
2022-02-01,06N,"NHS HERTS VALLEYS",1672,61397.19,0,0
2022-02-01,00L,"NHS NORTHUMBERLAND",1716,53655.56,0,0
2022-02-01,01F,"NHS HALTON",1737,54316.4,0,0
2022-02-01,00T,"NHS BOLTON",1779,53246.39,0,0
2022-02-01,00R,"NHS BLACKPOOL",1798,52423.11,0,0
2022-02-01,97R,"NHS EAST SUSSEX",1812,60244.21,0,0
2022-02-01,10R,"NHS PORTSMOUTH",1894,80697.15,0,0
2022-02-01,05G,"NHS NORTH STAFFORDSHIRE",1999,60630.79,0,0
2022-02-01,05Q,"NHS SOUTH EAST STAFFORDSHIRE AND SEISDON PENINSULA",2018,67330.55,0,0
2022-02-01,01G,"NHS SALFORD",2024,61072.48,0,0
2022-02-01,07G,"NHS THURROCK",2040,60358.4,0,0
2022-02-01,01D,"NHS HEYWOOD, MIDDLETON AND ROCHDALE",2085,63516.22,0,0
2022-02-01,13T,"NHS NEWCASTLE GATESHEAD",2085,72547.09,0,0
2022-02-01,00Q,"NHS BLACKBURN WITH DARWEN",2118,63297.03,0,0
2022-02-01,00V,"NHS BURY",2231,65631.67,0,0
2022-02-01,03H,"NHS NORTH EAST LINCOLNSHIRE",2268,68129.28,0,0
2022-02-01,03K,"NHS NORTH LINCOLNSHIRE",2279,64447.34,0,0
2022-02-01,00P,"NHS SUNDERLAND",2287,77353.22,0,0
2022-02-01,02E,"NHS WARRINGTON",2302,72988.71,0,0
2022-02-01,00Y,"NHS OLDHAM",2328,74663.66,0,0
2022-02-01,01W,"NHS STOCKPORT",2437,77272.72,0,0
2022-02-01,01H,"NHS NORTH CUMBRIA",2464,82978.59,0,0
2022-02-01,U2G6B,"NHS THAMES VALLEY ICB - U2G6B",2507,88966.97,0,0
2022-02-01,07H,"NHS WEST ESSEX",2517,74744.39,0,0
2022-02-01,X2C4Y,"NHS KIRKLEES",2557,95061.27,0,0
2022-02-01,06K,"NHS EAST AND NORTH HERTFORDSHIRE",2604,77740.57,0,0
2022-02-01,01X,"NHS ST HELENS",2610,79031.66,0,0
2022-02-01,01J,"NHS KNOWSLEY",2627,76180.89,0,0
2022-02-01,99E,"NHS BASILDON AND BRENTWOOD",2680,85510.39,0,0
2022-02-01,06Q,"NHS MID ESSEX",2707,79027.3,0,0
2022-02-01,03L,"NHS ROTHERHAM",2858,83453.45,0,0
2022-02-01,14Y,"NHS BUCKINGHAMSHIRE",2891,95252.09,0,0
2022-02-01,M2L0M,"NHS SHROPSHIRE, TELFORD AND WREKIN",3158,111997.36,0,0
2022-02-01,11X,"NHS SOMERSET",3211,107250.11,0,0
2022-02-01,02P,"NHS BARNSLEY",3223,95892.44,0,0
2022-02-01,12F,"NHS WIRRAL",3256,102453.97,0,0
2022-02-01,03F,"NHS HULL",3257,97595.44,0,0
2022-02-01,05W,"NHS STOKE ON TRENT",3260,97238.59,0,0
2022-02-01,06T,"NHS NORTH EAST ESSEX",3331,93448.83,0,0
2022-02-01,03W,"NHS EAST LEICESTERSHIRE AND RUTLAND",3351,102807.67,0,0
2022-02-01,02H,"NHS WIGAN BOROUGH",3548,112366.78,0,0
2022-02-01,02Y,"NHS EAST RIDING OF YORKSHIRE",3621,112221.43,0,0
2022-02-01,07K,"NHS WEST SUFFOLK",3661,103464.78,0,0
2022-02-01,02X,"NHS DONCASTER",3688,110885.81,0,0
2022-02-01,03N,"NHS SHEFFIELD",3809,123514.23,0,0
2022-02-01,04C,"NHS LEICESTER CITY",3996,116242.71,0,0
2022-02-01,15A,"NHS BERKSHIRE WEST",4027,128095.86,0,0
2022-02-01,01K,"NHS MORECAMBE BAY",4059,127055.48,0,0
2022-02-01,36J,"NHS BRADFORD DISTRICT AND CRAVEN",4165,132521.41,0,0
2022-02-01,06L,"NHS IPSWICH AND EAST SUFFOLK",4183,129462.88,0,0
2022-02-01,11M,"NHS GLOUCESTERSHIRE",4360,144045.97,0,0
2022-02-01,36L,"NHS SOUTH WEST LONDON",4431,159618.16,0,0
2022-02-01,15C,"NHS BRISTOL, NORTH SOMERSET AND SOUTH GLOUCESTERSHIRE",4536,187677.69,0,0
2022-02-01,04V,"NHS WEST LEICESTERSHIRE",4608,141911.71,0,0
2022-02-01,93C,"NHS NORTH CENTRAL LONDON",4614,167662.95,0,0
2022-02-01,42D,"NHS NORTH YORKSHIRE",4616,139926.7,0,0
2022-02-01,03R,"NHS WAKEFIELD",4730,151769.91,0,0
2022-02-01,14L,"NHS MANCHESTER",4772,144799.68,0,0
2022-02-01,70F,"NHS WEST SUSSEX",4983,183419.11,0,0
2022-02-01,92G,"NHS BATH AND NORTH EAST SOMERSET, SWINDON AND WILTSHIRE",5206,174249.55,0,0
2022-02-01,15F,"NHS LEEDS",5243,176563.26,0,0
2022-02-01,92A,"NHS SURREY HEARTLANDS",5273,200086.33,0,0
2022-02-01,84H,"NHS COUNTY DURHAM",5286,161739.89,0,0
2022-02-01,27D,"NHS CHESHIRE",5306,168162.8,0,0
2022-02-01,99A,"NHS LIVERPOOL",5413,161304.63,0,0
2022-02-01,10Q,"NHS OXFORDSHIRE",5525,194866.38,0,0
2022-02-01,01A,"NHS EAST LANCASHIRE",5928,172480.82,0,0
2022-02-01,16C,"NHS TEES VALLEY",6262,193210.78,0,0
2022-02-01,A3A8R,"NHS NORTH EAST LONDON",6393,226920.68,0,0
2022-02-01,72Q,"NHS SOUTH EAST LONDON",6485,249457.89,0,0
2022-02-01,11N,"NHS CORNWALL AND THE ISLES OF SCILLY",7288,224056.39,0,0
2022-02-01,11J,"NHS DORSET",7317,250751.03,0,0
2022-02-01,18C,"NHS HEREFORDSHIRE AND WORCESTERSHIRE",7387,265453.62,0,0
2022-02-01,78H,"NHS NORTHAMPTONSHIRE",8013,225368.04,0,0
2022-02-01,W2U3Z,"NHS NORTH WEST LONDON",8072,282746.01,0,0
2022-02-01,71E,"NHS LINCOLNSHIRE",8186,240227.54,0,0
2022-02-01,26A,"NHS NORFOLK AND WAVENEY",8691,273069.21,0,0
2022-02-01,B2M3M,"NHS COVENTRY AND WARWICKSHIRE",9007,267130.45,0,0
2022-02-01,M1J4Y,"NHS BEDFORDSHIRE, LUTON AND MILTON KEYNES",9136,302600.37,0,0
2022-02-01,06H,"NHS CAMBRIDGESHIRE AND PETERBOROUGH",10402,306884.88,0,0
2022-02-01,91Q,"NHS KENT AND MEDWAY",10939,367012.16,0,0
2022-02-01,D2P2L,"NHS BLACK COUNTRY",11074,371911.49,0,0
2022-02-01,15N,"NHS DEVON",11870,394938.81,0,0
2022-02-01,15E,"NHS BIRMINGHAM AND SOLIHULL",11955,403489.16,0,0
2022-02-01,15M,"NHS DERBY AND DERBYSHIRE",12930,478679.56,0,0
2022-02-01,52R,"NHS NOTTINGHAM AND NOTTINGHAMSHIRE",14424,454627.05,0,0
2022-02-01,D9Y0V,"NHS HAMPSHIRE, SOUTHAMPTON AND ISLE OF WIGHT",15076,589571.48,0,0
2022-03-01,09W,"NHS MEDWAY",0,0,0,0
2022-03-01,D4U1Y,"NHS FRIMLEY",13,356.61,0,0
2022-03-01,99C,"NHS NORTH TYNESIDE",771,28251.24,0,0
2022-03-01,99G,"NHS SOUTHEND",1144,38099.33,0,0
2022-03-01,02Q,"NHS BASSETLAW",1248,35824.11,0,0
2022-03-01,99F,"NHS CASTLE POINT AND ROCHFORD",1313,43694.76,0,0
2022-03-01,01V,"NHS SOUTHPORT AND FORMBY",1347,40459.89,0,0
2022-03-01,05V,"NHS STAFFORD AND SURROUNDS",1384,44489.31,0,0
2022-03-01,00X,"NHS CHORLEY AND SOUTH RIBBLE",1468,46822.6,0,0
2022-03-01,05D,"NHS EAST STAFFORDSHIRE",1484,45449.66,0,0
2022-03-01,02G,"NHS WEST LANCASHIRE",1510,45123.12,0,0
2022-03-01,01T,"NHS SOUTH SEFTON",1525,44026.59,0,0
2022-03-01,04Y,"NHS CANNOCK CHASE",1545,49757.27,0,0
2022-03-01,09D,"NHS BRIGHTON AND HOVE",1630,63248.68,0,0
2022-03-01,03Q,"NHS VALE OF YORK",1684,55707.11,0,0
2022-03-01,00N,"NHS SOUTH TYNESIDE",1735,63140.32,0,0
2022-03-01,02T,"NHS CALDERDALE",1771,60700.45,0,0
2022-03-01,01Y,"NHS TAMESIDE AND GLOSSOP",1834,60152.87,0,0
2022-03-01,01E,"NHS GREATER PRESTON",1866,58699.73,0,0
2022-03-01,02A,"NHS TRAFFORD",1874,60756.62,0,0
2022-03-01,06N,"NHS HERTS VALLEYS",1898,68899.88,0,0
2022-03-01,02M,"NHS FYLDE AND WYRE",1926,57218.72,0,0
2022-03-01,97R,"NHS EAST SUSSEX",2009,66569,0,0
2022-03-01,00L,"NHS NORTHUMBERLAND",2035,64485.25,0,0
2022-03-01,01F,"NHS HALTON",2042,63171.53,0,0
2022-03-01,10R,"NHS PORTSMOUTH",2052,87218.19,0,0
2022-03-01,00R,"NHS BLACKPOOL",2100,61252.89,0,0
2022-03-01,00T,"NHS BOLTON",2101,62761,0,0
2022-03-01,05G,"NHS NORTH STAFFORDSHIRE",2236,67448.91,0,0
2022-03-01,07G,"NHS THURROCK",2244,66792.61,0,0
2022-03-01,01G,"NHS SALFORD",2275,68521.16,0,0
2022-03-01,05Q,"NHS SOUTH EAST STAFFORDSHIRE AND SEISDON PENINSULA",2321,78035.85,0,0
2022-03-01,00Q,"NHS BLACKBURN WITH DARWEN",2331,69618.62,0,0
2022-03-01,01D,"NHS HEYWOOD, MIDDLETON AND ROCHDALE",2417,73568.05,0,0
2022-03-01,03K,"NHS NORTH LINCOLNSHIRE",2490,69999.83,0,0
2022-03-01,13T,"NHS NEWCASTLE GATESHEAD",2493,86757.61,0,0
2022-03-01,00P,"NHS SUNDERLAND",2546,86785.65,0,0
2022-03-01,00V,"NHS BURY",2550,75269.61,0,0
2022-03-01,03H,"NHS NORTH EAST LINCOLNSHIRE",2561,75981.59,0,0
2022-03-01,01H,"NHS NORTH CUMBRIA",2589,86947.25,0,0
2022-03-01,00Y,"NHS OLDHAM",2699,86540.77,0,0
2022-03-01,02E,"NHS WARRINGTON",2736,87336.09,0,0
2022-03-01,01W,"NHS STOCKPORT",2742,87336.42,0,0
2022-03-01,X2C4Y,"NHS KIRKLEES",2859,104474.7,0,0
2022-03-01,U2G6B,"NHS THAMES VALLEY ICB - U2G6B",2860,100773.25,0,0
2022-03-01,07H,"NHS WEST ESSEX",2920,86758.1,0,0
2022-03-01,01X,"NHS ST HELENS",2926,88874.19,0,0
2022-03-01,01J,"NHS KNOWSLEY",2958,86492.92,0,0
2022-03-01,06K,"NHS EAST AND NORTH HERTFORDSHIRE",2981,88133.68,0,0
2022-03-01,14Y,"NHS BUCKINGHAMSHIRE",3114,102060.28,0,0
2022-03-01,99E,"NHS BASILDON AND BRENTWOOD",3135,101270.03,0,0
2022-03-01,06Q,"NHS MID ESSEX",3138,91667.28,0,0
2022-03-01,03L,"NHS ROTHERHAM",3198,93839.84,0,0
2022-03-01,11X,"NHS SOMERSET",3501,117937.58,0,0
2022-03-01,05W,"NHS STOKE ON TRENT",3644,110078.02,0,0
2022-03-01,02P,"NHS BARNSLEY",3675,109474.47,0,0
2022-03-01,M2L0M,"NHS SHROPSHIRE, TELFORD AND WREKIN",3688,130688.54,0,0
2022-03-01,03F,"NHS HULL",3716,111285.37,0,0
2022-03-01,12F,"NHS WIRRAL",3755,118085.78,0,0
2022-03-01,06T,"NHS NORTH EAST ESSEX",3770,105525.44,0,0
2022-03-01,03W,"NHS EAST LEICESTERSHIRE AND RUTLAND",3858,117972.27,0,0
2022-03-01,02Y,"NHS EAST RIDING OF YORKSHIRE",3950,122630.82,0,0
2022-03-01,02H,"NHS WIGAN BOROUGH",4017,128289.03,0,0
2022-03-01,07K,"NHS WEST SUFFOLK",4084,115611.27,0,0
2022-03-01,02X,"NHS DONCASTER",4233,126481.41,0,0
2022-03-01,03N,"NHS SHEFFIELD",4350,140658.89,0,0
2022-03-01,04C,"NHS LEICESTER CITY",4460,129610.57,0,0
2022-03-01,36J,"NHS BRADFORD DISTRICT AND CRAVEN",4607,146419.21,0,0
2022-03-01,15A,"NHS BERKSHIRE WEST",4655,149238.95,0,0
2022-03-01,06L,"NHS IPSWICH AND EAST SUFFOLK",4662,143830.7,0,0
2022-03-01,01K,"NHS MORECAMBE BAY",4808,149298.55,0,0
2022-03-01,11M,"NHS GLOUCESTERSHIRE",4988,164485.77,0,0
2022-03-01,42D,"NHS NORTH YORKSHIRE",5023,150744.36,0,0
2022-03-01,36L,"NHS SOUTH WEST LONDON",5025,179410.69,0,0
2022-03-01,15C,"NHS BRISTOL, NORTH SOMERSET AND SOUTH GLOUCESTERSHIRE",5157,211902.93,0,0
2022-03-01,93C,"NHS NORTH CENTRAL LONDON",5341,194220.76,0,0
2022-03-01,04V,"NHS WEST LEICESTERSHIRE",5363,165564.22,0,0
2022-03-01,03R,"NHS WAKEFIELD",5422,173546.49,0,0
2022-03-01,14L,"NHS MANCHESTER",5611,170863.21,0,0
2022-03-01,70F,"NHS WEST SUSSEX",5617,205434.06,0,0
2022-03-01,84H,"NHS COUNTY DURHAM",5984,183011.53,0,0
2022-03-01,15F,"NHS LEEDS",5991,202151.67,0,0
2022-03-01,92G,"NHS BATH AND NORTH EAST SOMERSET, SWINDON AND WILTSHIRE",6023,202554.36,0,0
2022-03-01,92A,"NHS SURREY HEARTLANDS",6036,229679.38,0,0
2022-03-01,27D,"NHS CHESHIRE",6105,192910.37,0,0
2022-03-01,10Q,"NHS OXFORDSHIRE",6151,217553.52,0,0
2022-03-01,99A,"NHS LIVERPOOL",6219,186444.77,0,0
2022-03-01,01A,"NHS EAST LANCASHIRE",6547,189572.38,0,0
2022-03-01,A3A8R,"NHS NORTH EAST LONDON",7239,258487.36,0,0
2022-03-01,16C,"NHS TEES VALLEY",7346,227806.14,0,0
2022-03-01,72Q,"NHS SOUTH EAST LONDON",7401,286155.26,0,0
2022-03-01,11N,"NHS CORNWALL AND THE ISLES OF SCILLY",8254,254198.65,0,0
2022-03-01,11J,"NHS DORSET",8517,292631.35,0,0
2022-03-01,18C,"NHS HEREFORDSHIRE AND WORCESTERSHIRE",8528,307014.04,0,0
2022-03-01,78H,"NHS NORTHAMPTONSHIRE",8556,240232.7,0,0
2022-03-01,W2U3Z,"NHS NORTH WEST LONDON",9182,322480.14,0,0
2022-03-01,71E,"NHS LINCOLNSHIRE",9257,270902,0,0
2022-03-01,26A,"NHS NORFOLK AND WAVENEY",9914,313030.6,0,0
2022-03-01,B2M3M,"NHS COVENTRY AND WARWICKSHIRE",9915,293607.38,0,0
2022-03-01,M1J4Y,"NHS BEDFORDSHIRE, LUTON AND MILTON KEYNES",10167,335675.48,0,0
2022-03-01,06H,"NHS CAMBRIDGESHIRE AND PETERBOROUGH",11961,351749.56,0,0
2022-03-01,91Q,"NHS KENT AND MEDWAY",12449,417817.26,0,0
2022-03-01,D2P2L,"NHS BLACK COUNTRY",12560,422547.16,0,0
2022-03-01,15E,"NHS BIRMINGHAM AND SOLIHULL",13091,441308.32,0,0
2022-03-01,15N,"NHS DEVON",13531,452157.64,0,0
2022-03-01,15M,"NHS DERBY AND DERBYSHIRE",14450,535447.97,0,0
2022-03-01,52R,"NHS NOTTINGHAM AND NOTTINGHAMSHIRE",16314,514086.59,0,0
2022-03-01,D9Y0V,"NHS HAMPSHIRE, SOUTHAMPTON AND ISLE OF WIGHT",17017,664018.07,0,0
2022-04-01,09W,"NHS MEDWAY",0,0,0,0
2022-04-01,D4U1Y,"NHS FRIMLEY",15,411.7,0,0
2022-04-01,99C,"NHS NORTH TYNESIDE",754,27526.22,0,0
2022-04-01,99G,"NHS SOUTHEND",1155,38203.25,0,0
2022-04-01,01V,"NHS SOUTHPORT AND FORMBY",1191,35734.61,0,0
2022-04-01,99F,"NHS CASTLE POINT AND ROCHFORD",1217,40645.68,0,0
2022-04-01,02Q,"NHS BASSETLAW",1266,36447.92,0,0
2022-04-01,05V,"NHS STAFFORD AND SURROUNDS",1276,41056.57,0,0
2022-04-01,04Y,"NHS CANNOCK CHASE",1416,45449.09,0,0
2022-04-01,02G,"NHS WEST LANCASHIRE",1419,42596.09,0,0
2022-04-01,09D,"NHS BRIGHTON AND HOVE",1427,54447.93,0,0
2022-04-01,01T,"NHS SOUTH SEFTON",1434,41251.94,0,0
2022-04-01,00X,"NHS CHORLEY AND SOUTH RIBBLE",1439,45915.92,0,0
2022-04-01,05D,"NHS EAST STAFFORDSHIRE",1442,44953.79,0,0
2022-04-01,03Q,"NHS VALE OF YORK",1512,49372.08,0,0
2022-04-01,00N,"NHS SOUTH TYNESIDE",1558,55574.35,0,0
2022-04-01,02T,"NHS CALDERDALE",1663,56481.01,0,0
2022-04-01,02A,"NHS TRAFFORD",1715,55740.93,0,0
2022-04-01,01Y,"NHS TAMESIDE AND GLOSSOP",1726,56180.04,0,0
2022-04-01,06N,"NHS HERTS VALLEYS",1760,64328.16,0,0
2022-04-01,01E,"NHS GREATER PRESTON",1773,55741.37,0,0
2022-04-01,02M,"NHS FYLDE AND WYRE",1857,55302.09,0,0
2022-04-01,97R,"NHS EAST SUSSEX",1876,62462.41,0,0
2022-04-01,00L,"NHS NORTHUMBERLAND",1881,58950.78,0,0
2022-04-01,01F,"NHS HALTON",1948,60764.33,0,0
2022-04-01,00R,"NHS BLACKPOOL",1950,56347.41,0,0
2022-04-01,00T,"NHS BOLTON",1960,59008.68,0,0
2022-04-01,10R,"NHS PORTSMOUTH",1981,84824.92,0,0
2022-04-01,07G,"NHS THURROCK",2121,62357.04,0,0
2022-04-01,01G,"NHS SALFORD",2134,64141.13,0,0
2022-04-01,05Q,"NHS SOUTH EAST STAFFORDSHIRE AND SEISDON PENINSULA",2155,71877.63,0,0
2022-04-01,05G,"NHS NORTH STAFFORDSHIRE",2165,65318.97,0,0
2022-04-01,01D,"NHS HEYWOOD, MIDDLETON AND ROCHDALE",2196,66995.09,0,0
2022-04-01,00Q,"NHS BLACKBURN WITH DARWEN",2219,66117.45,0,0
2022-04-01,13T,"NHS NEWCASTLE GATESHEAD",2269,78161.83,0,0
2022-04-01,00P,"NHS SUNDERLAND",2324,79479.44,0,0
2022-04-01,01W,"NHS STOCKPORT",2357,74788.5,0,0
2022-04-01,03H,"NHS NORTH EAST LINCOLNSHIRE",2400,71742.81,0,0
2022-04-01,02E,"NHS WARRINGTON",2407,76078.23,0,0
2022-04-01,00V,"NHS BURY",2434,72100.88,0,0
2022-04-01,03K,"NHS NORTH LINCOLNSHIRE",2435,68693.9,0,0
2022-04-01,01H,"NHS NORTH CUMBRIA",2438,80821.01,0,0
2022-04-01,00Y,"NHS OLDHAM",2521,80387.18,0,0
2022-04-01,U2G6B,"NHS THAMES VALLEY ICB - U2G6B",2611,91416.98,0,0
2022-04-01,X2C4Y,"NHS KIRKLEES",2619,97452.57,0,0
2022-04-01,07H,"NHS WEST ESSEX",2688,80329.9,0,0
2022-04-01,01X,"NHS ST HELENS",2728,82611.9,0,0
2022-04-01,01J,"NHS KNOWSLEY",2766,80193.52,0,0
2022-04-01,99E,"NHS BASILDON AND BRENTWOOD",2795,90541.16,0,0
2022-04-01,06K,"NHS EAST AND NORTH HERTFORDSHIRE",2809,83188.18,0,0
2022-04-01,06Q,"NHS MID ESSEX",2929,86119.93,0,0
2022-04-01,14Y,"NHS BUCKINGHAMSHIRE",2960,97204.94,0,0
2022-04-01,03L,"NHS ROTHERHAM",3021,87992.21,0,0
2022-04-01,11X,"NHS SOMERSET",3162,105709.65,0,0
2022-04-01,M2L0M,"NHS SHROPSHIRE, TELFORD AND WREKIN",3452,121926.62,0,0
2022-04-01,05W,"NHS STOKE ON TRENT",3469,104267.01,0,0
2022-04-01,12F,"NHS WIRRAL",3516,109699.69,0,0
2022-04-01,03F,"NHS HULL",3543,106298.12,0,0
2022-04-01,03W,"NHS EAST LEICESTERSHIRE AND RUTLAND",3580,108845.35,0,0
2022-04-01,02P,"NHS BARNSLEY",3585,106873.98,0,0
2022-04-01,06T,"NHS NORTH EAST ESSEX",3644,101741.89,0,0
2022-04-01,07K,"NHS WEST SUFFOLK",3704,104561.88,0,0
2022-04-01,02H,"NHS WIGAN BOROUGH",3768,119524.38,0,0
2022-04-01,02Y,"NHS EAST RIDING OF YORKSHIRE",3791,115620.36,0,0
2022-04-01,02X,"NHS DONCASTER",4055,121722.2,0,0
2022-04-01,03N,"NHS SHEFFIELD",4120,132834.33,0,0
2022-04-01,04C,"NHS LEICESTER CITY",4179,122492.42,0,0
2022-04-01,01K,"NHS MORECAMBE BAY",4335,136263.64,0,0
2022-04-01,36J,"NHS BRADFORD DISTRICT AND CRAVEN",4344,138213.57,0,0
2022-04-01,15A,"NHS BERKSHIRE WEST",4408,141447.39,0,0
2022-04-01,06L,"NHS IPSWICH AND EAST SUFFOLK",4555,140453.07,0,0
2022-04-01,36L,"NHS SOUTH WEST LONDON",4648,166558.22,0,0
2022-04-01,15C,"NHS BRISTOL, NORTH SOMERSET AND SOUTH GLOUCESTERSHIRE",4743,193444.3,0,0
2022-04-01,11M,"NHS GLOUCESTERSHIRE",4858,160901.05,0,0
2022-04-01,42D,"NHS NORTH YORKSHIRE",4869,147891.94,0,0
2022-04-01,03R,"NHS WAKEFIELD",5090,162748.91,0,0
2022-04-01,93C,"NHS NORTH CENTRAL LONDON",5093,183627.99,0,0
2022-04-01,14L,"NHS MANCHESTER",5120,154986.65,0,0
2022-04-01,04V,"NHS WEST LEICESTERSHIRE",5199,159674.86,0,0
2022-04-01,70F,"NHS WEST SUSSEX",5353,197316.91,0,0
2022-04-01,92G,"NHS BATH AND NORTH EAST SOMERSET, SWINDON AND WILTSHIRE",5593,188672.43,0,0
2022-04-01,15F,"NHS LEEDS",5605,188214.99,0,0
2022-04-01,27D,"NHS CHESHIRE",5651,179516.39,0,0
2022-04-01,10Q,"NHS OXFORDSHIRE",5662,201265.7,0,0
2022-04-01,84H,"NHS COUNTY DURHAM",5738,175897.06,0,0
2022-04-01,92A,"NHS SURREY HEARTLANDS",5784,218859.63,0,0
2022-04-01,99A,"NHS LIVERPOOL",5879,176202.92,0,0
2022-04-01,01A,"NHS EAST LANCASHIRE",6192,179606.64,0,0
2022-04-01,16C,"NHS TEES VALLEY",6572,203810.32,0,0
2022-04-01,A3A8R,"NHS NORTH EAST LONDON",6729,239697.07,0,0
2022-04-01,78H,"NHS NORTHAMPTONSHIRE",6874,192612.13,0,0
2022-04-01,72Q,"NHS SOUTH EAST LONDON",6932,268780.31,0,0
2022-04-01,11N,"NHS CORNWALL AND THE ISLES OF SCILLY",7625,234007.6,0,0
2022-04-01,18C,"NHS HEREFORDSHIRE AND WORCESTERSHIRE",7656,274120.14,0,0
2022-04-01,11J,"NHS DORSET",7854,269990.87,0,0
2022-04-01,W2U3Z,"NHS NORTH WEST LONDON",8752,307046.82,0,0
2022-04-01,71E,"NHS LINCOLNSHIRE",8753,256866.98,0,0
2022-04-01,26A,"NHS NORFOLK AND WAVENEY",9410,296797.76,0,0
2022-04-01,B2M3M,"NHS COVENTRY AND WARWICKSHIRE",9505,281971.68,0,0
2022-04-01,M1J4Y,"NHS BEDFORDSHIRE, LUTON AND MILTON KEYNES",9525,315445.75,0,0
2022-04-01,06H,"NHS CAMBRIDGESHIRE AND PETERBOROUGH",10904,320195.25,0,0
2022-04-01,D2P2L,"NHS BLACK COUNTRY",11598,389193.73,0,0
2022-04-01,91Q,"NHS KENT AND MEDWAY",11663,392146.52,0,0
2022-04-01,15E,"NHS BIRMINGHAM AND SOLIHULL",12254,412246.86,0,0
2022-04-01,15N,"NHS DEVON",12432,414266.44,0,0
2022-04-01,15M,"NHS DERBY AND DERBYSHIRE",13554,502709.25,0,0
2022-04-01,52R,"NHS NOTTINGHAM AND NOTTINGHAMSHIRE",15236,481305.13,0,0
2022-04-01,D9Y0V,"NHS HAMPSHIRE, SOUTHAMPTON AND ISLE OF WIGHT",15792,615874.14,0,0
2022-05-01,09W,"NHS MEDWAY",0,0,0,0
2022-05-01,D4U1Y,"NHS FRIMLEY",12,356.71,0,0
2022-05-01,99C,"NHS NORTH TYNESIDE",791,28645.58,0,0
2022-05-01,99G,"NHS SOUTHEND",1220,39787.01,0,0
2022-05-01,02Q,"NHS BASSETLAW",1237,35891.59,0,0
2022-05-01,01V,"NHS SOUTHPORT AND FORMBY",1265,38525.83,0,0
2022-05-01,99F,"NHS CASTLE POINT AND ROCHFORD",1311,43847.49,0,0
2022-05-01,05V,"NHS STAFFORD AND SURROUNDS",1336,42063.47,0,0
2022-05-01,02G,"NHS WEST LANCASHIRE",1411,42916.27,0,0
2022-05-01,00X,"NHS CHORLEY AND SOUTH RIBBLE",1425,45275.34,0,0
2022-05-01,01T,"NHS SOUTH SEFTON",1459,41682.59,0,0
2022-05-01,04Y,"NHS CANNOCK CHASE",1481,47607.32,0,0
2022-05-01,05D,"NHS EAST STAFFORDSHIRE",1506,46069.58,0,0
2022-05-01,09D,"NHS BRIGHTON AND HOVE",1551,60253.04,0,0
2022-05-01,00N,"NHS SOUTH TYNESIDE",1627,59129.47,0,0
2022-05-01,03Q,"NHS VALE OF YORK",1656,55232.86,0,0
2022-05-01,02T,"NHS CALDERDALE",1708,58362.42,0,0
2022-05-01,02A,"NHS TRAFFORD",1808,58912.29,0,0
2022-05-01,01E,"NHS GREATER PRESTON",1809,57759.93,0,0
2022-05-01,01Y,"NHS TAMESIDE AND GLOSSOP",1817,59735.21,0,0
2022-05-01,06N,"NHS HERTS VALLEYS",1928,70817.43,0,0
2022-05-01,97R,"NHS EAST SUSSEX",1946,63958.89,0,0
2022-05-01,10R,"NHS PORTSMOUTH",1970,84697.41,0,0
2022-05-01,02M,"NHS FYLDE AND WYRE",1991,59516.32,0,0
2022-05-01,00L,"NHS NORTHUMBERLAND",2023,63904.94,0,0
2022-05-01,01F,"NHS HALTON",2045,63413.5,0,0
2022-05-01,00T,"NHS BOLTON",2052,61521,0,0
2022-05-01,00R,"NHS BLACKPOOL",2089,60863.16,0,0
2022-05-01,07G,"NHS THURROCK",2144,64182.03,0,0
2022-05-01,01G,"NHS SALFORD",2177,65252.93,0,0
2022-05-01,05G,"NHS NORTH STAFFORDSHIRE",2191,65881.71,0,0
2022-05-01,05Q,"NHS SOUTH EAST STAFFORDSHIRE AND SEISDON PENINSULA",2213,74359.37,0,0
2022-05-01,00Q,"NHS BLACKBURN WITH DARWEN",2282,68326.22,0,0
2022-05-01,01D,"NHS HEYWOOD, MIDDLETON AND ROCHDALE",2304,69917.38,0,0
2022-05-01,13T,"NHS NEWCASTLE GATESHEAD",2354,81986.74,0,0
2022-05-01,01H,"NHS NORTH CUMBRIA",2361,79131.08,0,0
2022-05-01,03H,"NHS NORTH EAST LINCOLNSHIRE",2410,71892.8,0,0
2022-05-01,03K,"NHS NORTH LINCOLNSHIRE",2418,68158.57,0,0
2022-05-01,00P,"NHS SUNDERLAND",2571,87557.45,0,0
2022-05-01,00V,"NHS BURY",2585,77216.97,0,0
2022-05-01,00Y,"NHS OLDHAM",2587,82620.44,0,0
2022-05-01,02E,"NHS WARRINGTON",2596,83141.54,0,0
2022-05-01,01W,"NHS STOCKPORT",2619,83306.54,0,0
2022-05-01,X2C4Y,"NHS KIRKLEES",2766,102316.46,0,0
2022-05-01,U2G6B,"NHS THAMES VALLEY ICB - U2G6B",2770,97928.01,0,0
2022-05-01,01X,"NHS ST HELENS",2778,84981.67,0,0
2022-05-01,07H,"NHS WEST ESSEX",2807,83715.89,0,0
2022-05-01,06K,"NHS EAST AND NORTH HERTFORDSHIRE",2886,85832.13,0,0
2022-05-01,01J,"NHS KNOWSLEY",2917,85151.79,0,0
2022-05-01,99E,"NHS BASILDON AND BRENTWOOD",2936,94364.1,0,0
2022-05-01,06Q,"NHS MID ESSEX",3046,89339.61,0,0
2022-05-01,14Y,"NHS BUCKINGHAMSHIRE",3099,102096.42,0,0
2022-05-01,03L,"NHS ROTHERHAM",3218,94312.29,0,0
2022-05-01,11X,"NHS SOMERSET",3227,108843.15,0,0
2022-05-01,03F,"NHS HULL",3451,103367.4,0,0
2022-05-01,05W,"NHS STOKE ON TRENT",3471,104766.49,0,0
2022-05-01,02P,"NHS BARNSLEY",3513,105013.14,0,0
2022-05-01,M2L0M,"NHS SHROPSHIRE, TELFORD AND WREKIN",3586,128869.17,0,0
2022-05-01,06T,"NHS NORTH EAST ESSEX",3626,101638.47,0,0
2022-05-01,02H,"NHS WIGAN BOROUGH",3717,117167.51,0,0
2022-05-01,12F,"NHS WIRRAL",3720,116564.1,0,0
2022-05-01,02Y,"NHS EAST RIDING OF YORKSHIRE",3778,116556.59,0,0
2022-05-01,03W,"NHS EAST LEICESTERSHIRE AND RUTLAND",3814,116697.27,0,0
2022-05-01,07K,"NHS WEST SUFFOLK",3855,109122.3,0,0
2022-05-01,02X,"NHS DONCASTER",4043,121148.3,0,0
2022-05-01,04C,"NHS LEICESTER CITY",4196,122412.33,0,0
2022-05-01,03N,"NHS SHEFFIELD",4378,141751.75,0,0
2022-05-01,15A,"NHS BERKSHIRE WEST",4446,143694.03,0,0
2022-05-01,06L,"NHS IPSWICH AND EAST SUFFOLK",4475,137763.73,0,0
2022-05-01,01K,"NHS MORECAMBE BAY",4479,139555.67,0,0
2022-05-01,36J,"NHS BRADFORD DISTRICT AND CRAVEN",4706,151437.3,0,0
2022-05-01,11M,"NHS GLOUCESTERSHIRE",4773,157575.04,0,0
2022-05-01,36L,"NHS SOUTH WEST LONDON",4849,173821.99,0,0
2022-05-01,42D,"NHS NORTH YORKSHIRE",4977,150110.88,0,0
2022-05-01,15C,"NHS BRISTOL, NORTH SOMERSET AND SOUTH GLOUCESTERSHIRE",5032,207259.16,0,0
2022-05-01,03R,"NHS WAKEFIELD",5179,165925.21,0,0
2022-05-01,04V,"NHS WEST LEICESTERSHIRE",5238,162110.51,0,0
2022-05-01,93C,"NHS NORTH CENTRAL LONDON",5238,191161.84,0,0
2022-05-01,14L,"NHS MANCHESTER",5298,161073.23,0,0
2022-05-01,70F,"NHS WEST SUSSEX",5618,207949.11,0,0
2022-05-01,92G,"NHS BATH AND NORTH EAST SOMERSET, SWINDON AND WILTSHIRE",5698,192502.14,0,0
2022-05-01,27D,"NHS CHESHIRE",5701,181756.48,0,0
2022-05-01,15F,"NHS LEEDS",5748,194074.53,0,0
2022-05-01,10Q,"NHS OXFORDSHIRE",5786,204928.44,0,0
2022-05-01,92A,"NHS SURREY HEARTLANDS",5809,221639.63,0,0
2022-05-01,84H,"NHS COUNTY DURHAM",5830,179646.12,0,0
2022-05-01,99A,"NHS LIVERPOOL",5933,177565.85,0,0
2022-05-01,78H,"NHS NORTHAMPTONSHIRE",5943,166779.44,0,0
2022-05-01,01A,"NHS EAST LANCASHIRE",6242,180584.63,0,0
2022-05-01,A3A8R,"NHS NORTH EAST LONDON",7031,249470.54,0,0
2022-05-01,72Q,"NHS SOUTH EAST LONDON",7166,278738.9,0,0
2022-05-01,16C,"NHS TEES VALLEY",7244,224649.58,0,0
2022-05-01,11N,"NHS CORNWALL AND THE ISLES OF SCILLY",7786,239692.16,0,0
2022-05-01,11J,"NHS DORSET",8054,277424.81,0,0
2022-05-01,18C,"NHS HEREFORDSHIRE AND WORCESTERSHIRE",8152,295079.56,0,0
2022-05-01,71E,"NHS LINCOLNSHIRE",9163,268858.12,0,0
2022-05-01,W2U3Z,"NHS NORTH WEST LONDON",9191,323719.97,0,0
2022-05-01,26A,"NHS NORFOLK AND WAVENEY",9740,305735.56,0,0
2022-05-01,B2M3M,"NHS COVENTRY AND WARWICKSHIRE",9833,291544.53,0,0
2022-05-01,M1J4Y,"NHS BEDFORDSHIRE, LUTON AND MILTON KEYNES",10057,333627.47,0,0
2022-05-01,06H,"NHS CAMBRIDGESHIRE AND PETERBOROUGH",11344,334560.44,0,0
2022-05-01,91Q,"NHS KENT AND MEDWAY",11904,402599.6,0,0
2022-05-01,D2P2L,"NHS BLACK COUNTRY",12354,417895.21,0,0
2022-05-01,15N,"NHS DEVON",12794,428228.04,0,0
2022-05-01,15E,"NHS BIRMINGHAM AND SOLIHULL",13017,439873.88,0,0
2022-05-01,15M,"NHS DERBY AND DERBYSHIRE",14125,522442.38,0,0
2022-05-01,52R,"NHS NOTTINGHAM AND NOTTINGHAMSHIRE",15610,493223.59,0,0
2022-05-01,D9Y0V,"NHS HAMPSHIRE, SOUTHAMPTON AND ISLE OF WIGHT",16248,634787.09,0,0
2022-06-01,09W,"NHS MEDWAY",0,0,0,0
2022-06-01,D4U1Y,"NHS FRIMLEY",15,411.6,0,0
2022-06-01,99C,"NHS NORTH TYNESIDE",784,28535.61,0,0
2022-06-01,99G,"NHS SOUTHEND",1171,38387.39,0,0
2022-06-01,02Q,"NHS BASSETLAW",1201,34793.86,0,0
2022-06-01,01V,"NHS SOUTHPORT AND FORMBY",1210,36385.56,0,0
2022-06-01,99F,"NHS CASTLE POINT AND ROCHFORD",1270,42667.39,0,0
2022-06-01,05V,"NHS STAFFORD AND SURROUNDS",1272,40581.62,0,0
2022-06-01,02G,"NHS WEST LANCASHIRE",1362,40885.79,0,0
2022-06-01,00X,"NHS CHORLEY AND SOUTH RIBBLE",1435,45878.74,0,0
2022-06-01,04Y,"NHS CANNOCK CHASE",1445,45906.08,0,0
2022-06-01,05D,"NHS EAST STAFFORDSHIRE",1448,45054.13,0,0
2022-06-01,09D,"NHS BRIGHTON AND HOVE",1450,56987.55,0,0
2022-06-01,01T,"NHS SOUTH SEFTON",1454,41600.06,0,0
2022-06-01,03Q,"NHS VALE OF YORK",1515,49855.35,0,0
2022-06-01,00N,"NHS SOUTH TYNESIDE",1604,57318.58,0,0
2022-06-01,02T,"NHS CALDERDALE",1711,58554.25,0,0
2022-06-01,01E,"NHS GREATER PRESTON",1726,54576.95,0,0
2022-06-01,02A,"NHS TRAFFORD",1740,56332.89,0,0
2022-06-01,01Y,"NHS TAMESIDE AND GLOSSOP",1767,57128.64,0,0
2022-06-01,00L,"NHS NORTHUMBERLAND",1851,57868.16,0,0
2022-06-01,02M,"NHS FYLDE AND WYRE",1854,55290.51,0,0
2022-06-01,06N,"NHS HERTS VALLEYS",1879,68814.3,0,0
2022-06-01,01F,"NHS HALTON",1894,58830.82,0,0
2022-06-01,10R,"NHS PORTSMOUTH",1918,82255.31,0,0
2022-06-01,00R,"NHS BLACKPOOL",1934,56033.55,0,0
2022-06-01,97R,"NHS EAST SUSSEX",1935,64561.67,0,0
2022-06-01,00T,"NHS BOLTON",1987,58969.08,0,0
2022-06-01,05Q,"NHS SOUTH EAST STAFFORDSHIRE AND SEISDON PENINSULA",2089,69612.44,0,0
2022-06-01,01G,"NHS SALFORD",2109,63359.18,0,0
2022-06-01,05G,"NHS NORTH STAFFORDSHIRE",2153,65359.72,0,0
2022-06-01,07G,"NHS THURROCK",2180,64648.52,0,0
2022-06-01,01D,"NHS HEYWOOD, MIDDLETON AND ROCHDALE",2242,68407.76,0,0
2022-06-01,00Q,"NHS BLACKBURN WITH DARWEN",2251,67914.18,0,0
2022-06-01,01H,"NHS NORTH CUMBRIA",2298,76551.36,0,0
2022-06-01,03K,"NHS NORTH LINCOLNSHIRE",2336,65854.67,0,0
2022-06-01,02E,"NHS WARRINGTON",2379,75321.23,0,0
2022-06-01,00V,"NHS BURY",2384,70713.56,0,0
2022-06-01,13T,"NHS NEWCASTLE GATESHEAD",2385,82864.48,0,0
2022-06-01,00P,"NHS SUNDERLAND",2419,83056.9,0,0
2022-06-01,03H,"NHS NORTH EAST LINCOLNSHIRE",2429,72139.51,0,0
2022-06-01,01W,"NHS STOCKPORT",2512,79602.05,0,0
2022-06-01,00Y,"NHS OLDHAM",2547,81851.61,0,0
2022-06-01,01X,"NHS ST HELENS",2629,79658.38,0,0
2022-06-01,U2G6B,"NHS THAMES VALLEY ICB - U2G6B",2668,95018.92,0,0
2022-06-01,X2C4Y,"NHS KIRKLEES",2751,102069.03,0,0
2022-06-01,01J,"NHS KNOWSLEY",2772,81079.97,0,0
2022-06-01,07H,"NHS WEST ESSEX",2785,83633.25,0,0
2022-06-01,06K,"NHS EAST AND NORTH HERTFORDSHIRE",2818,83746.77,0,0
2022-06-01,06Q,"NHS MID ESSEX",2926,85361.52,0,0
2022-06-01,99E,"NHS BASILDON AND BRENTWOOD",2944,95269,0,0
2022-06-01,14Y,"NHS BUCKINGHAMSHIRE",3079,100861.91,0,0
2022-06-01,03L,"NHS ROTHERHAM",3101,90525.38,0,0
2022-06-01,11X,"NHS SOMERSET",3147,103848.98,0,0
2022-06-01,M2L0M,"NHS SHROPSHIRE, TELFORD AND WREKIN",3362,119513.34,0,0
2022-06-01,03W,"NHS EAST LEICESTERSHIRE AND RUTLAND",3463,105995.94,0,0
2022-06-01,02P,"NHS BARNSLEY",3489,104902.86,0,0
2022-06-01,05W,"NHS STOKE ON TRENT",3536,106824.07,0,0
2022-06-01,12F,"NHS WIRRAL",3546,111898.56,0,0
2022-06-01,03F,"NHS HULL",3560,107976.42,0,0
2022-06-01,06T,"NHS NORTH EAST ESSEX",3699,103997.9,0,0
2022-06-01,02Y,"NHS EAST RIDING OF YORKSHIRE",3775,116500.02,0,0
2022-06-01,07K,"NHS WEST SUFFOLK",3836,108326.41,0,0
2022-06-01,02H,"NHS WIGAN BOROUGH",3982,126304.07,0,0
2022-06-01,02X,"NHS DONCASTER",4064,122656.45,0,0
2022-06-01,03N,"NHS SHEFFIELD",4151,133574.62,0,0
2022-06-01,04C,"NHS LEICESTER CITY",4229,122741.42,0,0
2022-06-01,15A,"NHS BERKSHIRE WEST",4317,137684.85,0,0
2022-06-01,01K,"NHS MORECAMBE BAY",4369,135850.98,0,0
2022-06-01,36J,"NHS BRADFORD DISTRICT AND CRAVEN",4391,139336.85,0,0
2022-06-01,06L,"NHS IPSWICH AND EAST SUFFOLK",4418,136664.71,0,0
2022-06-01,11M,"NHS GLOUCESTERSHIRE",4599,152717.69,0,0
2022-06-01,36L,"NHS SOUTH WEST LONDON",4835,173903.47,0,0
2022-06-01,42D,"NHS NORTH YORKSHIRE",4888,147668.58,0,0
2022-06-01,15C,"NHS BRISTOL, NORTH SOMERSET AND SOUTH GLOUCESTERSHIRE",4896,202813.2,0,0
2022-06-01,04V,"NHS WEST LEICESTERSHIRE",4901,151381.67,0,0
2022-06-01,93C,"NHS NORTH CENTRAL LONDON",5042,182079.74,0,0
2022-06-01,78H,"NHS NORTHAMPTONSHIRE",5097,142932.72,0,0
2022-06-01,14L,"NHS MANCHESTER",5199,159261.11,0,0
2022-06-01,03R,"NHS WAKEFIELD",5238,167187.26,0,0
2022-06-01,70F,"NHS WEST SUSSEX",5366,197109.67,0,0
2022-06-01,27D,"NHS CHESHIRE",5442,173550.7,0,0
2022-06-01,10Q,"NHS OXFORDSHIRE",5536,194886.09,0,0
2022-06-01,92G,"NHS BATH AND NORTH EAST SOMERSET, SWINDON AND WILTSHIRE",5573,187946.42,0,0
2022-06-01,84H,"NHS COUNTY DURHAM",5734,175941.9,0,0
2022-06-01,92A,"NHS SURREY HEARTLANDS",5762,218291.89,0,0
2022-06-01,15F,"NHS LEEDS",5856,196653.34,0,0
2022-06-01,99A,"NHS LIVERPOOL",6042,181077.43,0,0
2022-06-01,01A,"NHS EAST LANCASHIRE",6127,177208.8,0,0
2022-06-01,16C,"NHS TEES VALLEY",6736,209035.44,0,0
2022-06-01,A3A8R,"NHS NORTH EAST LONDON",7057,250429.8,0,0
2022-06-01,72Q,"NHS SOUTH EAST LONDON",7209,281344.07,0,0
2022-06-01,11N,"NHS CORNWALL AND THE ISLES OF SCILLY",7458,229676.06,0,0
2022-06-01,18C,"NHS HEREFORDSHIRE AND WORCESTERSHIRE",7656,275350.75,0,0
2022-06-01,11J,"NHS DORSET",7828,268727.07,0,0
2022-06-01,71E,"NHS LINCOLNSHIRE",8763,256428.05,0,0
2022-06-01,W2U3Z,"NHS NORTH WEST LONDON",9104,317052.33,0,0
2022-06-01,B2M3M,"NHS COVENTRY AND WARWICKSHIRE",9230,273680.02,0,0
2022-06-01,M1J4Y,"NHS BEDFORDSHIRE, LUTON AND MILTON KEYNES",9628,318809.13,0,0
2022-06-01,26A,"NHS NORFOLK AND WAVENEY",9735,307104.83,0,0
2022-06-01,06H,"NHS CAMBRIDGESHIRE AND PETERBOROUGH",11042,324819.26,0,0
2022-06-01,D2P2L,"NHS BLACK COUNTRY",11622,389907.17,0,0
2022-06-01,91Q,"NHS KENT AND MEDWAY",11796,397823.03,0,0
2022-06-01,15N,"NHS DEVON",11800,393626.45,0,0
2022-06-01,15E,"NHS BIRMINGHAM AND SOLIHULL",12268,412900.47,0,0
2022-06-01,15M,"NHS DERBY AND DERBYSHIRE",13155,485839.02,0,0
2022-06-01,52R,"NHS NOTTINGHAM AND NOTTINGHAMSHIRE",15169,476676.92,0,0
2022-06-01,D9Y0V,"NHS HAMPSHIRE, SOUTHAMPTON AND ISLE OF WIGHT",15888,617610.32,0,0
2022-07-01,09W,"NHS MEDWAY",0,0,0,0
2022-07-01,D4U1Y,"NHS FRIMLEY",7,219.42,0,0
2022-07-01,99C,"NHS NORTH TYNESIDE",729,25916.51,0,0
2022-07-01,02Q,"NHS BASSETLAW",1132,32719.76,0,0
2022-07-01,01V,"NHS SOUTHPORT AND FORMBY",1188,36422.26,0,0
2022-07-01,99G,"NHS SOUTHEND",1237,41330.19,0,0
2022-07-01,99F,"NHS CASTLE POINT AND ROCHFORD",1247,41713.95,0,0
2022-07-01,02G,"NHS WEST LANCASHIRE",1401,42154.66,0,0
2022-07-01,05V,"NHS STAFFORD AND SURROUNDS",1431,46183.59,0,0
2022-07-01,01T,"NHS SOUTH SEFTON",1441,41168.24,0,0
2022-07-01,00X,"NHS CHORLEY AND SOUTH RIBBLE",1460,47062.77,0,0
2022-07-01,05D,"NHS EAST STAFFORDSHIRE",1470,45306.19,0,0
2022-07-01,09D,"NHS BRIGHTON AND HOVE",1471,56740.45,0,0
2022-07-01,04Y,"NHS CANNOCK CHASE",1543,48900.44,0,0
2022-07-01,00N,"NHS SOUTH TYNESIDE",1573,56741.76,0,0
2022-07-01,03Q,"NHS VALE OF YORK",1583,52600.45,0,0
2022-07-01,02A,"NHS TRAFFORD",1747,56990.61,0,0
2022-07-01,06N,"NHS HERTS VALLEYS",1752,64337.63,0,0
2022-07-01,01E,"NHS GREATER PRESTON",1754,56113.23,0,0
2022-07-01,02T,"NHS CALDERDALE",1761,60691.88,0,0
2022-07-01,01Y,"NHS TAMESIDE AND GLOSSOP",1846,60336.49,0,0
2022-07-01,10R,"NHS PORTSMOUTH",1863,81144.94,0,0
2022-07-01,00L,"NHS NORTHUMBERLAND",1886,59869.11,0,0
2022-07-01,01F,"NHS HALTON",1919,59514.99,0,0
2022-07-01,02M,"NHS FYLDE AND WYRE",1966,59294.76,0,0
2022-07-01,97R,"NHS EAST SUSSEX",1974,65983.41,0,0
2022-07-01,00T,"NHS BOLTON",2003,59954.69,0,0
2022-07-01,00R,"NHS BLACKPOOL",2052,59790.77,0,0
2022-07-01,01G,"NHS SALFORD",2093,63135.97,0,0
2022-07-01,07G,"NHS THURROCK",2123,63026.03,0,0
2022-07-01,00Q,"NHS BLACKBURN WITH DARWEN",2203,65878.84,0,0
2022-07-01,05G,"NHS NORTH STAFFORDSHIRE",2232,67549.27,0,0
2022-07-01,01H,"NHS NORTH CUMBRIA",2236,75581.28,0,0
2022-07-01,01D,"NHS HEYWOOD, MIDDLETON AND ROCHDALE",2246,69224.08,0,0
2022-07-01,05Q,"NHS SOUTH EAST STAFFORDSHIRE AND SEISDON PENINSULA",2299,77586.05,0,0
2022-07-01,00P,"NHS SUNDERLAND",2354,80328.62,0,0
2022-07-01,13T,"NHS NEWCASTLE GATESHEAD",2368,82878.38,0,0
2022-07-01,03H,"NHS NORTH EAST LINCOLNSHIRE",2386,71829.1,0,0
2022-07-01,00Y,"NHS OLDHAM",2480,79644.79,0,0
2022-07-01,02E,"NHS WARRINGTON",2496,79973.58,0,0
2022-07-01,00V,"NHS BURY",2508,74957.07,0,0
2022-07-01,01W,"NHS STOCKPORT",2580,82524.61,0,0
2022-07-01,03K,"NHS NORTH LINCOLNSHIRE",2588,72814.15,0,0
2022-07-01,U2G6B,"NHS THAMES VALLEY ICB - U2G6B",2598,92476.56,0,0
2022-07-01,01X,"NHS ST HELENS",2657,81127.38,0,0
2022-07-01,X2C4Y,"NHS KIRKLEES",2707,100647.57,0,0
2022-07-01,99E,"NHS BASILDON AND BRENTWOOD",2769,88996.85,0,0
2022-07-01,01J,"NHS KNOWSLEY",2771,80762.4,0,0
2022-07-01,07H,"NHS WEST ESSEX",2848,84661.4,0,0
2022-07-01,06K,"NHS EAST AND NORTH HERTFORDSHIRE",2883,85789.81,0,0
2022-07-01,06Q,"NHS MID ESSEX",2981,86773,0,0
2022-07-01,14Y,"NHS BUCKINGHAMSHIRE",3109,103279.31,0,0
2022-07-01,03L,"NHS ROTHERHAM",3125,91687.55,0,0
2022-07-01,11X,"NHS SOMERSET",3356,113615.34,0,0
2022-07-01,02P,"NHS BARNSLEY",3477,104028.39,0,0
2022-07-01,M2L0M,"NHS SHROPSHIRE, TELFORD AND WREKIN",3496,124720.01,0,0
2022-07-01,03F,"NHS HULL",3606,107677.17,0,0
2022-07-01,12F,"NHS WIRRAL",3616,112858.74,0,0
2022-07-01,06T,"NHS NORTH EAST ESSEX",3664,102740.03,0,0
2022-07-01,02H,"NHS WIGAN BOROUGH",3712,117383.51,0,0
2022-07-01,05W,"NHS STOKE ON TRENT",3741,111818.43,0,0
2022-07-01,02Y,"NHS EAST RIDING OF YORKSHIRE",3771,116470.82,0,0
2022-07-01,03W,"NHS EAST LEICESTERSHIRE AND RUTLAND",3848,117407.73,0,0
2022-07-01,07K,"NHS WEST SUFFOLK",3849,109150.51,0,0
2022-07-01,02X,"NHS DONCASTER",3855,115822.1,0,0
2022-07-01,03N,"NHS SHEFFIELD",4257,138938.5,0,0
2022-07-01,15A,"NHS BERKSHIRE WEST",4351,141319.03,0,0
2022-07-01,04C,"NHS LEICESTER CITY",4422,129482.44,0,0
2022-07-01,01K,"NHS MORECAMBE BAY",4436,139074.97,0,0
2022-07-01,06L,"NHS IPSWICH AND EAST SUFFOLK",4436,136515.42,0,0
2022-07-01,11M,"NHS GLOUCESTERSHIRE",4569,151326.54,0,0
2022-07-01,36J,"NHS BRADFORD DISTRICT AND CRAVEN",4578,146014.78,0,0
2022-07-01,42D,"NHS NORTH YORKSHIRE",4798,144935.81,0,0
2022-07-01,15C,"NHS BRISTOL, NORTH SOMERSET AND SOUTH GLOUCESTERSHIRE",4861,201589.12,0,0
2022-07-01,36L,"NHS SOUTH WEST LONDON",4902,175600.95,0,0
2022-07-01,03R,"NHS WAKEFIELD",5143,166445.83,0,0
2022-07-01,93C,"NHS NORTH CENTRAL LONDON",5183,187996.13,0,0
2022-07-01,14L,"NHS MANCHESTER",5224,158744.53,0,0
2022-07-01,27D,"NHS CHESHIRE",5231,166966.5,0,0
2022-07-01,04V,"NHS WEST LEICESTERSHIRE",5237,160769.91,0,0
2022-07-01,78H,"NHS NORTHAMPTONSHIRE",5379,151337.84,0,0
2022-07-01,70F,"NHS WEST SUSSEX",5384,198494.75,0,0
2022-07-01,84H,"NHS COUNTY DURHAM",5677,175086.98,0,0
2022-07-01,99A,"NHS LIVERPOOL",5739,172485.9,0,0
2022-07-01,92A,"NHS SURREY HEARTLANDS",5796,221502.6,0,0
2022-07-01,92G,"NHS BATH AND NORTH EAST SOMERSET, SWINDON AND WILTSHIRE",5840,197809,0,0
2022-07-01,15F,"NHS LEEDS",5879,199051.72,0,0
2022-07-01,10Q,"NHS OXFORDSHIRE",5979,212614.31,0,0
2022-07-01,01A,"NHS EAST LANCASHIRE",6125,177203.95,0,0
2022-07-01,16C,"NHS TEES VALLEY",6863,215404.37,0,0
2022-07-01,A3A8R,"NHS NORTH EAST LONDON",7116,251541.35,0,0
2022-07-01,72Q,"NHS SOUTH EAST LONDON",7174,278052.55,0,0
2022-07-01,11N,"NHS CORNWALL AND THE ISLES OF SCILLY",7594,234034.83,0,0
2022-07-01,11J,"NHS DORSET",8078,279618.07,0,0
2022-07-01,18C,"NHS HEREFORDSHIRE AND WORCESTERSHIRE",8131,293891.52,0,0
2022-07-01,71E,"NHS LINCOLNSHIRE",8984,263267.73,0,0
2022-07-01,W2U3Z,"NHS NORTH WEST LONDON",9391,328606.68,0,0
2022-07-01,26A,"NHS NORFOLK AND WAVENEY",9491,298946.8,0,0
2022-07-01,M1J4Y,"NHS BEDFORDSHIRE, LUTON AND MILTON KEYNES",9659,321284.64,0,0
2022-07-01,B2M3M,"NHS COVENTRY AND WARWICKSHIRE",9862,293648.53,0,0
2022-07-01,06H,"NHS CAMBRIDGESHIRE AND PETERBOROUGH",10952,322547.2,0,0
2022-07-01,91Q,"NHS KENT AND MEDWAY",11609,392939.38,0,0
2022-07-01,15N,"NHS DEVON",11731,396748.98,0,0
2022-07-01,D2P2L,"NHS BLACK COUNTRY",12348,417880.03,0,0
2022-07-01,15E,"NHS BIRMINGHAM AND SOLIHULL",12932,439051.84,0,0
2022-07-01,15M,"NHS DERBY AND DERBYSHIRE",13672,508004.13,0,0
2022-07-01,52R,"NHS NOTTINGHAM AND NOTTINGHAMSHIRE",15504,490592.69,0,0
2022-07-01,D9Y0V,"NHS HAMPSHIRE, SOUTHAMPTON AND ISLE OF WIGHT",16293,638009.7,0,0
2022-08-01,09W,"NHS MEDWAY",0,0,0,0
2022-08-01,D4U1Y,"NHS FRIMLEY",15,411.2,0,0
2022-08-01,99C,"NHS NORTH TYNESIDE",758,27684.18,0,0
2022-08-01,99G,"NHS SOUTHEND",1119,37333.67,0,0
2022-08-01,01V,"NHS SOUTHPORT AND FORMBY",1235,37115.98,0,0
2022-08-01,99F,"NHS CASTLE POINT AND ROCHFORD",1273,42048.41,0,0
2022-08-01,02Q,"NHS BASSETLAW",1275,36732.24,0,0
2022-08-01,05V,"NHS STAFFORD AND SURROUNDS",1372,44103.33,0,0
2022-08-01,02G,"NHS WEST LANCASHIRE",1438,43338.46,0,0
2022-08-01,01T,"NHS SOUTH SEFTON",1456,41502.77,0,0
2022-08-01,00X,"NHS CHORLEY AND SOUTH RIBBLE",1463,46846.03,0,0
2022-08-01,09D,"NHS BRIGHTON AND HOVE",1465,57121.37,0,0
2022-08-01,00N,"NHS SOUTH TYNESIDE",1523,54820.41,0,0
2022-08-01,04Y,"NHS CANNOCK CHASE",1527,48874.33,0,0
2022-08-01,05D,"NHS EAST STAFFORDSHIRE",1561,48763.11,0,0
2022-08-01,03Q,"NHS VALE OF YORK",1635,53477.71,0,0
2022-08-01,06N,"NHS HERTS VALLEYS",1665,61973.33,0,0
2022-08-01,02T,"NHS CALDERDALE",1695,57644.8,0,0
2022-08-01,02A,"NHS TRAFFORD",1723,56110.75,0,0
2022-08-01,01Y,"NHS TAMESIDE AND GLOSSOP",1810,59071.06,0,0
2022-08-01,01E,"NHS GREATER PRESTON",1849,58249.4,0,0
2022-08-01,10R,"NHS PORTSMOUTH",1937,83815.57,0,0
2022-08-01,97R,"NHS EAST SUSSEX",1963,65290.91,0,0
2022-08-01,00L,"NHS NORTHUMBERLAND",1974,62249.42,0,0
2022-08-01,01F,"NHS HALTON",1976,62005.03,0,0
2022-08-01,00T,"NHS BOLTON",2017,60169.71,0,0
2022-08-01,02M,"NHS FYLDE AND WYRE",2030,60414.63,0,0
2022-08-01,01G,"NHS SALFORD",2042,61430.45,0,0
2022-08-01,00R,"NHS BLACKPOOL",2111,61431.27,0,0
2022-08-01,07G,"NHS THURROCK",2142,64116.26,0,0
2022-08-01,01H,"NHS NORTH CUMBRIA",2177,72772.61,0,0
2022-08-01,05Q,"NHS SOUTH EAST STAFFORDSHIRE AND SEISDON PENINSULA",2205,73187.11,0,0
2022-08-01,05G,"NHS NORTH STAFFORDSHIRE",2249,68006.99,0,0
2022-08-01,00Q,"NHS BLACKBURN WITH DARWEN",2266,68365.61,0,0
2022-08-01,01D,"NHS HEYWOOD, MIDDLETON AND ROCHDALE",2293,70119.56,0,0
2022-08-01,00V,"NHS BURY",2360,70202.62,0,0
2022-08-01,13T,"NHS NEWCASTLE GATESHEAD",2407,84478.97,0,0
2022-08-01,02E,"NHS WARRINGTON",2444,77327.59,0,0
2022-08-01,00P,"NHS SUNDERLAND",2452,83630.14,0,0
2022-08-01,03H,"NHS NORTH EAST LINCOLNSHIRE",2455,73463.55,0,0
2022-08-01,01W,"NHS STOCKPORT",2484,78588.78,0,0
2022-08-01,03K,"NHS NORTH LINCOLNSHIRE",2519,70857.74,0,0
2022-08-01,00Y,"NHS OLDHAM",2597,83741.55,0,0
2022-08-01,U2G6B,"NHS THAMES VALLEY ICB - U2G6B",2686,95387.97,0,0
2022-08-01,01X,"NHS ST HELENS",2766,84373.83,0,0
2022-08-01,X2C4Y,"NHS KIRKLEES",2769,103115.87,0,0
2022-08-01,07H,"NHS WEST ESSEX",2821,83602.35,0,0
2022-08-01,06K,"NHS EAST AND NORTH HERTFORDSHIRE",2851,84182.06,0,0
2022-08-01,01J,"NHS KNOWSLEY",2879,83934.21,0,0
2022-08-01,99E,"NHS BASILDON AND BRENTWOOD",2947,95226.55,0,0
2022-08-01,06Q,"NHS MID ESSEX",2999,87932.66,0,0
2022-08-01,14Y,"NHS BUCKINGHAMSHIRE",3094,102567.05,0,0
2022-08-01,11X,"NHS SOMERSET",3135,104428.58,0,0
2022-08-01,03L,"NHS ROTHERHAM",3316,96929.66,0,0
2022-08-01,12F,"NHS WIRRAL",3485,111372.47,0,0
2022-08-01,02P,"NHS BARNSLEY",3490,104521.59,0,0
2022-08-01,02X,"NHS DONCASTER",3518,105809.84,0,0
2022-08-01,M2L0M,"NHS SHROPSHIRE, TELFORD AND WREKIN",3518,125476.32,0,0
2022-08-01,03F,"NHS HULL",3581,107729.36,0,0
2022-08-01,02H,"NHS WIGAN BOROUGH",3602,114744.26,0,0
2022-08-01,06T,"NHS NORTH EAST ESSEX",3610,101123.53,0,0
2022-08-01,05W,"NHS STOKE ON TRENT",3650,110388.12,0,0
2022-08-01,03W,"NHS EAST LEICESTERSHIRE AND RUTLAND",3786,115782.29,0,0
2022-08-01,02Y,"NHS EAST RIDING OF YORKSHIRE",3815,119615.66,0,0
2022-08-01,07K,"NHS WEST SUFFOLK",3851,109010.18,0,0
2022-08-01,15A,"NHS BERKSHIRE WEST",4249,137078.23,0,0
2022-08-01,04C,"NHS LEICESTER CITY",4326,126453.36,0,0
2022-08-01,03N,"NHS SHEFFIELD",4329,139550.89,0,0
2022-08-01,06L,"NHS IPSWICH AND EAST SUFFOLK",4359,134551.5,0,0
2022-08-01,01K,"NHS MORECAMBE BAY",4423,138534.77,0,0
2022-08-01,11M,"NHS GLOUCESTERSHIRE",4603,152041.84,0,0
2022-08-01,36J,"NHS BRADFORD DISTRICT AND CRAVEN",4640,147527.39,0,0
2022-08-01,15C,"NHS BRISTOL, NORTH SOMERSET AND SOUTH GLOUCESTERSHIRE",4899,202387.1,0,0
2022-08-01,36L,"NHS SOUTH WEST LONDON",4951,177892.27,0,0
2022-08-01,42D,"NHS NORTH YORKSHIRE",4982,150506.84,0,0
2022-08-01,27D,"NHS CHESHIRE",4996,159230.6,0,0
2022-08-01,78H,"NHS NORTHAMPTONSHIRE",5134,143856.27,0,0
2022-08-01,93C,"NHS NORTH CENTRAL LONDON",5194,188663.71,0,0
2022-08-01,03R,"NHS WAKEFIELD",5265,168441.54,0,0
2022-08-01,14L,"NHS MANCHESTER",5278,160853.1,0,0
2022-08-01,04V,"NHS WEST LEICESTERSHIRE",5296,163314.76,0,0
2022-08-01,70F,"NHS WEST SUSSEX",5489,202610.01,0,0
2022-08-01,92G,"NHS BATH AND NORTH EAST SOMERSET, SWINDON AND WILTSHIRE",5753,195100.55,0,0
2022-08-01,92A,"NHS SURREY HEARTLANDS",5761,220124.36,0,0
2022-08-01,10Q,"NHS OXFORDSHIRE",5809,207074.46,0,0
2022-08-01,84H,"NHS COUNTY DURHAM",5867,180805.41,0,0
2022-08-01,15F,"NHS LEEDS",5903,198782.23,0,0
2022-08-01,99A,"NHS LIVERPOOL",6003,179467.22,0,0
2022-08-01,01A,"NHS EAST LANCASHIRE",6217,180015.73,0,0
2022-08-01,16C,"NHS TEES VALLEY",6936,215126.68,0,0
2022-08-01,72Q,"NHS SOUTH EAST LONDON",7134,277137.57,0,0
2022-08-01,A3A8R,"NHS NORTH EAST LONDON",7148,254614.25,0,0
2022-08-01,11N,"NHS CORNWALL AND THE ISLES OF SCILLY",7621,234677.19,0,0
2022-08-01,18C,"NHS HEREFORDSHIRE AND WORCESTERSHIRE",7905,284389.11,0,0
2022-08-01,11J,"NHS DORSET",8041,276373.57,0,0
2022-08-01,W2U3Z,"NHS NORTH WEST LONDON",9038,318810.35,0,0
2022-08-01,71E,"NHS LINCOLNSHIRE",9170,268445.01,0,0
2022-08-01,26A,"NHS NORFOLK AND WAVENEY",9571,301117.74,0,0
2022-08-01,M1J4Y,"NHS BEDFORDSHIRE, LUTON AND MILTON KEYNES",9658,319963.38,0,0
2022-08-01,B2M3M,"NHS COVENTRY AND WARWICKSHIRE",9814,291574.22,0,0
2022-08-01,06H,"NHS CAMBRIDGESHIRE AND PETERBOROUGH",10895,321171.32,0,0
2022-08-01,15N,"NHS DEVON",11140,375378.84,0,0
2022-08-01,91Q,"NHS KENT AND MEDWAY",11892,401228.31,0,0
2022-08-01,D2P2L,"NHS BLACK COUNTRY",12243,413190.94,0,0
2022-08-01,15E,"NHS BIRMINGHAM AND SOLIHULL",13033,442163.36,0,0
2022-08-01,15M,"NHS DERBY AND DERBYSHIRE",13317,494661.04,0,0
2022-08-01,52R,"NHS NOTTINGHAM AND NOTTINGHAMSHIRE",15481,489099.57,0,0
2022-08-01,D9Y0V,"NHS HAMPSHIRE, SOUTHAMPTON AND ISLE OF WIGHT",15774,618923.8,0,0
2022-09-01,09W,"NHS MEDWAY",0,0,0,0
2022-09-01,D4U1Y,"NHS FRIMLEY",9,246.76,0,0
2022-09-01,99C,"NHS NORTH TYNESIDE",750,27414.06,0,0
2022-09-01,02Q,"NHS BASSETLAW",1166,33639.41,0,0
2022-09-01,01V,"NHS SOUTHPORT AND FORMBY",1218,36901.97,0,0
2022-09-01,99G,"NHS SOUTHEND",1243,41259.63,0,0
2022-09-01,99F,"NHS CASTLE POINT AND ROCHFORD",1317,43836.43,0,0
2022-09-01,02G,"NHS WEST LANCASHIRE",1372,41480.51,0,0
2022-09-01,09D,"NHS BRIGHTON AND HOVE",1382,53675.74,0,0
2022-09-01,05V,"NHS STAFFORD AND SURROUNDS",1416,45562.28,0,0
2022-09-01,04Y,"NHS CANNOCK CHASE",1445,46523.74,0,0
2022-09-01,00X,"NHS CHORLEY AND SOUTH RIBBLE",1457,46880.27,0,0
2022-09-01,03Q,"NHS VALE OF YORK",1463,48221.51,0,0
2022-09-01,01T,"NHS SOUTH SEFTON",1485,42276.59,0,0
2022-09-01,05D,"NHS EAST STAFFORDSHIRE",1493,46714.23,0,0
2022-09-01,00N,"NHS SOUTH TYNESIDE",1616,59022.56,0,0
2022-09-01,06N,"NHS HERTS VALLEYS",1745,64121.02,0,0
2022-09-01,01E,"NHS GREATER PRESTON",1770,56393.52,0,0
2022-09-01,01Y,"NHS TAMESIDE AND GLOSSOP",1793,56887.2,0,0
2022-09-01,02T,"NHS CALDERDALE",1829,62642.67,0,0
2022-09-01,02A,"NHS TRAFFORD",1830,59518.54,0,0
2022-09-01,10R,"NHS PORTSMOUTH",1870,81525.08,0,0
2022-09-01,02M,"NHS FYLDE AND WYRE",1919,57928.26,0,0
2022-09-01,01F,"NHS HALTON",1921,59848.51,0,0
2022-09-01,00L,"NHS NORTHUMBERLAND",1958,62011.99,0,0
2022-09-01,97R,"NHS EAST SUSSEX",1985,66616.12,0,0
2022-09-01,01G,"NHS SALFORD",2012,60781.41,0,0
2022-09-01,00R,"NHS BLACKPOOL",2081,60617.85,0,0
2022-09-01,00T,"NHS BOLTON",2104,62837.94,0,0
2022-09-01,01H,"NHS NORTH CUMBRIA",2152,71632.37,0,0
2022-09-01,07G,"NHS THURROCK",2166,64591.88,0,0
2022-09-01,00Q,"NHS BLACKBURN WITH DARWEN",2187,65305.33,0,0
2022-09-01,05Q,"NHS SOUTH EAST STAFFORDSHIRE AND SEISDON PENINSULA",2191,73225.01,0,0
2022-09-01,05G,"NHS NORTH STAFFORDSHIRE",2223,67523.55,0,0
2022-09-01,01D,"NHS HEYWOOD, MIDDLETON AND ROCHDALE",2243,67882.12,0,0
2022-09-01,00V,"NHS BURY",2348,70185.42,0,0
2022-09-01,03K,"NHS NORTH LINCOLNSHIRE",2363,66454.55,0,0
2022-09-01,13T,"NHS NEWCASTLE GATESHEAD",2378,82819.34,0,0
2022-09-01,00P,"NHS SUNDERLAND",2410,82408.74,0,0
2022-09-01,03H,"NHS NORTH EAST LINCOLNSHIRE",2440,72926.26,0,0
2022-09-01,02E,"NHS WARRINGTON",2478,78600.01,0,0
2022-09-01,01W,"NHS STOCKPORT",2587,82575.33,0,0
2022-09-01,00Y,"NHS OLDHAM",2591,83342.73,0,0
2022-09-01,U2G6B,"NHS THAMES VALLEY ICB - U2G6B",2677,94990.83,0,0
2022-09-01,01X,"NHS ST HELENS",2680,81562.53,0,0
2022-09-01,99E,"NHS BASILDON AND BRENTWOOD",2748,87921.09,0,0
2022-09-01,X2C4Y,"NHS KIRKLEES",2794,102453.79,0,0
2022-09-01,07H,"NHS WEST ESSEX",2797,83614.72,0,0
2022-09-01,01J,"NHS KNOWSLEY",2817,82446.99,0,0
2022-09-01,06K,"NHS EAST AND NORTH HERTFORDSHIRE",2863,84797.44,0,0
2022-09-01,14Y,"NHS BUCKINGHAMSHIRE",2959,99045.14,0,0
2022-09-01,11X,"NHS SOMERSET",3016,100523.46,0,0
2022-09-01,06Q,"NHS MID ESSEX",3051,89234.04,0,0
2022-09-01,03L,"NHS ROTHERHAM",3164,93105.28,0,0
2022-09-01,02X,"NHS DONCASTER",3284,98122.08,0,0
2022-09-01,M2L0M,"NHS SHROPSHIRE, TELFORD AND WREKIN",3391,120724.44,0,0
2022-09-01,03F,"NHS HULL",3525,106566.21,0,0
2022-09-01,12F,"NHS WIRRAL",3539,111033.32,0,0
2022-09-01,02P,"NHS BARNSLEY",3564,106291.79,0,0
2022-09-01,05W,"NHS STOKE ON TRENT",3662,110349.72,0,0
2022-09-01,03W,"NHS EAST LEICESTERSHIRE AND RUTLAND",3683,112510.07,0,0
2022-09-01,02H,"NHS WIGAN BOROUGH",3716,118051.15,0,0
2022-09-01,02Y,"NHS EAST RIDING OF YORKSHIRE",3735,116178.45,0,0
2022-09-01,07K,"NHS WEST SUFFOLK",3772,106723.71,0,0
2022-09-01,06T,"NHS NORTH EAST ESSEX",3830,107032.3,0,0
2022-09-01,15A,"NHS BERKSHIRE WEST",3872,124075.93,0,0
2022-09-01,03N,"NHS SHEFFIELD",4159,134663.71,0,0
2022-09-01,04C,"NHS LEICESTER CITY",4408,129240.89,0,0
2022-09-01,06L,"NHS IPSWICH AND EAST SUFFOLK",4423,135887.79,0,0
2022-09-01,01K,"NHS MORECAMBE BAY",4442,138884.94,0,0
2022-09-01,11M,"NHS GLOUCESTERSHIRE",4713,157217.45,0,0
2022-09-01,36J,"NHS BRADFORD DISTRICT AND CRAVEN",4755,151168.1,0,0
2022-09-01,27D,"NHS CHESHIRE",4758,151495.5,0,0
2022-09-01,42D,"NHS NORTH YORKSHIRE",4934,149431.42,0,0
2022-09-01,78H,"NHS NORTHAMPTONSHIRE",4942,138724.04,0,0
2022-09-01,15C,"NHS BRISTOL, NORTH SOMERSET AND SOUTH GLOUCESTERSHIRE",4957,205487.02,0,0
2022-09-01,36L,"NHS SOUTH WEST LONDON",4968,178631.29,0,0
2022-09-01,14L,"NHS MANCHESTER",5181,158929.93,0,0
2022-09-01,93C,"NHS NORTH CENTRAL LONDON",5192,188225.78,0,0
2022-09-01,04V,"NHS WEST LEICESTERSHIRE",5204,159446.78,0,0
2022-09-01,03R,"NHS WAKEFIELD",5215,167123.08,0,0
2022-09-01,70F,"NHS WEST SUSSEX",5410,199953.28,0,0
2022-09-01,10Q,"NHS OXFORDSHIRE",5450,194029.86,0,0
2022-09-01,92A,"NHS SURREY HEARTLANDS",5711,217552.59,0,0
2022-09-01,92G,"NHS BATH AND NORTH EAST SOMERSET, SWINDON AND WILTSHIRE",5777,194745.34,0,0
2022-09-01,84H,"NHS COUNTY DURHAM",5784,177624.91,0,0
2022-09-01,15F,"NHS LEEDS",5839,197221.2,0,0
2022-09-01,99A,"NHS LIVERPOOL",5924,177218.2,0,0
2022-09-01,01A,"NHS EAST LANCASHIRE",6040,175353.76,0,0
2022-09-01,16C,"NHS TEES VALLEY",6895,214500.07,0,0
2022-09-01,72Q,"NHS SOUTH EAST LONDON",7114,276054.5,0,0
2022-09-01,A3A8R,"NHS NORTH EAST LONDON",7359,260957.55,0,0
2022-09-01,11N,"NHS CORNWALL AND THE ISLES OF SCILLY",7548,233149.67,0,0
2022-09-01,18C,"NHS HEREFORDSHIRE AND WORCESTERSHIRE",7712,278290.67,0,0
2022-09-01,11J,"NHS DORSET",7986,276221.44,0,0
2022-09-01,71E,"NHS LINCOLNSHIRE",9056,265963.1,0,0
2022-09-01,W2U3Z,"NHS NORTH WEST LONDON",9359,330727.76,0,0
2022-09-01,26A,"NHS NORFOLK AND WAVENEY",9553,300420.57,0,0
2022-09-01,M1J4Y,"NHS BEDFORDSHIRE, LUTON AND MILTON KEYNES",9564,317214.52,0,0
2022-09-01,B2M3M,"NHS COVENTRY AND WARWICKSHIRE",9723,289533.31,0,0
2022-09-01,15N,"NHS DEVON",10698,361068.01,0,0
2022-09-01,06H,"NHS CAMBRIDGESHIRE AND PETERBOROUGH",11018,323192.27,0,0
2022-09-01,91Q,"NHS KENT AND MEDWAY",11676,394926.95,0,0
2022-09-01,D2P2L,"NHS BLACK COUNTRY",12122,411003.07,0,0
2022-09-01,15M,"NHS DERBY AND DERBYSHIRE",12977,481246.36,0,0
2022-09-01,15E,"NHS BIRMINGHAM AND SOLIHULL",13030,440337.52,0,0
2022-09-01,52R,"NHS NOTTINGHAM AND NOTTINGHAMSHIRE",15165,479850.01,0,0
2022-09-01,D9Y0V,"NHS HAMPSHIRE, SOUTHAMPTON AND ISLE OF WIGHT",15350,603690.98,0,0
2022-10-01,09W,"NHS MEDWAY",0,0,0,0
2022-10-01,D4U1Y,"NHS FRIMLEY",14,410.87,0,0
2022-10-01,99C,"NHS NORTH TYNESIDE",767,28402.14,0,0
2022-10-01,02Q,"NHS BASSETLAW",1165,33665.38,0,0
2022-10-01,99G,"NHS SOUTHEND",1200,39687.9,0,0
2022-10-01,99F,"NHS CASTLE POINT AND ROCHFORD",1218,40126.09,0,0
2022-10-01,01V,"NHS SOUTHPORT AND FORMBY",1239,37689.7,0,0
2022-10-01,05V,"NHS STAFFORD AND SURROUNDS",1377,44069.16,0,0
2022-10-01,02G,"NHS WEST LANCASHIRE",1414,42538.04,0,0
2022-10-01,05D,"NHS EAST STAFFORDSHIRE",1460,45219.79,0,0
2022-10-01,01T,"NHS SOUTH SEFTON",1462,41965.64,0,0
2022-10-01,04Y,"NHS CANNOCK CHASE",1471,47028.89,0,0
2022-10-01,09D,"NHS BRIGHTON AND HOVE",1511,58912.24,0,0
2022-10-01,00X,"NHS CHORLEY AND SOUTH RIBBLE",1533,49138.05,0,0
2022-10-01,00N,"NHS SOUTH TYNESIDE",1572,56421.45,0,0
2022-10-01,03Q,"NHS VALE OF YORK",1578,52039.16,0,0
2022-10-01,06N,"NHS HERTS VALLEYS",1664,61460.01,0,0
2022-10-01,01Y,"NHS TAMESIDE AND GLOSSOP",1783,58915.62,0,0
2022-10-01,02T,"NHS CALDERDALE",1783,61325.05,0,0
2022-10-01,02A,"NHS TRAFFORD",1789,57628.83,0,0
2022-10-01,01E,"NHS GREATER PRESTON",1808,57711.04,0,0
2022-10-01,01F,"NHS HALTON",1850,57985.54,0,0
2022-10-01,02M,"NHS FYLDE AND WYRE",1853,55686.29,0,0
2022-10-01,10R,"NHS PORTSMOUTH",1875,81669.2,0,0
2022-10-01,00L,"NHS NORTHUMBERLAND",1886,59930.15,0,0
2022-10-01,97R,"NHS EAST SUSSEX",1967,65651.25,0,0
2022-10-01,01G,"NHS SALFORD",2029,60698.37,0,0
2022-10-01,00R,"NHS BLACKPOOL",2048,59521.25,0,0
2022-10-01,00T,"NHS BOLTON",2093,62725.23,0,0
2022-10-01,01H,"NHS NORTH CUMBRIA",2122,70169.21,0,0
2022-10-01,00Q,"NHS BLACKBURN WITH DARWEN",2125,63766.04,0,0
2022-10-01,07G,"NHS THURROCK",2148,63847.81,0,0
2022-10-01,05G,"NHS NORTH STAFFORDSHIRE",2180,66064.26,0,0
2022-10-01,01D,"NHS HEYWOOD, MIDDLETON AND ROCHDALE",2206,66888.35,0,0
2022-10-01,05Q,"NHS SOUTH EAST STAFFORDSHIRE AND SEISDON PENINSULA",2231,75516.83,0,0
2022-10-01,00P,"NHS SUNDERLAND",2314,78690.27,0,0
2022-10-01,13T,"NHS NEWCASTLE GATESHEAD",2355,82934.59,0,0
2022-10-01,03H,"NHS NORTH EAST LINCOLNSHIRE",2404,71872.78,0,0
2022-10-01,02E,"NHS WARRINGTON",2452,78472.67,0,0
2022-10-01,01W,"NHS STOCKPORT",2462,78692.13,0,0
2022-10-01,03K,"NHS NORTH LINCOLNSHIRE",2481,69926.13,0,0
2022-10-01,00V,"NHS BURY",2503,74530.96,0,0
2022-10-01,00Y,"NHS OLDHAM",2594,83403.02,0,0
2022-10-01,U2G6B,"NHS THAMES VALLEY ICB - U2G6B",2652,95067.39,0,0
2022-10-01,01X,"NHS ST HELENS",2706,81542.59,0,0
2022-10-01,X2C4Y,"NHS KIRKLEES",2795,103011.18,0,0
2022-10-01,06K,"NHS EAST AND NORTH HERTFORDSHIRE",2813,83459.45,0,0
2022-10-01,01J,"NHS KNOWSLEY",2826,83132.13,0,0
2022-10-01,07H,"NHS WEST ESSEX",2837,84606.17,0,0
2022-10-01,02X,"NHS DONCASTER",2950,88855.43,0,0
2022-10-01,11X,"NHS SOMERSET",3054,102292.98,0,0
2022-10-01,99E,"NHS BASILDON AND BRENTWOOD",3060,99699.45,0,0
2022-10-01,06Q,"NHS MID ESSEX",3081,90302.92,0,0
2022-10-01,14Y,"NHS BUCKINGHAMSHIRE",3129,103362.72,0,0
2022-10-01,03L,"NHS ROTHERHAM",3157,92390.02,0,0
2022-10-01,02P,"NHS BARNSLEY",3350,99839.38,0,0
2022-10-01,02H,"NHS WIGAN BOROUGH",3504,111095.14,0,0
2022-10-01,03F,"NHS HULL",3512,106303.78,0,0
2022-10-01,M2L0M,"NHS SHROPSHIRE, TELFORD AND WREKIN",3547,128277.75,0,0
2022-10-01,12F,"NHS WIRRAL",3592,113838.04,0,0
2022-10-01,15A,"NHS BERKSHIRE WEST",3625,117168.84,0,0
2022-10-01,05W,"NHS STOKE ON TRENT",3635,109043.2,0,0
2022-10-01,02Y,"NHS EAST RIDING OF YORKSHIRE",3656,114045.19,0,0
2022-10-01,06T,"NHS NORTH EAST ESSEX",3671,103208.4,0,0
2022-10-01,03W,"NHS EAST LEICESTERSHIRE AND RUTLAND",3781,115282.76,0,0
2022-10-01,07K,"NHS WEST SUFFOLK",3819,107693.84,0,0
2022-10-01,03N,"NHS SHEFFIELD",4186,135799.75,0,0
2022-10-01,04C,"NHS LEICESTER CITY",4322,125835.51,0,0
2022-10-01,06L,"NHS IPSWICH AND EAST SUFFOLK",4354,133681.09,0,0
2022-10-01,01K,"NHS MORECAMBE BAY",4463,140319.77,0,0
2022-10-01,27D,"NHS CHESHIRE",4537,144934.01,0,0
2022-10-01,36J,"NHS BRADFORD DISTRICT AND CRAVEN",4576,145005.38,0,0
2022-10-01,11M,"NHS GLOUCESTERSHIRE",4668,155375.03,0,0
2022-10-01,78H,"NHS NORTHAMPTONSHIRE",4774,133939.76,0,0
2022-10-01,42D,"NHS NORTH YORKSHIRE",5017,150498.12,0,0
2022-10-01,15C,"NHS BRISTOL, NORTH SOMERSET AND SOUTH GLOUCESTERSHIRE",5023,208453.16,0,0
2022-10-01,36L,"NHS SOUTH WEST LONDON",5041,181945.18,0,0
2022-10-01,03R,"NHS WAKEFIELD",5077,163243.96,0,0
2022-10-01,04V,"NHS WEST LEICESTERSHIRE",5202,160176.17,0,0
2022-10-01,93C,"NHS NORTH CENTRAL LONDON",5247,190326.04,0,0
2022-10-01,14L,"NHS MANCHESTER",5409,165220.87,0,0
2022-10-01,70F,"NHS WEST SUSSEX",5596,209327.47,0,0
2022-10-01,84H,"NHS COUNTY DURHAM",5621,174009.7,0,0
2022-10-01,10Q,"NHS OXFORDSHIRE",5748,205246.25,0,0
2022-10-01,15F,"NHS LEEDS",5748,194191.35,0,0
2022-10-01,92G,"NHS BATH AND NORTH EAST SOMERSET, SWINDON AND WILTSHIRE",5852,199989.24,0,0
2022-10-01,01A,"NHS EAST LANCASHIRE",5867,170291.55,0,0
2022-10-01,92A,"NHS SURREY HEARTLANDS",5965,227267.02,0,0
2022-10-01,99A,"NHS LIVERPOOL",6143,183521.41,0,0
2022-10-01,16C,"NHS TEES VALLEY",7003,218712.37,0,0
2022-10-01,11N,"NHS CORNWALL AND THE ISLES OF SCILLY",7260,223953.12,0,0
2022-10-01,72Q,"NHS SOUTH EAST LONDON",7281,284536.94,0,0
2022-10-01,A3A8R,"NHS NORTH EAST LONDON",7412,262091.24,0,0
2022-10-01,18C,"NHS HEREFORDSHIRE AND WORCESTERSHIRE",7986,287088.92,0,0
2022-10-01,11J,"NHS DORSET",8162,282157.88,0,0
2022-10-01,71E,"NHS LINCOLNSHIRE",8907,261856.1,0,0
2022-10-01,26A,"NHS NORFOLK AND WAVENEY",9357,294639.86,0,0
2022-10-01,W2U3Z,"NHS NORTH WEST LONDON",9386,329604.38,0,0
2022-10-01,M1J4Y,"NHS BEDFORDSHIRE, LUTON AND MILTON KEYNES",9823,326809.85,0,0
2022-10-01,B2M3M,"NHS COVENTRY AND WARWICKSHIRE",9838,292444.33,0,0
2022-10-01,15N,"NHS DEVON",10194,344522.3,0,0
2022-10-01,06H,"NHS CAMBRIDGESHIRE AND PETERBOROUGH",10847,318185.26,0,0
2022-10-01,91Q,"NHS KENT AND MEDWAY",11910,405682.49,0,0
2022-10-01,D2P2L,"NHS BLACK COUNTRY",11978,403614.32,0,0
2022-10-01,15E,"NHS BIRMINGHAM AND SOLIHULL",12589,426511.17,0,0
2022-10-01,15M,"NHS DERBY AND DERBYSHIRE",12686,471329.14,0,0
2022-10-01,D9Y0V,"NHS HAMPSHIRE, SOUTHAMPTON AND ISLE OF WIGHT",15016,592264.05,0,0
2022-10-01,52R,"NHS NOTTINGHAM AND NOTTINGHAMSHIRE",15215,480285.91,0,0
2022-11-01,09W,"NHS MEDWAY",0,0,0,0
2022-11-01,D4U1Y,"NHS FRIMLEY",17,466.25,0,0
2022-11-01,99C,"NHS NORTH TYNESIDE",781,28820.75,0,0
2022-11-01,02Q,"NHS BASSETLAW",1204,34664.11,0,0
2022-11-01,99G,"NHS SOUTHEND",1241,41107.5,0,0
2022-11-01,01V,"NHS SOUTHPORT AND FORMBY",1281,39216.48,0,0
2022-11-01,05V,"NHS STAFFORD AND SURROUNDS",1356,43574.29,0,0
2022-11-01,99F,"NHS CASTLE POINT AND ROCHFORD",1363,45330.5,0,0
2022-11-01,00X,"NHS CHORLEY AND SOUTH RIBBLE",1405,44508.77,0,0
2022-11-01,02G,"NHS WEST LANCASHIRE",1456,44043.33,0,0
2022-11-01,09D,"NHS BRIGHTON AND HOVE",1472,57174.4,0,0
2022-11-01,03Q,"NHS VALE OF YORK",1524,51170.25,0,0
2022-11-01,01T,"NHS SOUTH SEFTON",1551,44318.68,0,0
2022-11-01,04Y,"NHS CANNOCK CHASE",1586,51007.75,0,0
2022-11-01,05D,"NHS EAST STAFFORDSHIRE",1612,50019.01,0,0
2022-11-01,00N,"NHS SOUTH TYNESIDE",1688,61782.46,0,0
2022-11-01,06N,"NHS HERTS VALLEYS",1741,65675.36,0,0
2022-11-01,02T,"NHS CALDERDALE",1796,61400,0,0
2022-11-01,02A,"NHS TRAFFORD",1874,60852.71,0,0
2022-11-01,01Y,"NHS TAMESIDE AND GLOSSOP",1876,60140.06,0,0
2022-11-01,01E,"NHS GREATER PRESTON",1883,59893.21,0,0
2022-11-01,97R,"NHS EAST SUSSEX",2024,67404.28,0,0
2022-11-01,01H,"NHS NORTH CUMBRIA",2029,66772.68,0,0
2022-11-01,10R,"NHS PORTSMOUTH",2032,89775.43,0,0
2022-11-01,02M,"NHS FYLDE AND WYRE",2034,61072.15,0,0
2022-11-01,00L,"NHS NORTHUMBERLAND",2040,64993.6,0,0
2022-11-01,01F,"NHS HALTON",2063,64528.43,0,0
2022-11-01,01G,"NHS SALFORD",2093,63432.27,0,0
2022-11-01,00T,"NHS BOLTON",2130,64227.66,0,0
2022-11-01,00R,"NHS BLACKPOOL",2140,62500.78,0,0
2022-11-01,01D,"NHS HEYWOOD, MIDDLETON AND ROCHDALE",2179,66448.75,0,0
2022-11-01,07G,"NHS THURROCK",2238,66585.83,0,0
2022-11-01,05G,"NHS NORTH STAFFORDSHIRE",2262,68914.6,0,0
2022-11-01,05Q,"NHS SOUTH EAST STAFFORDSHIRE AND SEISDON PENINSULA",2308,77689.36,0,0
2022-11-01,13T,"NHS NEWCASTLE GATESHEAD",2309,80133.29,0,0
2022-11-01,00Q,"NHS BLACKBURN WITH DARWEN",2310,69657.75,0,0
2022-11-01,00P,"NHS SUNDERLAND",2385,81501.04,0,0
2022-11-01,00V,"NHS BURY",2402,71851.9,0,0
2022-11-01,02E,"NHS WARRINGTON",2421,77389.24,0,0
2022-11-01,03H,"NHS NORTH EAST LINCOLNSHIRE",2426,72454.33,0,0
2022-11-01,01W,"NHS STOCKPORT",2446,78267.07,0,0
2022-11-01,03K,"NHS NORTH LINCOLNSHIRE",2485,69847.59,0,0
2022-11-01,00Y,"NHS OLDHAM",2569,82654.72,0,0
2022-11-01,U2G6B,"NHS THAMES VALLEY ICB - U2G6B",2649,95018.99,0,0
2022-11-01,01X,"NHS ST HELENS",2782,84466.6,0,0
2022-11-01,01J,"NHS KNOWSLEY",2795,81478.77,0,0
2022-11-01,02X,"NHS DONCASTER",2838,85097.28,0,0
2022-11-01,99E,"NHS BASILDON AND BRENTWOOD",2842,91895.92,0,0
2022-11-01,06K,"NHS EAST AND NORTH HERTFORDSHIRE",2850,84329.41,0,0
2022-11-01,11X,"NHS SOMERSET",2930,98966.81,0,0
2022-11-01,14Y,"NHS BUCKINGHAMSHIRE",2951,97840.7,0,0
2022-11-01,X2C4Y,"NHS KIRKLEES",2954,109633.73,0,0
2022-11-01,07H,"NHS WEST ESSEX",2955,88164.32,0,0
2022-11-01,15A,"NHS BERKSHIRE WEST",3152,102477.75,0,0
2022-11-01,06Q,"NHS MID ESSEX",3154,91592.37,0,0
2022-11-01,03L,"NHS ROTHERHAM",3260,95327.42,0,0
2022-11-01,02P,"NHS BARNSLEY",3403,101469.52,0,0
2022-11-01,M2L0M,"NHS SHROPSHIRE, TELFORD AND WREKIN",3507,126112.83,0,0
2022-11-01,02H,"NHS WIGAN BOROUGH",3535,113040.34,0,0
2022-11-01,03F,"NHS HULL",3580,108243.52,0,0
2022-11-01,12F,"NHS WIRRAL",3690,116688.12,0,0
2022-11-01,02Y,"NHS EAST RIDING OF YORKSHIRE",3784,118215.47,0,0
2022-11-01,03W,"NHS EAST LEICESTERSHIRE AND RUTLAND",3830,117507.13,0,0
2022-11-01,06T,"NHS NORTH EAST ESSEX",3841,107557.91,0,0
2022-11-01,07K,"NHS WEST SUFFOLK",3926,110923.68,0,0
2022-11-01,05W,"NHS STOKE ON TRENT",3959,119514.99,0,0
2022-11-01,03N,"NHS SHEFFIELD",4247,137775.48,0,0
2022-11-01,06L,"NHS IPSWICH AND EAST SUFFOLK",4258,130279.83,0,0
2022-11-01,27D,"NHS CHESHIRE",4297,138612.14,0,0
2022-11-01,04C,"NHS LEICESTER CITY",4428,129745.88,0,0
2022-11-01,01K,"NHS MORECAMBE BAY",4539,142191.67,0,0
2022-11-01,36J,"NHS BRADFORD DISTRICT AND CRAVEN",4640,146990.51,0,0
2022-11-01,11M,"NHS GLOUCESTERSHIRE",4671,156606.35,0,0
2022-11-01,78H,"NHS NORTHAMPTONSHIRE",4839,136050.91,0,0
2022-11-01,42D,"NHS NORTH YORKSHIRE",4941,149997.16,0,0
2022-11-01,15C,"NHS BRISTOL, NORTH SOMERSET AND SOUTH GLOUCESTERSHIRE",5011,207221.21,0,0
2022-11-01,03R,"NHS WAKEFIELD",5189,167666.38,0,0
2022-11-01,36L,"NHS SOUTH WEST LONDON",5200,188309.58,0,0
2022-11-01,14L,"NHS MANCHESTER",5221,160430.88,0,0
2022-11-01,04V,"NHS WEST LEICESTERSHIRE",5371,164376.42,0,0
2022-11-01,10Q,"NHS OXFORDSHIRE",5394,188849.89,0,0
2022-11-01,93C,"NHS NORTH CENTRAL LONDON",5426,195768.82,0,0
2022-11-01,70F,"NHS WEST SUSSEX",5485,202810.23,0,0
2022-11-01,92G,"NHS BATH AND NORTH EAST SOMERSET, SWINDON AND WILTSHIRE",5845,198176.21,0,0
2022-11-01,84H,"NHS COUNTY DURHAM",5856,180310.58,0,0
2022-11-01,92A,"NHS SURREY HEARTLANDS",5943,227297.48,0,0
2022-11-01,01A,"NHS EAST LANCASHIRE",5977,173049.99,0,0
2022-11-01,15F,"NHS LEEDS",6025,203231.19,0,0
2022-11-01,99A,"NHS LIVERPOOL",6090,182922.18,0,0
2022-11-01,16C,"NHS TEES VALLEY",6961,217608.08,0,0
2022-11-01,72Q,"NHS SOUTH EAST LONDON",7385,286530.23,0,0
2022-11-01,A3A8R,"NHS NORTH EAST LONDON",7482,265726.87,0,0
2022-11-01,11N,"NHS CORNWALL AND THE ISLES OF SCILLY",7536,232890.33,0,0
2022-11-01,18C,"NHS HEREFORDSHIRE AND WORCESTERSHIRE",8058,290574.26,0,0
2022-11-01,11J,"NHS DORSET",8272,285381.45,0,0
2022-11-01,71E,"NHS LINCOLNSHIRE",9054,265878.22,0,0
2022-11-01,15N,"NHS DEVON",9140,310421.16,0,0
2022-11-01,26A,"NHS NORFOLK AND WAVENEY",9830,309204.62,0,0
2022-11-01,W2U3Z,"NHS NORTH WEST LONDON",9846,345252.2,0,0
2022-11-01,M1J4Y,"NHS BEDFORDSHIRE, LUTON AND MILTON KEYNES",9867,327044.1,0,0
2022-11-01,B2M3M,"NHS COVENTRY AND WARWICKSHIRE",10030,299466.81,0,0
2022-11-01,06H,"NHS CAMBRIDGESHIRE AND PETERBOROUGH",10726,314842.96,0,0
2022-11-01,91Q,"NHS KENT AND MEDWAY",11965,406479.9,0,0
2022-11-01,D2P2L,"NHS BLACK COUNTRY",12506,423028.26,0,0
2022-11-01,15M,"NHS DERBY AND DERBYSHIRE",12966,482815.86,0,0
2022-11-01,15E,"NHS BIRMINGHAM AND SOLIHULL",13116,443321.49,0,0
2022-11-01,D9Y0V,"NHS HAMPSHIRE, SOUTHAMPTON AND ISLE OF WIGHT",14831,584678.61,0,0
2022-11-01,52R,"NHS NOTTINGHAM AND NOTTINGHAMSHIRE",15299,484958.97,0,0
2022-12-01,09W,"NHS MEDWAY",0,0,0,0
2022-12-01,D4U1Y,"NHS FRIMLEY",20,575.87,0,0
2022-12-01,99C,"NHS NORTH TYNESIDE",773,28325.12,0,0
2022-12-01,02Q,"NHS BASSETLAW",1298,37568.28,0,0
2022-12-01,99G,"NHS SOUTHEND",1326,44477.01,0,0
2022-12-01,99F,"NHS CASTLE POINT AND ROCHFORD",1371,45573.81,0,0
2022-12-01,01V,"NHS SOUTHPORT AND FORMBY",1372,41791.3,0,0
2022-12-01,10R,"NHS PORTSMOUTH",1485,64463.5,0,0
2022-12-01,05V,"NHS STAFFORD AND SURROUNDS",1497,48095.39,0,0
2022-12-01,09D,"NHS BRIGHTON AND HOVE",1521,59336.21,0,0
2022-12-01,02G,"NHS WEST LANCASHIRE",1574,47495.29,0,0
2022-12-01,00X,"NHS CHORLEY AND SOUTH RIBBLE",1594,51552.35,0,0
2022-12-01,04Y,"NHS CANNOCK CHASE",1601,51442.65,0,0
2022-12-01,05D,"NHS EAST STAFFORDSHIRE",1627,51413.45,0,0
2022-12-01,01T,"NHS SOUTH SEFTON",1652,47770.36,0,0
2022-12-01,00N,"NHS SOUTH TYNESIDE",1676,59995.98,0,0
2022-12-01,03Q,"NHS VALE OF YORK",1688,56239.3,0,0
2022-12-01,06N,"NHS HERTS VALLEYS",1704,63723.76,0,0
2022-12-01,01E,"NHS GREATER PRESTON",1848,59148.16,0,0
2022-12-01,02T,"NHS CALDERDALE",1905,65343.94,0,0
2022-12-01,01Y,"NHS TAMESIDE AND GLOSSOP",1925,63043.63,0,0
2022-12-01,02A,"NHS TRAFFORD",1942,62987.06,0,0
2022-12-01,01F,"NHS HALTON",2031,63481.57,0,0
2022-12-01,97R,"NHS EAST SUSSEX",2150,71676.5,0,0
2022-12-01,00L,"NHS NORTHUMBERLAND",2151,68688.85,0,0
2022-12-01,02M,"NHS FYLDE AND WYRE",2168,65591.88,0,0
2022-12-01,01H,"NHS NORTH CUMBRIA",2195,71648.6,0,0
2022-12-01,01G,"NHS SALFORD",2199,66389.2,0,0
2022-12-01,00T,"NHS BOLTON",2213,66224.92,0,0
2022-12-01,07G,"NHS THURROCK",2273,68691.89,0,0
2022-12-01,00R,"NHS BLACKPOOL",2275,66008.27,0,0
2022-12-01,01D,"NHS HEYWOOD, MIDDLETON AND ROCHDALE",2328,70557.24,0,0
2022-12-01,05Q,"NHS SOUTH EAST STAFFORDSHIRE AND SEISDON PENINSULA",2358,79410.9,0,0
2022-12-01,00Q,"NHS BLACKBURN WITH DARWEN",2394,71873.79,0,0
2022-12-01,05G,"NHS NORTH STAFFORDSHIRE",2441,74283.88,0,0
2022-12-01,00V,"NHS BURY",2446,73080.56,0,0
2022-12-01,13T,"NHS NEWCASTLE GATESHEAD",2468,85991.4,0,0
2022-12-01,00P,"NHS SUNDERLAND",2477,84730.56,0,0
2022-12-01,03K,"NHS NORTH LINCOLNSHIRE",2606,73489.3,0,0
2022-12-01,01W,"NHS STOCKPORT",2607,83251.99,0,0
2022-12-01,02E,"NHS WARRINGTON",2623,83445.71,0,0
2022-12-01,00Y,"NHS OLDHAM",2672,86706.57,0,0
2022-12-01,03H,"NHS NORTH EAST LINCOLNSHIRE",2698,81004.33,0,0
2022-12-01,02X,"NHS DONCASTER",2881,86708.67,0,0
2022-12-01,U2G6B,"NHS THAMES VALLEY ICB - U2G6B",2936,104828.48,0,0
2022-12-01,99E,"NHS BASILDON AND BRENTWOOD",2941,95782.72,0,0
2022-12-01,06K,"NHS EAST AND NORTH HERTFORDSHIRE",2957,87969.86,0,0
2022-12-01,01J,"NHS KNOWSLEY",2964,87011.72,0,0
2022-12-01,07H,"NHS WEST ESSEX",2964,88815.5,0,0
2022-12-01,X2C4Y,"NHS KIRKLEES",3007,111270.72,0,0
2022-12-01,11X,"NHS SOMERSET",3017,101971,0,0
2022-12-01,01X,"NHS ST HELENS",3027,91891.6,0,0
2022-12-01,14Y,"NHS BUCKINGHAMSHIRE",3041,100821.93,0,0
2022-12-01,15A,"NHS BERKSHIRE WEST",3060,99561.82,0,0
2022-12-01,06Q,"NHS MID ESSEX",3379,98687.4,0,0
2022-12-01,03L,"NHS ROTHERHAM",3436,101106.21,0,0
2022-12-01,02P,"NHS BARNSLEY",3591,107522.08,0,0
2022-12-01,02H,"NHS WIGAN BOROUGH",3693,117693.64,0,0
2022-12-01,03F,"NHS HULL",3751,113555.25,0,0
2022-12-01,12F,"NHS WIRRAL",3893,123753.95,0,0
2022-12-01,M2L0M,"NHS SHROPSHIRE, TELFORD AND WREKIN",3958,141910.59,0,0
2022-12-01,06T,"NHS NORTH EAST ESSEX",3960,111333.95,0,0
2022-12-01,07K,"NHS WEST SUFFOLK",3962,111710.81,0,0
2022-12-01,02Y,"NHS EAST RIDING OF YORKSHIRE",4001,125281.47,0,0
2022-12-01,05W,"NHS STOKE ON TRENT",4017,120877.23,0,0
2022-12-01,03W,"NHS EAST LEICESTERSHIRE AND RUTLAND",4060,124216.68,0,0
2022-12-01,27D,"NHS CHESHIRE",4419,142656.04,0,0
2022-12-01,03N,"NHS SHEFFIELD",4518,146046.59,0,0
2022-12-01,06L,"NHS IPSWICH AND EAST SUFFOLK",4617,142169.34,0,0
2022-12-01,04C,"NHS LEICESTER CITY",4647,136180.45,0,0
2022-12-01,78H,"NHS NORTHAMPTONSHIRE",4721,132995.9,0,0
2022-12-01,01K,"NHS MORECAMBE BAY",4892,155038.77,0,0
2022-12-01,11M,"NHS GLOUCESTERSHIRE",4976,167151.37,0,0
2022-12-01,36J,"NHS BRADFORD DISTRICT AND CRAVEN",4998,160305.42,0,0
2022-12-01,10Q,"NHS OXFORDSHIRE",5026,176414.42,0,0
2022-12-01,42D,"NHS NORTH YORKSHIRE",5234,157279.32,0,0
2022-12-01,15C,"NHS BRISTOL, NORTH SOMERSET AND SOUTH GLOUCESTERSHIRE",5274,220448.42,0,0
2022-12-01,36L,"NHS SOUTH WEST LONDON",5367,194821.37,0,0
2022-12-01,03R,"NHS WAKEFIELD",5408,173412.5,0,0
2022-12-01,14L,"NHS MANCHESTER",5493,167686.1,0,0
2022-12-01,93C,"NHS NORTH CENTRAL LONDON",5598,203294.22,0,0
2022-12-01,04V,"NHS WEST LEICESTERSHIRE",5759,177498.1,0,0
2022-12-01,70F,"NHS WEST SUSSEX",5936,222974.49,0,0
2022-12-01,01A,"NHS EAST LANCASHIRE",6167,179341.89,0,0
2022-12-01,92G,"NHS BATH AND NORTH EAST SOMERSET, SWINDON AND WILTSHIRE",6178,211212.5,0,0
2022-12-01,84H,"NHS COUNTY DURHAM",6238,193926.73,0,0
2022-12-01,99A,"NHS LIVERPOOL",6408,193356.02,0,0
2022-12-01,15F,"NHS LEEDS",6415,218598.31,0,0
2022-12-01,92A,"NHS SURREY HEARTLANDS",6435,247652.67,0,0
2022-12-01,16C,"NHS TEES VALLEY",7126,223103.33,0,0
2022-12-01,A3A8R,"NHS NORTH EAST LONDON",7704,272178.63,0,0
2022-12-01,72Q,"NHS SOUTH EAST LONDON",7868,306277.93,0,0
2022-12-01,11N,"NHS CORNWALL AND THE ISLES OF SCILLY",7920,244060.46,0,0
2022-12-01,18C,"NHS HEREFORDSHIRE AND WORCESTERSHIRE",8604,310967.09,0,0
2022-12-01,11J,"NHS DORSET",8710,302195.44,0,0
2022-12-01,15N,"NHS DEVON",9201,312175.22,0,0
2022-12-01,71E,"NHS LINCOLNSHIRE",9322,273725.92,0,0
2022-12-01,26A,"NHS NORFOLK AND WAVENEY",10066,317515.8,0,0
2022-12-01,W2U3Z,"NHS NORTH WEST LONDON",10254,362664.28,0,0
2022-12-01,M1J4Y,"NHS BEDFORDSHIRE, LUTON AND MILTON KEYNES",10303,341689.68,0,0
2022-12-01,B2M3M,"NHS COVENTRY AND WARWICKSHIRE",10478,313428.96,0,0
2022-12-01,06H,"NHS CAMBRIDGESHIRE AND PETERBOROUGH",11151,327761.94,0,0
2022-12-01,91Q,"NHS KENT AND MEDWAY",12800,437679.83,0,0
2022-12-01,D2P2L,"NHS BLACK COUNTRY",12907,438625.66,0,0
2022-12-01,15M,"NHS DERBY AND DERBYSHIRE",13505,503068.69,0,0
2022-12-01,15E,"NHS BIRMINGHAM AND SOLIHULL",13663,463798.27,0,0
2022-12-01,D9Y0V,"NHS HAMPSHIRE, SOUTHAMPTON AND ISLE OF WIGHT",14496,570133.55,0,0
2022-12-01,52R,"NHS NOTTINGHAM AND NOTTINGHAMSHIRE",15824,499895.43,0,0
2023-01-01,09W,"NHS MEDWAY",0,0,0,0
2023-01-01,D4U1Y,"NHS FRIMLEY",18,522.16,0,0
2023-01-01,99C,"NHS NORTH TYNESIDE",771,28551.15,0,0
2023-01-01,10R,"NHS PORTSMOUTH",815,34924.82,0,0
2023-01-01,02Q,"NHS BASSETLAW",1235,35286.4,0,0
2023-01-01,01V,"NHS SOUTHPORT AND FORMBY",1275,38858.78,0,0
2023-01-01,99G,"NHS SOUTHEND",1275,42539.76,0,0
2023-01-01,99F,"NHS CASTLE POINT AND ROCHFORD",1370,45947.06,0,0
2023-01-01,01T,"NHS SOUTH SEFTON",1451,41855.2,0,0
2023-01-01,09D,"NHS BRIGHTON AND HOVE",1465,56854.14,0,0
2023-01-01,02G,"NHS WEST LANCASHIRE",1480,44959.68,0,0
2023-01-01,00X,"NHS CHORLEY AND SOUTH RIBBLE",1485,47981.52,0,0
2023-01-01,05D,"NHS EAST STAFFORDSHIRE",1493,47540.03,0,0
2023-01-01,05V,"NHS STAFFORD AND SURROUNDS",1493,48638.91,0,0
2023-01-01,03Q,"NHS VALE OF YORK",1563,52376.17,0,0
2023-01-01,06N,"NHS HERTS VALLEYS",1590,59987.03,0,0
2023-01-01,04Y,"NHS CANNOCK CHASE",1596,51031.92,0,0
2023-01-01,00N,"NHS SOUTH TYNESIDE",1616,58284.44,0,0
2023-01-01,01Y,"NHS TAMESIDE AND GLOSSOP",1834,59468.34,0,0
2023-01-01,02A,"NHS TRAFFORD",1842,59743.13,0,0
2023-01-01,01E,"NHS GREATER PRESTON",1908,60513.08,0,0
2023-01-01,02T,"NHS CALDERDALE",1921,66034.82,0,0
2023-01-01,01F,"NHS HALTON",1964,60898.45,0,0
2023-01-01,00L,"NHS NORTHUMBERLAND",1998,63123.59,0,0
2023-01-01,01G,"NHS SALFORD",2052,61696.15,0,0
2023-01-01,02M,"NHS FYLDE AND WYRE",2059,62436.05,0,0
2023-01-01,00R,"NHS BLACKPOOL",2108,62136.36,0,0
2023-01-01,97R,"NHS EAST SUSSEX",2111,69605.89,0,0
2023-01-01,01H,"NHS NORTH CUMBRIA",2126,69769.69,0,0
2023-01-01,00T,"NHS BOLTON",2142,63977.33,0,0
2023-01-01,05G,"NHS NORTH STAFFORDSHIRE",2217,67162.62,0,0
2023-01-01,07G,"NHS THURROCK",2286,68455.94,0,0
2023-01-01,13T,"NHS NEWCASTLE GATESHEAD",2322,80241.91,0,0
2023-01-01,01D,"NHS HEYWOOD, MIDDLETON AND ROCHDALE",2328,71891.04,0,0
2023-01-01,00V,"NHS BURY",2350,70627.72,0,0
2023-01-01,05Q,"NHS SOUTH EAST STAFFORDSHIRE AND SEISDON PENINSULA",2364,79610.27,0,0
2023-01-01,00Q,"NHS BLACKBURN WITH DARWEN",2372,71287.24,0,0
2023-01-01,01W,"NHS STOCKPORT",2420,78347.73,0,0
2023-01-01,00P,"NHS SUNDERLAND",2426,82990.22,0,0
2023-01-01,03K,"NHS NORTH LINCOLNSHIRE",2487,70021.07,0,0
2023-01-01,14Y,"NHS BUCKINGHAMSHIRE",2503,84331.94,0,0
2023-01-01,02E,"NHS WARRINGTON",2514,80134.19,0,0
2023-01-01,03H,"NHS NORTH EAST LINCOLNSHIRE",2540,75875.64,0,0
2023-01-01,00Y,"NHS OLDHAM",2610,84997.87,0,0
2023-01-01,15A,"NHS BERKSHIRE WEST",2686,87631.77,0,0
2023-01-01,U2G6B,"NHS THAMES VALLEY ICB - U2G6B",2705,97855.12,0,0
2023-01-01,02X,"NHS DONCASTER",2724,82306.76,0,0
2023-01-01,01X,"NHS ST HELENS",2771,84065.8,0,0
2023-01-01,11X,"NHS SOMERSET",2816,96613.42,0,0
2023-01-01,99E,"NHS BASILDON AND BRENTWOOD",2843,92746.92,0,0
2023-01-01,07H,"NHS WEST ESSEX",2844,85270.77,0,0
2023-01-01,01J,"NHS KNOWSLEY",2859,83709.84,0,0
2023-01-01,X2C4Y,"NHS KIRKLEES",2899,108570.84,0,0
2023-01-01,06K,"NHS EAST AND NORTH HERTFORDSHIRE",2930,87638.01,0,0
2023-01-01,02P,"NHS BARNSLEY",3337,99840.22,0,0
2023-01-01,06Q,"NHS MID ESSEX",3351,97664.83,0,0
2023-01-01,03L,"NHS ROTHERHAM",3435,100802.83,0,0
2023-01-01,03F,"NHS HULL",3533,107479.93,0,0
2023-01-01,12F,"NHS WIRRAL",3560,112315.08,0,0
2023-01-01,02H,"NHS WIGAN BOROUGH",3594,114568.08,0,0
2023-01-01,M2L0M,"NHS SHROPSHIRE, TELFORD AND WREKIN",3639,132597.68,0,0
2023-01-01,02Y,"NHS EAST RIDING OF YORKSHIRE",3794,119093.46,0,0
2023-01-01,03W,"NHS EAST LEICESTERSHIRE AND RUTLAND",3855,118440.21,0,0
2023-01-01,06T,"NHS NORTH EAST ESSEX",3875,109156.61,0,0
2023-01-01,05W,"NHS STOKE ON TRENT",4030,121441.01,0,0
2023-01-01,27D,"NHS CHESHIRE",4076,131690.17,0,0
2023-01-01,07K,"NHS WEST SUFFOLK",4091,116677.72,0,0
2023-01-01,03N,"NHS SHEFFIELD",4351,139932.32,0,0
2023-01-01,78H,"NHS NORTHAMPTONSHIRE",4391,123582.29,0,0
2023-01-01,04C,"NHS LEICESTER CITY",4427,130071.57,0,0
2023-01-01,01K,"NHS MORECAMBE BAY",4456,140782.24,0,0
2023-01-01,06L,"NHS IPSWICH AND EAST SUFFOLK",4469,135965.56,0,0
2023-01-01,10Q,"NHS OXFORDSHIRE",4578,160254.45,0,0
2023-01-01,11M,"NHS GLOUCESTERSHIRE",4585,153416.15,0,0
2023-01-01,36J,"NHS BRADFORD DISTRICT AND CRAVEN",4812,153205.33,0,0
2023-01-01,42D,"NHS NORTH YORKSHIRE",4915,147948.95,0,0
2023-01-01,36L,"NHS SOUTH WEST LONDON",5185,187136.69,0,0
2023-01-01,15C,"NHS BRISTOL, NORTH SOMERSET AND SOUTH GLOUCESTERSHIRE",5201,215650.01,0,0
2023-01-01,03R,"NHS WAKEFIELD",5301,170984.05,0,0
2023-01-01,14L,"NHS MANCHESTER",5434,166784.35,0,0
2023-01-01,04V,"NHS WEST LEICESTERSHIRE",5481,168071.71,0,0
2023-01-01,93C,"NHS NORTH CENTRAL LONDON",5503,198595.8,0,0
2023-01-01,84H,"NHS COUNTY DURHAM",5812,179450.5,0,0
2023-01-01,70F,"NHS WEST SUSSEX",5854,216368.81,0,0
2023-01-01,92G,"NHS BATH AND NORTH EAST SOMERSET, SWINDON AND WILTSHIRE",5865,201117.49,0,0
2023-01-01,01A,"NHS EAST LANCASHIRE",5906,172227.54,0,0
2023-01-01,92A,"NHS SURREY HEARTLANDS",6118,235080.95,0,0
2023-01-01,15F,"NHS LEEDS",6184,210360.33,0,0
2023-01-01,99A,"NHS LIVERPOOL",6192,185667.7,0,0
2023-01-01,16C,"NHS TEES VALLEY",7136,224547.54,0,0
2023-01-01,72Q,"NHS SOUTH EAST LONDON",7545,296167.9,0,0
2023-01-01,11N,"NHS CORNWALL AND THE ISLES OF SCILLY",7622,234392.87,0,0
2023-01-01,A3A8R,"NHS NORTH EAST LONDON",7896,279360.53,0,0
2023-01-01,18C,"NHS HEREFORDSHIRE AND WORCESTERSHIRE",8217,297715.67,0,0
2023-01-01,15N,"NHS DEVON",8272,279931.35,0,0
2023-01-01,11J,"NHS DORSET",8320,286581.9,0,0
2023-01-01,71E,"NHS LINCOLNSHIRE",9156,270939.31,0,0
2023-01-01,26A,"NHS NORFOLK AND WAVENEY",9657,304984.91,0,0
2023-01-01,B2M3M,"NHS COVENTRY AND WARWICKSHIRE",9746,291461.46,0,0
2023-01-01,M1J4Y,"NHS BEDFORDSHIRE, LUTON AND MILTON KEYNES",9941,330832.16,0,0
2023-01-01,W2U3Z,"NHS NORTH WEST LONDON",10054,355567.92,0,0
2023-01-01,06H,"NHS CAMBRIDGESHIRE AND PETERBOROUGH",10801,318441.51,0,0
2023-01-01,91Q,"NHS KENT AND MEDWAY",12183,415296.54,0,0
2023-01-01,D2P2L,"NHS BLACK COUNTRY",12769,434353.09,0,0
2023-01-01,15M,"NHS DERBY AND DERBYSHIRE",12828,474976.61,0,0
2023-01-01,D9Y0V,"NHS HAMPSHIRE, SOUTHAMPTON AND ISLE OF WIGHT",13301,521685.89,0,0
2023-01-01,15E,"NHS BIRMINGHAM AND SOLIHULL",13386,455952.55,0,0
2023-01-01,52R,"NHS NOTTINGHAM AND NOTTINGHAMSHIRE",15441,491769.24,0,0
2023-02-01,09W,"NHS MEDWAY",0,0,0,0
2023-02-01,D4U1Y,"NHS FRIMLEY",24,659.96,0,0
2023-02-01,10R,"NHS PORTSMOUTH",360,14654.63,0,0
2023-02-01,99C,"NHS NORTH TYNESIDE",672,24113.76,0,0
2023-02-01,02Q,"NHS BASSETLAW",1123,32447.04,0,0
2023-02-01,99G,"NHS SOUTHEND",1161,37780.52,0,0
2023-02-01,01V,"NHS SOUTHPORT AND FORMBY",1173,35746.68,0,0
2023-02-01,99F,"NHS CASTLE POINT AND ROCHFORD",1292,43031.94,0,0
2023-02-01,00X,"NHS CHORLEY AND SOUTH RIBBLE",1339,44022.08,0,0
2023-02-01,05V,"NHS STAFFORD AND SURROUNDS",1352,43525.86,0,0
2023-02-01,09D,"NHS BRIGHTON AND HOVE",1355,52597.99,0,0
2023-02-01,02G,"NHS WEST LANCASHIRE",1397,42923.36,0,0
2023-02-01,01T,"NHS SOUTH SEFTON",1402,40174.81,0,0
2023-02-01,06N,"NHS HERTS VALLEYS",1414,53093.26,0,0
2023-02-01,05D,"NHS EAST STAFFORDSHIRE",1420,44543.28,0,0
2023-02-01,03Q,"NHS VALE OF YORK",1428,47265.24,0,0
2023-02-01,04Y,"NHS CANNOCK CHASE",1450,46854.41,0,0
2023-02-01,00N,"NHS SOUTH TYNESIDE",1473,53176.65,0,0
2023-02-01,01Y,"NHS TAMESIDE AND GLOSSOP",1611,52408.74,0,0
2023-02-01,01E,"NHS GREATER PRESTON",1675,52821.62,0,0
2023-02-01,15A,"NHS BERKSHIRE WEST",1715,54687.97,0,0
2023-02-01,02T,"NHS CALDERDALE",1722,59171.77,0,0
2023-02-01,02A,"NHS TRAFFORD",1726,56533.16,0,0
2023-02-01,14Y,"NHS BUCKINGHAMSHIRE",1734,58535.64,0,0
2023-02-01,01H,"NHS NORTH CUMBRIA",1816,58895.18,0,0
2023-02-01,00L,"NHS NORTHUMBERLAND",1850,59147.43,0,0
2023-02-01,01F,"NHS HALTON",1866,58596.35,0,0
2023-02-01,01G,"NHS SALFORD",1880,56617.45,0,0
2023-02-01,00R,"NHS BLACKPOOL",1904,55188.52,0,0
2023-02-01,02M,"NHS FYLDE AND WYRE",1923,58293.03,0,0
2023-02-01,00T,"NHS BOLTON",1972,59504.68,0,0
2023-02-01,97R,"NHS EAST SUSSEX",1984,65659.78,0,0
2023-02-01,07G,"NHS THURROCK",1994,58927.12,0,0
2023-02-01,01D,"NHS HEYWOOD, MIDDLETON AND ROCHDALE",2030,62558.24,0,0
2023-02-01,00V,"NHS BURY",2051,61732.12,0,0
2023-02-01,00P,"NHS SUNDERLAND",2065,70995.09,0,0
2023-02-01,05Q,"NHS SOUTH EAST STAFFORDSHIRE AND SEISDON PENINSULA",2090,70995.08,0,0
2023-02-01,00Q,"NHS BLACKBURN WITH DARWEN",2124,64399.16,0,0
2023-02-01,13T,"NHS NEWCASTLE GATESHEAD",2126,73826.99,0,0
2023-02-01,05G,"NHS NORTH STAFFORDSHIRE",2130,65166.68,0,0
2023-02-01,02E,"NHS WARRINGTON",2193,69787.01,0,0
2023-02-01,01W,"NHS STOCKPORT",2212,70419.74,0,0
2023-02-01,01J,"NHS KNOWSLEY",2245,65445.13,0,0
2023-02-01,03H,"NHS NORTH EAST LINCOLNSHIRE",2249,67533.27,0,0
2023-02-01,00Y,"NHS OLDHAM",2260,72701.65,0,0
2023-02-01,03K,"NHS NORTH LINCOLNSHIRE",2287,64754.83,0,0
2023-02-01,U2G6B,"NHS THAMES VALLEY ICB - U2G6B",2469,89278.44,0,0
2023-02-01,02X,"NHS DONCASTER",2471,74270.57,0,0
2023-02-01,11X,"NHS SOMERSET",2513,86166.26,0,0
2023-02-01,01X,"NHS ST HELENS",2567,78230.2,0,0
2023-02-01,07H,"NHS WEST ESSEX",2638,79188.78,0,0
2023-02-01,X2C4Y,"NHS KIRKLEES",2649,97718.95,0,0
2023-02-01,06K,"NHS EAST AND NORTH HERTFORDSHIRE",2700,80677.2,0,0
2023-02-01,99E,"NHS BASILDON AND BRENTWOOD",2737,89831.28,0,0
2023-02-01,03L,"NHS ROTHERHAM",2962,87414.98,0,0
2023-02-01,06Q,"NHS MID ESSEX",3035,89032,0,0
2023-02-01,02P,"NHS BARNSLEY",3065,91841.36,0,0
2023-02-01,02H,"NHS WIGAN BOROUGH",3083,98686.42,0,0
2023-02-01,03F,"NHS HULL",3216,98275.72,0,0
2023-02-01,M2L0M,"NHS SHROPSHIRE, TELFORD AND WREKIN",3299,118929.44,0,0
2023-02-01,12F,"NHS WIRRAL",3408,109684.94,0,0
2023-02-01,02Y,"NHS EAST RIDING OF YORKSHIRE",3513,110557.33,0,0
2023-02-01,06T,"NHS NORTH EAST ESSEX",3556,100008.05,0,0
2023-02-01,03W,"NHS EAST LEICESTERSHIRE AND RUTLAND",3583,110040.74,0,0
2023-02-01,27D,"NHS CHESHIRE",3617,116219.7,0,0
2023-02-01,07K,"NHS WEST SUFFOLK",3628,102915.96,0,0
2023-02-01,78H,"NHS NORTHAMPTONSHIRE",3669,103636.23,0,0
2023-02-01,05W,"NHS STOKE ON TRENT",3706,111777.54,0,0
2023-02-01,10Q,"NHS OXFORDSHIRE",3763,132440.87,0,0
2023-02-01,06L,"NHS IPSWICH AND EAST SUFFOLK",3988,123478.63,0,0
2023-02-01,03N,"NHS SHEFFIELD",4015,130308.82,0,0
2023-02-01,11M,"NHS GLOUCESTERSHIRE",4050,137118.31,0,0
2023-02-01,01K,"NHS MORECAMBE BAY",4057,128160.84,0,0
2023-02-01,04C,"NHS LEICESTER CITY",4070,119285.81,0,0
2023-02-01,36J,"NHS BRADFORD DISTRICT AND CRAVEN",4339,138556.08,0,0
2023-02-01,42D,"NHS NORTH YORKSHIRE",4368,131948.11,0,0
2023-02-01,15C,"NHS BRISTOL, NORTH SOMERSET AND SOUTH GLOUCESTERSHIRE",4669,195676.64,0,0
2023-02-01,03R,"NHS WAKEFIELD",4750,153513.46,0,0
2023-02-01,36L,"NHS SOUTH WEST LONDON",4836,174819.36,0,0
2023-02-01,14L,"NHS MANCHESTER",4846,148980.62,0,0
2023-02-01,04V,"NHS WEST LEICESTERSHIRE",4920,151368.94,0,0
2023-02-01,93C,"NHS NORTH CENTRAL LONDON",5107,184331.06,0,0
2023-02-01,70F,"NHS WEST SUSSEX",5211,193920.84,0,0
2023-02-01,01A,"NHS EAST LANCASHIRE",5326,155608.84,0,0
2023-02-01,84H,"NHS COUNTY DURHAM",5346,167702.49,0,0
2023-02-01,92G,"NHS BATH AND NORTH EAST SOMERSET, SWINDON AND WILTSHIRE",5401,184985.36,0,0
2023-02-01,92A,"NHS SURREY HEARTLANDS",5518,213056.79,0,0
2023-02-01,15F,"NHS LEEDS",5588,190052.87,0,0
2023-02-01,99A,"NHS LIVERPOOL",5757,172688.72,0,0
2023-02-01,16C,"NHS TEES VALLEY",6400,200178.78,0,0
2023-02-01,11N,"NHS CORNWALL AND THE ISLES OF SCILLY",6836,212177.82,0,0
2023-02-01,72Q,"NHS SOUTH EAST LONDON",7021,275224.47,0,0
2023-02-01,15N,"NHS DEVON",7212,245040.15,0,0
2023-02-01,18C,"NHS HEREFORDSHIRE AND WORCESTERSHIRE",7279,264068.9,0,0
2023-02-01,A3A8R,"NHS NORTH EAST LONDON",7282,258873.3,0,0
2023-02-01,11J,"NHS DORSET",7340,254166.3,0,0
2023-02-01,71E,"NHS LINCOLNSHIRE",8280,244592.22,0,0
2023-02-01,M1J4Y,"NHS BEDFORDSHIRE, LUTON AND MILTON KEYNES",8731,290715.38,0,0
2023-02-01,B2M3M,"NHS COVENTRY AND WARWICKSHIRE",8824,265013.44,0,0
2023-02-01,26A,"NHS NORFOLK AND WAVENEY",8885,279510.48,0,0
2023-02-01,W2U3Z,"NHS NORTH WEST LONDON",9207,324534.35,0,0
2023-02-01,06H,"NHS CAMBRIDGESHIRE AND PETERBOROUGH",9763,288077.82,0,0
2023-02-01,D9Y0V,"NHS HAMPSHIRE, SOUTHAMPTON AND ISLE OF WIGHT",11015,430678.07,0,0
2023-02-01,91Q,"NHS KENT AND MEDWAY",11166,383037.57,0,0
2023-02-01,15M,"NHS DERBY AND DERBYSHIRE",11459,429691.78,0,0
2023-02-01,D2P2L,"NHS BLACK COUNTRY",11465,390062.23,0,0
2023-02-01,15E,"NHS BIRMINGHAM AND SOLIHULL",11917,405102.64,0,0
2023-02-01,52R,"NHS NOTTINGHAM AND NOTTINGHAMSHIRE",13821,437226.78,0,0
2023-03-01,09W,"NHS MEDWAY",0,0,0,0
2023-03-01,D4U1Y,"NHS FRIMLEY",20,604.9,0,0
2023-03-01,10R,"NHS PORTSMOUTH",316,12783.88,0,0
2023-03-01,99C,"NHS NORTH TYNESIDE",775,28977.5,0,0
2023-03-01,02Q,"NHS BASSETLAW",1246,35771.18,0,0
2023-03-01,99G,"NHS SOUTHEND",1376,45585.16,0,0
2023-03-01,01V,"NHS SOUTHPORT AND FORMBY",1382,42094.78,0,0
2023-03-01,99F,"NHS CASTLE POINT AND ROCHFORD",1453,48196.86,0,0
2023-03-01,09D,"NHS BRIGHTON AND HOVE",1463,56964.49,0,0
2023-03-01,05V,"NHS STAFFORD AND SURROUNDS",1489,47948.15,0,0
2023-03-01,02G,"NHS WEST LANCASHIRE",1516,46493.84,0,0
2023-03-01,06N,"NHS HERTS VALLEYS",1537,56992.52,0,0
2023-03-01,00X,"NHS CHORLEY AND SOUTH RIBBLE",1571,50754.56,0,0
2023-03-01,05D,"NHS EAST STAFFORDSHIRE",1595,50367.85,0,0
2023-03-01,15A,"NHS BERKSHIRE WEST",1597,51493.3,0,0
2023-03-01,00N,"NHS SOUTH TYNESIDE",1606,58312.97,0,0
2023-03-01,01T,"NHS SOUTH SEFTON",1608,46302.58,0,0
2023-03-01,04Y,"NHS CANNOCK CHASE",1626,52651.48,0,0
2023-03-01,03Q,"NHS VALE OF YORK",1694,55564.16,0,0
2023-03-01,14Y,"NHS BUCKINGHAMSHIRE",1801,61114.16,0,0
2023-03-01,01F,"NHS HALTON",1819,56281.86,0,0
2023-03-01,02T,"NHS CALDERDALE",1857,64225.1,0,0
2023-03-01,01Y,"NHS TAMESIDE AND GLOSSOP",1869,60322.59,0,0
2023-03-01,01E,"NHS GREATER PRESTON",1880,59745.24,0,0
2023-03-01,02A,"NHS TRAFFORD",1987,64748.9,0,0
2023-03-01,00T,"NHS BOLTON",2019,60791.6,0,0
2023-03-01,00L,"NHS NORTHUMBERLAND",2042,64802.28,0,0
2023-03-01,01H,"NHS NORTH CUMBRIA",2093,68457.1,0,0
2023-03-01,01J,"NHS KNOWSLEY",2137,62332.19,0,0
2023-03-01,01G,"NHS SALFORD",2168,65932.93,0,0
2023-03-01,00R,"NHS BLACKPOOL",2174,63734.35,0,0
2023-03-01,01D,"NHS HEYWOOD, MIDDLETON AND ROCHDALE",2189,67582.23,0,0
2023-03-01,97R,"NHS EAST SUSSEX",2193,73215.93,0,0
2023-03-01,02M,"NHS FYLDE AND WYRE",2208,66508.23,0,0
2023-03-01,07G,"NHS THURROCK",2259,67417.46,0,0
2023-03-01,00V,"NHS BURY",2313,69425.2,0,0
2023-03-01,00Q,"NHS BLACKBURN WITH DARWEN",2350,70525.01,0,0
2023-03-01,00P,"NHS SUNDERLAND",2353,80858.94,0,0
2023-03-01,13T,"NHS NEWCASTLE GATESHEAD",2372,83085.35,0,0
2023-03-01,05Q,"NHS SOUTH EAST STAFFORDSHIRE AND SEISDON PENINSULA",2378,80776.38,0,0
2023-03-01,05G,"NHS NORTH STAFFORDSHIRE",2379,72666.94,0,0
2023-03-01,01W,"NHS STOCKPORT",2452,79403.49,0,0
2023-03-01,03H,"NHS NORTH EAST LINCOLNSHIRE",2501,74840.83,0,0
2023-03-01,02E,"NHS WARRINGTON",2570,82235.53,0,0
2023-03-01,03K,"NHS NORTH LINCOLNSHIRE",2573,72694.94,0,0
2023-03-01,00Y,"NHS OLDHAM",2645,85919.54,0,0
2023-03-01,U2G6B,"NHS THAMES VALLEY ICB - U2G6B",2681,96501.22,0,0
2023-03-01,11X,"NHS SOMERSET",2707,92812.12,0,0
2023-03-01,02X,"NHS DONCASTER",2840,85701.66,0,0
2023-03-01,01X,"NHS ST HELENS",2894,87901.48,0,0
2023-03-01,06K,"NHS EAST AND NORTH HERTFORDSHIRE",2926,87158.73,0,0
2023-03-01,07H,"NHS WEST ESSEX",2930,88171.77,0,0
2023-03-01,X2C4Y,"NHS KIRKLEES",3046,112418.69,0,0
2023-03-01,99E,"NHS BASILDON AND BRENTWOOD",3273,105962.72,0,0
2023-03-01,02H,"NHS WIGAN BOROUGH",3418,109317.89,0,0
2023-03-01,03L,"NHS ROTHERHAM",3464,102776.57,0,0
2023-03-01,06Q,"NHS MID ESSEX",3475,101781.17,0,0
2023-03-01,02P,"NHS BARNSLEY",3476,103601.13,0,0
2023-03-01,03F,"NHS HULL",3624,110254.81,0,0
2023-03-01,10Q,"NHS OXFORDSHIRE",3669,127754.57,0,0
2023-03-01,M2L0M,"NHS SHROPSHIRE, TELFORD AND WREKIN",3691,133517,0,0
2023-03-01,27D,"NHS CHESHIRE",3765,120163.22,0,0
2023-03-01,12F,"NHS WIRRAL",3827,122020.43,0,0
2023-03-01,02Y,"NHS EAST RIDING OF YORKSHIRE",3831,120115.33,0,0
2023-03-01,03W,"NHS EAST LEICESTERSHIRE AND RUTLAND",3942,121688.94,0,0
2023-03-01,07K,"NHS WEST SUFFOLK",4002,114508.21,0,0
2023-03-01,06T,"NHS NORTH EAST ESSEX",4056,114269.3,0,0
2023-03-01,05W,"NHS STOKE ON TRENT",4064,121885.9,0,0
2023-03-01,78H,"NHS NORTHAMPTONSHIRE",4162,117841.53,0,0
2023-03-01,06L,"NHS IPSWICH AND EAST SUFFOLK",4413,135646.79,0,0
2023-03-01,03N,"NHS SHEFFIELD",4480,144427.54,0,0
2023-03-01,04C,"NHS LEICESTER CITY",4566,134067.47,0,0
2023-03-01,11M,"NHS GLOUCESTERSHIRE",4581,153684.37,0,0
2023-03-01,01K,"NHS MORECAMBE BAY",4728,148989.65,0,0
2023-03-01,42D,"NHS NORTH YORKSHIRE",4797,144611.17,0,0
2023-03-01,36J,"NHS BRADFORD DISTRICT AND CRAVEN",4877,155837.46,0,0
2023-03-01,15C,"NHS BRISTOL, NORTH SOMERSET AND SOUTH GLOUCESTERSHIRE",5254,219219.88,0,0
2023-03-01,36L,"NHS SOUTH WEST LONDON",5435,196906.21,0,0
2023-03-01,03R,"NHS WAKEFIELD",5494,178188.79,0,0
2023-03-01,14L,"NHS MANCHESTER",5502,168050.82,0,0
2023-03-01,93C,"NHS NORTH CENTRAL LONDON",5613,202487.57,0,0
2023-03-01,04V,"NHS WEST LEICESTERSHIRE",5671,174917.36,0,0
2023-03-01,70F,"NHS WEST SUSSEX",5700,212680.49,0,0
2023-03-01,92G,"NHS BATH AND NORTH EAST SOMERSET, SWINDON AND WILTSHIRE",5970,204927.66,0,0
2023-03-01,01A,"NHS EAST LANCASHIRE",6054,177150.32,0,0
2023-03-01,84H,"NHS COUNTY DURHAM",6136,190013.88,0,0
2023-03-01,92A,"NHS SURREY HEARTLANDS",6178,237560.76,0,0
2023-03-01,15F,"NHS LEEDS",6275,213240.57,0,0
2023-03-01,99A,"NHS LIVERPOOL",6370,192135.52,0,0
2023-03-01,16C,"NHS TEES VALLEY",7169,224987.91,0,0
2023-03-01,72Q,"NHS SOUTH EAST LONDON",7726,300740.72,0,0
2023-03-01,11N,"NHS CORNWALL AND THE ISLES OF SCILLY",7763,240340.15,0,0
2023-03-01,15N,"NHS DEVON",7819,266814.91,0,0
2023-03-01,A3A8R,"NHS NORTH EAST LONDON",8038,286535.52,0,0
2023-03-01,18C,"NHS HEREFORDSHIRE AND WORCESTERSHIRE",8202,297089.88,0,0
2023-03-01,11J,"NHS DORSET",8273,288206.47,0,0
2023-03-01,71E,"NHS LINCOLNSHIRE",9329,274399.09,0,0
2023-03-01,B2M3M,"NHS COVENTRY AND WARWICKSHIRE",9341,280825.69,0,0
2023-03-01,26A,"NHS NORFOLK AND WAVENEY",9738,305245.89,0,0
2023-03-01,M1J4Y,"NHS BEDFORDSHIRE, LUTON AND MILTON KEYNES",9754,324313.63,0,0
2023-03-01,W2U3Z,"NHS NORTH WEST LONDON",10519,373057.75,0,0
2023-03-01,06H,"NHS CAMBRIDGESHIRE AND PETERBOROUGH",10968,323546.59,0,0
2023-03-01,D9Y0V,"NHS HAMPSHIRE, SOUTHAMPTON AND ISLE OF WIGHT",11826,462253.2,0,0
2023-03-01,15M,"NHS DERBY AND DERBYSHIRE",12041,453075.45,0,0
2023-03-01,91Q,"NHS KENT AND MEDWAY",12649,431996.76,0,0
2023-03-01,D2P2L,"NHS BLACK COUNTRY",13237,451310.14,0,0
2023-03-01,15E,"NHS BIRMINGHAM AND SOLIHULL",13504,461784.71,0,0
2023-03-01,52R,"NHS NOTTINGHAM AND NOTTINGHAMSHIRE",15367,487006.34,0,0
2023-04-01,09W,"NHS MEDWAY",0,0,0,0
2023-04-01,D4U1Y,"NHS FRIMLEY",15,414.17,0,0
2023-04-01,10R,"NHS PORTSMOUTH",204,8834.36,0,0
2023-04-01,99C,"NHS NORTH TYNESIDE",692,25814.03,0,0
2023-04-01,02Q,"NHS BASSETLAW",1151,33326.1,0,0
2023-04-01,99G,"NHS SOUTHEND",1207,40558.51,0,0
2023-04-01,01V,"NHS SOUTHPORT AND FORMBY",1234,38019.73,0,0
2023-04-01,99F,"NHS CASTLE POINT AND ROCHFORD",1286,43098.58,0,0
2023-04-01,06N,"NHS HERTS VALLEYS",1318,49308.65,0,0
2023-04-01,15A,"NHS BERKSHIRE WEST",1370,43510.66,0,0
2023-04-01,05V,"NHS STAFFORD AND SURROUNDS",1389,44836.95,0,0
2023-04-01,02G,"NHS WEST LANCASHIRE",1395,42879.23,0,0
2023-04-01,09D,"NHS BRIGHTON AND HOVE",1401,53836.3,0,0
2023-04-01,00X,"NHS CHORLEY AND SOUTH RIBBLE",1414,47102.17,0,0
2023-04-01,01T,"NHS SOUTH SEFTON",1434,41637.73,0,0
2023-04-01,04Y,"NHS CANNOCK CHASE",1438,46633.17,0,0
2023-04-01,05D,"NHS EAST STAFFORDSHIRE",1441,46272.64,0,0
2023-04-01,14Y,"NHS BUCKINGHAMSHIRE",1455,48644.06,0,0
2023-04-01,01F,"NHS HALTON",1486,46771.87,0,0
2023-04-01,03Q,"NHS VALE OF YORK",1507,51103.7,0,0
2023-04-01,01J,"NHS KNOWSLEY",1559,45503.21,0,0
2023-04-01,00N,"NHS SOUTH TYNESIDE",1579,57895.61,0,0
2023-04-01,01Y,"NHS TAMESIDE AND GLOSSOP",1633,53204.36,0,0
2023-04-01,02T,"NHS CALDERDALE",1664,57758.7,0,0
2023-04-01,02A,"NHS TRAFFORD",1731,56655.54,0,0
2023-04-01,01E,"NHS GREATER PRESTON",1783,57097.59,0,0
2023-04-01,00L,"NHS NORTHUMBERLAND",1853,59528.88,0,0
2023-04-01,00T,"NHS BOLTON",1855,56684.67,0,0
2023-04-01,01H,"NHS NORTH CUMBRIA",1898,62615.6,0,0
2023-04-01,01G,"NHS SALFORD",1907,57485.74,0,0
2023-04-01,00R,"NHS BLACKPOOL",1919,56547.47,0,0
2023-04-01,01D,"NHS HEYWOOD, MIDDLETON AND ROCHDALE",1982,60964.13,0,0
2023-04-01,07G,"NHS THURROCK",2008,60411.88,0,0
2023-04-01,97R,"NHS EAST SUSSEX",2031,68883.59,0,0
2023-04-01,02M,"NHS FYLDE AND WYRE",2035,61818.63,0,0
2023-04-01,05Q,"NHS SOUTH EAST STAFFORDSHIRE AND SEISDON PENINSULA",2049,69382.48,0,0
2023-04-01,00V,"NHS BURY",2111,63891.28,0,0
2023-04-01,02E,"NHS WARRINGTON",2141,68114.16,0,0
2023-04-01,05G,"NHS NORTH STAFFORDSHIRE",2165,66511.92,0,0
2023-04-01,00Q,"NHS BLACKBURN WITH DARWEN",2169,65271.96,0,0
2023-04-01,03H,"NHS NORTH EAST LINCOLNSHIRE",2186,65602.48,0,0
2023-04-01,00P,"NHS SUNDERLAND",2187,75483.99,0,0
2023-04-01,01W,"NHS STOCKPORT",2227,72310.52,0,0
2023-04-01,13T,"NHS NEWCASTLE GATESHEAD",2231,78272.05,0,0
2023-04-01,00Y,"NHS OLDHAM",2329,75568.48,0,0
2023-04-01,03K,"NHS NORTH LINCOLNSHIRE",2346,66346.93,0,0
2023-04-01,U2G6B,"NHS THAMES VALLEY ICB - U2G6B",2358,85339.07,0,0
2023-04-01,11X,"NHS SOMERSET",2457,85030.35,0,0
2023-04-01,01X,"NHS ST HELENS",2550,78579.62,0,0
2023-04-01,99E,"NHS BASILDON AND BRENTWOOD",2604,85811.16,0,0
2023-04-01,07H,"NHS WEST ESSEX",2636,79404.3,0,0
2023-04-01,02X,"NHS DONCASTER",2638,79629.11,0,0
2023-04-01,X2C4Y,"NHS KIRKLEES",2643,98369.41,0,0
2023-04-01,06K,"NHS EAST AND NORTH HERTFORDSHIRE",2743,82362.31,0,0
2023-04-01,02H,"NHS WIGAN BOROUGH",2984,96221.02,0,0
2023-04-01,03L,"NHS ROTHERHAM",3021,89348.74,0,0
2023-04-01,02P,"NHS BARNSLEY",3145,94869.94,0,0
2023-04-01,10Q,"NHS OXFORDSHIRE",3194,110678.99,0,0
2023-04-01,06Q,"NHS MID ESSEX",3236,95390.15,0,0
2023-04-01,03F,"NHS HULL",3334,101828.11,0,0
2023-04-01,27D,"NHS CHESHIRE",3364,109157.08,0,0
2023-04-01,M2L0M,"NHS SHROPSHIRE, TELFORD AND WREKIN",3405,123671,0,0
2023-04-01,12F,"NHS WIRRAL",3447,111102.87,0,0
2023-04-01,03W,"NHS EAST LEICESTERSHIRE AND RUTLAND",3451,105772.45,0,0
2023-04-01,02Y,"NHS EAST RIDING OF YORKSHIRE",3563,112034.2,0,0
2023-04-01,07K,"NHS WEST SUFFOLK",3623,103947.15,0,0
2023-04-01,05W,"NHS STOKE ON TRENT",3637,111850.39,0,0
2023-04-01,06T,"NHS NORTH EAST ESSEX",3675,103595.35,0,0
2023-04-01,78H,"NHS NORTHAMPTONSHIRE",3685,104670.72,0,0
2023-04-01,11M,"NHS GLOUCESTERSHIRE",3990,136498.65,0,0
2023-04-01,06L,"NHS IPSWICH AND EAST SUFFOLK",4026,124512.27,0,0
2023-04-01,03N,"NHS SHEFFIELD",4050,132582.43,0,0
2023-04-01,01K,"NHS MORECAMBE BAY",4161,132139.9,0,0
2023-04-01,04C,"NHS LEICESTER CITY",4219,123725.42,0,0
2023-04-01,42D,"NHS NORTH YORKSHIRE",4253,129042.63,0,0
2023-04-01,36J,"NHS BRADFORD DISTRICT AND CRAVEN",4259,136475.88,0,0
2023-04-01,03R,"NHS WAKEFIELD",4679,151577.68,0,0
2023-04-01,14L,"NHS MANCHESTER",4746,145645.89,0,0
2023-04-01,15C,"NHS BRISTOL, NORTH SOMERSET AND SOUTH GLOUCESTERSHIRE",4805,202695.29,0,0
2023-04-01,70F,"NHS WEST SUSSEX",5096,190522.79,0,0
2023-04-01,36L,"NHS SOUTH WEST LONDON",5140,189257.91,0,0
2023-04-01,93C,"NHS NORTH CENTRAL LONDON",5147,185531.9,0,0
2023-04-01,04V,"NHS WEST LEICESTERSHIRE",5188,160109.36,0,0
2023-04-01,92G,"NHS BATH AND NORTH EAST SOMERSET, SWINDON AND WILTSHIRE",5260,180612.06,0,0
2023-04-01,01A,"NHS EAST LANCASHIRE",5287,156000.62,0,0
2023-04-01,84H,"NHS COUNTY DURHAM",5342,168449.98,0,0
2023-04-01,92A,"NHS SURREY HEARTLANDS",5464,210648.68,0,0
2023-04-01,15F,"NHS LEEDS",5604,192822.81,0,0
2023-04-01,99A,"NHS LIVERPOOL",5759,173478.76,0,0
2023-04-01,16C,"NHS TEES VALLEY",6395,202769.06,0,0
2023-04-01,15N,"NHS DEVON",6471,220231.19,0,0
2023-04-01,11N,"NHS CORNWALL AND THE ISLES OF SCILLY",6900,215397.42,0,0
2023-04-01,72Q,"NHS SOUTH EAST LONDON",7158,281741.03,0,0
2023-04-01,A3A8R,"NHS NORTH EAST LONDON",7159,255328.31,0,0
2023-04-01,18C,"NHS HEREFORDSHIRE AND WORCESTERSHIRE",7288,264857.05,0,0
2023-04-01,11J,"NHS DORSET",7562,262915.63,0,0
2023-04-01,B2M3M,"NHS COVENTRY AND WARWICKSHIRE",7840,235428.88,0,0
2023-04-01,71E,"NHS LINCOLNSHIRE",8469,250845.02,0,0
2023-04-01,M1J4Y,"NHS BEDFORDSHIRE, LUTON AND MILTON KEYNES",8742,293733.36,0,0
2023-04-01,26A,"NHS NORFOLK AND WAVENEY",8946,282870.43,0,0
2023-04-01,W2U3Z,"NHS NORTH WEST LONDON",9343,330757.01,0,0
2023-04-01,15M,"NHS DERBY AND DERBYSHIRE",9746,368706.01,0,0
2023-04-01,06H,"NHS CAMBRIDGESHIRE AND PETERBOROUGH",9797,290451.86,0,0
2023-04-01,D9Y0V,"NHS HAMPSHIRE, SOUTHAMPTON AND ISLE OF WIGHT",9817,382841.81,0,0
2023-04-01,91Q,"NHS KENT AND MEDWAY",11487,395852.03,0,0
2023-04-01,D2P2L,"NHS BLACK COUNTRY",11631,398045.34,0,0
2023-04-01,15E,"NHS BIRMINGHAM AND SOLIHULL",11750,401027.6,0,0
2023-04-01,52R,"NHS NOTTINGHAM AND NOTTINGHAMSHIRE",13440,430024.46,0,0
2023-05-01,09W,"NHS MEDWAY",0,0,0,0
2023-05-01,D4U1Y,"NHS FRIMLEY",14,386.72,0,0
2023-05-01,10R,"NHS PORTSMOUTH",237,10384.45,0,0
2023-05-01,99C,"NHS NORTH TYNESIDE",762,28282.53,0,0
2023-05-01,02Q,"NHS BASSETLAW",1232,35604.31,0,0
2023-05-01,15A,"NHS BERKSHIRE WEST",1234,39633.56,0,0
2023-05-01,99G,"NHS SOUTHEND",1327,44800.56,0,0
2023-05-01,01F,"NHS HALTON",1339,41984.42,0,0
2023-05-01,01V,"NHS SOUTHPORT AND FORMBY",1355,41819,0,0
2023-05-01,06N,"NHS HERTS VALLEYS",1380,51896.75,0,0
2023-05-01,99F,"NHS CASTLE POINT AND ROCHFORD",1401,47120.59,0,0
2023-05-01,09D,"NHS BRIGHTON AND HOVE",1427,55818.33,0,0
2023-05-01,05V,"NHS STAFFORD AND SURROUNDS",1453,47588.92,0,0
2023-05-01,00X,"NHS CHORLEY AND SOUTH RIBBLE",1461,48281.1,0,0
2023-05-01,02G,"NHS WEST LANCASHIRE",1462,45575.33,0,0
2023-05-01,01T,"NHS SOUTH SEFTON",1476,42510.7,0,0
2023-05-01,05D,"NHS EAST STAFFORDSHIRE",1543,49522.26,0,0
2023-05-01,03Q,"NHS VALE OF YORK",1553,50765.79,0,0
2023-05-01,04Y,"NHS CANNOCK CHASE",1553,50132.02,0,0
2023-05-01,14Y,"NHS BUCKINGHAMSHIRE",1581,52861.74,0,0
2023-05-01,01J,"NHS KNOWSLEY",1603,46929.98,0,0
2023-05-01,00N,"NHS SOUTH TYNESIDE",1657,60846.28,0,0
2023-05-01,01Y,"NHS TAMESIDE AND GLOSSOP",1774,58224.77,0,0
2023-05-01,01E,"NHS GREATER PRESTON",1782,56595.61,0,0
2023-05-01,02A,"NHS TRAFFORD",1843,60848.63,0,0
2023-05-01,02T,"NHS CALDERDALE",1846,63471.65,0,0
2023-05-01,01H,"NHS NORTH CUMBRIA",1947,63829.06,0,0
2023-05-01,00L,"NHS NORTHUMBERLAND",1964,63415.86,0,0
2023-05-01,01G,"NHS SALFORD",2009,60905.8,0,0
2023-05-01,02M,"NHS FYLDE AND WYRE",2063,62506.11,0,0
2023-05-01,00T,"NHS BOLTON",2085,63474.58,0,0
2023-05-01,00R,"NHS BLACKPOOL",2087,61376.2,0,0
2023-05-01,02E,"NHS WARRINGTON",2098,67367.54,0,0
2023-05-01,01D,"NHS HEYWOOD, MIDDLETON AND ROCHDALE",2122,65462.98,0,0
2023-05-01,07G,"NHS THURROCK",2128,63777.95,0,0
2023-05-01,00V,"NHS BURY",2129,64193.04,0,0
2023-05-01,97R,"NHS EAST SUSSEX",2148,71700.98,0,0
2023-05-01,00P,"NHS SUNDERLAND",2222,76287.54,0,0
2023-05-01,01W,"NHS STOCKPORT",2253,73085.1,0,0
2023-05-01,03H,"NHS NORTH EAST LINCOLNSHIRE",2287,69329.56,0,0
2023-05-01,01X,"NHS ST HELENS",2311,71015.03,0,0
2023-05-01,05Q,"NHS SOUTH EAST STAFFORDSHIRE AND SEISDON PENINSULA",2329,80429.99,0,0
2023-05-01,00Q,"NHS BLACKBURN WITH DARWEN",2341,70684.07,0,0
2023-05-01,13T,"NHS NEWCASTLE GATESHEAD",2348,83081.19,0,0
2023-05-01,05G,"NHS NORTH STAFFORDSHIRE",2467,75984.56,0,0
2023-05-01,00Y,"NHS OLDHAM",2482,81453.9,0,0
2023-05-01,11X,"NHS SOMERSET",2495,86143.14,0,0
2023-05-01,03K,"NHS NORTH LINCOLNSHIRE",2514,71399.57,0,0
2023-05-01,U2G6B,"NHS THAMES VALLEY ICB - U2G6B",2607,95398.7,0,0
2023-05-01,02X,"NHS DONCASTER",2770,83914.4,0,0
2023-05-01,07H,"NHS WEST ESSEX",2803,84849.23,0,0
2023-05-01,06K,"NHS EAST AND NORTH HERTFORDSHIRE",2825,84466.66,0,0
2023-05-01,99E,"NHS BASILDON AND BRENTWOOD",2906,96064.76,0,0
2023-05-01,X2C4Y,"NHS KIRKLEES",2916,109870.22,0,0
2023-05-01,02H,"NHS WIGAN BOROUGH",3146,101913.86,0,0
2023-05-01,10Q,"NHS OXFORDSHIRE",3273,114508.07,0,0
2023-05-01,02P,"NHS BARNSLEY",3275,98940.39,0,0
2023-05-01,06Q,"NHS MID ESSEX",3320,97167.51,0,0
2023-05-01,03L,"NHS ROTHERHAM",3344,99162.2,0,0
2023-05-01,03F,"NHS HULL",3360,102973.32,0,0
2023-05-01,12F,"NHS WIRRAL",3506,112776.83,0,0
2023-05-01,27D,"NHS CHESHIRE",3537,112843.3,0,0
2023-05-01,M2L0M,"NHS SHROPSHIRE, TELFORD AND WREKIN",3541,129516.44,0,0
2023-05-01,03W,"NHS EAST LEICESTERSHIRE AND RUTLAND",3675,113824.09,0,0
2023-05-01,02Y,"NHS EAST RIDING OF YORKSHIRE",3706,117188.49,0,0
2023-05-01,07K,"NHS WEST SUFFOLK",3826,109291.09,0,0
2023-05-01,05W,"NHS STOKE ON TRENT",3837,116038.92,0,0
2023-05-01,06T,"NHS NORTH EAST ESSEX",3866,109547.11,0,0
2023-05-01,78H,"NHS NORTHAMPTONSHIRE",3933,112252.27,0,0
2023-05-01,06L,"NHS IPSWICH AND EAST SUFFOLK",4314,132708.64,0,0
2023-05-01,01K,"NHS MORECAMBE BAY",4340,138047.48,0,0
2023-05-01,03N,"NHS SHEFFIELD",4341,140811.51,0,0
2023-05-01,11M,"NHS GLOUCESTERSHIRE",4347,147928.73,0,0
2023-05-01,04C,"NHS LEICESTER CITY",4362,128249.28,0,0
2023-05-01,42D,"NHS NORTH YORKSHIRE",4549,138289.21,0,0
2023-05-01,15C,"NHS BRISTOL, NORTH SOMERSET AND SOUTH GLOUCESTERSHIRE",4838,203382.36,0,0
2023-05-01,36J,"NHS BRADFORD DISTRICT AND CRAVEN",4901,156997.37,0,0
2023-05-01,03R,"NHS WAKEFIELD",5127,167325.96,0,0
2023-05-01,14L,"NHS MANCHESTER",5200,161806.27,0,0
2023-05-01,36L,"NHS SOUTH WEST LONDON",5307,194415.54,0,0
2023-05-01,04V,"NHS WEST LEICESTERSHIRE",5398,165669.9,0,0
2023-05-01,70F,"NHS WEST SUSSEX",5468,203331.18,0,0
2023-05-01,92G,"NHS BATH AND NORTH EAST SOMERSET, SWINDON AND WILTSHIRE",5488,188389.21,0,0
2023-05-01,93C,"NHS NORTH CENTRAL LONDON",5495,199415.4,0,0
2023-05-01,01A,"NHS EAST LANCASHIRE",5587,164514.85,0,0
2023-05-01,84H,"NHS COUNTY DURHAM",5755,181414.39,0,0
2023-05-01,15F,"NHS LEEDS",5791,198810.42,0,0
2023-05-01,15N,"NHS DEVON",6017,206396.78,0,0
2023-05-01,99A,"NHS LIVERPOOL",6050,183408.24,0,0
2023-05-01,92A,"NHS SURREY HEARTLANDS",6053,234705.58,0,0
2023-05-01,16C,"NHS TEES VALLEY",6975,221107.44,0,0
2023-05-01,11N,"NHS CORNWALL AND THE ISLES OF SCILLY",7131,221309.83,0,0
2023-05-01,18C,"NHS HEREFORDSHIRE AND WORCESTERSHIRE",7412,270778.35,0,0
2023-05-01,72Q,"NHS SOUTH EAST LONDON",7481,293343,0,0
2023-05-01,11J,"NHS DORSET",7689,268792.07,0,0
2023-05-01,A3A8R,"NHS NORTH EAST LONDON",7874,280262.27,0,0
2023-05-01,B2M3M,"NHS COVENTRY AND WARWICKSHIRE",8381,252597.38,0,0
2023-05-01,71E,"NHS LINCOLNSHIRE",9021,267846.74,0,0
2023-05-01,26A,"NHS NORFOLK AND WAVENEY",9388,298199.52,0,0
2023-05-01,M1J4Y,"NHS BEDFORDSHIRE, LUTON AND MILTON KEYNES",9442,316168.18,0,0
2023-05-01,15M,"NHS DERBY AND DERBYSHIRE",9581,366448.71,0,0
2023-05-01,W2U3Z,"NHS NORTH WEST LONDON",9910,351522.42,0,0
2023-05-01,D9Y0V,"NHS HAMPSHIRE, SOUTHAMPTON AND ISLE OF WIGHT",10066,393373.37,0,0
2023-05-01,06H,"NHS CAMBRIDGESHIRE AND PETERBOROUGH",10565,313904.68,0,0
2023-05-01,91Q,"NHS KENT AND MEDWAY",12226,421753.52,0,0
2023-05-01,15E,"NHS BIRMINGHAM AND SOLIHULL",12637,435132.86,0,0
2023-05-01,D2P2L,"NHS BLACK COUNTRY",12885,441705.47,0,0
2023-05-01,52R,"NHS NOTTINGHAM AND NOTTINGHAMSHIRE",14196,452541.35,0,0
2023-06-01,09W,"NHS MEDWAY",0,0,0,0
2023-06-01,D4U1Y,"NHS FRIMLEY",14,386.4,0,0
2023-06-01,10R,"NHS PORTSMOUTH",271,11673.18,0,0
2023-06-01,99C,"NHS NORTH TYNESIDE",796,30163.87,0,0
2023-06-01,02Q,"NHS BASSETLAW",1236,35769.03,0,0
2023-06-01,15A,"NHS BERKSHIRE WEST",1256,40181.46,0,0
2023-06-01,01F,"NHS HALTON",1299,40626.06,0,0
2023-06-01,01V,"NHS SOUTHPORT AND FORMBY",1341,41454.26,0,0
2023-06-01,99G,"NHS SOUTHEND",1362,45482.37,0,0
2023-06-01,06N,"NHS HERTS VALLEYS",1454,54311.51,0,0
2023-06-01,09D,"NHS BRIGHTON AND HOVE",1466,56601.76,0,0
2023-06-01,99F,"NHS CASTLE POINT AND ROCHFORD",1466,49787.31,0,0
2023-06-01,00X,"NHS CHORLEY AND SOUTH RIBBLE",1475,48325.4,0,0
2023-06-01,02G,"NHS WEST LANCASHIRE",1493,45373.63,0,0
2023-06-01,01J,"NHS KNOWSLEY",1526,45070.59,0,0
2023-06-01,01T,"NHS SOUTH SEFTON",1527,44187.77,0,0
2023-06-01,05D,"NHS EAST STAFFORDSHIRE",1529,49041.06,0,0
2023-06-01,05V,"NHS STAFFORD AND SURROUNDS",1597,51994.01,0,0
2023-06-01,04Y,"NHS CANNOCK CHASE",1608,51997.88,0,0
2023-06-01,14Y,"NHS BUCKINGHAMSHIRE",1634,53509.01,0,0
2023-06-01,00N,"NHS SOUTH TYNESIDE",1637,59831.7,0,0
2023-06-01,03Q,"NHS VALE OF YORK",1644,54312.58,0,0
2023-06-01,02E,"NHS WARRINGTON",1763,56743.04,0,0
2023-06-01,02T,"NHS CALDERDALE",1840,64082.85,0,0
2023-06-01,01E,"NHS GREATER PRESTON",1856,59613.56,0,0
2023-06-01,01Y,"NHS TAMESIDE AND GLOSSOP",1857,60993.17,0,0
2023-06-01,02A,"NHS TRAFFORD",1863,60386.28,0,0
2023-06-01,01X,"NHS ST HELENS",1940,59504.43,0,0
2023-06-01,01H,"NHS NORTH CUMBRIA",1966,63889.57,0,0
2023-06-01,02M,"NHS FYLDE AND WYRE",1998,60192.87,0,0
2023-06-01,00L,"NHS NORTHUMBERLAND",2052,65766.28,0,0
2023-06-01,01G,"NHS SALFORD",2052,62871.61,0,0
2023-06-01,00T,"NHS BOLTON",2069,62485.54,0,0
2023-06-01,00R,"NHS BLACKPOOL",2096,61796.19,0,0
2023-06-01,97R,"NHS EAST SUSSEX",2097,70677.43,0,0
2023-06-01,01D,"NHS HEYWOOD, MIDDLETON AND ROCHDALE",2141,66350.5,0,0
2023-06-01,07G,"NHS THURROCK",2174,65217.35,0,0
2023-06-01,00V,"NHS BURY",2198,66708.18,0,0
2023-06-01,01W,"NHS STOCKPORT",2340,76062.29,0,0
2023-06-01,05Q,"NHS SOUTH EAST STAFFORDSHIRE AND SEISDON PENINSULA",2340,80752.03,0,0
2023-06-01,13T,"NHS NEWCASTLE GATESHEAD",2342,83262.9,0,0
2023-06-01,00Q,"NHS BLACKBURN WITH DARWEN",2347,70903.42,0,0
2023-06-01,00P,"NHS SUNDERLAND",2397,82822.23,0,0
2023-06-01,03H,"NHS NORTH EAST LINCOLNSHIRE",2426,72613.68,0,0
2023-06-01,00Y,"NHS OLDHAM",2451,79457.09,0,0
2023-06-01,11X,"NHS SOMERSET",2452,84802.39,0,0
2023-06-01,03K,"NHS NORTH LINCOLNSHIRE",2516,71315.36,0,0
2023-06-01,05G,"NHS NORTH STAFFORDSHIRE",2561,78738.91,0,0
2023-06-01,U2G6B,"NHS THAMES VALLEY ICB - U2G6B",2599,94466.91,0,0
2023-06-01,06K,"NHS EAST AND NORTH HERTFORDSHIRE",2809,84261.04,0,0
2023-06-01,02X,"NHS DONCASTER",2839,86165.36,0,0
2023-06-01,99E,"NHS BASILDON AND BRENTWOOD",2880,95490.91,0,0
2023-06-01,07H,"NHS WEST ESSEX",2909,87982.02,0,0
2023-06-01,X2C4Y,"NHS KIRKLEES",3006,111604.24,0,0
2023-06-01,02H,"NHS WIGAN BOROUGH",3175,102116.05,0,0
2023-06-01,10Q,"NHS OXFORDSHIRE",3235,112179.26,0,0
2023-06-01,06Q,"NHS MID ESSEX",3293,96759.25,0,0
2023-06-01,02P,"NHS BARNSLEY",3312,99827.22,0,0
2023-06-01,03L,"NHS ROTHERHAM",3361,99276.23,0,0
2023-06-01,27D,"NHS CHESHIRE",3546,114571.24,0,0
2023-06-01,03F,"NHS HULL",3582,108907.81,0,0
2023-06-01,12F,"NHS WIRRAL",3666,117875.02,0,0
2023-06-01,M2L0M,"NHS SHROPSHIRE, TELFORD AND WREKIN",3675,134439.08,0,0
2023-06-01,02Y,"NHS EAST RIDING OF YORKSHIRE",3748,120267.91,0,0
2023-06-01,05W,"NHS STOKE ON TRENT",3816,115780.2,0,0
2023-06-01,03W,"NHS EAST LEICESTERSHIRE AND RUTLAND",3826,118535.19,0,0
2023-06-01,06T,"NHS NORTH EAST ESSEX",3895,110232.31,0,0
2023-06-01,07K,"NHS WEST SUFFOLK",4047,115799.6,0,0
2023-06-01,78H,"NHS NORTHAMPTONSHIRE",4059,115943.45,0,0
2023-06-01,06L,"NHS IPSWICH AND EAST SUFFOLK",4295,131554.24,0,0
2023-06-01,01K,"NHS MORECAMBE BAY",4308,137743.37,0,0
2023-06-01,11M,"NHS GLOUCESTERSHIRE",4347,147865.37,0,0
2023-06-01,03N,"NHS SHEFFIELD",4361,142547.34,0,0
2023-06-01,04C,"NHS LEICESTER CITY",4519,132838.46,0,0
2023-06-01,42D,"NHS NORTH YORKSHIRE",4675,142042.43,0,0
2023-06-01,36J,"NHS BRADFORD DISTRICT AND CRAVEN",4853,155740,0,0
2023-06-01,15C,"NHS BRISTOL, NORTH SOMERSET AND SOUTH GLOUCESTERSHIRE",5118,216465.03,0,0
2023-06-01,92G,"NHS BATH AND NORTH EAST SOMERSET, SWINDON AND WILTSHIRE",5168,177888.78,0,0
2023-06-01,14L,"NHS MANCHESTER",5187,160076.35,0,0
2023-06-01,03R,"NHS WAKEFIELD",5301,171194.45,0,0
2023-06-01,36L,"NHS SOUTH WEST LONDON",5513,201602.48,0,0
2023-06-01,15N,"NHS DEVON",5539,188598.45,0,0
2023-06-01,93C,"NHS NORTH CENTRAL LONDON",5626,203119.47,0,0
2023-06-01,01A,"NHS EAST LANCASHIRE",5663,166704.73,0,0
2023-06-01,70F,"NHS WEST SUSSEX",5669,212633.48,0,0
2023-06-01,04V,"NHS WEST LEICESTERSHIRE",5712,176768.95,0,0
2023-06-01,84H,"NHS COUNTY DURHAM",5902,185849.96,0,0
2023-06-01,15F,"NHS LEEDS",6011,207481.97,0,0
2023-06-01,92A,"NHS SURREY HEARTLANDS",6030,233965.24,0,0
2023-06-01,99A,"NHS LIVERPOOL",6145,185607.51,0,0
2023-06-01,16C,"NHS TEES VALLEY",6966,219026.52,0,0
2023-06-01,11N,"NHS CORNWALL AND THE ISLES OF SCILLY",7188,224278.97,0,0
2023-06-01,72Q,"NHS SOUTH EAST LONDON",7613,299841.25,0,0
2023-06-01,18C,"NHS HEREFORDSHIRE AND WORCESTERSHIRE",7847,287518.9,0,0
2023-06-01,A3A8R,"NHS NORTH EAST LONDON",7944,284259.53,0,0
2023-06-01,11J,"NHS DORSET",8099,284721.02,0,0
2023-06-01,15M,"NHS DERBY AND DERBYSHIRE",8372,325723.78,0,0
2023-06-01,B2M3M,"NHS COVENTRY AND WARWICKSHIRE",8387,253552.14,0,0
2023-06-01,71E,"NHS LINCOLNSHIRE",9210,273206.47,0,0
2023-06-01,26A,"NHS NORFOLK AND WAVENEY",9447,299313.19,0,0
2023-06-01,M1J4Y,"NHS BEDFORDSHIRE, LUTON AND MILTON KEYNES",9501,319308.95,0,0
2023-06-01,D9Y0V,"NHS HAMPSHIRE, SOUTHAMPTON AND ISLE OF WIGHT",9646,374292.06,0,0
2023-06-01,W2U3Z,"NHS NORTH WEST LONDON",10375,368652.96,0,0
2023-06-01,06H,"NHS CAMBRIDGESHIRE AND PETERBOROUGH",10776,319173.87,0,0
2023-06-01,91Q,"NHS KENT AND MEDWAY",12214,421634.72,0,0
2023-06-01,15E,"NHS BIRMINGHAM AND SOLIHULL",12623,433265.08,0,0
2023-06-01,D2P2L,"NHS BLACK COUNTRY",12640,434534.35,0,0
2023-06-01,52R,"NHS NOTTINGHAM AND NOTTINGHAMSHIRE",14594,467495.18,0,0
2023-07-01,09W,"NHS MEDWAY",0,0,0,0
2023-07-01,D4U1Y,"NHS FRIMLEY",13,439.65,0,0
2023-07-01,10R,"NHS PORTSMOUTH",266,11704.22,0,0
2023-07-01,99C,"NHS NORTH TYNESIDE",739,27448.68,0,0
2023-07-01,02Q,"NHS BASSETLAW",1115,32204.35,0,0
2023-07-01,01F,"NHS HALTON",1200,37974.21,0,0
2023-07-01,15A,"NHS BERKSHIRE WEST",1243,39620.07,0,0
2023-07-01,01V,"NHS SOUTHPORT AND FORMBY",1302,39733.38,0,0
2023-07-01,09D,"NHS BRIGHTON AND HOVE",1335,52615.81,0,0
2023-07-01,06N,"NHS HERTS VALLEYS",1338,50445.79,0,0
2023-07-01,99G,"NHS SOUTHEND",1362,45337.44,0,0
2023-07-01,99F,"NHS CASTLE POINT AND ROCHFORD",1376,45666.96,0,0
2023-07-01,02E,"NHS WARRINGTON",1402,44541.07,0,0
2023-07-01,02G,"NHS WEST LANCASHIRE",1421,43909.85,0,0
2023-07-01,00X,"NHS CHORLEY AND SOUTH RIBBLE",1442,47673.09,0,0
2023-07-01,04Y,"NHS CANNOCK CHASE",1466,47838.12,0,0
2023-07-01,05V,"NHS STAFFORD AND SURROUNDS",1501,49402.27,0,0
2023-07-01,01T,"NHS SOUTH SEFTON",1509,43553.82,0,0
2023-07-01,01X,"NHS ST HELENS",1512,46053.41,0,0
2023-07-01,05D,"NHS EAST STAFFORDSHIRE",1524,48221.2,0,0
2023-07-01,01J,"NHS KNOWSLEY",1546,45229.81,0,0
2023-07-01,00N,"NHS SOUTH TYNESIDE",1569,57452.9,0,0
2023-07-01,14Y,"NHS BUCKINGHAMSHIRE",1577,52340.11,0,0
2023-07-01,03Q,"NHS VALE OF YORK",1580,52562.43,0,0
2023-07-01,02T,"NHS CALDERDALE",1754,61080.84,0,0
2023-07-01,01Y,"NHS TAMESIDE AND GLOSSOP",1767,57372.92,0,0
2023-07-01,01E,"NHS GREATER PRESTON",1778,56796.12,0,0
2023-07-01,02A,"NHS TRAFFORD",1785,58224.61,0,0
2023-07-01,01H,"NHS NORTH CUMBRIA",1920,61930.8,0,0
2023-07-01,00L,"NHS NORTHUMBERLAND",1967,63059.21,0,0
2023-07-01,01G,"NHS SALFORD",1988,59820.21,0,0
2023-07-01,00R,"NHS BLACKPOOL",2026,59243.89,0,0
2023-07-01,02M,"NHS FYLDE AND WYRE",2033,61933.94,0,0
2023-07-01,00T,"NHS BOLTON",2035,61496.35,0,0
2023-07-01,01D,"NHS HEYWOOD, MIDDLETON AND ROCHDALE",2040,63364.1,0,0
2023-07-01,00V,"NHS BURY",2100,64188.89,0,0
2023-07-01,97R,"NHS EAST SUSSEX",2123,70751.48,0,0
2023-07-01,00P,"NHS SUNDERLAND",2178,74105.45,0,0
2023-07-01,07G,"NHS THURROCK",2193,65480.34,0,0
2023-07-01,00Q,"NHS BLACKBURN WITH DARWEN",2219,66085.56,0,0
2023-07-01,05Q,"NHS SOUTH EAST STAFFORDSHIRE AND SEISDON PENINSULA",2234,76742.54,0,0
2023-07-01,01W,"NHS STOCKPORT",2243,73144.87,0,0
2023-07-01,13T,"NHS NEWCASTLE GATESHEAD",2262,79627.32,0,0
2023-07-01,11X,"NHS SOMERSET",2296,79181.61,0,0
2023-07-01,00Y,"NHS OLDHAM",2359,76634.57,0,0
2023-07-01,03H,"NHS NORTH EAST LINCOLNSHIRE",2359,70865.76,0,0
2023-07-01,03K,"NHS NORTH LINCOLNSHIRE",2471,69792.34,0,0
2023-07-01,05G,"NHS NORTH STAFFORDSHIRE",2548,78914.44,0,0
2023-07-01,U2G6B,"NHS THAMES VALLEY ICB - U2G6B",2633,96633.97,0,0
2023-07-01,07H,"NHS WEST ESSEX",2665,80561.6,0,0
2023-07-01,99E,"NHS BASILDON AND BRENTWOOD",2697,88504.32,0,0
2023-07-01,06K,"NHS EAST AND NORTH HERTFORDSHIRE",2742,82131.47,0,0
2023-07-01,02X,"NHS DONCASTER",2755,83478.29,0,0
2023-07-01,X2C4Y,"NHS KIRKLEES",2875,107184.21,0,0
2023-07-01,02P,"NHS BARNSLEY",3022,90595.48,0,0
2023-07-01,02H,"NHS WIGAN BOROUGH",3128,100540.44,0,0
2023-07-01,06Q,"NHS MID ESSEX",3241,94849.88,0,0
2023-07-01,10Q,"NHS OXFORDSHIRE",3282,113911.23,0,0
2023-07-01,03L,"NHS ROTHERHAM",3288,97135.95,0,0
2023-07-01,27D,"NHS CHESHIRE",3359,107315.18,0,0
2023-07-01,03F,"NHS HULL",3465,106285.17,0,0
2023-07-01,M2L0M,"NHS SHROPSHIRE, TELFORD AND WREKIN",3511,129116.08,0,0
2023-07-01,12F,"NHS WIRRAL",3538,113866.97,0,0
2023-07-01,03W,"NHS EAST LEICESTERSHIRE AND RUTLAND",3586,109524.21,0,0
2023-07-01,05W,"NHS STOKE ON TRENT",3695,112440.62,0,0
2023-07-01,02Y,"NHS EAST RIDING OF YORKSHIRE",3707,116497.41,0,0
2023-07-01,07K,"NHS WEST SUFFOLK",3794,108531.54,0,0
2023-07-01,06T,"NHS NORTH EAST ESSEX",3815,107110.12,0,0
2023-07-01,78H,"NHS NORTHAMPTONSHIRE",3915,111367.19,0,0
2023-07-01,01K,"NHS MORECAMBE BAY",4103,131037.87,0,0
2023-07-01,11M,"NHS GLOUCESTERSHIRE",4136,140841.2,0,0
2023-07-01,06L,"NHS IPSWICH AND EAST SUFFOLK",4211,129684.11,0,0
2023-07-01,03N,"NHS SHEFFIELD",4364,141124.2,0,0
2023-07-01,42D,"NHS NORTH YORKSHIRE",4373,132817.93,0,0
2023-07-01,04C,"NHS LEICESTER CITY",4458,130221.27,0,0
2023-07-01,92G,"NHS BATH AND NORTH EAST SOMERSET, SWINDON AND WILTSHIRE",4531,155373.13,0,0
2023-07-01,36J,"NHS BRADFORD DISTRICT AND CRAVEN",4630,149339.52,0,0
2023-07-01,15C,"NHS BRISTOL, NORTH SOMERSET AND SOUTH GLOUCESTERSHIRE",4898,205265.49,0,0
2023-07-01,03R,"NHS WAKEFIELD",4902,159779.73,0,0
2023-07-01,15N,"NHS DEVON",5116,173397.66,0,0
2023-07-01,14L,"NHS MANCHESTER",5223,160664.1,0,0
2023-07-01,70F,"NHS WEST SUSSEX",5349,198099.26,0,0
2023-07-01,04V,"NHS WEST LEICESTERSHIRE",5443,168051.28,0,0
2023-07-01,36L,"NHS SOUTH WEST LONDON",5455,199230.74,0,0
2023-07-01,01A,"NHS EAST LANCASHIRE",5502,161544.44,0,0
2023-07-01,93C,"NHS NORTH CENTRAL LONDON",5525,198956.86,0,0
2023-07-01,84H,"NHS COUNTY DURHAM",5632,176487.65,0,0
2023-07-01,15F,"NHS LEEDS",5830,198849.46,0,0
2023-07-01,92A,"NHS SURREY HEARTLANDS",5899,227579.25,0,0
2023-07-01,99A,"NHS LIVERPOOL",5953,180229.6,0,0
2023-07-01,16C,"NHS TEES VALLEY",6804,213996.61,0,0
2023-07-01,15M,"NHS DERBY AND DERBYSHIRE",7028,276895,0,0
2023-07-01,11N,"NHS CORNWALL AND THE ISLES OF SCILLY",7080,220407.76,0,0
2023-07-01,18C,"NHS HEREFORDSHIRE AND WORCESTERSHIRE",7346,266491.53,0,0
2023-07-01,72Q,"NHS SOUTH EAST LONDON",7423,290472.85,0,0
2023-07-01,11J,"NHS DORSET",7740,270527.71,0,0
2023-07-01,A3A8R,"NHS NORTH EAST LONDON",7787,277018.72,0,0
2023-07-01,B2M3M,"NHS COVENTRY AND WARWICKSHIRE",7910,237349.19,0,0
2023-07-01,D9Y0V,"NHS HAMPSHIRE, SOUTHAMPTON AND ISLE OF WIGHT",8171,315003.96,0,0
2023-07-01,71E,"NHS LINCOLNSHIRE",8855,262115.63,0,0
2023-07-01,M1J4Y,"NHS BEDFORDSHIRE, LUTON AND MILTON KEYNES",9109,303673.25,0,0
2023-07-01,26A,"NHS NORFOLK AND WAVENEY",9136,287501.95,0,0
2023-07-01,W2U3Z,"NHS NORTH WEST LONDON",10027,355190.03,0,0
2023-07-01,06H,"NHS CAMBRIDGESHIRE AND PETERBOROUGH",10155,299717.9,0,0
2023-07-01,91Q,"NHS KENT AND MEDWAY",11891,410211.28,0,0
2023-07-01,D2P2L,"NHS BLACK COUNTRY",12385,421579.27,0,0
2023-07-01,15E,"NHS BIRMINGHAM AND SOLIHULL",12653,433613.13,0,0
2023-07-01,52R,"NHS NOTTINGHAM AND NOTTINGHAMSHIRE",13611,434280.67,0,0
2023-08-01,09W,"NHS MEDWAY",0,0,0,0
2023-08-01,D4U1Y,"NHS FRIMLEY",17,521.95,0,0
2023-08-01,10R,"NHS PORTSMOUTH",252,11207.26,0,0
2023-08-01,99C,"NHS NORTH TYNESIDE",810,30272.17,0,0
2023-08-01,01F,"NHS HALTON",1131,34889.56,0,0
2023-08-01,02E,"NHS WARRINGTON",1204,37938.31,0,0
2023-08-01,15A,"NHS BERKSHIRE WEST",1268,41260.01,0,0
2023-08-01,02Q,"NHS BASSETLAW",1293,37527.13,0,0
2023-08-01,06N,"NHS HERTS VALLEYS",1307,49445.79,0,0
2023-08-01,99G,"NHS SOUTHEND",1315,44393.39,0,0
2023-08-01,01V,"NHS SOUTHPORT AND FORMBY",1325,40466.58,0,0
2023-08-01,09D,"NHS BRIGHTON AND HOVE",1419,54665.1,0,0
2023-08-01,02G,"NHS WEST LANCASHIRE",1420,43488.47,0,0
2023-08-01,99F,"NHS CASTLE POINT AND ROCHFORD",1432,47690.05,0,0
2023-08-01,05V,"NHS STAFFORD AND SURROUNDS",1455,46727.69,0,0
2023-08-01,01X,"NHS ST HELENS",1482,44917.21,0,0
2023-08-01,00X,"NHS CHORLEY AND SOUTH RIBBLE",1507,49393.7,0,0
2023-08-01,05D,"NHS EAST STAFFORDSHIRE",1516,47881.15,0,0
2023-08-01,01T,"NHS SOUTH SEFTON",1517,43544.59,0,0
2023-08-01,14Y,"NHS BUCKINGHAMSHIRE",1524,51175.02,0,0
2023-08-01,01J,"NHS KNOWSLEY",1565,45824.45,0,0
2023-08-01,04Y,"NHS CANNOCK CHASE",1575,50877.28,0,0
2023-08-01,00N,"NHS SOUTH TYNESIDE",1595,58649.19,0,0
2023-08-01,03Q,"NHS VALE OF YORK",1668,54721.68,0,0
2023-08-01,01E,"NHS GREATER PRESTON",1789,57745.25,0,0
2023-08-01,02A,"NHS TRAFFORD",1811,58926.44,0,0
2023-08-01,01Y,"NHS TAMESIDE AND GLOSSOP",1853,60574.66,0,0
2023-08-01,02T,"NHS CALDERDALE",1899,65573.08,0,0
2023-08-01,01H,"NHS NORTH CUMBRIA",1926,63153.61,0,0
2023-08-01,01G,"NHS SALFORD",1982,60329.07,0,0
2023-08-01,00L,"NHS NORTHUMBERLAND",1985,63128.2,0,0
2023-08-01,00R,"NHS BLACKPOOL",2059,60659.56,0,0
2023-08-01,01D,"NHS HEYWOOD, MIDDLETON AND ROCHDALE",2063,63817.61,0,0
2023-08-01,00T,"NHS BOLTON",2106,63625.96,0,0
2023-08-01,02M,"NHS FYLDE AND WYRE",2154,64228.58,0,0
2023-08-01,00V,"NHS BURY",2172,65768.7,0,0
2023-08-01,97R,"NHS EAST SUSSEX",2187,73922.66,0,0
2023-08-01,07G,"NHS THURROCK",2196,65521.13,0,0
2023-08-01,11X,"NHS SOMERSET",2200,77187.02,0,0
2023-08-01,01W,"NHS STOCKPORT",2209,71453.61,0,0
2023-08-01,05Q,"NHS SOUTH EAST STAFFORDSHIRE AND SEISDON PENINSULA",2257,77714.99,0,0
2023-08-01,13T,"NHS NEWCASTLE GATESHEAD",2272,80681.28,0,0
2023-08-01,00P,"NHS SUNDERLAND",2310,79391.14,0,0
2023-08-01,00Q,"NHS BLACKBURN WITH DARWEN",2336,70356.76,0,0
2023-08-01,03H,"NHS NORTH EAST LINCOLNSHIRE",2347,70465.71,0,0
2023-08-01,00Y,"NHS OLDHAM",2442,78047.2,0,0
2023-08-01,03K,"NHS NORTH LINCOLNSHIRE",2456,69200.81,0,0
2023-08-01,05G,"NHS NORTH STAFFORDSHIRE",2563,78293.65,0,0
2023-08-01,U2G6B,"NHS THAMES VALLEY ICB - U2G6B",2655,97821.76,0,0
2023-08-01,06K,"NHS EAST AND NORTH HERTFORDSHIRE",2704,80493.59,0,0
2023-08-01,02P,"NHS BARNSLEY",2771,83295.53,0,0
2023-08-01,07H,"NHS WEST ESSEX",2803,84143.36,0,0
2023-08-01,02X,"NHS DONCASTER",2817,85987.67,0,0
2023-08-01,X2C4Y,"NHS KIRKLEES",2844,105485.59,0,0
2023-08-01,99E,"NHS BASILDON AND BRENTWOOD",2847,94583.43,0,0
2023-08-01,12F,"NHS WIRRAL",2945,93761.14,0,0
2023-08-01,10Q,"NHS OXFORDSHIRE",3118,108420.71,0,0
2023-08-01,02H,"NHS WIGAN BOROUGH",3164,101233.21,0,0
2023-08-01,27D,"NHS CHESHIRE",3243,103969.75,0,0
2023-08-01,03L,"NHS ROTHERHAM",3298,97939.03,0,0
2023-08-01,06Q,"NHS MID ESSEX",3342,97274.32,0,0
2023-08-01,03F,"NHS HULL",3472,106152.64,0,0
2023-08-01,M2L0M,"NHS SHROPSHIRE, TELFORD AND WREKIN",3473,126065.05,0,0
2023-08-01,03W,"NHS EAST LEICESTERSHIRE AND RUTLAND",3696,113758.1,0,0
2023-08-01,02Y,"NHS EAST RIDING OF YORKSHIRE",3785,120235.01,0,0
2023-08-01,78H,"NHS NORTHAMPTONSHIRE",3805,107827.61,0,0
2023-08-01,07K,"NHS WEST SUFFOLK",3898,111282,0,0
2023-08-01,05W,"NHS STOKE ON TRENT",3919,118845.1,0,0
2023-08-01,06T,"NHS NORTH EAST ESSEX",3936,110740.97,0,0
2023-08-01,92G,"NHS BATH AND NORTH EAST SOMERSET, SWINDON AND WILTSHIRE",4146,142620.51,0,0
2023-08-01,06L,"NHS IPSWICH AND EAST SUFFOLK",4262,129766.69,0,0
2023-08-01,11M,"NHS GLOUCESTERSHIRE",4296,145288.37,0,0
2023-08-01,01K,"NHS MORECAMBE BAY",4313,137520.36,0,0
2023-08-01,03N,"NHS SHEFFIELD",4339,140324.71,0,0
2023-08-01,42D,"NHS NORTH YORKSHIRE",4487,136250.81,0,0
2023-08-01,04C,"NHS LEICESTER CITY",4506,132775.24,0,0
2023-08-01,36J,"NHS BRADFORD DISTRICT AND CRAVEN",4731,150681.82,0,0
2023-08-01,15C,"NHS BRISTOL, NORTH SOMERSET AND SOUTH GLOUCESTERSHIRE",5062,213818.56,0,0
2023-08-01,15N,"NHS DEVON",5092,173195.32,0,0
2023-08-01,03R,"NHS WAKEFIELD",5132,166613.43,0,0
2023-08-01,14L,"NHS MANCHESTER",5279,162805.35,0,0
2023-08-01,70F,"NHS WEST SUSSEX",5337,200253.38,0,0
2023-08-01,04V,"NHS WEST LEICESTERSHIRE",5459,167905.4,0,0
2023-08-01,36L,"NHS SOUTH WEST LONDON",5485,200890.76,0,0
2023-08-01,93C,"NHS NORTH CENTRAL LONDON",5516,198172.53,0,0
2023-08-01,01A,"NHS EAST LANCASHIRE",5569,163460.37,0,0
2023-08-01,84H,"NHS COUNTY DURHAM",5717,178730.17,0,0
2023-08-01,15F,"NHS LEEDS",5832,200537.04,0,0
2023-08-01,92A,"NHS SURREY HEARTLANDS",6002,231705.91,0,0
2023-08-01,99A,"NHS LIVERPOOL",6043,182306.52,0,0
2023-08-01,16C,"NHS TEES VALLEY",6736,212302.22,0,0
2023-08-01,15M,"NHS DERBY AND DERBYSHIRE",6804,269775.34,0,0
2023-08-01,11N,"NHS CORNWALL AND THE ISLES OF SCILLY",7003,216762.84,0,0
2023-08-01,18C,"NHS HEREFORDSHIRE AND WORCESTERSHIRE",7484,273140.18,0,0
2023-08-01,A3A8R,"NHS NORTH EAST LONDON",7506,265451.13,0,0
2023-08-01,72Q,"NHS SOUTH EAST LONDON",7667,300848.57,0,0
2023-08-01,D9Y0V,"NHS HAMPSHIRE, SOUTHAMPTON AND ISLE OF WIGHT",7780,297932.84,0,0
2023-08-01,11J,"NHS DORSET",7854,276869.48,0,0
2023-08-01,B2M3M,"NHS COVENTRY AND WARWICKSHIRE",7948,238571.02,0,0
2023-08-01,26A,"NHS NORFOLK AND WAVENEY",9075,284747.84,0,0
2023-08-01,71E,"NHS LINCOLNSHIRE",9083,268074.11,0,0
2023-08-01,M1J4Y,"NHS BEDFORDSHIRE, LUTON AND MILTON KEYNES",9121,304266.55,0,0
2023-08-01,W2U3Z,"NHS NORTH WEST LONDON",9979,353629.91,0,0
2023-08-01,06H,"NHS CAMBRIDGESHIRE AND PETERBOROUGH",10393,306357.25,0,0
2023-08-01,91Q,"NHS KENT AND MEDWAY",12054,413723.09,0,0
2023-08-01,D2P2L,"NHS BLACK COUNTRY",12575,431843.87,0,0
2023-08-01,15E,"NHS BIRMINGHAM AND SOLIHULL",12669,432668.9,0,0
2023-08-01,52R,"NHS NOTTINGHAM AND NOTTINGHAMSHIRE",14004,445286.43,0,0
2023-09-01,09W,"NHS MEDWAY",0,0,0,0
2023-09-01,D4U1Y,"NHS FRIMLEY",15,438.87,0,0
2023-09-01,10R,"NHS PORTSMOUTH",301,13246.28,0,0
2023-09-01,99C,"NHS NORTH TYNESIDE",722,26521.5,0,0
2023-09-01,02E,"NHS WARRINGTON",1085,34202.64,0,0
2023-09-01,01F,"NHS HALTON",1185,36781.3,0,0
2023-09-01,02Q,"NHS BASSETLAW",1189,34148.55,0,0
2023-09-01,15A,"NHS BERKSHIRE WEST",1222,39767.95,0,0
2023-09-01,06N,"NHS HERTS VALLEYS",1234,46706.77,0,0
2023-09-01,01V,"NHS SOUTHPORT AND FORMBY",1292,39908.19,0,0
2023-09-01,12F,"NHS WIRRAL",1296,40566.32,0,0
2023-09-01,99G,"NHS SOUTHEND",1327,44267.96,0,0
2023-09-01,01X,"NHS ST HELENS",1364,41526.71,0,0
2023-09-01,09D,"NHS BRIGHTON AND HOVE",1407,54906.89,0,0
2023-09-01,00X,"NHS CHORLEY AND SOUTH RIBBLE",1414,46188.27,0,0
2023-09-01,02G,"NHS WEST LANCASHIRE",1428,43474.1,0,0
2023-09-01,99F,"NHS CASTLE POINT AND ROCHFORD",1435,47285.07,0,0
2023-09-01,03Q,"NHS VALE OF YORK",1444,48325.79,0,0
2023-09-01,05D,"NHS EAST STAFFORDSHIRE",1457,47256.09,0,0
2023-09-01,01T,"NHS SOUTH SEFTON",1465,42377.91,0,0
2023-09-01,05V,"NHS STAFFORD AND SURROUNDS",1483,48490.16,0,0
2023-09-01,01J,"NHS KNOWSLEY",1540,45010.87,0,0
2023-09-01,14Y,"NHS BUCKINGHAMSHIRE",1578,52878.05,0,0
2023-09-01,04Y,"NHS CANNOCK CHASE",1607,51975.56,0,0
2023-09-01,00N,"NHS SOUTH TYNESIDE",1609,58967.13,0,0
2023-09-01,01E,"NHS GREATER PRESTON",1803,56693.67,0,0
2023-09-01,02A,"NHS TRAFFORD",1804,58722.8,0,0
2023-09-01,01Y,"NHS TAMESIDE AND GLOSSOP",1805,58231.16,0,0
2023-09-01,02T,"NHS CALDERDALE",1818,62067.88,0,0
2023-09-01,01G,"NHS SALFORD",1897,56996.66,0,0
2023-09-01,01H,"NHS NORTH CUMBRIA",1921,62532.05,0,0
2023-09-01,00L,"NHS NORTHUMBERLAND",1984,63109.82,0,0
2023-09-01,00T,"NHS BOLTON",2013,61193,0,0
2023-09-01,00R,"NHS BLACKPOOL",2060,60014.58,0,0
2023-09-01,02M,"NHS FYLDE AND WYRE",2073,62946.5,0,0
2023-09-01,01D,"NHS HEYWOOD, MIDDLETON AND ROCHDALE",2084,64840.27,0,0
2023-09-01,00V,"NHS BURY",2126,64648.95,0,0
2023-09-01,05Q,"NHS SOUTH EAST STAFFORDSHIRE AND SEISDON PENINSULA",2168,74491.85,0,0
2023-09-01,00P,"NHS SUNDERLAND",2181,74492.44,0,0
2023-09-01,07G,"NHS THURROCK",2183,64813.44,0,0
2023-09-01,01W,"NHS STOCKPORT",2214,71943.02,0,0
2023-09-01,11X,"NHS SOMERSET",2239,78270.85,0,0
2023-09-01,97R,"NHS EAST SUSSEX",2250,75422.89,0,0
2023-09-01,00Q,"NHS BLACKBURN WITH DARWEN",2323,69449.39,0,0
2023-09-01,13T,"NHS NEWCASTLE GATESHEAD",2330,81458.27,0,0
2023-09-01,00Y,"NHS OLDHAM",2349,75618.59,0,0
2023-09-01,03H,"NHS NORTH EAST LINCOLNSHIRE",2378,71258.53,0,0
2023-09-01,03K,"NHS NORTH LINCOLNSHIRE",2409,68157.43,0,0
2023-09-01,05G,"NHS NORTH STAFFORDSHIRE",2464,75919.68,0,0
2023-09-01,06K,"NHS EAST AND NORTH HERTFORDSHIRE",2518,75263.44,0,0
2023-09-01,02P,"NHS BARNSLEY",2586,77759.47,0,0
2023-09-01,99E,"NHS BASILDON AND BRENTWOOD",2642,86588.93,0,0
2023-09-01,U2G6B,"NHS THAMES VALLEY ICB - U2G6B",2644,96760.98,0,0
2023-09-01,07H,"NHS WEST ESSEX",2709,81979.14,0,0
2023-09-01,02X,"NHS DONCASTER",2811,85384.51,0,0
2023-09-01,X2C4Y,"NHS KIRKLEES",2827,105756.07,0,0
2023-09-01,27D,"NHS CHESHIRE",2978,95029.42,0,0
2023-09-01,02H,"NHS WIGAN BOROUGH",3099,99398.75,0,0
2023-09-01,10Q,"NHS OXFORDSHIRE",3194,111680.13,0,0
2023-09-01,M2L0M,"NHS SHROPSHIRE, TELFORD AND WREKIN",3225,117193.01,0,0
2023-09-01,03L,"NHS ROTHERHAM",3298,97920.13,0,0
2023-09-01,06Q,"NHS MID ESSEX",3365,98326.19,0,0
2023-09-01,03F,"NHS HULL",3396,104227.8,0,0
2023-09-01,78H,"NHS NORTHAMPTONSHIRE",3620,102279.56,0,0
2023-09-01,02Y,"NHS EAST RIDING OF YORKSHIRE",3652,114887.44,0,0
2023-09-01,92G,"NHS BATH AND NORTH EAST SOMERSET, SWINDON AND WILTSHIRE",3671,124100.53,0,0
2023-09-01,05W,"NHS STOKE ON TRENT",3688,111277.63,0,0
2023-09-01,03W,"NHS EAST LEICESTERSHIRE AND RUTLAND",3721,115057.91,0,0
2023-09-01,07K,"NHS WEST SUFFOLK",3834,109980.23,0,0
2023-09-01,06T,"NHS NORTH EAST ESSEX",3869,108589.35,0,0
2023-09-01,11M,"NHS GLOUCESTERSHIRE",4091,139324.57,0,0
2023-09-01,06L,"NHS IPSWICH AND EAST SUFFOLK",4144,126460.8,0,0
2023-09-01,01K,"NHS MORECAMBE BAY",4145,132501.22,0,0
2023-09-01,42D,"NHS NORTH YORKSHIRE",4271,129753.42,0,0
2023-09-01,03N,"NHS SHEFFIELD",4288,138349.6,0,0
2023-09-01,04C,"NHS LEICESTER CITY",4477,130973.13,0,0
2023-09-01,36J,"NHS BRADFORD DISTRICT AND CRAVEN",4707,149893.09,0,0
2023-09-01,15C,"NHS BRISTOL, NORTH SOMERSET AND SOUTH GLOUCESTERSHIRE",4792,201548.08,0,0
2023-09-01,15N,"NHS DEVON",4940,167573.3,0,0
2023-09-01,03R,"NHS WAKEFIELD",4945,160834.93,0,0
2023-09-01,14L,"NHS MANCHESTER",5089,155656.21,0,0
2023-09-01,01A,"NHS EAST LANCASHIRE",5396,158728.7,0,0
2023-09-01,93C,"NHS NORTH CENTRAL LONDON",5399,194154.03,0,0
2023-09-01,70F,"NHS WEST SUSSEX",5402,202731.45,0,0
2023-09-01,04V,"NHS WEST LEICESTERSHIRE",5414,167335.58,0,0
2023-09-01,36L,"NHS SOUTH WEST LONDON",5442,199363.82,0,0
2023-09-01,15F,"NHS LEEDS",5641,193552.75,0,0
2023-09-01,92A,"NHS SURREY HEARTLANDS",5711,221325.56,0,0
2023-09-01,84H,"NHS COUNTY DURHAM",5794,181078.38,0,0
2023-09-01,99A,"NHS LIVERPOOL",5955,180836,0,0
2023-09-01,15M,"NHS DERBY AND DERBYSHIRE",6222,245160.15,0,0
2023-09-01,16C,"NHS TEES VALLEY",6898,216133.34,0,0
2023-09-01,11N,"NHS CORNWALL AND THE ISLES OF SCILLY",7096,220450.08,0,0
2023-09-01,D9Y0V,"NHS HAMPSHIRE, SOUTHAMPTON AND ISLE OF WIGHT",7292,281028.67,0,0
2023-09-01,18C,"NHS HEREFORDSHIRE AND WORCESTERSHIRE",7408,271575.06,0,0
2023-09-01,72Q,"NHS SOUTH EAST LONDON",7415,289179.86,0,0
2023-09-01,11J,"NHS DORSET",7588,265513.41,0,0
2023-09-01,A3A8R,"NHS NORTH EAST LONDON",7640,271882.46,0,0
2023-09-01,B2M3M,"NHS COVENTRY AND WARWICKSHIRE",7698,232750.08,0,0
2023-09-01,26A,"NHS NORFOLK AND WAVENEY",8766,274941.26,0,0
2023-09-01,71E,"NHS LINCOLNSHIRE",8785,258843.12,0,0
2023-09-01,M1J4Y,"NHS BEDFORDSHIRE, LUTON AND MILTON KEYNES",9201,308334,0,0
2023-09-01,W2U3Z,"NHS NORTH WEST LONDON",9964,353039.09,0,0
2023-09-01,06H,"NHS CAMBRIDGESHIRE AND PETERBOROUGH",10143,298244.3,0,0
2023-09-01,91Q,"NHS KENT AND MEDWAY",11858,407638.76,0,0
2023-09-01,D2P2L,"NHS BLACK COUNTRY",12385,423065.3,0,0
2023-09-01,15E,"NHS BIRMINGHAM AND SOLIHULL",12684,433515.06,0,0
2023-09-01,52R,"NHS NOTTINGHAM AND NOTTINGHAMSHIRE",13608,433440.9,0,0
2023-10-01,09W,"NHS MEDWAY",0,0,0,0
2023-10-01,D4U1Y,"NHS FRIMLEY",10,302.25,0,0
2023-10-01,10R,"NHS PORTSMOUTH",298,13186.62,0,0
2023-10-01,99C,"NHS NORTH TYNESIDE",765,28956.98,0,0
2023-10-01,02E,"NHS WARRINGTON",915,28711.45,0,0
2023-10-01,12F,"NHS WIRRAL",955,29920.57,0,0
2023-10-01,01F,"NHS HALTON",1146,35772.87,0,0
2023-10-01,01V,"NHS SOUTHPORT AND FORMBY",1155,35965.22,0,0
2023-10-01,06N,"NHS HERTS VALLEYS",1200,45578.21,0,0
2023-10-01,01T,"NHS SOUTH SEFTON",1271,36461.01,0,0
2023-10-01,02Q,"NHS BASSETLAW",1283,37751.08,0,0
2023-10-01,15A,"NHS BERKSHIRE WEST",1309,42253.83,0,0
2023-10-01,01X,"NHS ST HELENS",1337,40663.91,0,0
2023-10-01,99G,"NHS SOUTHEND",1357,45140.87,0,0
2023-10-01,09D,"NHS BRIGHTON AND HOVE",1409,54836.44,0,0
2023-10-01,02G,"NHS WEST LANCASHIRE",1434,43933.38,0,0
2023-10-01,99F,"NHS CASTLE POINT AND ROCHFORD",1478,49069.51,0,0
2023-10-01,05V,"NHS STAFFORD AND SURROUNDS",1502,48518.65,0,0
2023-10-01,03Q,"NHS VALE OF YORK",1510,50139.93,0,0
2023-10-01,04Y,"NHS CANNOCK CHASE",1521,49070.2,0,0
2023-10-01,00X,"NHS CHORLEY AND SOUTH RIBBLE",1540,50828.23,0,0
2023-10-01,05D,"NHS EAST STAFFORDSHIRE",1556,49123.47,0,0
2023-10-01,01J,"NHS KNOWSLEY",1589,46462.01,0,0
2023-10-01,00N,"NHS SOUTH TYNESIDE",1635,58931.39,0,0
2023-10-01,14Y,"NHS BUCKINGHAMSHIRE",1681,56016.07,0,0
2023-10-01,02A,"NHS TRAFFORD",1818,59785.12,0,0
2023-10-01,01Y,"NHS TAMESIDE AND GLOSSOP",1821,59510.48,0,0
2023-10-01,02T,"NHS CALDERDALE",1876,64784.32,0,0
2023-10-01,01E,"NHS GREATER PRESTON",1885,61159,0,0
2023-10-01,01G,"NHS SALFORD",1938,58935.15,0,0
2023-10-01,01H,"NHS NORTH CUMBRIA",1953,64342.33,0,0
2023-10-01,00L,"NHS NORTHUMBERLAND",2034,64921.88,0,0
2023-10-01,00R,"NHS BLACKPOOL",2083,60832,0,0
2023-10-01,00T,"NHS BOLTON",2096,63441.29,0,0
2023-10-01,01D,"NHS HEYWOOD, MIDDLETON AND ROCHDALE",2108,65611.12,0,0
2023-10-01,02M,"NHS FYLDE AND WYRE",2111,63604.32,0,0
2023-10-01,11X,"NHS SOMERSET",2128,73268.49,0,0
2023-10-01,97R,"NHS EAST SUSSEX",2188,73052.39,0,0
2023-10-01,00V,"NHS BURY",2290,69403.49,0,0
2023-10-01,07G,"NHS THURROCK",2300,68853.58,0,0
2023-10-01,01W,"NHS STOCKPORT",2309,75612.53,0,0
2023-10-01,00P,"NHS SUNDERLAND",2323,78741.78,0,0
2023-10-01,05Q,"NHS SOUTH EAST STAFFORDSHIRE AND SEISDON PENINSULA",2328,80691.35,0,0
2023-10-01,03H,"NHS NORTH EAST LINCOLNSHIRE",2381,71353.55,0,0
2023-10-01,00Q,"NHS BLACKBURN WITH DARWEN",2383,71574.3,0,0
2023-10-01,13T,"NHS NEWCASTLE GATESHEAD",2390,84262.97,0,0
2023-10-01,00Y,"NHS OLDHAM",2404,77314.65,0,0
2023-10-01,03K,"NHS NORTH LINCOLNSHIRE",2423,68247.45,0,0
2023-10-01,02P,"NHS BARNSLEY",2479,75941.67,0,0
2023-10-01,06K,"NHS EAST AND NORTH HERTFORDSHIRE",2575,77398.06,0,0
2023-10-01,05G,"NHS NORTH STAFFORDSHIRE",2601,80033.79,0,0
2023-10-01,U2G6B,"NHS THAMES VALLEY ICB - U2G6B",2701,99509.53,0,0
2023-10-01,07H,"NHS WEST ESSEX",2739,82340.22,0,0
2023-10-01,27D,"NHS CHESHIRE",2753,88581.53,0,0
2023-10-01,02X,"NHS DONCASTER",2909,89075.23,0,0
2023-10-01,X2C4Y,"NHS KIRKLEES",3019,112119.55,0,0
2023-10-01,99E,"NHS BASILDON AND BRENTWOOD",3063,101738.37,0,0
2023-10-01,M2L0M,"NHS SHROPSHIRE, TELFORD AND WREKIN",3072,110436.97,0,0
2023-10-01,02H,"NHS WIGAN BOROUGH",3143,101107.92,0,0
2023-10-01,06Q,"NHS MID ESSEX",3235,94923.53,0,0
2023-10-01,10Q,"NHS OXFORDSHIRE",3286,114177.52,0,0
2023-10-01,03L,"NHS ROTHERHAM",3328,98363.37,0,0
2023-10-01,78H,"NHS NORTHAMPTONSHIRE",3458,98361.85,0,0
2023-10-01,03F,"NHS HULL",3527,107951.36,0,0
2023-10-01,03W,"NHS EAST LEICESTERSHIRE AND RUTLAND",3757,115914.77,0,0
2023-10-01,92G,"NHS BATH AND NORTH EAST SOMERSET, SWINDON AND WILTSHIRE",3777,129175.54,0,0
2023-10-01,02Y,"NHS EAST RIDING OF YORKSHIRE",3859,122969.76,0,0
2023-10-01,06T,"NHS NORTH EAST ESSEX",3901,109573.23,0,0
2023-10-01,07K,"NHS WEST SUFFOLK",3913,111817.75,0,0
2023-10-01,05W,"NHS STOKE ON TRENT",3936,118777.37,0,0
2023-10-01,06L,"NHS IPSWICH AND EAST SUFFOLK",4144,126787.78,0,0
2023-10-01,11M,"NHS GLOUCESTERSHIRE",4364,147558.7,0,0
2023-10-01,01K,"NHS MORECAMBE BAY",4382,140806.04,0,0
2023-10-01,03N,"NHS SHEFFIELD",4459,144929.82,0,0
2023-10-01,04C,"NHS LEICESTER CITY",4495,132241.9,0,0
2023-10-01,42D,"NHS NORTH YORKSHIRE",4602,139564.44,0,0
2023-10-01,36J,"NHS BRADFORD DISTRICT AND CRAVEN",4913,156469.86,0,0
2023-10-01,15N,"NHS DEVON",5082,172741.78,0,0
2023-10-01,03R,"NHS WAKEFIELD",5097,165809.56,0,0
2023-10-01,15C,"NHS BRISTOL, NORTH SOMERSET AND SOUTH GLOUCESTERSHIRE",5179,219613.5,0,0
2023-10-01,14L,"NHS MANCHESTER",5273,162572.33,0,0
2023-10-01,70F,"NHS WEST SUSSEX",5540,206624.14,0,0
2023-10-01,04V,"NHS WEST LEICESTERSHIRE",5595,171278,0,0
2023-10-01,93C,"NHS NORTH CENTRAL LONDON",5628,200532.38,0,0
2023-10-01,01A,"NHS EAST LANCASHIRE",5670,166859.73,0,0
2023-10-01,36L,"NHS SOUTH WEST LONDON",5712,209596.73,0,0
2023-10-01,15F,"NHS LEEDS",5839,201577.39,0,0
2023-10-01,84H,"NHS COUNTY DURHAM",5849,183477.34,0,0
2023-10-01,92A,"NHS SURREY HEARTLANDS",6002,232035.96,0,0
2023-10-01,99A,"NHS LIVERPOOL",6020,181339.76,0,0
2023-10-01,D9Y0V,"NHS HAMPSHIRE, SOUTHAMPTON AND ISLE OF WIGHT",6175,238736,0,0
2023-10-01,15M,"NHS DERBY AND DERBYSHIRE",6205,247582.02,0,0
2023-10-01,16C,"NHS TEES VALLEY",6865,216202.11,0,0
2023-10-01,11N,"NHS CORNWALL AND THE ISLES OF SCILLY",7136,221348.89,0,0
2023-10-01,18C,"NHS HEREFORDSHIRE AND WORCESTERSHIRE",7593,277918.26,0,0
2023-10-01,A3A8R,"NHS NORTH EAST LONDON",7625,271992.07,0,0
2023-10-01,72Q,"NHS SOUTH EAST LONDON",7668,302093.69,0,0
2023-10-01,B2M3M,"NHS COVENTRY AND WARWICKSHIRE",7810,235787.08,0,0
2023-10-01,11J,"NHS DORSET",8003,280777.96,0,0
2023-10-01,71E,"NHS LINCOLNSHIRE",8967,265799.15,0,0
2023-10-01,26A,"NHS NORFOLK AND WAVENEY",9068,284231.64,0,0
2023-10-01,M1J4Y,"NHS BEDFORDSHIRE, LUTON AND MILTON KEYNES",9329,312106.32,0,0
2023-10-01,06H,"NHS CAMBRIDGESHIRE AND PETERBOROUGH",10370,305871.49,0,0
2023-10-01,W2U3Z,"NHS NORTH WEST LONDON",10494,372931.9,0,0
2023-10-01,91Q,"NHS KENT AND MEDWAY",12197,421717.68,0,0
2023-10-01,D2P2L,"NHS BLACK COUNTRY",12917,444644.05,0,0
2023-10-01,15E,"NHS BIRMINGHAM AND SOLIHULL",13122,450331.64,0,0
2023-10-01,52R,"NHS NOTTINGHAM AND NOTTINGHAMSHIRE",13456,428992.7,0,0
2023-11-01,09W,"NHS MEDWAY",0,0,0,0
2023-11-01,D4U1Y,"NHS FRIMLEY",14,413.39,0,0
2023-11-01,10R,"NHS PORTSMOUTH",315,14273.78,0,0
2023-11-01,99C,"NHS NORTH TYNESIDE",748,27777.66,0,0
2023-11-01,01T,"NHS SOUTH SEFTON",787,22378.67,0,0
2023-11-01,01V,"NHS SOUTHPORT AND FORMBY",867,26236.45,0,0
2023-11-01,02E,"NHS WARRINGTON",870,27283.11,0,0
2023-11-01,12F,"NHS WIRRAL",1027,32326.49,0,0
2023-11-01,06N,"NHS HERTS VALLEYS",1191,45744.37,0,0
2023-11-01,02Q,"NHS BASSETLAW",1223,35606.35,0,0
2023-11-01,01F,"NHS HALTON",1262,39381.75,0,0
2023-11-01,01X,"NHS ST HELENS",1324,40897.65,0,0
2023-11-01,15A,"NHS BERKSHIRE WEST",1386,45468.96,0,0
2023-11-01,99G,"NHS SOUTHEND",1386,46545.74,0,0
2023-11-01,02G,"NHS WEST LANCASHIRE",1401,42634.14,0,0
2023-11-01,09D,"NHS BRIGHTON AND HOVE",1470,57896.61,0,0
2023-11-01,99F,"NHS CASTLE POINT AND ROCHFORD",1522,50844.78,0,0
2023-11-01,05V,"NHS STAFFORD AND SURROUNDS",1557,51506.56,0,0
2023-11-01,05D,"NHS EAST STAFFORDSHIRE",1558,50815.95,0,0
2023-11-01,00X,"NHS CHORLEY AND SOUTH RIBBLE",1572,52388.29,0,0
2023-11-01,01J,"NHS KNOWSLEY",1581,46575.74,0,0
2023-11-01,03Q,"NHS VALE OF YORK",1594,53241.12,0,0
2023-11-01,04Y,"NHS CANNOCK CHASE",1599,52443.52,0,0
2023-11-01,00N,"NHS SOUTH TYNESIDE",1601,58586.9,0,0
2023-11-01,14Y,"NHS BUCKINGHAMSHIRE",1699,57399.24,0,0
2023-11-01,01Y,"NHS TAMESIDE AND GLOSSOP",1871,60518.6,0,0
2023-11-01,01H,"NHS NORTH CUMBRIA",1889,62333.78,0,0
2023-11-01,02A,"NHS TRAFFORD",1895,62366.47,0,0
2023-11-01,01E,"NHS GREATER PRESTON",1911,61290.29,0,0
2023-11-01,02T,"NHS CALDERDALE",1915,66662.39,0,0
2023-11-01,01G,"NHS SALFORD",1952,58343.29,0,0
2023-11-01,00L,"NHS NORTHUMBERLAND",2051,65945.95,0,0
2023-11-01,01D,"NHS HEYWOOD, MIDDLETON AND ROCHDALE",2080,64736.07,0,0
2023-11-01,00T,"NHS BOLTON",2102,64047.61,0,0
2023-11-01,02M,"NHS FYLDE AND WYRE",2167,66085,0,0
2023-11-01,11X,"NHS SOMERSET",2170,73876.5,0,0
2023-11-01,00R,"NHS BLACKPOOL",2191,64517.07,0,0
2023-11-01,02P,"NHS BARNSLEY",2280,69255.7,0,0
2023-11-01,00V,"NHS BURY",2287,70909.38,0,0
2023-11-01,07G,"NHS THURROCK",2287,68649.78,0,0
2023-11-01,05Q,"NHS SOUTH EAST STAFFORDSHIRE AND SEISDON PENINSULA",2320,81542.99,0,0
2023-11-01,97R,"NHS EAST SUSSEX",2324,78317.9,0,0
2023-11-01,03H,"NHS NORTH EAST LINCOLNSHIRE",2338,70192.89,0,0
2023-11-01,01W,"NHS STOCKPORT",2342,75786.08,0,0
2023-11-01,13T,"NHS NEWCASTLE GATESHEAD",2352,82976.16,0,0
2023-11-01,00P,"NHS SUNDERLAND",2356,81268.34,0,0
2023-11-01,00Y,"NHS OLDHAM",2432,79313.36,0,0
2023-11-01,03K,"NHS NORTH LINCOLNSHIRE",2482,70329.11,0,0
2023-11-01,00Q,"NHS BLACKBURN WITH DARWEN",2497,75595.17,0,0
2023-11-01,06K,"NHS EAST AND NORTH HERTFORDSHIRE",2599,78432.88,0,0
2023-11-01,27D,"NHS CHESHIRE",2625,84337.41,0,0
2023-11-01,05G,"NHS NORTH STAFFORDSHIRE",2715,84190.37,0,0
2023-11-01,M2L0M,"NHS SHROPSHIRE, TELFORD AND WREKIN",2772,97958.42,0,0
2023-11-01,U2G6B,"NHS THAMES VALLEY ICB - U2G6B",2777,102017.17,0,0
2023-11-01,99E,"NHS BASILDON AND BRENTWOOD",2830,93670.55,0,0
2023-11-01,07H,"NHS WEST ESSEX",2853,86668.38,0,0
2023-11-01,02X,"NHS DONCASTER",2889,88519.58,0,0
2023-11-01,X2C4Y,"NHS KIRKLEES",3012,111992.27,0,0
2023-11-01,02H,"NHS WIGAN BOROUGH",3217,103813.22,0,0
2023-11-01,10Q,"NHS OXFORDSHIRE",3331,116042.03,0,0
2023-11-01,06Q,"NHS MID ESSEX",3400,100448.28,0,0
2023-11-01,78H,"NHS NORTHAMPTONSHIRE",3420,97475.78,0,0
2023-11-01,03L,"NHS ROTHERHAM",3475,103127.17,0,0
2023-11-01,03F,"NHS HULL",3529,108996.18,0,0
2023-11-01,92G,"NHS BATH AND NORTH EAST SOMERSET, SWINDON AND WILTSHIRE",3586,122817.49,0,0
2023-11-01,02Y,"NHS EAST RIDING OF YORKSHIRE",3888,123481.93,0,0
2023-11-01,06T,"NHS NORTH EAST ESSEX",3932,111008.85,0,0
2023-11-01,05W,"NHS STOKE ON TRENT",3943,120598.95,0,0
2023-11-01,07K,"NHS WEST SUFFOLK",3956,113397.8,0,0
2023-11-01,03W,"NHS EAST LEICESTERSHIRE AND RUTLAND",4001,124562.61,0,0
2023-11-01,06L,"NHS IPSWICH AND EAST SUFFOLK",4125,126457.25,0,0
2023-11-01,11M,"NHS GLOUCESTERSHIRE",4250,145334.59,0,0
2023-11-01,01K,"NHS MORECAMBE BAY",4434,142915.53,0,0
2023-11-01,03N,"NHS SHEFFIELD",4496,146032.43,0,0
2023-11-01,42D,"NHS NORTH YORKSHIRE",4520,138142.33,0,0
2023-11-01,04C,"NHS LEICESTER CITY",4580,135152.23,0,0
2023-11-01,36J,"NHS BRADFORD DISTRICT AND CRAVEN",4916,158185.64,0,0
2023-11-01,03R,"NHS WAKEFIELD",5047,164605.34,0,0
2023-11-01,15C,"NHS BRISTOL, NORTH SOMERSET AND SOUTH GLOUCESTERSHIRE",5193,218601.8,0,0
2023-11-01,15N,"NHS DEVON",5323,181128.42,0,0
2023-11-01,14L,"NHS MANCHESTER",5385,166401.64,0,0
2023-11-01,99A,"NHS LIVERPOOL",5517,168799.99,0,0
2023-11-01,01A,"NHS EAST LANCASHIRE",5616,166402.45,0,0
2023-11-01,04V,"NHS WEST LEICESTERSHIRE",5727,177283.08,0,0
2023-11-01,70F,"NHS WEST SUSSEX",5820,218551.03,0,0
2023-11-01,93C,"NHS NORTH CENTRAL LONDON",5905,212606.2,0,0
2023-11-01,15M,"NHS DERBY AND DERBYSHIRE",5910,233290.8,0,0
2023-11-01,36L,"NHS SOUTH WEST LONDON",5913,217041.49,0,0
2023-11-01,D9Y0V,"NHS HAMPSHIRE, SOUTHAMPTON AND ISLE OF WIGHT",5921,232049.44,0,0
2023-11-01,84H,"NHS COUNTY DURHAM",6025,191255.15,0,0
2023-11-01,15F,"NHS LEEDS",6072,210954.16,0,0
2023-11-01,92A,"NHS SURREY HEARTLANDS",6175,241256.37,0,0
2023-11-01,16C,"NHS TEES VALLEY",6952,220139.34,0,0
2023-11-01,11N,"NHS CORNWALL AND THE ISLES OF SCILLY",7298,227726.28,0,0
2023-11-01,A3A8R,"NHS NORTH EAST LONDON",7389,265516.59,0,0
2023-11-01,B2M3M,"NHS COVENTRY AND WARWICKSHIRE",7774,235016.73,0,0
2023-11-01,18C,"NHS HEREFORDSHIRE AND WORCESTERSHIRE",7781,285465.53,0,0
2023-11-01,72Q,"NHS SOUTH EAST LONDON",7881,309269.04,0,0
2023-11-01,11J,"NHS DORSET",8241,289678.6,0,0
2023-11-01,26A,"NHS NORFOLK AND WAVENEY",8953,282975,0,0
2023-11-01,71E,"NHS LINCOLNSHIRE",9190,272588.31,0,0
2023-11-01,M1J4Y,"NHS BEDFORDSHIRE, LUTON AND MILTON KEYNES",9283,312669.99,0,0
2023-11-01,06H,"NHS CAMBRIDGESHIRE AND PETERBOROUGH",10342,306692.54,0,0
2023-11-01,W2U3Z,"NHS NORTH WEST LONDON",10814,386166.19,0,0
2023-11-01,91Q,"NHS KENT AND MEDWAY",12230,425315.97,0,0
2023-11-01,15E,"NHS BIRMINGHAM AND SOLIHULL",13118,450765.42,0,0
2023-11-01,D2P2L,"NHS BLACK COUNTRY",13158,454347.19,0,0
2023-11-01,52R,"NHS NOTTINGHAM AND NOTTINGHAMSHIRE",14018,451351.63,0,0
2023-12-01,09W,"NHS MEDWAY",0,0,0,0
2023-12-01,D4U1Y,"NHS FRIMLEY",20,551.6,0,0
2023-12-01,10R,"NHS PORTSMOUTH",334,15249.02,0,0
2023-12-01,01T,"NHS SOUTH SEFTON",560,15885.89,0,0
2023-12-01,01V,"NHS SOUTHPORT AND FORMBY",562,17622.65,0,0
2023-12-01,99C,"NHS NORTH TYNESIDE",749,28073.04,0,0
2023-12-01,02E,"NHS WARRINGTON",949,30501.36,0,0
2023-12-01,12F,"NHS WIRRAL",1137,36568.69,0,0
2023-12-01,06N,"NHS HERTS VALLEYS",1173,44673.8,0,0
2023-12-01,01F,"NHS HALTON",1227,38416.84,0,0
2023-12-01,02Q,"NHS BASSETLAW",1322,38610.11,0,0
2023-12-01,01X,"NHS ST HELENS",1335,41009.53,0,0
2023-12-01,99G,"NHS SOUTHEND",1437,48564.32,0,0
2023-12-01,09D,"NHS BRIGHTON AND HOVE",1438,56007.5,0,0
2023-12-01,15A,"NHS BERKSHIRE WEST",1455,46990.11,0,0
2023-12-01,02G,"NHS WEST LANCASHIRE",1456,44842.91,0,0
2023-12-01,05D,"NHS EAST STAFFORDSHIRE",1531,49859.08,0,0
2023-12-01,03Q,"NHS VALE OF YORK",1547,52478.91,0,0
2023-12-01,99F,"NHS CASTLE POINT AND ROCHFORD",1578,52728.5,0,0
2023-12-01,05V,"NHS STAFFORD AND SURROUNDS",1581,51430.93,0,0
2023-12-01,00X,"NHS CHORLEY AND SOUTH RIBBLE",1620,53528.71,0,0
2023-12-01,04Y,"NHS CANNOCK CHASE",1636,53528.81,0,0
2023-12-01,01J,"NHS KNOWSLEY",1727,50883.61,0,0
2023-12-01,14Y,"NHS BUCKINGHAMSHIRE",1728,58377.44,0,0
2023-12-01,00N,"NHS SOUTH TYNESIDE",1729,63178.73,0,0
2023-12-01,01Y,"NHS TAMESIDE AND GLOSSOP",1867,61085.27,0,0
2023-12-01,02T,"NHS CALDERDALE",1877,65110.28,0,0
2023-12-01,02A,"NHS TRAFFORD",1883,61609.28,0,0
2023-12-01,01G,"NHS SALFORD",1919,58604.92,0,0
2023-12-01,01E,"NHS GREATER PRESTON",1935,62326.54,0,0
2023-12-01,01H,"NHS NORTH CUMBRIA",1960,63591.47,0,0
2023-12-01,11X,"NHS SOMERSET",2100,71943.34,0,0
2023-12-01,01D,"NHS HEYWOOD, MIDDLETON AND ROCHDALE",2119,65885.21,0,0
2023-12-01,00R,"NHS BLACKPOOL",2137,62853.01,0,0
2023-12-01,00T,"NHS BOLTON",2139,65030.86,0,0
2023-12-01,00L,"NHS NORTHUMBERLAND",2143,69853.05,0,0
2023-12-01,02P,"NHS BARNSLEY",2207,67594.69,0,0
2023-12-01,00V,"NHS BURY",2213,67402.57,0,0
2023-12-01,07G,"NHS THURROCK",2228,66823.03,0,0
2023-12-01,02M,"NHS FYLDE AND WYRE",2253,68944.66,0,0
2023-12-01,01W,"NHS STOCKPORT",2314,75949.74,0,0
2023-12-01,05Q,"NHS SOUTH EAST STAFFORDSHIRE AND SEISDON PENINSULA",2323,81380.09,0,0
2023-12-01,97R,"NHS EAST SUSSEX",2344,78924.87,0,0
2023-12-01,00P,"NHS SUNDERLAND",2372,81215.9,0,0
2023-12-01,03H,"NHS NORTH EAST LINCOLNSHIRE",2380,72062.52,0,0
2023-12-01,00Y,"NHS OLDHAM",2437,78487.51,0,0
2023-12-01,00Q,"NHS BLACKBURN WITH DARWEN",2464,74848.91,0,0
2023-12-01,M2L0M,"NHS SHROPSHIRE, TELFORD AND WREKIN",2470,87882.5,0,0
2023-12-01,13T,"NHS NEWCASTLE GATESHEAD",2480,88467.41,0,0
2023-12-01,03K,"NHS NORTH LINCOLNSHIRE",2493,71068.03,0,0
2023-12-01,27D,"NHS CHESHIRE",2538,80663.4,0,0
2023-12-01,06K,"NHS EAST AND NORTH HERTFORDSHIRE",2564,77660.93,0,0
2023-12-01,05G,"NHS NORTH STAFFORDSHIRE",2707,84195.01,0,0
2023-12-01,U2G6B,"NHS THAMES VALLEY ICB - U2G6B",2797,102448.12,0,0
2023-12-01,07H,"NHS WEST ESSEX",2847,86289.24,0,0
2023-12-01,99E,"NHS BASILDON AND BRENTWOOD",2954,98342.3,0,0
2023-12-01,02X,"NHS DONCASTER",2961,90237.33,0,0
2023-12-01,X2C4Y,"NHS KIRKLEES",3014,113339.87,0,0
2023-12-01,10Q,"NHS OXFORDSHIRE",3280,114385.45,0,0
2023-12-01,02H,"NHS WIGAN BOROUGH",3289,106561.87,0,0
2023-12-01,78H,"NHS NORTHAMPTONSHIRE",3324,94869.68,0,0
2023-12-01,92G,"NHS BATH AND NORTH EAST SOMERSET, SWINDON AND WILTSHIRE",3347,114134.22,0,0
2023-12-01,03F,"NHS HULL",3440,106205.34,0,0
2023-12-01,06Q,"NHS MID ESSEX",3466,102063.79,0,0
2023-12-01,03L,"NHS ROTHERHAM",3520,104910.15,0,0
2023-12-01,02Y,"NHS EAST RIDING OF YORKSHIRE",3698,118136.05,0,0
2023-12-01,05W,"NHS STOKE ON TRENT",3929,119691.9,0,0
2023-12-01,03W,"NHS EAST LEICESTERSHIRE AND RUTLAND",3939,122444.39,0,0
2023-12-01,06T,"NHS NORTH EAST ESSEX",4056,114561.9,0,0
2023-12-01,07K,"NHS WEST SUFFOLK",4082,117090.94,0,0
2023-12-01,06L,"NHS IPSWICH AND EAST SUFFOLK",4281,130738.64,0,0
2023-12-01,11M,"NHS GLOUCESTERSHIRE",4417,150953.06,0,0
2023-12-01,42D,"NHS NORTH YORKSHIRE",4473,137411.92,0,0
2023-12-01,01K,"NHS MORECAMBE BAY",4474,144588.74,0,0
2023-12-01,03N,"NHS SHEFFIELD",4548,148948.51,0,0
2023-12-01,04C,"NHS LEICESTER CITY",4596,135744.58,0,0
2023-12-01,36J,"NHS BRADFORD DISTRICT AND CRAVEN",4912,159069.93,0,0
2023-12-01,99A,"NHS LIVERPOOL",5054,154358.32,0,0
2023-12-01,03R,"NHS WAKEFIELD",5067,165742.62,0,0
2023-12-01,14L,"NHS MANCHESTER",5287,164726.62,0,0
2023-12-01,15C,"NHS BRISTOL, NORTH SOMERSET AND SOUTH GLOUCESTERSHIRE",5312,227662.71,0,0
2023-12-01,15N,"NHS DEVON",5388,185392.72,0,0
2023-12-01,D9Y0V,"NHS HAMPSHIRE, SOUTHAMPTON AND ISLE OF WIGHT",5736,224161.07,0,0
2023-12-01,70F,"NHS WEST SUSSEX",5792,217850.44,0,0
2023-12-01,93C,"NHS NORTH CENTRAL LONDON",5795,210246.91,0,0
2023-12-01,04V,"NHS WEST LEICESTERSHIRE",5801,179559.27,0,0
2023-12-01,01A,"NHS EAST LANCASHIRE",5860,173470.38,0,0
2023-12-01,15M,"NHS DERBY AND DERBYSHIRE",5921,235248.56,0,0
2023-12-01,36L,"NHS SOUTH WEST LONDON",5947,220117.99,0,0
2023-12-01,15F,"NHS LEEDS",6002,207656.83,0,0
2023-12-01,84H,"NHS COUNTY DURHAM",6074,192218.53,0,0
2023-12-01,92A,"NHS SURREY HEARTLANDS",6375,248790.52,0,0
2023-12-01,16C,"NHS TEES VALLEY",7112,226417.51,0,0
2023-12-01,A3A8R,"NHS NORTH EAST LONDON",7183,257432.24,0,0
2023-12-01,11N,"NHS CORNWALL AND THE ISLES OF SCILLY",7453,232603.67,0,0
2023-12-01,B2M3M,"NHS COVENTRY AND WARWICKSHIRE",8008,243237.65,0,0
2023-12-01,18C,"NHS HEREFORDSHIRE AND WORCESTERSHIRE",8018,295595.65,0,0
2023-12-01,72Q,"NHS SOUTH EAST LONDON",8210,324434.2,0,0
2023-12-01,11J,"NHS DORSET",8347,296281.11,0,0
2023-12-01,26A,"NHS NORFOLK AND WAVENEY",9212,288910.8,0,0
2023-12-01,M1J4Y,"NHS BEDFORDSHIRE, LUTON AND MILTON KEYNES",9318,312863.95,0,0
2023-12-01,71E,"NHS LINCOLNSHIRE",9494,282018.22,0,0
2023-12-01,06H,"NHS CAMBRIDGESHIRE AND PETERBOROUGH",10550,313117.5,0,0
2023-12-01,W2U3Z,"NHS NORTH WEST LONDON",10863,387350.23,0,0
2023-12-01,91Q,"NHS KENT AND MEDWAY",12775,447898.05,0,0
2023-12-01,D2P2L,"NHS BLACK COUNTRY",13090,454089.71,0,0
2023-12-01,15E,"NHS BIRMINGHAM AND SOLIHULL",13102,450947.26,0,0
2023-12-01,52R,"NHS NOTTINGHAM AND NOTTINGHAMSHIRE",13719,441605.85,0,0
2024-01-01,09W,"NHS MEDWAY",0,0,0,0
2024-01-01,D4U1Y,"NHS FRIMLEY",18,552.98,0,0
2024-01-01,10R,"NHS PORTSMOUTH",349,15730.77,0,0
2024-01-01,01T,"NHS SOUTH SEFTON",553,15899.12,0,0
2024-01-01,01V,"NHS SOUTHPORT AND FORMBY",581,18276.43,0,0
2024-01-01,99C,"NHS NORTH TYNESIDE",797,30053.23,0,0
2024-01-01,02E,"NHS WARRINGTON",960,30331.56,0,0
2024-01-01,06N,"NHS HERTS VALLEYS",1198,45701.49,0,0
2024-01-01,12F,"NHS WIRRAL",1215,38350.05,0,0
2024-01-01,01F,"NHS HALTON",1263,39981.33,0,0
2024-01-01,02Q,"NHS BASSETLAW",1291,37465.67,0,0
2024-01-01,01X,"NHS ST HELENS",1335,41225.96,0,0
2024-01-01,15A,"NHS BERKSHIRE WEST",1424,46614.02,0,0
2024-01-01,02G,"NHS WEST LANCASHIRE",1494,46009.44,0,0
2024-01-01,09D,"NHS BRIGHTON AND HOVE",1501,59359.04,0,0
2024-01-01,03Q,"NHS VALE OF YORK",1528,51563.95,0,0
2024-01-01,05D,"NHS EAST STAFFORDSHIRE",1539,50402.76,0,0
2024-01-01,99G,"NHS SOUTHEND",1553,52615.89,0,0
2024-01-01,05V,"NHS STAFFORD AND SURROUNDS",1562,51010.88,0,0
2024-01-01,99F,"NHS CASTLE POINT AND ROCHFORD",1582,52892.37,0,0
2024-01-01,00X,"NHS CHORLEY AND SOUTH RIBBLE",1604,53556.21,0,0
2024-01-01,01J,"NHS KNOWSLEY",1620,48139.19,0,0
2024-01-01,04Y,"NHS CANNOCK CHASE",1660,54662.35,0,0
2024-01-01,00N,"NHS SOUTH TYNESIDE",1730,62954.94,0,0
2024-01-01,14Y,"NHS BUCKINGHAMSHIRE",1772,59827.47,0,0
2024-01-01,01G,"NHS SALFORD",1906,57678.14,0,0
2024-01-01,01Y,"NHS TAMESIDE AND GLOSSOP",1920,63123.12,0,0
2024-01-01,01H,"NHS NORTH CUMBRIA",1923,63147.27,0,0
2024-01-01,02T,"NHS CALDERDALE",1939,67628.5,0,0
2024-01-01,02A,"NHS TRAFFORD",1946,64754.16,0,0
2024-01-01,01E,"NHS GREATER PRESTON",1948,62598.21,0,0
2024-01-01,02P,"NHS BARNSLEY",2095,64313.07,0,0
2024-01-01,00L,"NHS NORTHUMBERLAND",2098,68319.76,0,0
2024-01-01,01D,"NHS HEYWOOD, MIDDLETON AND ROCHDALE",2146,67161.19,0,0
2024-01-01,11X,"NHS SOMERSET",2155,72903.5,0,0
2024-01-01,00V,"NHS BURY",2170,66940.36,0,0
2024-01-01,02M,"NHS FYLDE AND WYRE",2218,67410.51,0,0
2024-01-01,00R,"NHS BLACKPOOL",2259,66692.76,0,0
2024-01-01,00T,"NHS BOLTON",2274,69430.85,0,0
2024-01-01,03H,"NHS NORTH EAST LINCOLNSHIRE",2293,69124.92,0,0
2024-01-01,07G,"NHS THURROCK",2362,71198.39,0,0
2024-01-01,97R,"NHS EAST SUSSEX",2368,79598.81,0,0
2024-01-01,01W,"NHS STOCKPORT",2392,78661.99,0,0
2024-01-01,05Q,"NHS SOUTH EAST STAFFORDSHIRE AND SEISDON PENINSULA",2424,85461.06,0,0
2024-01-01,27D,"NHS CHESHIRE",2480,78878.55,0,0
2024-01-01,M2L0M,"NHS SHROPSHIRE, TELFORD AND WREKIN",2496,88164.38,0,0
2024-01-01,13T,"NHS NEWCASTLE GATESHEAD",2498,89110.74,0,0
2024-01-01,00P,"NHS SUNDERLAND",2517,86430.07,0,0
2024-01-01,03K,"NHS NORTH LINCOLNSHIRE",2533,71998.85,0,0
2024-01-01,00Q,"NHS BLACKBURN WITH DARWEN",2539,76950.22,0,0
2024-01-01,00Y,"NHS OLDHAM",2539,83362.39,0,0
2024-01-01,06K,"NHS EAST AND NORTH HERTFORDSHIRE",2572,77502.37,0,0
2024-01-01,05G,"NHS NORTH STAFFORDSHIRE",2815,87840.87,0,0
2024-01-01,U2G6B,"NHS THAMES VALLEY ICB - U2G6B",2833,105587.59,0,0
2024-01-01,07H,"NHS WEST ESSEX",2845,86788.58,0,0
2024-01-01,X2C4Y,"NHS KIRKLEES",3023,113687.94,0,0
2024-01-01,99E,"NHS BASILDON AND BRENTWOOD",3083,102660.68,0,0
2024-01-01,02X,"NHS DONCASTER",3147,96055.61,0,0
2024-01-01,92G,"NHS BATH AND NORTH EAST SOMERSET, SWINDON AND WILTSHIRE",3282,110448.69,0,0
2024-01-01,10Q,"NHS OXFORDSHIRE",3311,116558.82,0,0
2024-01-01,02H,"NHS WIGAN BOROUGH",3343,108330.14,0,0
2024-01-01,78H,"NHS NORTHAMPTONSHIRE",3419,97686.68,0,0
2024-01-01,06Q,"NHS MID ESSEX",3572,105092.29,0,0
2024-01-01,03F,"NHS HULL",3654,112811.51,0,0
2024-01-01,03L,"NHS ROTHERHAM",3672,109218.08,0,0
2024-01-01,02Y,"NHS EAST RIDING OF YORKSHIRE",3712,117031.75,0,0
2024-01-01,03W,"NHS EAST LEICESTERSHIRE AND RUTLAND",4021,126355.42,0,0
2024-01-01,06T,"NHS NORTH EAST ESSEX",4113,116212.68,0,0
2024-01-01,05W,"NHS STOKE ON TRENT",4124,126995.99,0,0
2024-01-01,07K,"NHS WEST SUFFOLK",4162,120185.8,0,0
2024-01-01,06L,"NHS IPSWICH AND EAST SUFFOLK",4246,129804.38,0,0
2024-01-01,01K,"NHS MORECAMBE BAY",4411,143248.01,0,0
2024-01-01,42D,"NHS NORTH YORKSHIRE",4441,136190.91,0,0
2024-01-01,11M,"NHS GLOUCESTERSHIRE",4501,153886.43,0,0
2024-01-01,03N,"NHS SHEFFIELD",4777,156499.43,0,0
2024-01-01,04C,"NHS LEICESTER CITY",4779,141238.12,0,0
2024-01-01,99A,"NHS LIVERPOOL",4867,148784.57,0,0
2024-01-01,36J,"NHS BRADFORD DISTRICT AND CRAVEN",5162,164845.51,0,0
2024-01-01,03R,"NHS WAKEFIELD",5299,173829.07,0,0
2024-01-01,15C,"NHS BRISTOL, NORTH SOMERSET AND SOUTH GLOUCESTERSHIRE",5332,227089.99,0,0
2024-01-01,14L,"NHS MANCHESTER",5405,167917.31,0,0
2024-01-01,15N,"NHS DEVON",5456,187448.74,0,0
2024-01-01,04V,"NHS WEST LEICESTERSHIRE",5765,177949.96,0,0
2024-01-01,D9Y0V,"NHS HAMPSHIRE, SOUTHAMPTON AND ISLE OF WIGHT",5828,228670.05,0,0
2024-01-01,01A,"NHS EAST LANCASHIRE",5876,175355.92,0,0
2024-01-01,70F,"NHS WEST SUSSEX",5915,220460.41,0,0
2024-01-01,15M,"NHS DERBY AND DERBYSHIRE",5949,237045.23,0,0
2024-01-01,93C,"NHS NORTH CENTRAL LONDON",5961,215987.87,0,0
2024-01-01,36L,"NHS SOUTH WEST LONDON",6083,225027.31,0,0
2024-01-01,15F,"NHS LEEDS",6194,215105.46,0,0
2024-01-01,84H,"NHS COUNTY DURHAM",6367,202613.1,0,0
2024-01-01,92A,"NHS SURREY HEARTLANDS",6461,251672.91,0,0
2024-01-01,A3A8R,"NHS NORTH EAST LONDON",6619,238521.49,0,0
2024-01-01,16C,"NHS TEES VALLEY",7456,237840.63,0,0
2024-01-01,11N,"NHS CORNWALL AND THE ISLES OF SCILLY",7589,237932.44,0,0
2024-01-01,B2M3M,"NHS COVENTRY AND WARWICKSHIRE",7907,242703.84,0,0
2024-01-01,18C,"NHS HEREFORDSHIRE AND WORCESTERSHIRE",8055,295770.63,0,0
2024-01-01,72Q,"NHS SOUTH EAST LONDON",8305,324665.1,0,0
2024-01-01,11J,"NHS DORSET",8685,307193.76,0,0
2024-01-01,26A,"NHS NORFOLK AND WAVENEY",9012,283215.52,0,0
2024-01-01,M1J4Y,"NHS BEDFORDSHIRE, LUTON AND MILTON KEYNES",9558,322629.81,0,0
2024-01-01,71E,"NHS LINCOLNSHIRE",9648,286397.18,0,0
2024-01-01,06H,"NHS CAMBRIDGESHIRE AND PETERBOROUGH",10538,312321.29,0,0
2024-01-01,W2U3Z,"NHS NORTH WEST LONDON",11307,400599.93,0,0
2024-01-01,91Q,"NHS KENT AND MEDWAY",13103,458041.05,0,0
2024-01-01,D2P2L,"NHS BLACK COUNTRY",13515,469335.76,0,0
2024-01-01,15E,"NHS BIRMINGHAM AND SOLIHULL",13557,467263.33,0,0
2024-01-01,52R,"NHS NOTTINGHAM AND NOTTINGHAMSHIRE",13895,447308.71,0,0
2024-02-01,09W,"NHS MEDWAY",0,0,0,0
2024-02-01,D4U1Y,"NHS FRIMLEY",25,718.63,0,0
2024-02-01,10R,"NHS PORTSMOUTH",359,15945.85,0,0
2024-02-01,01T,"NHS SOUTH SEFTON",545,15699.46,0,0
2024-02-01,01V,"NHS SOUTHPORT AND FORMBY",612,18932.82,0,0
2024-02-01,99C,"NHS NORTH TYNESIDE",796,29682.39,0,0
2024-02-01,02E,"NHS WARRINGTON",941,29932.64,0,0
2024-02-01,06N,"NHS HERTS VALLEYS",1046,40349.81,0,0
2024-02-01,01F,"NHS HALTON",1168,36373.03,0,0
2024-02-01,01X,"NHS ST HELENS",1194,36483.81,0,0
2024-02-01,02Q,"NHS BASSETLAW",1216,35599.23,0,0
2024-02-01,12F,"NHS WIRRAL",1247,39634.01,0,0
2024-02-01,15A,"NHS BERKSHIRE WEST",1310,42533.19,0,0
2024-02-01,09D,"NHS BRIGHTON AND HOVE",1331,53504.44,0,0
2024-02-01,05D,"NHS EAST STAFFORDSHIRE",1346,44081.95,0,0
2024-02-01,03Q,"NHS VALE OF YORK",1361,45795.16,0,0
2024-02-01,02G,"NHS WEST LANCASHIRE",1365,41762.94,0,0
2024-02-01,99G,"NHS SOUTHEND",1416,47316.76,0,0
2024-02-01,04Y,"NHS CANNOCK CHASE",1496,49003.01,0,0
2024-02-01,99F,"NHS CASTLE POINT AND ROCHFORD",1501,50467.31,0,0
2024-02-01,05V,"NHS STAFFORD AND SURROUNDS",1502,48752.58,0,0
2024-02-01,00X,"NHS CHORLEY AND SOUTH RIBBLE",1548,51904.68,0,0
2024-02-01,01J,"NHS KNOWSLEY",1551,46379.08,0,0
2024-02-01,00N,"NHS SOUTH TYNESIDE",1586,58591.13,0,0
2024-02-01,14Y,"NHS BUCKINGHAMSHIRE",1589,54691.87,0,0
2024-02-01,02P,"NHS BARNSLEY",1714,53895.33,0,0
2024-02-01,01Y,"NHS TAMESIDE AND GLOSSOP",1747,56576.31,0,0
2024-02-01,01D,"NHS HEYWOOD, MIDDLETON AND ROCHDALE",1748,54145.03,0,0
2024-02-01,01E,"NHS GREATER PRESTON",1757,56465.74,0,0
2024-02-01,02A,"NHS TRAFFORD",1793,58483.19,0,0
2024-02-01,01H,"NHS NORTH CUMBRIA",1812,59447.1,0,0
2024-02-01,01G,"NHS SALFORD",1828,55941.86,0,0
2024-02-01,02T,"NHS CALDERDALE",1908,67518.99,0,0
2024-02-01,00V,"NHS BURY",1938,59479.58,0,0
2024-02-01,11X,"NHS SOMERSET",2020,68868.26,0,0
2024-02-01,00R,"NHS BLACKPOOL",2039,60283.77,0,0
2024-02-01,00L,"NHS NORTHUMBERLAND",2047,65971.62,0,0
2024-02-01,00T,"NHS BOLTON",2047,62271.38,0,0
2024-02-01,03H,"NHS NORTH EAST LINCOLNSHIRE",2091,63294,0,0
2024-02-01,07G,"NHS THURROCK",2093,62989.42,0,0
2024-02-01,02M,"NHS FYLDE AND WYRE",2099,64010.55,0,0
2024-02-01,01W,"NHS STOCKPORT",2134,70339.85,0,0
2024-02-01,05Q,"NHS SOUTH EAST STAFFORDSHIRE AND SEISDON PENINSULA",2204,77965.64,0,0
2024-02-01,00P,"NHS SUNDERLAND",2267,78022.1,0,0
2024-02-01,M2L0M,"NHS SHROPSHIRE, TELFORD AND WREKIN",2279,81510.58,0,0
2024-02-01,27D,"NHS CHESHIRE",2284,72643.66,0,0
2024-02-01,97R,"NHS EAST SUSSEX",2295,76721.28,0,0
2024-02-01,00Y,"NHS OLDHAM",2303,75453.15,0,0
2024-02-01,03K,"NHS NORTH LINCOLNSHIRE",2336,66581.11,0,0
2024-02-01,13T,"NHS NEWCASTLE GATESHEAD",2351,83355.33,0,0
2024-02-01,06K,"NHS EAST AND NORTH HERTFORDSHIRE",2379,71972.09,0,0
2024-02-01,00Q,"NHS BLACKBURN WITH DARWEN",2451,74349.88,0,0
2024-02-01,05G,"NHS NORTH STAFFORDSHIRE",2535,78796.86,0,0
2024-02-01,07H,"NHS WEST ESSEX",2574,78242.5,0,0
2024-02-01,U2G6B,"NHS THAMES VALLEY ICB - U2G6B",2596,96840.9,0,0
2024-02-01,02X,"NHS DONCASTER",2749,84492.56,0,0
2024-02-01,X2C4Y,"NHS KIRKLEES",2806,105408.09,0,0
2024-02-01,99E,"NHS BASILDON AND BRENTWOOD",2817,93500.26,0,0
2024-02-01,92G,"NHS BATH AND NORTH EAST SOMERSET, SWINDON AND WILTSHIRE",2967,100318.53,0,0
2024-02-01,10Q,"NHS OXFORDSHIRE",3019,105627.24,0,0
2024-02-01,02H,"NHS WIGAN BOROUGH",3194,102983.39,0,0
2024-02-01,78H,"NHS NORTHAMPTONSHIRE",3216,92452.14,0,0
2024-02-01,03F,"NHS HULL",3277,101988.14,0,0
2024-02-01,03L,"NHS ROTHERHAM",3333,98866.31,0,0
2024-02-01,06Q,"NHS MID ESSEX",3338,98253.3,0,0
2024-02-01,02Y,"NHS EAST RIDING OF YORKSHIRE",3427,109247.14,0,0
2024-02-01,06T,"NHS NORTH EAST ESSEX",3721,105250.66,0,0
2024-02-01,03W,"NHS EAST LEICESTERSHIRE AND RUTLAND",3776,118760.88,0,0
2024-02-01,07K,"NHS WEST SUFFOLK",3785,108891.02,0,0
2024-02-01,05W,"NHS STOKE ON TRENT",3790,116167.76,0,0
2024-02-01,06L,"NHS IPSWICH AND EAST SUFFOLK",3860,118285,0,0
2024-02-01,42D,"NHS NORTH YORKSHIRE",4061,125082.75,0,0
2024-02-01,11M,"NHS GLOUCESTERSHIRE",4132,141528.08,0,0
2024-02-01,01K,"NHS MORECAMBE BAY",4282,139102,0,0
2024-02-01,03N,"NHS SHEFFIELD",4284,139381.11,0,0
2024-02-01,04C,"NHS LEICESTER CITY",4354,128855.99,0,0
2024-02-01,99A,"NHS LIVERPOOL",4393,135128.01,0,0
2024-02-01,36J,"NHS BRADFORD DISTRICT AND CRAVEN",4755,153974.07,0,0
2024-02-01,03R,"NHS WAKEFIELD",4795,158228.84,0,0
2024-02-01,14L,"NHS MANCHESTER",4986,155331.49,0,0
2024-02-01,15N,"NHS DEVON",4997,172037.05,0,0
2024-02-01,15C,"NHS BRISTOL, NORTH SOMERSET AND SOUTH GLOUCESTERSHIRE",5027,215836.33,0,0
2024-02-01,A3A8R,"NHS NORTH EAST LONDON",5102,185005.47,0,0
2024-02-01,15M,"NHS DERBY AND DERBYSHIRE",5354,212053.36,0,0
2024-02-01,70F,"NHS WEST SUSSEX",5485,206417.47,0,0
2024-02-01,04V,"NHS WEST LEICESTERSHIRE",5494,170086.84,0,0
2024-02-01,D9Y0V,"NHS HAMPSHIRE, SOUTHAMPTON AND ISLE OF WIGHT",5517,217799.43,0,0
2024-02-01,93C,"NHS NORTH CENTRAL LONDON",5552,200455.14,0,0
2024-02-01,01A,"NHS EAST LANCASHIRE",5576,166111.71,0,0
2024-02-01,15F,"NHS LEEDS",5624,194570.08,0,0
2024-02-01,36L,"NHS SOUTH WEST LONDON",5728,212254.45,0,0
2024-02-01,84H,"NHS COUNTY DURHAM",5853,186255.4,0,0
2024-02-01,92A,"NHS SURREY HEARTLANDS",5994,232920.72,0,0
2024-02-01,11N,"NHS CORNWALL AND THE ISLES OF SCILLY",6702,209262.9,0,0
2024-02-01,16C,"NHS TEES VALLEY",6944,221496.98,0,0
2024-02-01,B2M3M,"NHS COVENTRY AND WARWICKSHIRE",7407,226439.81,0,0
2024-02-01,18C,"NHS HEREFORDSHIRE AND WORCESTERSHIRE",7431,276836.12,0,0
2024-02-01,72Q,"NHS SOUTH EAST LONDON",7815,309089.15,0,0
2024-02-01,11J,"NHS DORSET",7873,278055.82,0,0
2024-02-01,26A,"NHS NORFOLK AND WAVENEY",8215,258093.65,0,0
2024-02-01,M1J4Y,"NHS BEDFORDSHIRE, LUTON AND MILTON KEYNES",8686,292131.43,0,0
2024-02-01,71E,"NHS LINCOLNSHIRE",8937,265530.75,0,0
2024-02-01,06H,"NHS CAMBRIDGESHIRE AND PETERBOROUGH",9954,295147.35,0,0
2024-02-01,W2U3Z,"NHS NORTH WEST LONDON",10518,376037.8,0,0
2024-02-01,91Q,"NHS KENT AND MEDWAY",12004,418840.03,0,0
2024-02-01,52R,"NHS NOTTINGHAM AND NOTTINGHAMSHIRE",12072,390420.36,0,0
2024-02-01,15E,"NHS BIRMINGHAM AND SOLIHULL",12520,432313.4,0,0
2024-02-01,D2P2L,"NHS BLACK COUNTRY",12836,445468.12,0,0
2024-03-01,09W,"NHS MEDWAY",0,0,0,0
2024-03-01,D4U1Y,"NHS FRIMLEY",14,414.01,0,0
2024-03-01,10R,"NHS PORTSMOUTH",373,16723.9,0,0
2024-03-01,01T,"NHS SOUTH SEFTON",593,17085.28,0,0
2024-03-01,01V,"NHS SOUTHPORT AND FORMBY",653,20314,0,0
2024-03-01,99C,"NHS NORTH TYNESIDE",849,31959.2,0,0
2024-03-01,02E,"NHS WARRINGTON",969,30801.8,0,0
2024-03-01,06N,"NHS HERTS VALLEYS",1114,42942.92,0,0
2024-03-01,01F,"NHS HALTON",1174,37205.26,0,0
2024-03-01,01X,"NHS ST HELENS",1176,36046.52,0,0
2024-03-01,02Q,"NHS BASSETLAW",1241,36294.82,0,0
2024-03-01,12F,"NHS WIRRAL",1243,39799.52,0,0
2024-03-01,09D,"NHS BRIGHTON AND HOVE",1337,53264.44,0,0
2024-03-01,15A,"NHS BERKSHIRE WEST",1353,43771.06,0,0
2024-03-01,01W,"NHS STOCKPORT",1389,44739.86,0,0
2024-03-01,02G,"NHS WEST LANCASHIRE",1398,42891.49,0,0
2024-03-01,03Q,"NHS VALE OF YORK",1428,48325.73,0,0
2024-03-01,05V,"NHS STAFFORD AND SURROUNDS",1432,46724.92,0,0
2024-03-01,99G,"NHS SOUTHEND",1446,48465.21,0,0
2024-03-01,99F,"NHS CASTLE POINT AND ROCHFORD",1482,49155.17,0,0
2024-03-01,01D,"NHS HEYWOOD, MIDDLETON AND ROCHDALE",1520,47141.8,0,0
2024-03-01,05D,"NHS EAST STAFFORDSHIRE",1527,50147.16,0,0
2024-03-01,00X,"NHS CHORLEY AND SOUTH RIBBLE",1546,50921.92,0,0
2024-03-01,04Y,"NHS CANNOCK CHASE",1550,50977.03,0,0
2024-03-01,01J,"NHS KNOWSLEY",1582,46894.27,0,0
2024-03-01,00N,"NHS SOUTH TYNESIDE",1620,59282.41,0,0
2024-03-01,14Y,"NHS BUCKINGHAMSHIRE",1635,54671.27,0,0
2024-03-01,02P,"NHS BARNSLEY",1693,51805.86,0,0
2024-03-01,00V,"NHS BURY",1694,52441.12,0,0
2024-03-01,01G,"NHS SALFORD",1804,54649.65,0,0
2024-03-01,02A,"NHS TRAFFORD",1819,59809.09,0,0
2024-03-01,02T,"NHS CALDERDALE",1819,64113.08,0,0
2024-03-01,01H,"NHS NORTH CUMBRIA",1835,59447.18,0,0
2024-03-01,01Y,"NHS TAMESIDE AND GLOSSOP",1860,60913.22,0,0
2024-03-01,01E,"NHS GREATER PRESTON",1902,61713.65,0,0
2024-03-01,11X,"NHS SOMERSET",2020,69930.8,0,0
2024-03-01,00T,"NHS BOLTON",2028,62046.46,0,0
2024-03-01,00R,"NHS BLACKPOOL",2050,59730.94,0,0
2024-03-01,00L,"NHS NORTHUMBERLAND",2057,66073.17,0,0
2024-03-01,02M,"NHS FYLDE AND WYRE",2127,64445.92,0,0
2024-03-01,07G,"NHS THURROCK",2175,65523.89,0,0
2024-03-01,97R,"NHS EAST SUSSEX",2265,75179.35,0,0
2024-03-01,03H,"NHS NORTH EAST LINCOLNSHIRE",2267,68505.15,0,0
2024-03-01,27D,"NHS CHESHIRE",2295,73531.8,0,0
2024-03-01,05Q,"NHS SOUTH EAST STAFFORDSHIRE AND SEISDON PENINSULA",2318,80948.41,0,0
2024-03-01,00Y,"NHS OLDHAM",2361,77059.25,0,0
2024-03-01,00Q,"NHS BLACKBURN WITH DARWEN",2366,71293.14,0,0
2024-03-01,M2L0M,"NHS SHROPSHIRE, TELFORD AND WREKIN",2380,85025.12,0,0
2024-03-01,00P,"NHS SUNDERLAND",2381,81611.8,0,0
2024-03-01,13T,"NHS NEWCASTLE GATESHEAD",2423,85971.43,0,0
2024-03-01,03K,"NHS NORTH LINCOLNSHIRE",2432,69110.01,0,0
2024-03-01,06K,"NHS EAST AND NORTH HERTFORDSHIRE",2467,74355.99,0,0
2024-03-01,05G,"NHS NORTH STAFFORDSHIRE",2629,82412.71,0,0
2024-03-01,07H,"NHS WEST ESSEX",2677,80838.4,0,0
2024-03-01,U2G6B,"NHS THAMES VALLEY ICB - U2G6B",2699,99797.3,0,0
2024-03-01,X2C4Y,"NHS KIRKLEES",2742,101949.66,0,0
2024-03-01,02X,"NHS DONCASTER",2750,84540.47,0,0
2024-03-01,92G,"NHS BATH AND NORTH EAST SOMERSET, SWINDON AND WILTSHIRE",2803,94879.23,0,0
2024-03-01,99E,"NHS BASILDON AND BRENTWOOD",2943,97703.22,0,0
2024-03-01,10Q,"NHS OXFORDSHIRE",2993,104815.85,0,0
2024-03-01,02H,"NHS WIGAN BOROUGH",3083,99360.67,0,0
2024-03-01,78H,"NHS NORTHAMPTONSHIRE",3199,91330.04,0,0
2024-03-01,02Y,"NHS EAST RIDING OF YORKSHIRE",3241,102527.18,0,0
2024-03-01,03F,"NHS HULL",3341,104247.17,0,0
2024-03-01,06Q,"NHS MID ESSEX",3390,99634,0,0
2024-03-01,03L,"NHS ROTHERHAM",3457,103365.1,0,0
2024-03-01,03W,"NHS EAST LEICESTERSHIRE AND RUTLAND",3780,118430.06,0,0
2024-03-01,07K,"NHS WEST SUFFOLK",3854,110698.34,0,0
2024-03-01,05W,"NHS STOKE ON TRENT",3900,119483.54,0,0
2024-03-01,06T,"NHS NORTH EAST ESSEX",3913,110706.38,0,0
2024-03-01,11M,"NHS GLOUCESTERSHIRE",4064,139206.19,0,0
2024-03-01,06L,"NHS IPSWICH AND EAST SUFFOLK",4109,125240.65,0,0
2024-03-01,01K,"NHS MORECAMBE BAY",4111,132808.92,0,0
2024-03-01,42D,"NHS NORTH YORKSHIRE",4140,127144.92,0,0
2024-03-01,A3A8R,"NHS NORTH EAST LONDON",4258,153643.9,0,0
2024-03-01,99A,"NHS LIVERPOOL",4335,133200.92,0,0
2024-03-01,04C,"NHS LEICESTER CITY",4382,129946.02,0,0
2024-03-01,03N,"NHS SHEFFIELD",4463,145976.19,0,0
2024-03-01,36J,"NHS BRADFORD DISTRICT AND CRAVEN",4813,156243.27,0,0
2024-03-01,03R,"NHS WAKEFIELD",4924,161817.4,0,0
2024-03-01,14L,"NHS MANCHESTER",5005,155170.56,0,0
2024-03-01,15C,"NHS BRISTOL, NORTH SOMERSET AND SOUTH GLOUCESTERSHIRE",5012,214183.49,0,0
2024-03-01,15N,"NHS DEVON",5244,181015.09,0,0
2024-03-01,15M,"NHS DERBY AND DERBYSHIRE",5331,209605.06,0,0
2024-03-01,01A,"NHS EAST LANCASHIRE",5479,162706.29,0,0
2024-03-01,04V,"NHS WEST LEICESTERSHIRE",5517,170125.7,0,0
2024-03-01,D9Y0V,"NHS HAMPSHIRE, SOUTHAMPTON AND ISLE OF WIGHT",5523,217882.81,0,0
2024-03-01,70F,"NHS WEST SUSSEX",5556,208448.37,0,0
2024-03-01,15F,"NHS LEEDS",5653,196727.34,0,0
2024-03-01,93C,"NHS NORTH CENTRAL LONDON",5693,205805.92,0,0
2024-03-01,36L,"NHS SOUTH WEST LONDON",5799,215132.47,0,0
2024-03-01,84H,"NHS COUNTY DURHAM",5924,189693.81,0,0
2024-03-01,92A,"NHS SURREY HEARTLANDS",6007,233507.43,0,0
2024-03-01,16C,"NHS TEES VALLEY",7092,227783.99,0,0
2024-03-01,11N,"NHS CORNWALL AND THE ISLES OF SCILLY",7108,222358.19,0,0
2024-03-01,B2M3M,"NHS COVENTRY AND WARWICKSHIRE",7393,226182.94,0,0
2024-03-01,18C,"NHS HEREFORDSHIRE AND WORCESTERSHIRE",7498,277367.53,0,0
2024-03-01,72Q,"NHS SOUTH EAST LONDON",7833,307610.27,0,0
2024-03-01,11J,"NHS DORSET",8076,287023.69,0,0
2024-03-01,26A,"NHS NORFOLK AND WAVENEY",8235,258037.52,0,0
2024-03-01,M1J4Y,"NHS BEDFORDSHIRE, LUTON AND MILTON KEYNES",8511,286921.59,0,0
2024-03-01,71E,"NHS LINCOLNSHIRE",8979,266844.39,0,0
2024-03-01,06H,"NHS CAMBRIDGESHIRE AND PETERBOROUGH",10036,297937.31,0,0
2024-03-01,W2U3Z,"NHS NORTH WEST LONDON",10660,379326.25,0,0
2024-03-01,52R,"NHS NOTTINGHAM AND NOTTINGHAMSHIRE",11827,383113.89,0,0
2024-03-01,91Q,"NHS KENT AND MEDWAY",12382,432883.77,0,0
2024-03-01,15E,"NHS BIRMINGHAM AND SOLIHULL",12876,444737.71,0,0
2024-03-01,D2P2L,"NHS BLACK COUNTRY",13017,452243.76,0,0
2024-04-01,09W,"NHS MEDWAY",0,0,0,0
2024-04-01,D4U1Y,"NHS FRIMLEY",29,909.26,0,0
2024-04-01,10R,"NHS PORTSMOUTH",387,18300.45,0,0
2024-04-01,01T,"NHS SOUTH SEFTON",597,18273.79,0,0
2024-04-01,01V,"NHS SOUTHPORT AND FORMBY",630,20795.66,0,0
2024-04-01,99C,"NHS NORTH TYNESIDE",818,32819.2,0,0
2024-04-01,01W,"NHS STOCKPORT",887,29682.8,0,0
2024-04-01,02E,"NHS WARRINGTON",949,32628.52,0,0
2024-04-01,06N,"NHS HERTS VALLEYS",1097,44136.64,0,0
2024-04-01,01X,"NHS ST HELENS",1232,40154.35,0,0
2024-04-01,01F,"NHS HALTON",1328,44553.54,0,0
2024-04-01,02Q,"NHS BASSETLAW",1344,41418.98,0,0
2024-04-01,15A,"NHS BERKSHIRE WEST",1360,45968.3,0,0
2024-04-01,09D,"NHS BRIGHTON AND HOVE",1396,58598.66,0,0
2024-04-01,12F,"NHS WIRRAL",1396,47369.05,0,0
2024-04-01,02G,"NHS WEST LANCASHIRE",1401,46372.28,0,0
2024-04-01,01D,"NHS HEYWOOD, MIDDLETON AND ROCHDALE",1405,46577.57,0,0
2024-04-01,00V,"NHS BURY",1443,47193.75,0,0
2024-04-01,03Q,"NHS VALE OF YORK",1449,51750.15,0,0
2024-04-01,05D,"NHS EAST STAFFORDSHIRE",1454,50303.35,0,0
2024-04-01,99G,"NHS SOUTHEND",1468,52530.32,0,0
2024-04-01,99F,"NHS CASTLE POINT AND ROCHFORD",1570,55896.71,0,0
2024-04-01,05V,"NHS STAFFORD AND SURROUNDS",1590,55481.44,0,0
2024-04-01,01J,"NHS KNOWSLEY",1618,51007.53,0,0
2024-04-01,00X,"NHS CHORLEY AND SOUTH RIBBLE",1620,58161.61,0,0
2024-04-01,01G,"NHS SALFORD",1629,52678.86,0,0
2024-04-01,00N,"NHS SOUTH TYNESIDE",1638,63615.36,0,0
2024-04-01,04Y,"NHS CANNOCK CHASE",1663,58074.13,0,0
2024-04-01,14Y,"NHS BUCKINGHAMSHIRE",1730,61253.55,0,0
2024-04-01,02A,"NHS TRAFFORD",1782,61916.63,0,0
2024-04-01,02P,"NHS BARNSLEY",1833,59665.4,0,0
2024-04-01,01Y,"NHS TAMESIDE AND GLOSSOP",1851,64585.59,0,0
2024-04-01,01E,"NHS GREATER PRESTON",1911,65342,0,0
2024-04-01,02T,"NHS CALDERDALE",1918,71359.33,0,0
2024-04-01,01H,"NHS NORTH CUMBRIA",1957,67372.26,0,0
2024-04-01,00L,"NHS NORTHUMBERLAND",2076,70870.96,0,0
2024-04-01,11X,"NHS SOMERSET",2088,73880.19,0,0
2024-04-01,00T,"NHS BOLTON",2158,70599.92,0,0
2024-04-01,00R,"NHS BLACKPOOL",2163,67580.1,0,0
2024-04-01,00Y,"NHS OLDHAM",2163,75994.95,0,0
2024-04-01,07G,"NHS THURROCK",2179,69413.6,0,0
2024-04-01,02M,"NHS FYLDE AND WYRE",2215,71299.16,0,0
2024-04-01,03H,"NHS NORTH EAST LINCOLNSHIRE",2258,73132.19,0,0
2024-04-01,05Q,"NHS SOUTH EAST STAFFORDSHIRE AND SEISDON PENINSULA",2337,88392.49,0,0
2024-04-01,97R,"NHS EAST SUSSEX",2360,83608.2,0,0
2024-04-01,06K,"NHS EAST AND NORTH HERTFORDSHIRE",2443,77880.41,0,0
2024-04-01,27D,"NHS CHESHIRE",2446,82205.37,0,0
2024-04-01,00Q,"NHS BLACKBURN WITH DARWEN",2455,79194.45,0,0
2024-04-01,13T,"NHS NEWCASTLE GATESHEAD",2470,92893.59,0,0
2024-04-01,00P,"NHS SUNDERLAND",2494,92125.03,0,0
2024-04-01,03K,"NHS NORTH LINCOLNSHIRE",2506,74565.05,0,0
2024-04-01,M2L0M,"NHS SHROPSHIRE, TELFORD AND WREKIN",2557,96075.7,0,0
2024-04-01,07H,"NHS WEST ESSEX",2734,87165.11,0,0
2024-04-01,05G,"NHS NORTH STAFFORDSHIRE",2736,89656.11,0,0
2024-04-01,U2G6B,"NHS THAMES VALLEY ICB - U2G6B",2800,109303.8,0,0
2024-04-01,92G,"NHS BATH AND NORTH EAST SOMERSET, SWINDON AND WILTSHIRE",2829,100972.29,0,0
2024-04-01,99E,"NHS BASILDON AND BRENTWOOD",2880,100299.98,0,0
2024-04-01,02X,"NHS DONCASTER",2914,94651.38,0,0
2024-04-01,X2C4Y,"NHS KIRKLEES",2967,119932.61,0,0
2024-04-01,10Q,"NHS OXFORDSHIRE",3146,114956.89,0,0
2024-04-01,02H,"NHS WIGAN BOROUGH",3256,111984.12,0,0
2024-04-01,78H,"NHS NORTHAMPTONSHIRE",3333,100664.24,0,0
2024-04-01,02Y,"NHS EAST RIDING OF YORKSHIRE",3335,108950,0,0
2024-04-01,03F,"NHS HULL",3445,114182.16,0,0
2024-04-01,03L,"NHS ROTHERHAM",3532,111351.68,0,0
2024-04-01,06Q,"NHS MID ESSEX",3595,110741.1,0,0
2024-04-01,A3A8R,"NHS NORTH EAST LONDON",3828,147907.87,0,0
2024-04-01,03W,"NHS EAST LEICESTERSHIRE AND RUTLAND",3840,126074.48,0,0
2024-04-01,07K,"NHS WEST SUFFOLK",4020,120326.22,0,0
2024-04-01,05W,"NHS STOKE ON TRENT",4067,133036.13,0,0
2024-04-01,06T,"NHS NORTH EAST ESSEX",4134,123491.47,0,0
2024-04-01,06L,"NHS IPSWICH AND EAST SUFFOLK",4195,132651.83,0,0
2024-04-01,11M,"NHS GLOUCESTERSHIRE",4200,151261.87,0,0
2024-04-01,99A,"NHS LIVERPOOL",4254,139909.14,0,0
2024-04-01,42D,"NHS NORTH YORKSHIRE",4291,136140.9,0,0
2024-04-01,03N,"NHS SHEFFIELD",4480,154239.35,0,0
2024-04-01,01K,"NHS MORECAMBE BAY",4491,155458.24,0,0
2024-04-01,04C,"NHS LEICESTER CITY",4624,145689.76,0,0
2024-04-01,14L,"NHS MANCHESTER",4800,158973.91,0,0
2024-04-01,36J,"NHS BRADFORD DISTRICT AND CRAVEN",4912,168288.42,0,0
2024-04-01,03R,"NHS WAKEFIELD",5020,176883.15,0,0
2024-04-01,15C,"NHS BRISTOL, NORTH SOMERSET AND SOUTH GLOUCESTERSHIRE",5201,235959.27,0,0
2024-04-01,15N,"NHS DEVON",5235,188915.55,0,0
2024-04-01,15M,"NHS DERBY AND DERBYSHIRE",5545,231260.2,0,0
2024-04-01,D9Y0V,"NHS HAMPSHIRE, SOUTHAMPTON AND ISLE OF WIGHT",5681,239570.89,0,0
2024-04-01,01A,"NHS EAST LANCASHIRE",5723,181090.89,0,0
2024-04-01,04V,"NHS WEST LEICESTERSHIRE",5760,188395.79,0,0
2024-04-01,70F,"NHS WEST SUSSEX",5819,231106.07,0,0
2024-04-01,93C,"NHS NORTH CENTRAL LONDON",5833,226099.95,0,0
2024-04-01,15F,"NHS LEEDS",5836,215531.03,0,0
2024-04-01,36L,"NHS SOUTH WEST LONDON",6074,238827.95,0,0
2024-04-01,84H,"NHS COUNTY DURHAM",6213,209083.87,0,0
2024-04-01,92A,"NHS SURREY HEARTLANDS",6266,259400.36,0,0
2024-04-01,11N,"NHS CORNWALL AND THE ISLES OF SCILLY",7173,232557.06,0,0
2024-04-01,16C,"NHS TEES VALLEY",7328,248779.38,0,0
2024-04-01,B2M3M,"NHS COVENTRY AND WARWICKSHIRE",7683,248042.67,0,0
2024-04-01,18C,"NHS HEREFORDSHIRE AND WORCESTERSHIRE",7818,301680.58,0,0
2024-04-01,11J,"NHS DORSET",8007,297692.97,0,0
2024-04-01,72Q,"NHS SOUTH EAST LONDON",8306,347333.12,0,0
2024-04-01,26A,"NHS NORFOLK AND WAVENEY",8449,272633.4,0,0
2024-04-01,M1J4Y,"NHS BEDFORDSHIRE, LUTON AND MILTON KEYNES",9013,321440.72,0,0
2024-04-01,71E,"NHS LINCOLNSHIRE",9642,295747.68,0,0
2024-04-01,06H,"NHS CAMBRIDGESHIRE AND PETERBOROUGH",10265,318998.39,0,0
2024-04-01,W2U3Z,"NHS NORTH WEST LONDON",11031,419441.9,0,0
2024-04-01,52R,"NHS NOTTINGHAM AND NOTTINGHAMSHIRE",11838,407984.5,0,0
2024-04-01,91Q,"NHS KENT AND MEDWAY",12465,458013.91,0,0
2024-04-01,15E,"NHS BIRMINGHAM AND SOLIHULL",13046,478517.48,0,0
2024-04-01,D2P2L,"NHS BLACK COUNTRY",13225,487547.12,0,0
2024-05-01,09W,"NHS MEDWAY",0,0,0,0
2024-05-01,D4U1Y,"NHS FRIMLEY",11,322.64,0,0
2024-05-01,10R,"NHS PORTSMOUTH",422,20763.79,0,0
2024-05-01,01T,"NHS SOUTH SEFTON",587,18156.34,0,0
2024-05-01,01V,"NHS SOUTHPORT AND FORMBY",657,21265.17,0,0
2024-05-01,01W,"NHS STOCKPORT",850,28362.94,0,0
2024-05-01,99C,"NHS NORTH TYNESIDE",900,35371.02,0,0
2024-05-01,02E,"NHS WARRINGTON",969,32811.15,0,0
2024-05-01,01G,"NHS SALFORD",991,31648.48,0,0
2024-05-01,06N,"NHS HERTS VALLEYS",1151,47180.1,0,0
2024-05-01,01X,"NHS ST HELENS",1222,40036.91,0,0
2024-05-01,01F,"NHS HALTON",1267,41972.63,0,0
2024-05-01,02Q,"NHS BASSETLAW",1300,40190.24,0,0
2024-05-01,00V,"NHS BURY",1340,44260.47,0,0
2024-05-01,03Q,"NHS VALE OF YORK",1421,50375.04,0,0
2024-05-01,15A,"NHS BERKSHIRE WEST",1428,49738.7,0,0
2024-05-01,01D,"NHS HEYWOOD, MIDDLETON AND ROCHDALE",1429,47662.71,0,0
2024-05-01,05D,"NHS EAST STAFFORDSHIRE",1468,50476.3,0,0
2024-05-01,09D,"NHS BRIGHTON AND HOVE",1471,62469.81,0,0
2024-05-01,02G,"NHS WEST LANCASHIRE",1474,48161.73,0,0
2024-05-01,12F,"NHS WIRRAL",1488,50126.32,0,0
2024-05-01,99F,"NHS CASTLE POINT AND ROCHFORD",1565,56043.31,0,0
2024-05-01,01Y,"NHS TAMESIDE AND GLOSSOP",1583,55317.13,0,0
2024-05-01,05V,"NHS STAFFORD AND SURROUNDS",1601,54839.84,0,0
2024-05-01,99G,"NHS SOUTHEND",1608,58601.3,0,0
2024-05-01,00Y,"NHS OLDHAM",1634,57692.65,0,0
2024-05-01,00X,"NHS CHORLEY AND SOUTH RIBBLE",1643,57634.17,0,0
2024-05-01,00N,"NHS SOUTH TYNESIDE",1666,65931.99,0,0
2024-05-01,01J,"NHS KNOWSLEY",1678,52708.8,0,0
2024-05-01,14Y,"NHS BUCKINGHAMSHIRE",1687,59272.85,0,0
2024-05-01,04Y,"NHS CANNOCK CHASE",1704,59742.62,0,0
2024-05-01,02A,"NHS TRAFFORD",1791,63324.1,0,0
2024-05-01,02P,"NHS BARNSLEY",1824,59805.5,0,0
2024-05-01,02T,"NHS CALDERDALE",1897,70362.22,0,0
2024-05-01,01H,"NHS NORTH CUMBRIA",1943,66463.15,0,0
2024-05-01,01E,"NHS GREATER PRESTON",1963,67574.25,0,0
2024-05-01,11X,"NHS SOMERSET",2085,73932.66,0,0
2024-05-01,00R,"NHS BLACKPOOL",2140,67198.66,0,0
2024-05-01,00T,"NHS BOLTON",2196,71010.96,0,0
2024-05-01,00L,"NHS NORTHUMBERLAND",2232,76459.96,0,0
2024-05-01,02M,"NHS FYLDE AND WYRE",2283,72449.87,0,0
2024-05-01,03H,"NHS NORTH EAST LINCOLNSHIRE",2377,76932.27,0,0
2024-05-01,07G,"NHS THURROCK",2380,76299.85,0,0
2024-05-01,05Q,"NHS SOUTH EAST STAFFORDSHIRE AND SEISDON PENINSULA",2400,91465.43,0,0
2024-05-01,97R,"NHS EAST SUSSEX",2416,85482.29,0,0
2024-05-01,M2L0M,"NHS SHROPSHIRE, TELFORD AND WREKIN",2503,93570.28,0,0
2024-05-01,06K,"NHS EAST AND NORTH HERTFORDSHIRE",2518,80852.56,0,0
2024-05-01,27D,"NHS CHESHIRE",2527,85698.61,0,0
2024-05-01,03K,"NHS NORTH LINCOLNSHIRE",2559,76054.18,0,0
2024-05-01,00P,"NHS SUNDERLAND",2566,92888.23,0,0
2024-05-01,00Q,"NHS BLACKBURN WITH DARWEN",2593,83271.65,0,0
2024-05-01,13T,"NHS NEWCASTLE GATESHEAD",2598,98508.28,0,0
2024-05-01,05G,"NHS NORTH STAFFORDSHIRE",2738,91370.53,0,0
2024-05-01,07H,"NHS WEST ESSEX",2742,86810.08,0,0
2024-05-01,U2G6B,"NHS THAMES VALLEY ICB - U2G6B",2821,112359.88,0,0
2024-05-01,92G,"NHS BATH AND NORTH EAST SOMERSET, SWINDON AND WILTSHIRE",2930,103390.99,0,0
2024-05-01,X2C4Y,"NHS KIRKLEES",3002,119656.19,0,0
2024-05-01,02H,"NHS WIGAN BOROUGH",3022,104504.62,0,0
2024-05-01,02X,"NHS DONCASTER",3045,99608.06,0,0
2024-05-01,99E,"NHS BASILDON AND BRENTWOOD",3098,109098.71,0,0
2024-05-01,10Q,"NHS OXFORDSHIRE",3156,115152.66,0,0
2024-05-01,78H,"NHS NORTHAMPTONSHIRE",3312,99621.6,0,0
2024-05-01,03F,"NHS HULL",3393,111953.25,0,0
2024-05-01,02Y,"NHS EAST RIDING OF YORKSHIRE",3472,114314.46,0,0
2024-05-01,06Q,"NHS MID ESSEX",3595,110310.39,0,0
2024-05-01,03L,"NHS ROTHERHAM",3670,115920.92,0,0
2024-05-01,A3A8R,"NHS NORTH EAST LONDON",3854,146735.38,0,0
2024-05-01,07K,"NHS WEST SUFFOLK",4036,121128.26,0,0
2024-05-01,03W,"NHS EAST LEICESTERSHIRE AND RUTLAND",4039,134058.21,0,0
2024-05-01,99A,"NHS LIVERPOOL",4057,133808.2,0,0
2024-05-01,06T,"NHS NORTH EAST ESSEX",4085,122243.25,0,0
2024-05-01,06L,"NHS IPSWICH AND EAST SUFFOLK",4194,133577.61,0,0
2024-05-01,42D,"NHS NORTH YORKSHIRE",4200,134480.06,0,0
2024-05-01,05W,"NHS STOKE ON TRENT",4231,138398.28,0,0
2024-05-01,11M,"NHS GLOUCESTERSHIRE",4297,156629.09,0,0
2024-05-01,14L,"NHS MANCHESTER",4367,144543.09,0,0
2024-05-01,01K,"NHS MORECAMBE BAY",4515,154914.82,0,0
2024-05-01,03N,"NHS SHEFFIELD",4711,163787.56,0,0
2024-05-01,04C,"NHS LEICESTER CITY",4752,149356.32,0,0
2024-05-01,36J,"NHS BRADFORD DISTRICT AND CRAVEN",5063,173437.82,0,0
2024-05-01,03R,"NHS WAKEFIELD",5068,175020.61,0,0
2024-05-01,15C,"NHS BRISTOL, NORTH SOMERSET AND SOUTH GLOUCESTERSHIRE",5291,239648.05,0,0
2024-05-01,15N,"NHS DEVON",5327,194138.88,0,0
2024-05-01,15M,"NHS DERBY AND DERBYSHIRE",5526,232335.18,0,0
2024-05-01,70F,"NHS WEST SUSSEX",5863,233214.45,0,0
2024-05-01,D9Y0V,"NHS HAMPSHIRE, SOUTHAMPTON AND ISLE OF WIGHT",5924,248741.17,0,0
2024-05-01,04V,"NHS WEST LEICESTERSHIRE",5938,193505.8,0,0
2024-05-01,01A,"NHS EAST LANCASHIRE",5947,187686.76,0,0
2024-05-01,15F,"NHS LEEDS",6024,223983.83,0,0
2024-05-01,93C,"NHS NORTH CENTRAL LONDON",6056,229972.95,0,0
2024-05-01,84H,"NHS COUNTY DURHAM",6260,210722.89,0,0
2024-05-01,36L,"NHS SOUTH WEST LONDON",6320,248711.9,0,0
2024-05-01,92A,"NHS SURREY HEARTLANDS",6355,263333.45,0,0
2024-05-01,11N,"NHS CORNWALL AND THE ISLES OF SCILLY",7248,234214.01,0,0
2024-05-01,16C,"NHS TEES VALLEY",7319,248743.43,0,0
2024-05-01,B2M3M,"NHS COVENTRY AND WARWICKSHIRE",7998,256823.23,0,0
2024-05-01,18C,"NHS HEREFORDSHIRE AND WORCESTERSHIRE",8124,317501.41,0,0
2024-05-01,72Q,"NHS SOUTH EAST LONDON",8566,359657.31,0,0
2024-05-01,26A,"NHS NORFOLK AND WAVENEY",8667,280578.97,0,0
2024-05-01,11J,"NHS DORSET",8687,325689.66,0,0
2024-05-01,M1J4Y,"NHS BEDFORDSHIRE, LUTON AND MILTON KEYNES",8993,321515.91,0,0
2024-05-01,71E,"NHS LINCOLNSHIRE",9592,294348.09,0,0
2024-05-01,06H,"NHS CAMBRIDGESHIRE AND PETERBOROUGH",10533,327183.24,0,0
2024-05-01,W2U3Z,"NHS NORTH WEST LONDON",10715,409205.32,0,0
2024-05-01,52R,"NHS NOTTINGHAM AND NOTTINGHAMSHIRE",11863,407079.45,0,0
2024-05-01,91Q,"NHS KENT AND MEDWAY",12925,475969.42,0,0
2024-05-01,15E,"NHS BIRMINGHAM AND SOLIHULL",13260,486436.4,0,0
2024-05-01,D2P2L,"NHS BLACK COUNTRY",13835,511831.6,0,0
2024-06-01,09W,"NHS MEDWAY",0,0,0,0
2024-06-01,D4U1Y,"NHS FRIMLEY",16,469.3,0,0
2024-06-01,10R,"NHS PORTSMOUTH",403,19737.31,0,0
2024-06-01,01G,"NHS SALFORD",438,14049.65,0,0
2024-06-01,01T,"NHS SOUTH SEFTON",536,16396.47,0,0
2024-06-01,01V,"NHS SOUTHPORT AND FORMBY",662,22174.12,0,0
2024-06-01,99C,"NHS NORTH TYNESIDE",761,29886.48,0,0
2024-06-01,01W,"NHS STOCKPORT",789,26837.57,0,0
2024-06-01,02E,"NHS WARRINGTON",890,30422.21,0,0
2024-06-01,02Q,"NHS BASSETLAW",994,30660.86,0,0
2024-06-01,06N,"NHS HERTS VALLEYS",1064,43028.7,0,0
2024-06-01,01Y,"NHS TAMESIDE AND GLOSSOP",1080,37337.69,0,0
2024-06-01,01X,"NHS ST HELENS",1130,37309.04,0,0
2024-06-01,00Y,"NHS OLDHAM",1135,40123.81,0,0
2024-06-01,01F,"NHS HALTON",1196,40065.96,0,0
2024-06-01,00V,"NHS BURY",1214,40300.72,0,0
2024-06-01,02A,"NHS TRAFFORD",1215,43496.63,0,0
2024-06-01,01D,"NHS HEYWOOD, MIDDLETON AND ROCHDALE",1269,42969.53,0,0
2024-06-01,02G,"NHS WEST LANCASHIRE",1346,44143.29,0,0
2024-06-01,09D,"NHS BRIGHTON AND HOVE",1353,56956.21,0,0
2024-06-01,12F,"NHS WIRRAL",1353,45931.89,0,0
2024-06-01,15A,"NHS BERKSHIRE WEST",1364,46558.95,0,0
2024-06-01,03Q,"NHS VALE OF YORK",1412,50655.43,0,0
2024-06-01,05D,"NHS EAST STAFFORDSHIRE",1427,49091.64,0,0
2024-06-01,99G,"NHS SOUTHEND",1451,51709.17,0,0
2024-06-01,04Y,"NHS CANNOCK CHASE",1473,51575.87,0,0
2024-06-01,99F,"NHS CASTLE POINT AND ROCHFORD",1487,52953.92,0,0
2024-06-01,05V,"NHS STAFFORD AND SURROUNDS",1498,51284.9,0,0
2024-06-01,00X,"NHS CHORLEY AND SOUTH RIBBLE",1502,53469.02,0,0
2024-06-01,02T,"NHS CALDERDALE",1508,55961.24,0,0
2024-06-01,01J,"NHS KNOWSLEY",1543,48543.75,0,0
2024-06-01,00N,"NHS SOUTH TYNESIDE",1586,61181.2,0,0
2024-06-01,14Y,"NHS BUCKINGHAMSHIRE",1662,58690.39,0,0
2024-06-01,02P,"NHS BARNSLEY",1722,56680.12,0,0
2024-06-01,01E,"NHS GREATER PRESTON",1795,60577.69,0,0
2024-06-01,00R,"NHS BLACKPOOL",1815,56756.71,0,0
2024-06-01,01H,"NHS NORTH CUMBRIA",1888,64671.38,0,0
2024-06-01,00T,"NHS BOLTON",1969,64528.38,0,0
2024-06-01,11X,"NHS SOMERSET",1996,70723.84,0,0
2024-06-01,00L,"NHS NORTHUMBERLAND",2038,69170.33,0,0
2024-06-01,02M,"NHS FYLDE AND WYRE",2070,66401.48,0,0
2024-06-01,03H,"NHS NORTH EAST LINCOLNSHIRE",2103,68005.92,0,0
2024-06-01,07G,"NHS THURROCK",2252,72197.03,0,0
2024-06-01,M2L0M,"NHS SHROPSHIRE, TELFORD AND WREKIN",2274,85793.51,0,0
2024-06-01,97R,"NHS EAST SUSSEX",2289,80604.18,0,0
2024-06-01,05Q,"NHS SOUTH EAST STAFFORDSHIRE AND SEISDON PENINSULA",2302,86577.62,0,0
2024-06-01,00P,"NHS SUNDERLAND",2307,84382.25,0,0
2024-06-01,13T,"NHS NEWCASTLE GATESHEAD",2318,88272.08,0,0
2024-06-01,06K,"NHS EAST AND NORTH HERTFORDSHIRE",2350,74791.07,0,0
2024-06-01,00Q,"NHS BLACKBURN WITH DARWEN",2352,76231.84,0,0
2024-06-01,27D,"NHS CHESHIRE",2352,79843.13,0,0
2024-06-01,03K,"NHS NORTH LINCOLNSHIRE",2354,70166.37,0,0
2024-06-01,07H,"NHS WEST ESSEX",2558,81896.44,0,0
2024-06-01,U2G6B,"NHS THAMES VALLEY ICB - U2G6B",2620,104170.63,0,0
2024-06-01,05G,"NHS NORTH STAFFORDSHIRE",2664,87926.09,0,0
2024-06-01,02X,"NHS DONCASTER",2722,89035.91,0,0
2024-06-01,92G,"NHS BATH AND NORTH EAST SOMERSET, SWINDON AND WILTSHIRE",2726,97080.32,0,0
2024-06-01,02H,"NHS WIGAN BOROUGH",2740,94590.95,0,0
2024-06-01,03F,"NHS HULL",2842,94295.73,0,0
2024-06-01,X2C4Y,"NHS KIRKLEES",2853,114617.89,0,0
2024-06-01,99E,"NHS BASILDON AND BRENTWOOD",2864,101788.78,0,0
2024-06-01,10Q,"NHS OXFORDSHIRE",2926,107404.8,0,0
2024-06-01,99A,"NHS LIVERPOOL",3053,101279.83,0,0
2024-06-01,78H,"NHS NORTHAMPTONSHIRE",3064,92976.94,0,0
2024-06-01,02Y,"NHS EAST RIDING OF YORKSHIRE",3223,105749.14,0,0
2024-06-01,03L,"NHS ROTHERHAM",3352,106726.91,0,0
2024-06-01,06Q,"NHS MID ESSEX",3430,105218.39,0,0
2024-06-01,14L,"NHS MANCHESTER",3472,115211.97,0,0
2024-06-01,A3A8R,"NHS NORTH EAST LONDON",3664,140223.78,0,0
2024-06-01,03W,"NHS EAST LEICESTERSHIRE AND RUTLAND",3678,122040.43,0,0
2024-06-01,05W,"NHS STOKE ON TRENT",3791,123321.27,0,0
2024-06-01,06T,"NHS NORTH EAST ESSEX",3846,115881.98,0,0
2024-06-01,11M,"NHS GLOUCESTERSHIRE",3992,145518.1,0,0
2024-06-01,07K,"NHS WEST SUFFOLK",4028,121058.55,0,0
2024-06-01,42D,"NHS NORTH YORKSHIRE",4044,128411.02,0,0
2024-06-01,01K,"NHS MORECAMBE BAY",4138,142550.87,0,0
2024-06-01,06L,"NHS IPSWICH AND EAST SUFFOLK",4156,131944,0,0
2024-06-01,04C,"NHS LEICESTER CITY",4369,138503.19,0,0
2024-06-01,03N,"NHS SHEFFIELD",4403,151765.88,0,0
2024-06-01,03R,"NHS WAKEFIELD",4604,161971.06,0,0
2024-06-01,36J,"NHS BRADFORD DISTRICT AND CRAVEN",4668,159880.74,0,0
2024-06-01,15M,"NHS DERBY AND DERBYSHIRE",4972,207492.04,0,0
2024-06-01,15C,"NHS BRISTOL, NORTH SOMERSET AND SOUTH GLOUCESTERSHIRE",5041,229546.16,0,0
2024-06-01,15N,"NHS DEVON",5077,183729.74,0,0
2024-06-01,70F,"NHS WEST SUSSEX",5331,212603.81,0,0
2024-06-01,D9Y0V,"NHS HAMPSHIRE, SOUTHAMPTON AND ISLE OF WIGHT",5429,229769.95,0,0
2024-06-01,01A,"NHS EAST LANCASHIRE",5474,173474.72,0,0
2024-06-01,15F,"NHS LEEDS",5528,202936.06,0,0
2024-06-01,04V,"NHS WEST LEICESTERSHIRE",5570,182064.65,0,0
2024-06-01,84H,"NHS COUNTY DURHAM",5734,195109.35,0,0
2024-06-01,36L,"NHS SOUTH WEST LONDON",5764,228503.44,0,0
2024-06-01,93C,"NHS NORTH CENTRAL LONDON",5856,223109.72,0,0
2024-06-01,92A,"NHS SURREY HEARTLANDS",6015,250335.18,0,0
2024-06-01,11N,"NHS CORNWALL AND THE ISLES OF SCILLY",6789,222235.27,0,0
2024-06-01,16C,"NHS TEES VALLEY",6877,231999.55,0,0
2024-06-01,B2M3M,"NHS COVENTRY AND WARWICKSHIRE",7217,232835.61,0,0
2024-06-01,18C,"NHS HEREFORDSHIRE AND WORCESTERSHIRE",7472,289295.93,0,0
2024-06-01,11J,"NHS DORSET",7783,292232.45,0,0
2024-06-01,72Q,"NHS SOUTH EAST LONDON",7978,332998.15,0,0
2024-06-01,26A,"NHS NORFOLK AND WAVENEY",8035,258924.2,0,0
2024-06-01,M1J4Y,"NHS BEDFORDSHIRE, LUTON AND MILTON KEYNES",8063,291918.55,0,0
2024-06-01,71E,"NHS LINCOLNSHIRE",9148,280717.28,0,0
2024-06-01,W2U3Z,"NHS NORTH WEST LONDON",9412,357116.66,0,0
2024-06-01,06H,"NHS CAMBRIDGESHIRE AND PETERBOROUGH",9787,305164.43,0,0
2024-06-01,52R,"NHS NOTTINGHAM AND NOTTINGHAMSHIRE",10882,374304.69,0,0
2024-06-01,15E,"NHS BIRMINGHAM AND SOLIHULL",11808,434140.95,0,0
2024-06-01,91Q,"NHS KENT AND MEDWAY",12307,454734.39,0,0
2024-06-01,D2P2L,"NHS BLACK COUNTRY",12727,472212.95,0,0
2024-07-01,09W,"NHS MEDWAY",0,0,0,0
2024-07-01,D4U1Y,"NHS FRIMLEY",22,762.57,0,0
2024-07-01,01G,"NHS SALFORD",274,9004.58,0,0
2024-07-01,10R,"NHS PORTSMOUTH",408,19942.69,0,0
2024-07-01,01T,"NHS SOUTH SEFTON",579,17921.68,0,0
2024-07-01,01V,"NHS SOUTHPORT AND FORMBY",698,22555.74,0,0
2024-07-01,01Y,"NHS TAMESIDE AND GLOSSOP",770,25899.07,0,0
2024-07-01,99C,"NHS NORTH TYNESIDE",865,34784.22,0,0
2024-07-01,02E,"NHS WARRINGTON",924,31683.35,0,0
2024-07-01,01W,"NHS STOCKPORT",944,32498.25,0,0
2024-07-01,00Y,"NHS OLDHAM",972,33700.71,0,0
2024-07-01,02Q,"NHS BASSETLAW",1004,31240.45,0,0
2024-07-01,02A,"NHS TRAFFORD",1021,36457.4,0,0
2024-07-01,06N,"NHS HERTS VALLEYS",1162,48594.09,0,0
2024-07-01,01X,"NHS ST HELENS",1253,41415.38,0,0
2024-07-01,00V,"NHS BURY",1254,41679.26,0,0
2024-07-01,01F,"NHS HALTON",1268,42324.47,0,0
2024-07-01,02T,"NHS CALDERDALE",1356,49626.26,0,0
2024-07-01,01D,"NHS HEYWOOD, MIDDLETON AND ROCHDALE",1368,45111.14,0,0
2024-07-01,15A,"NHS BERKSHIRE WEST",1399,48321.11,0,0
2024-07-01,02G,"NHS WEST LANCASHIRE",1441,47369.64,0,0
2024-07-01,09D,"NHS BRIGHTON AND HOVE",1448,61062.2,0,0
2024-07-01,12F,"NHS WIRRAL",1468,50536.54,0,0
2024-07-01,03Q,"NHS VALE OF YORK",1481,52815.65,0,0
2024-07-01,05D,"NHS EAST STAFFORDSHIRE",1506,53118.43,0,0
2024-07-01,99G,"NHS SOUTHEND",1589,56607.31,0,0
2024-07-01,99F,"NHS CASTLE POINT AND ROCHFORD",1595,56802.64,0,0
2024-07-01,05V,"NHS STAFFORD AND SURROUNDS",1657,57697.29,0,0
2024-07-01,01J,"NHS KNOWSLEY",1681,53389.05,0,0
2024-07-01,00X,"NHS CHORLEY AND SOUTH RIBBLE",1691,60332.22,0,0
2024-07-01,00T,"NHS BOLTON",1700,55494.52,0,0
2024-07-01,00N,"NHS SOUTH TYNESIDE",1707,66225.71,0,0
2024-07-01,04Y,"NHS CANNOCK CHASE",1731,61055.78,0,0
2024-07-01,14Y,"NHS BUCKINGHAMSHIRE",1744,61080.47,0,0
2024-07-01,02P,"NHS BARNSLEY",1889,61594.67,0,0
2024-07-01,00R,"NHS BLACKPOOL",1959,61948.14,0,0
2024-07-01,01H,"NHS NORTH CUMBRIA",2002,69056.14,0,0
2024-07-01,01E,"NHS GREATER PRESTON",2027,69369.98,0,0
2024-07-01,11X,"NHS SOMERSET",2169,78115.04,0,0
2024-07-01,00L,"NHS NORTHUMBERLAND",2180,74589.22,0,0
2024-07-01,02M,"NHS FYLDE AND WYRE",2192,69976.08,0,0
2024-07-01,07G,"NHS THURROCK",2418,77573.92,0,0
2024-07-01,03H,"NHS NORTH EAST LINCOLNSHIRE",2468,79790.39,0,0
2024-07-01,00Q,"NHS BLACKBURN WITH DARWEN",2478,79048.07,0,0
2024-07-01,05Q,"NHS SOUTH EAST STAFFORDSHIRE AND SEISDON PENINSULA",2550,96630.71,0,0
2024-07-01,97R,"NHS EAST SUSSEX",2563,90855.44,0,0
2024-07-01,06K,"NHS EAST AND NORTH HERTFORDSHIRE",2577,82797.9,0,0
2024-07-01,03K,"NHS NORTH LINCOLNSHIRE",2583,76724.93,0,0
2024-07-01,27D,"NHS CHESHIRE",2596,88149.13,0,0
2024-07-01,M2L0M,"NHS SHROPSHIRE, TELFORD AND WREKIN",2600,98381.54,0,0
2024-07-01,13T,"NHS NEWCASTLE GATESHEAD",2605,98974.19,0,0
2024-07-01,00P,"NHS SUNDERLAND",2616,95879.47,0,0
2024-07-01,07H,"NHS WEST ESSEX",2704,86832.34,0,0
2024-07-01,U2G6B,"NHS THAMES VALLEY ICB - U2G6B",2739,108540.76,0,0
2024-07-01,02H,"NHS WIGAN BOROUGH",2829,97260.19,0,0
2024-07-01,99A,"NHS LIVERPOOL",2835,93859.09,0,0
2024-07-01,05G,"NHS NORTH STAFFORDSHIRE",2858,94407.34,0,0
2024-07-01,02X,"NHS DONCASTER",2934,95951.41,0,0
2024-07-01,92G,"NHS BATH AND NORTH EAST SOMERSET, SWINDON AND WILTSHIRE",2960,105973.46,0,0
2024-07-01,99E,"NHS BASILDON AND BRENTWOOD",3078,108127.6,0,0
2024-07-01,X2C4Y,"NHS KIRKLEES",3097,124123.73,0,0
2024-07-01,10Q,"NHS OXFORDSHIRE",3136,114897.6,0,0
2024-07-01,03F,"NHS HULL",3167,105060.22,0,0
2024-07-01,14L,"NHS MANCHESTER",3255,108113.86,0,0
2024-07-01,78H,"NHS NORTHAMPTONSHIRE",3343,100643.88,0,0
2024-07-01,02Y,"NHS EAST RIDING OF YORKSHIRE",3475,113911.68,0,0
2024-07-01,03L,"NHS ROTHERHAM",3667,116516.91,0,0
2024-07-01,06Q,"NHS MID ESSEX",3682,113810.22,0,0
2024-07-01,A3A8R,"NHS NORTH EAST LONDON",3805,146470.8,0,0
2024-07-01,03W,"NHS EAST LEICESTERSHIRE AND RUTLAND",4027,134591.74,0,0
2024-07-01,06T,"NHS NORTH EAST ESSEX",4069,122177.15,0,0
2024-07-01,07K,"NHS WEST SUFFOLK",4070,122397.18,0,0
2024-07-01,05W,"NHS STOKE ON TRENT",4232,138354.91,0,0
2024-07-01,11M,"NHS GLOUCESTERSHIRE",4338,157954.3,0,0
2024-07-01,42D,"NHS NORTH YORKSHIRE",4369,139616.16,0,0
2024-07-01,01K,"NHS MORECAMBE BAY",4420,152932.09,0,0
2024-07-01,06L,"NHS IPSWICH AND EAST SUFFOLK",4436,140761.11,0,0
2024-07-01,03N,"NHS SHEFFIELD",4717,164077.47,0,0
2024-07-01,04C,"NHS LEICESTER CITY",4739,148828.43,0,0
2024-07-01,03R,"NHS WAKEFIELD",4851,167945.18,0,0
2024-07-01,36J,"NHS BRADFORD DISTRICT AND CRAVEN",5124,175695.89,0,0
2024-07-01,15C,"NHS BRISTOL, NORTH SOMERSET AND SOUTH GLOUCESTERSHIRE",5139,235303.29,0,0
2024-07-01,15M,"NHS DERBY AND DERBYSHIRE",5316,224359.84,0,0
2024-07-01,15N,"NHS DEVON",5361,196701.74,0,0
2024-07-01,70F,"NHS WEST SUSSEX",5849,232151.08,0,0
2024-07-01,04V,"NHS WEST LEICESTERSHIRE",5891,192745.62,0,0
2024-07-01,D9Y0V,"NHS HAMPSHIRE, SOUTHAMPTON AND ISLE OF WIGHT",5941,249173.78,0,0
2024-07-01,01A,"NHS EAST LANCASHIRE",6045,191714.7,0,0
2024-07-01,15F,"NHS LEEDS",6104,225851.3,0,0
2024-07-01,84H,"NHS COUNTY DURHAM",6238,212087.21,0,0
2024-07-01,93C,"NHS NORTH CENTRAL LONDON",6297,240150.16,0,0
2024-07-01,92A,"NHS SURREY HEARTLANDS",6395,265337.41,0,0
2024-07-01,36L,"NHS SOUTH WEST LONDON",6398,250911.9,0,0
2024-07-01,11N,"NHS CORNWALL AND THE ISLES OF SCILLY",6561,213489.33,0,0
2024-07-01,16C,"NHS TEES VALLEY",7465,255954.66,0,0
2024-07-01,18C,"NHS HEREFORDSHIRE AND WORCESTERSHIRE",7976,310748.35,0,0
2024-07-01,B2M3M,"NHS COVENTRY AND WARWICKSHIRE",8043,258512.13,0,0
2024-07-01,M1J4Y,"NHS BEDFORDSHIRE, LUTON AND MILTON KEYNES",8044,288786.17,0,0
2024-07-01,11J,"NHS DORSET",8384,313916.98,0,0
2024-07-01,26A,"NHS NORFOLK AND WAVENEY",8644,279273.9,0,0
2024-07-01,72Q,"NHS SOUTH EAST LONDON",8699,363529.23,0,0
2024-07-01,W2U3Z,"NHS NORTH WEST LONDON",9029,342393.23,0,0
2024-07-01,71E,"NHS LINCOLNSHIRE",9692,297490.46,0,0
2024-07-01,06H,"NHS CAMBRIDGESHIRE AND PETERBOROUGH",10607,331040.33,0,0
2024-07-01,52R,"NHS NOTTINGHAM AND NOTTINGHAMSHIRE",11654,402863.87,0,0
2024-07-01,15E,"NHS BIRMINGHAM AND SOLIHULL",12313,455697.45,0,0
2024-07-01,91Q,"NHS KENT AND MEDWAY",13158,487968.4,0,0
2024-07-01,D2P2L,"NHS BLACK COUNTRY",14242,527428.27,0,0
2024-08-01,09W,"NHS MEDWAY",0,0,0,0
2024-08-01,D4U1Y,"NHS FRIMLEY",13,410.62,0,0
2024-08-01,01G,"NHS SALFORD",265,8476.65,0,0
2024-08-01,10R,"NHS PORTSMOUTH",418,20881.02,0,0
2024-08-01,01Y,"NHS TAMESIDE AND GLOSSOP",562,19064.94,0,0
2024-08-01,01T,"NHS SOUTH SEFTON",588,18127.04,0,0
2024-08-01,02A,"NHS TRAFFORD",677,24344.02,0,0
2024-08-01,01V,"NHS SOUTHPORT AND FORMBY",686,22848.77,0,0
2024-08-01,02Q,"NHS BASSETLAW",842,26302.93,0,0
2024-08-01,02E,"NHS WARRINGTON",846,29284.67,0,0
2024-08-01,99C,"NHS NORTH TYNESIDE",862,34813.53,0,0
2024-08-01,01W,"NHS STOCKPORT",914,31295.75,0,0
2024-08-01,00Y,"NHS OLDHAM",919,32380.64,0,0
2024-08-01,06N,"NHS HERTS VALLEYS",1051,43321.71,0,0
2024-08-01,02T,"NHS CALDERDALE",1068,38832.9,0,0
2024-08-01,00V,"NHS BURY",1069,34581.52,0,0
2024-08-01,01X,"NHS ST HELENS",1127,37514.23,0,0
2024-08-01,00T,"NHS BOLTON",1160,38247.63,0,0
2024-08-01,01F,"NHS HALTON",1210,40242.05,0,0
2024-08-01,01D,"NHS HEYWOOD, MIDDLETON AND ROCHDALE",1283,43116.31,0,0
2024-08-01,01J,"NHS KNOWSLEY",1383,43058.95,0,0
2024-08-01,09D,"NHS BRIGHTON AND HOVE",1387,58422.6,0,0
2024-08-01,03Q,"NHS VALE OF YORK",1417,50977.52,0,0
2024-08-01,15A,"NHS BERKSHIRE WEST",1417,49126.24,0,0
2024-08-01,02G,"NHS WEST LANCASHIRE",1466,47956.36,0,0
2024-08-01,05D,"NHS EAST STAFFORDSHIRE",1468,50619.08,0,0
2024-08-01,12F,"NHS WIRRAL",1488,50507.52,0,0
2024-08-01,05V,"NHS STAFFORD AND SURROUNDS",1544,53353.45,0,0
2024-08-01,99G,"NHS SOUTHEND",1556,55991.13,0,0
2024-08-01,04Y,"NHS CANNOCK CHASE",1566,55118.08,0,0
2024-08-01,99F,"NHS CASTLE POINT AND ROCHFORD",1594,56183.61,0,0
2024-08-01,00X,"NHS CHORLEY AND SOUTH RIBBLE",1619,57428.61,0,0
2024-08-01,14Y,"NHS BUCKINGHAMSHIRE",1675,59558.47,0,0
2024-08-01,00N,"NHS SOUTH TYNESIDE",1716,67134.76,0,0
2024-08-01,02P,"NHS BARNSLEY",1793,58948.03,0,0
2024-08-01,00R,"NHS BLACKPOOL",1859,58047.32,0,0
2024-08-01,01H,"NHS NORTH CUMBRIA",1942,66863.35,0,0
2024-08-01,01E,"NHS GREATER PRESTON",1961,67352.61,0,0
2024-08-01,11X,"NHS SOMERSET",2058,74292.92,0,0
2024-08-01,00L,"NHS NORTHUMBERLAND",2181,73572.68,0,0
2024-08-01,02M,"NHS FYLDE AND WYRE",2254,72452.49,0,0
2024-08-01,03H,"NHS NORTH EAST LINCOLNSHIRE",2273,73122.48,0,0
2024-08-01,97R,"NHS EAST SUSSEX",2348,83164.87,0,0
2024-08-01,05Q,"NHS SOUTH EAST STAFFORDSHIRE AND SEISDON PENINSULA",2366,90083.53,0,0
2024-08-01,02H,"NHS WIGAN BOROUGH",2370,81949.42,0,0
2024-08-01,07G,"NHS THURROCK",2379,76166.03,0,0
2024-08-01,06K,"NHS EAST AND NORTH HERTFORDSHIRE",2438,77850.85,0,0
2024-08-01,27D,"NHS CHESHIRE",2455,83387.84,0,0
2024-08-01,13T,"NHS NEWCASTLE GATESHEAD",2462,92942.34,0,0
2024-08-01,03K,"NHS NORTH LINCOLNSHIRE",2483,73847.33,0,0
2024-08-01,07H,"NHS WEST ESSEX",2506,79392.37,0,0
2024-08-01,00P,"NHS SUNDERLAND",2536,92301.46,0,0
2024-08-01,99A,"NHS LIVERPOOL",2572,85440.98,0,0
2024-08-01,M2L0M,"NHS SHROPSHIRE, TELFORD AND WREKIN",2575,98247.93,0,0
2024-08-01,U2G6B,"NHS THAMES VALLEY ICB - U2G6B",2601,104404.92,0,0
2024-08-01,00Q,"NHS BLACKBURN WITH DARWEN",2660,86175.14,0,0
2024-08-01,02X,"NHS DONCASTER",2747,90319.68,0,0
2024-08-01,05G,"NHS NORTH STAFFORDSHIRE",2782,92471.29,0,0
2024-08-01,92G,"NHS BATH AND NORTH EAST SOMERSET, SWINDON AND WILTSHIRE",2832,101795.65,0,0
2024-08-01,99E,"NHS BASILDON AND BRENTWOOD",2837,100019.26,0,0
2024-08-01,10Q,"NHS OXFORDSHIRE",2892,106751.26,0,0
2024-08-01,03F,"NHS HULL",2903,96759.38,0,0
2024-08-01,14L,"NHS MANCHESTER",2911,97583.77,0,0
2024-08-01,X2C4Y,"NHS KIRKLEES",2924,117716.8,0,0
2024-08-01,78H,"NHS NORTHAMPTONSHIRE",3346,101162.43,0,0
2024-08-01,02Y,"NHS EAST RIDING OF YORKSHIRE",3352,110210.21,0,0
2024-08-01,03L,"NHS ROTHERHAM",3394,107333.1,0,0
2024-08-01,06Q,"NHS MID ESSEX",3515,108246.8,0,0
2024-08-01,A3A8R,"NHS NORTH EAST LONDON",3594,137877.43,0,0
2024-08-01,03W,"NHS EAST LEICESTERSHIRE AND RUTLAND",3816,127647.24,0,0
2024-08-01,11M,"NHS GLOUCESTERSHIRE",3971,143938.63,0,0
2024-08-01,42D,"NHS NORTH YORKSHIRE",3995,127638.39,0,0
2024-08-01,06T,"NHS NORTH EAST ESSEX",4003,120065.6,0,0
2024-08-01,05W,"NHS STOKE ON TRENT",4087,134590.34,0,0
2024-08-01,07K,"NHS WEST SUFFOLK",4098,122963.99,0,0
2024-08-01,01K,"NHS MORECAMBE BAY",4178,143403.49,0,0
2024-08-01,06L,"NHS IPSWICH AND EAST SUFFOLK",4184,132552.8,0,0
2024-08-01,04C,"NHS LEICESTER CITY",4290,135159.75,0,0
2024-08-01,03R,"NHS WAKEFIELD",4318,146571.11,0,0
2024-08-01,03N,"NHS SHEFFIELD",4498,155620.89,0,0
2024-08-01,15M,"NHS DERBY AND DERBYSHIRE",4855,201566.33,0,0
2024-08-01,36J,"NHS BRADFORD DISTRICT AND CRAVEN",4913,168334.13,0,0
2024-08-01,15C,"NHS BRISTOL, NORTH SOMERSET AND SOUTH GLOUCESTERSHIRE",5101,232810.87,0,0
2024-08-01,15N,"NHS DEVON",5132,186071.86,0,0
2024-08-01,70F,"NHS WEST SUSSEX",5560,220498.73,0,0
2024-08-01,04V,"NHS WEST LEICESTERSHIRE",5590,184181.13,0,0
2024-08-01,01A,"NHS EAST LANCASHIRE",5660,179871.13,0,0
2024-08-01,D9Y0V,"NHS HAMPSHIRE, SOUTHAMPTON AND ISLE OF WIGHT",5682,239999.65,0,0
2024-08-01,15F,"NHS LEEDS",5709,209235.45,0,0
2024-08-01,11N,"NHS CORNWALL AND THE ISLES OF SCILLY",5826,187528.83,0,0
2024-08-01,93C,"NHS NORTH CENTRAL LONDON",5933,227479.36,0,0
2024-08-01,92A,"NHS SURREY HEARTLANDS",6011,249164.39,0,0
2024-08-01,36L,"NHS SOUTH WEST LONDON",6080,239326.51,0,0
2024-08-01,84H,"NHS COUNTY DURHAM",6136,207886.82,0,0
2024-08-01,16C,"NHS TEES VALLEY",7043,240553.14,0,0
2024-08-01,M1J4Y,"NHS BEDFORDSHIRE, LUTON AND MILTON KEYNES",7188,256800.98,0,0
2024-08-01,W2U3Z,"NHS NORTH WEST LONDON",7385,278865.6,0,0
2024-08-01,B2M3M,"NHS COVENTRY AND WARWICKSHIRE",7415,239190.46,0,0
2024-08-01,18C,"NHS HEREFORDSHIRE AND WORCESTERSHIRE",7554,295131.5,0,0
2024-08-01,11J,"NHS DORSET",8077,302290.1,0,0
2024-08-01,72Q,"NHS SOUTH EAST LONDON",8161,338922.93,0,0
2024-08-01,26A,"NHS NORFOLK AND WAVENEY",8369,270012.99,0,0
2024-08-01,71E,"NHS LINCOLNSHIRE",9411,289409.83,0,0
2024-08-01,06H,"NHS CAMBRIDGESHIRE AND PETERBOROUGH",10033,312041.31,0,0
2024-08-01,15E,"NHS BIRMINGHAM AND SOLIHULL",10775,398562.94,0,0
2024-08-01,52R,"NHS NOTTINGHAM AND NOTTINGHAMSHIRE",10950,377998.09,0,0
2024-08-01,91Q,"NHS KENT AND MEDWAY",12275,455411.11,0,0
2024-08-01,D2P2L,"NHS BLACK COUNTRY",13102,488307.71,0,0
2024-09-01,09W,"NHS MEDWAY",0,0,0,0
2024-09-01,D4U1Y,"NHS FRIMLEY",13,410.62,0,0
2024-09-01,01G,"NHS SALFORD",309,10148.47,0,0
2024-09-01,10R,"NHS PORTSMOUTH",460,22992.57,0,0
2024-09-01,01Y,"NHS TAMESIDE AND GLOSSOP",561,19504.68,0,0
2024-09-01,01T,"NHS SOUTH SEFTON",573,17863.01,0,0
2024-09-01,01V,"NHS SOUTHPORT AND FORMBY",606,20179.67,0,0
2024-09-01,02A,"NHS TRAFFORD",648,23991.78,0,0
2024-09-01,02Q,"NHS BASSETLAW",816,25293.04,0,0
2024-09-01,02E,"NHS WARRINGTON",876,29555.53,0,0
2024-09-01,99C,"NHS NORTH TYNESIDE",876,35575.99,0,0
2024-09-01,01W,"NHS STOCKPORT",910,31207.76,0,0
2024-09-01,00Y,"NHS OLDHAM",921,32234.06,0,0
2024-09-01,00V,"NHS BURY",982,32616.01,0,0
2024-09-01,00T,"NHS BOLTON",992,32410.84,0,0
2024-09-01,06N,"NHS HERTS VALLEYS",1012,42194,0,0
2024-09-01,02T,"NHS CALDERDALE",1015,37043.75,0,0
2024-09-01,01D,"NHS HEYWOOD, MIDDLETON AND ROCHDALE",1120,38041.94,0,0
2024-09-01,01J,"NHS KNOWSLEY",1126,35256.62,0,0
2024-09-01,01F,"NHS HALTON",1167,39625.78,0,0
2024-09-01,01X,"NHS ST HELENS",1175,39098.17,0,0
2024-09-01,15A,"NHS BERKSHIRE WEST",1326,44776.38,0,0
2024-09-01,02G,"NHS WEST LANCASHIRE",1336,43879.27,0,0
2024-09-01,03Q,"NHS VALE OF YORK",1344,48051.44,0,0
2024-09-01,05D,"NHS EAST STAFFORDSHIRE",1370,47706.25,0,0
2024-09-01,09D,"NHS BRIGHTON AND HOVE",1406,60475.24,0,0
2024-09-01,12F,"NHS WIRRAL",1419,49216.49,0,0
2024-09-01,99G,"NHS SOUTHEND",1484,53468.77,0,0
2024-09-01,05V,"NHS STAFFORD AND SURROUNDS",1520,52991.73,0,0
2024-09-01,14Y,"NHS BUCKINGHAMSHIRE",1560,55186.66,0,0
2024-09-01,99F,"NHS CASTLE POINT AND ROCHFORD",1564,55948.8,0,0
2024-09-01,00X,"NHS CHORLEY AND SOUTH RIBBLE",1578,56020.77,0,0
2024-09-01,00N,"NHS SOUTH TYNESIDE",1597,62881.88,0,0
2024-09-01,02P,"NHS BARNSLEY",1642,53580.89,0,0
2024-09-01,04Y,"NHS CANNOCK CHASE",1651,58087.04,0,0
2024-09-01,01E,"NHS GREATER PRESTON",1906,65084.52,0,0
2024-09-01,01H,"NHS NORTH CUMBRIA",1930,66134.16,0,0
2024-09-01,00R,"NHS BLACKPOOL",1939,60745.75,0,0
2024-09-01,02H,"NHS WIGAN BOROUGH",2024,70451.65,0,0
2024-09-01,11X,"NHS SOMERSET",2045,72818.25,0,0
2024-09-01,02M,"NHS FYLDE AND WYRE",2106,68004.6,0,0
2024-09-01,00L,"NHS NORTHUMBERLAND",2120,72770.74,0,0
2024-09-01,07G,"NHS THURROCK",2264,72196.96,0,0
2024-09-01,97R,"NHS EAST SUSSEX",2290,81571.61,0,0
2024-09-01,03H,"NHS NORTH EAST LINCOLNSHIRE",2300,74018.75,0,0
2024-09-01,05Q,"NHS SOUTH EAST STAFFORDSHIRE AND SEISDON PENINSULA",2302,87841.43,0,0
2024-09-01,06K,"NHS EAST AND NORTH HERTFORDSHIRE",2320,74311.8,0,0
2024-09-01,03K,"NHS NORTH LINCOLNSHIRE",2435,72098.57,0,0
2024-09-01,M2L0M,"NHS SHROPSHIRE, TELFORD AND WREKIN",2442,92629.16,0,0
2024-09-01,00P,"NHS SUNDERLAND",2445,89016.51,0,0
2024-09-01,07H,"NHS WEST ESSEX",2457,78017.91,0,0
2024-09-01,13T,"NHS NEWCASTLE GATESHEAD",2459,92818.46,0,0
2024-09-01,00Q,"NHS BLACKBURN WITH DARWEN",2486,80015.79,0,0
2024-09-01,27D,"NHS CHESHIRE",2519,86005.27,0,0
2024-09-01,99A,"NHS LIVERPOOL",2547,84124.2,0,0
2024-09-01,U2G6B,"NHS THAMES VALLEY ICB - U2G6B",2597,103883.59,0,0
2024-09-01,02X,"NHS DONCASTER",2664,87390.01,0,0
2024-09-01,05G,"NHS NORTH STAFFORDSHIRE",2769,91253.13,0,0
2024-09-01,99E,"NHS BASILDON AND BRENTWOOD",2770,97532.84,0,0
2024-09-01,03F,"NHS HULL",2781,92359.88,0,0
2024-09-01,14L,"NHS MANCHESTER",2819,93976.14,0,0
2024-09-01,10Q,"NHS OXFORDSHIRE",2844,103529.75,0,0
2024-09-01,X2C4Y,"NHS KIRKLEES",2876,115742.01,0,0
2024-09-01,92G,"NHS BATH AND NORTH EAST SOMERSET, SWINDON AND WILTSHIRE",2883,103446.93,0,0
2024-09-01,78H,"NHS NORTHAMPTONSHIRE",3060,92927.23,0,0
2024-09-01,02Y,"NHS EAST RIDING OF YORKSHIRE",3252,106764.54,0,0
2024-09-01,A3A8R,"NHS NORTH EAST LONDON",3402,130720.98,0,0
2024-09-01,03L,"NHS ROTHERHAM",3451,109806.63,0,0
2024-09-01,06Q,"NHS MID ESSEX",3550,109326.88,0,0
2024-09-01,03W,"NHS EAST LEICESTERSHIRE AND RUTLAND",3692,122355.87,0,0
2024-09-01,06T,"NHS NORTH EAST ESSEX",3871,116194.19,0,0
2024-09-01,07K,"NHS WEST SUFFOLK",3906,117192.17,0,0
2024-09-01,11M,"NHS GLOUCESTERSHIRE",3941,143786.55,0,0
2024-09-01,03R,"NHS WAKEFIELD",3965,133552.24,0,0
2024-09-01,42D,"NHS NORTH YORKSHIRE",4001,129011.96,0,0
2024-09-01,05W,"NHS STOKE ON TRENT",4008,131074.3,0,0
2024-09-01,06L,"NHS IPSWICH AND EAST SUFFOLK",4144,131333.5,0,0
2024-09-01,01K,"NHS MORECAMBE BAY",4236,146581.42,0,0
2024-09-01,04C,"NHS LEICESTER CITY",4290,134778.64,0,0
2024-09-01,03N,"NHS SHEFFIELD",4371,152029.25,0,0
2024-09-01,15M,"NHS DERBY AND DERBYSHIRE",4809,199992.83,0,0
2024-09-01,15C,"NHS BRISTOL, NORTH SOMERSET AND SOUTH GLOUCESTERSHIRE",4867,223028.35,0,0
2024-09-01,36J,"NHS BRADFORD DISTRICT AND CRAVEN",4995,170038.99,0,0
2024-09-01,15N,"NHS DEVON",5161,188665.18,0,0
2024-09-01,11N,"NHS CORNWALL AND THE ISLES OF SCILLY",5274,169785.64,0,0
2024-09-01,04V,"NHS WEST LEICESTERSHIRE",5430,177752.35,0,0
2024-09-01,15F,"NHS LEEDS",5552,204447.7,0,0
2024-09-01,D9Y0V,"NHS HAMPSHIRE, SOUTHAMPTON AND ISLE OF WIGHT",5558,234934.31,0,0
2024-09-01,70F,"NHS WEST SUSSEX",5617,225699.56,0,0
2024-09-01,01A,"NHS EAST LANCASHIRE",5657,180624.29,0,0
2024-09-01,93C,"NHS NORTH CENTRAL LONDON",5862,222435.49,0,0
2024-09-01,84H,"NHS COUNTY DURHAM",5896,199720.37,0,0
2024-09-01,36L,"NHS SOUTH WEST LONDON",6004,238328.67,0,0
2024-09-01,92A,"NHS SURREY HEARTLANDS",6044,252286.44,0,0
2024-09-01,M1J4Y,"NHS BEDFORDSHIRE, LUTON AND MILTON KEYNES",6505,234220.27,0,0
2024-09-01,W2U3Z,"NHS NORTH WEST LONDON",6583,249506.35,0,0
2024-09-01,16C,"NHS TEES VALLEY",7029,240048.11,0,0
2024-09-01,18C,"NHS HEREFORDSHIRE AND WORCESTERSHIRE",7156,280515.93,0,0
2024-09-01,B2M3M,"NHS COVENTRY AND WARWICKSHIRE",7288,234841.54,0,0
2024-09-01,11J,"NHS DORSET",7877,294906.87,0,0
2024-09-01,26A,"NHS NORFOLK AND WAVENEY",7962,258190.24,0,0
2024-09-01,72Q,"NHS SOUTH EAST LONDON",8106,340417.64,0,0
2024-09-01,71E,"NHS LINCOLNSHIRE",9198,282012.22,0,0
2024-09-01,06H,"NHS CAMBRIDGESHIRE AND PETERBOROUGH",9673,301463.55,0,0
2024-09-01,15E,"NHS BIRMINGHAM AND SOLIHULL",10045,371081.18,0,0
2024-09-01,52R,"NHS NOTTINGHAM AND NOTTINGHAMSHIRE",10601,365879.53,0,0
2024-09-01,91Q,"NHS KENT AND MEDWAY",12252,454895.36,0,0
2024-09-01,D2P2L,"NHS BLACK COUNTRY",13134,489187.83,0,0
2024-10-01,09W,"NHS MEDWAY",0,0,0,0
2024-10-01,D4U1Y,"NHS FRIMLEY",13,410.62,0,0
2024-10-01,01G,"NHS SALFORD",373,12055.06,0,0
2024-10-01,10R,"NHS PORTSMOUTH",443,21760.94,0,0
2024-10-01,01T,"NHS SOUTH SEFTON",532,16513.76,0,0
2024-10-01,02A,"NHS TRAFFORD",584,20970.99,0,0
2024-10-01,01Y,"NHS TAMESIDE AND GLOSSOP",616,21704.42,0,0
2024-10-01,01V,"NHS SOUTHPORT AND FORMBY",638,21440.82,0,0
2024-10-01,00T,"NHS BOLTON",782,24990.31,0,0
2024-10-01,99C,"NHS NORTH TYNESIDE",863,34813.51,0,0
2024-10-01,00V,"NHS BURY",881,29477.47,0,0
2024-10-01,02Q,"NHS BASSETLAW",900,27863.09,0,0
2024-10-01,02E,"NHS WARRINGTON",905,31630.83,0,0
2024-10-01,00Y,"NHS OLDHAM",1013,35108.55,0,0
2024-10-01,01W,"NHS STOCKPORT",1014,34932.69,0,0
2024-10-01,01D,"NHS HEYWOOD, MIDDLETON AND ROCHDALE",1052,35754.15,0,0
2024-10-01,02T,"NHS CALDERDALE",1085,39917.95,0,0
2024-10-01,06N,"NHS HERTS VALLEYS",1147,47423.92,0,0
2024-10-01,01X,"NHS ST HELENS",1222,40506.06,0,0
2024-10-01,01J,"NHS KNOWSLEY",1263,39568.36,0,0
2024-10-01,01F,"NHS HALTON",1282,43292.19,0,0
2024-10-01,03Q,"NHS VALE OF YORK",1428,50975.59,0,0
2024-10-01,02G,"NHS WEST LANCASHIRE",1455,48014.91,0,0
2024-10-01,15A,"NHS BERKSHIRE WEST",1479,50867.59,0,0
2024-10-01,09D,"NHS BRIGHTON AND HOVE",1489,63730.81,0,0
2024-10-01,99F,"NHS CASTLE POINT AND ROCHFORD",1542,54589.75,0,0
2024-10-01,12F,"NHS WIRRAL",1547,53352.27,0,0
2024-10-01,05D,"NHS EAST STAFFORDSHIRE",1561,54130.07,0,0
2024-10-01,99G,"NHS SOUTHEND",1593,56607.36,0,0
2024-10-01,02P,"NHS BARNSLEY",1661,54704.06,0,0
2024-10-01,00X,"NHS CHORLEY AND SOUTH RIBBLE",1687,60478.73,0,0
2024-10-01,05V,"NHS STAFFORD AND SURROUNDS",1716,59627.15,0,0
2024-10-01,00N,"NHS SOUTH TYNESIDE",1754,67047.28,0,0
2024-10-01,04Y,"NHS CANNOCK CHASE",1759,61316.57,0,0
2024-10-01,14Y,"NHS BUCKINGHAMSHIRE",1820,65217.48,0,0
2024-10-01,01E,"NHS GREATER PRESTON",1961,66886.62,0,0
2024-10-01,01H,"NHS NORTH CUMBRIA",2060,71232.35,0,0
2024-10-01,00R,"NHS BLACKPOOL",2095,65644.12,0,0
2024-10-01,02H,"NHS WIGAN BOROUGH",2104,71977.34,0,0
2024-10-01,11X,"NHS SOMERSET",2258,81385.44,0,0
2024-10-01,00L,"NHS NORTHUMBERLAND",2259,76897.35,0,0
2024-10-01,02M,"NHS FYLDE AND WYRE",2306,74718.05,0,0
2024-10-01,03H,"NHS NORTH EAST LINCOLNSHIRE",2422,78352.51,0,0
2024-10-01,07G,"NHS THURROCK",2423,77361.15,0,0
2024-10-01,05Q,"NHS SOUTH EAST STAFFORDSHIRE AND SEISDON PENINSULA",2457,93576.39,0,0
2024-10-01,97R,"NHS EAST SUSSEX",2486,88410.9,0,0
2024-10-01,07H,"NHS WEST ESSEX",2506,79198.32,0,0
2024-10-01,03K,"NHS NORTH LINCOLNSHIRE",2521,75263.53,0,0
2024-10-01,06K,"NHS EAST AND NORTH HERTFORDSHIRE",2569,82340.41,0,0
2024-10-01,U2G6B,"NHS THAMES VALLEY ICB - U2G6B",2685,107601.82,0,0
2024-10-01,13T,"NHS NEWCASTLE GATESHEAD",2691,101464.14,0,0
2024-10-01,27D,"NHS CHESHIRE",2708,91652.84,0,0
2024-10-01,00Q,"NHS BLACKBURN WITH DARWEN",2716,87583.18,0,0
2024-10-01,00P,"NHS SUNDERLAND",2727,99780.45,0,0
2024-10-01,M2L0M,"NHS SHROPSHIRE, TELFORD AND WREKIN",2757,104723.74,0,0
2024-10-01,99A,"NHS LIVERPOOL",2804,92715.23,0,0
2024-10-01,02X,"NHS DONCASTER",2818,92402.28,0,0
2024-10-01,14L,"NHS MANCHESTER",2855,95032.16,0,0
2024-10-01,05G,"NHS NORTH STAFFORDSHIRE",2919,96975.53,0,0
2024-10-01,03F,"NHS HULL",2934,97101.8,0,0
2024-10-01,X2C4Y,"NHS KIRKLEES",3095,123911.67,0,0
2024-10-01,10Q,"NHS OXFORDSHIRE",3110,112739.58,0,0
2024-10-01,92G,"NHS BATH AND NORTH EAST SOMERSET, SWINDON AND WILTSHIRE",3185,115279.87,0,0
2024-10-01,78H,"NHS NORTHAMPTONSHIRE",3197,97298.79,0,0
2024-10-01,99E,"NHS BASILDON AND BRENTWOOD",3244,114559.9,0,0
2024-10-01,02Y,"NHS EAST RIDING OF YORKSHIRE",3508,115208.76,0,0
2024-10-01,A3A8R,"NHS NORTH EAST LONDON",3669,140517.2,0,0
2024-10-01,03L,"NHS ROTHERHAM",3686,117428.46,0,0
2024-10-01,06Q,"NHS MID ESSEX",3719,114377.76,0,0
2024-10-01,03W,"NHS EAST LEICESTERSHIRE AND RUTLAND",3946,132008.92,0,0
2024-10-01,03R,"NHS WAKEFIELD",4028,135167.57,0,0
2024-10-01,07K,"NHS WEST SUFFOLK",4128,124079.4,0,0
2024-10-01,11M,"NHS GLOUCESTERSHIRE",4174,151824.04,0,0
2024-10-01,42D,"NHS NORTH YORKSHIRE",4176,134144.58,0,0
2024-10-01,06T,"NHS NORTH EAST ESSEX",4178,124806.62,0,0
2024-10-01,05W,"NHS STOKE ON TRENT",4268,140928.97,0,0
2024-10-01,04C,"NHS LEICESTER CITY",4486,143254.47,0,0
2024-10-01,06L,"NHS IPSWICH AND EAST SUFFOLK",4488,142152.24,0,0
2024-10-01,01K,"NHS MORECAMBE BAY",4519,155610.55,0,0
2024-10-01,03N,"NHS SHEFFIELD",4755,165683.92,0,0
2024-10-01,15M,"NHS DERBY AND DERBYSHIRE",5080,211861.62,0,0
2024-10-01,36J,"NHS BRADFORD DISTRICT AND CRAVEN",5132,175346.54,0,0
2024-10-01,15C,"NHS BRISTOL, NORTH SOMERSET AND SOUTH GLOUCESTERSHIRE",5308,244663.71,0,0
2024-10-01,11N,"NHS CORNWALL AND THE ISLES OF SCILLY",5402,173683.87,0,0
2024-10-01,15N,"NHS DEVON",5569,204510.98,0,0
2024-10-01,04V,"NHS WEST LEICESTERSHIRE",5661,186645.34,0,0
2024-10-01,70F,"NHS WEST SUSSEX",5952,236210.4,0,0
2024-10-01,15F,"NHS LEEDS",6029,223067.04,0,0
2024-10-01,D9Y0V,"NHS HAMPSHIRE, SOUTHAMPTON AND ISLE OF WIGHT",6210,263244.05,0,0
2024-10-01,M1J4Y,"NHS BEDFORDSHIRE, LUTON AND MILTON KEYNES",6285,223546.43,0,0
2024-10-01,01A,"NHS EAST LANCASHIRE",6380,204704.86,0,0
2024-10-01,84H,"NHS COUNTY DURHAM",6401,215109.1,0,0
2024-10-01,W2U3Z,"NHS NORTH WEST LONDON",6410,243259.03,0,0
2024-10-01,93C,"NHS NORTH CENTRAL LONDON",6419,248185.22,0,0
2024-10-01,36L,"NHS SOUTH WEST LONDON",6431,253169.82,0,0
2024-10-01,92A,"NHS SURREY HEARTLANDS",6545,273637.08,0,0
2024-10-01,16C,"NHS TEES VALLEY",7366,252056.35,0,0
2024-10-01,18C,"NHS HEREFORDSHIRE AND WORCESTERSHIRE",7685,300553.85,0,0
2024-10-01,B2M3M,"NHS COVENTRY AND WARWICKSHIRE",7858,251906.62,0,0
2024-10-01,26A,"NHS NORFOLK AND WAVENEY",8387,270520.48,0,0
2024-10-01,11J,"NHS DORSET",8495,318310.35,0,0
2024-10-01,72Q,"NHS SOUTH EAST LONDON",8791,368925.13,0,0
2024-10-01,71E,"NHS LINCOLNSHIRE",9831,301548.19,0,0
2024-10-01,06H,"NHS CAMBRIDGESHIRE AND PETERBOROUGH",10214,318597.61,0,0
2024-10-01,15E,"NHS BIRMINGHAM AND SOLIHULL",10228,378823.78,0,0
2024-10-01,52R,"NHS NOTTINGHAM AND NOTTINGHAMSHIRE",11029,380833.26,0,0
2024-10-01,91Q,"NHS KENT AND MEDWAY",13027,482235.75,0,0
2024-10-01,D2P2L,"NHS BLACK COUNTRY",13704,510774.4,0,0
2024-11-01,09W,"NHS MEDWAY",0,0,0,0
2024-11-01,D4U1Y,"NHS FRIMLEY",10,351.95,0,0
2024-11-01,01G,"NHS SALFORD",376,12377.64,0,0
2024-11-01,10R,"NHS PORTSMOUTH",492,24165.78,0,0
2024-11-01,01T,"NHS SOUTH SEFTON",554,17159.06,0,0
2024-11-01,02A,"NHS TRAFFORD",582,20883.06,0,0
2024-11-01,01V,"NHS SOUTHPORT AND FORMBY",611,20472.96,0,0
2024-11-01,01Y,"NHS TAMESIDE AND GLOSSOP",623,21352.64,0,0
2024-11-01,00V,"NHS BURY",662,22203.44,0,0
2024-11-01,00T,"NHS BOLTON",823,27453.62,0,0
2024-11-01,99C,"NHS NORTH TYNESIDE",826,33053.91,0,0
2024-11-01,02Q,"NHS BASSETLAW",863,26775.27,0,0
2024-11-01,02E,"NHS WARRINGTON",918,31803.79,0,0
2024-11-01,01D,"NHS HEYWOOD, MIDDLETON AND ROCHDALE",923,31618.36,0,0
2024-11-01,01W,"NHS STOCKPORT",986,33700.88,0,0
2024-11-01,02T,"NHS CALDERDALE",989,35811.96,0,0
2024-11-01,00Y,"NHS OLDHAM",1011,35782.91,0,0
2024-11-01,06N,"NHS HERTS VALLEYS",1097,46120.74,0,0
2024-11-01,01F,"NHS HALTON",1111,37279.47,0,0
2024-11-01,01J,"NHS KNOWSLEY",1215,38336.32,0,0
2024-11-01,01X,"NHS ST HELENS",1241,41503.19,0,0
2024-11-01,03Q,"NHS VALE OF YORK",1393,49230.47,0,0
2024-11-01,02G,"NHS WEST LANCASHIRE",1398,45756.53,0,0
2024-11-01,09D,"NHS BRIGHTON AND HOVE",1416,60944.52,0,0
2024-11-01,15A,"NHS BERKSHIRE WEST",1434,49425.49,0,0
2024-11-01,99F,"NHS CASTLE POINT AND ROCHFORD",1463,51904.61,0,0
2024-11-01,99G,"NHS SOUTHEND",1471,52266.47,0,0
2024-11-01,02P,"NHS BARNSLEY",1520,50249.66,0,0
2024-11-01,12F,"NHS WIRRAL",1522,52325.77,0,0
2024-11-01,05D,"NHS EAST STAFFORDSHIRE",1523,52577.16,0,0
2024-11-01,04Y,"NHS CANNOCK CHASE",1610,56063.3,0,0
2024-11-01,05V,"NHS STAFFORD AND SURROUNDS",1627,55653.29,0,0
2024-11-01,00X,"NHS CHORLEY AND SOUTH RIBBLE",1629,58425.64,0,0
2024-11-01,14Y,"NHS BUCKINGHAMSHIRE",1697,60231.94,0,0
2024-11-01,00N,"NHS SOUTH TYNESIDE",1701,66108.37,0,0
2024-11-01,02H,"NHS WIGAN BOROUGH",1710,59159.6,0,0
2024-11-01,00R,"NHS BLACKPOOL",1956,61860.12,0,0
2024-11-01,01H,"NHS NORTH CUMBRIA",1977,68383.79,0,0
2024-11-01,01E,"NHS GREATER PRESTON",2020,69347.02,0,0
2024-11-01,11X,"NHS SOMERSET",2147,77152.11,0,0
2024-11-01,00L,"NHS NORTHUMBERLAND",2236,76768.62,0,0
2024-11-01,02M,"NHS FYLDE AND WYRE",2269,73292.74,0,0
2024-11-01,07G,"NHS THURROCK",2279,72981.72,0,0
2024-11-01,03H,"NHS NORTH EAST LINCOLNSHIRE",2281,74337.54,0,0
2024-11-01,05Q,"NHS SOUTH EAST STAFFORDSHIRE AND SEISDON PENINSULA",2333,89780.01,0,0
2024-11-01,07H,"NHS WEST ESSEX",2391,76272.32,0,0
2024-11-01,97R,"NHS EAST SUSSEX",2410,85252.88,0,0
2024-11-01,06K,"NHS EAST AND NORTH HERTFORDSHIRE",2457,78447,0,0
2024-11-01,03K,"NHS NORTH LINCOLNSHIRE",2478,73833.03,0,0
2024-11-01,02X,"NHS DONCASTER",2551,83384.6,0,0
2024-11-01,00Q,"NHS BLACKBURN WITH DARWEN",2556,82596.77,0,0
2024-11-01,M2L0M,"NHS SHROPSHIRE, TELFORD AND WREKIN",2602,99956.54,0,0
2024-11-01,00P,"NHS SUNDERLAND",2604,94765.22,0,0
2024-11-01,27D,"NHS CHESHIRE",2610,88262.91,0,0
2024-11-01,13T,"NHS NEWCASTLE GATESHEAD",2625,98453.24,0,0
2024-11-01,U2G6B,"NHS THAMES VALLEY ICB - U2G6B",2647,106780.35,0,0
2024-11-01,99A,"NHS LIVERPOOL",2714,90459.45,0,0
2024-11-01,14L,"NHS MANCHESTER",2775,93008.05,0,0
2024-11-01,03F,"NHS HULL",2804,91770.5,0,0
2024-11-01,99E,"NHS BASILDON AND BRENTWOOD",2839,99331.58,0,0
2024-11-01,05G,"NHS NORTH STAFFORDSHIRE",2863,94787.76,0,0
2024-11-01,X2C4Y,"NHS KIRKLEES",2930,116921.84,0,0
2024-11-01,10Q,"NHS OXFORDSHIRE",2997,109463.47,0,0
2024-11-01,78H,"NHS NORTHAMPTONSHIRE",3031,91967.46,0,0
2024-11-01,92G,"NHS BATH AND NORTH EAST SOMERSET, SWINDON AND WILTSHIRE",3106,112125.71,0,0
2024-11-01,02Y,"NHS EAST RIDING OF YORKSHIRE",3390,111680.19,0,0
2024-11-01,06Q,"NHS MID ESSEX",3400,104937.84,0,0
2024-11-01,A3A8R,"NHS NORTH EAST LONDON",3525,135413.62,0,0
2024-11-01,03L,"NHS ROTHERHAM",3546,112853.54,0,0
2024-11-01,03W,"NHS EAST LEICESTERSHIRE AND RUTLAND",3758,125449.54,0,0
2024-11-01,03R,"NHS WAKEFIELD",3770,126320.22,0,0
2024-11-01,06T,"NHS NORTH EAST ESSEX",4019,120537.14,0,0
2024-11-01,42D,"NHS NORTH YORKSHIRE",4049,129295.06,0,0
2024-11-01,11M,"NHS GLOUCESTERSHIRE",4052,147983.17,0,0
2024-11-01,07K,"NHS WEST SUFFOLK",4091,123403.12,0,0
2024-11-01,05W,"NHS STOKE ON TRENT",4113,134466.84,0,0
2024-11-01,01K,"NHS MORECAMBE BAY",4188,144465.24,0,0
2024-11-01,06L,"NHS IPSWICH AND EAST SUFFOLK",4259,135628.65,0,0
2024-11-01,04C,"NHS LEICESTER CITY",4267,134016.64,0,0
2024-11-01,03N,"NHS SHEFFIELD",4634,161128.13,0,0
2024-11-01,15M,"NHS DERBY AND DERBYSHIRE",4646,191941.87,0,0
2024-11-01,36J,"NHS BRADFORD DISTRICT AND CRAVEN",4916,169343.75,0,0
2024-11-01,15C,"NHS BRISTOL, NORTH SOMERSET AND SOUTH GLOUCESTERSHIRE",5181,236612.97,0,0
2024-11-01,11N,"NHS CORNWALL AND THE ISLES OF SCILLY",5199,166889.69,0,0
2024-11-01,04V,"NHS WEST LEICESTERSHIRE",5301,174656.79,0,0
2024-11-01,15N,"NHS DEVON",5421,198728.46,0,0
2024-11-01,W2U3Z,"NHS NORTH WEST LONDON",5688,213460.97,0,0
2024-11-01,01A,"NHS EAST LANCASHIRE",5689,182424.78,0,0
2024-11-01,15F,"NHS LEEDS",5712,212479.66,0,0
2024-11-01,M1J4Y,"NHS BEDFORDSHIRE, LUTON AND MILTON KEYNES",5805,208388.07,0,0
2024-11-01,70F,"NHS WEST SUSSEX",5911,235444.04,0,0
2024-11-01,D9Y0V,"NHS HAMPSHIRE, SOUTHAMPTON AND ISLE OF WIGHT",5959,251710.02,0,0
2024-11-01,84H,"NHS COUNTY DURHAM",6079,208302.24,0,0
2024-11-01,93C,"NHS NORTH CENTRAL LONDON",6267,239328.82,0,0
2024-11-01,92A,"NHS SURREY HEARTLANDS",6317,263588.69,0,0
2024-11-01,36L,"NHS SOUTH WEST LONDON",6526,257715.68,0,0
2024-11-01,18C,"NHS HEREFORDSHIRE AND WORCESTERSHIRE",6998,274897.31,0,0
2024-11-01,16C,"NHS TEES VALLEY",7178,245842.13,0,0
2024-11-01,B2M3M,"NHS COVENTRY AND WARWICKSHIRE",7496,242068.73,0,0
2024-11-01,26A,"NHS NORFOLK AND WAVENEY",8103,261740.08,0,0
2024-11-01,11J,"NHS DORSET",8257,308975.74,0,0
2024-11-01,72Q,"NHS SOUTH EAST LONDON",8606,359247.29,0,0
2024-11-01,15E,"NHS BIRMINGHAM AND SOLIHULL",9121,334273.09,0,0
2024-11-01,71E,"NHS LINCOLNSHIRE",9359,286992.13,0,0
2024-11-01,06H,"NHS CAMBRIDGESHIRE AND PETERBOROUGH",9958,310443.29,0,0
2024-11-01,52R,"NHS NOTTINGHAM AND NOTTINGHAMSHIRE",10487,364260.12,0,0
2024-11-01,D2P2L,"NHS BLACK COUNTRY",12345,459669.01,0,0
2024-11-01,91Q,"NHS KENT AND MEDWAY",12417,460702.61,0,0
2024-12-01,09W,"NHS MEDWAY",0,0,0,0
2024-12-01,D4U1Y,"NHS FRIMLEY",27,879.92,0,0
2024-12-01,01G,"NHS SALFORD",393,12876.3,0,0
2024-12-01,10R,"NHS PORTSMOUTH",477,23139.38,0,0
2024-12-01,01T,"NHS SOUTH SEFTON",581,18478.83,0,0
2024-12-01,02A,"NHS TRAFFORD",626,22320.24,0,0
2024-12-01,00V,"NHS BURY",668,22203.53,0,0
2024-12-01,01V,"NHS SOUTHPORT AND FORMBY",688,23112.71,0,0
2024-12-01,01Y,"NHS TAMESIDE AND GLOSSOP",697,24959.94,0,0
2024-12-01,01D,"NHS HEYWOOD, MIDDLETON AND ROCHDALE",852,29007.99,0,0
2024-12-01,00T,"NHS BOLTON",860,28392.32,0,0
2024-12-01,99C,"NHS NORTH TYNESIDE",890,35605.5,0,0
2024-12-01,02Q,"NHS BASSETLAW",932,28782.92,0,0
2024-12-01,02E,"NHS WARRINGTON",999,34029.9,0,0
2024-12-01,01W,"NHS STOCKPORT",1032,35548.61,0,0
2024-12-01,02T,"NHS CALDERDALE",1044,38187.6,0,0
2024-12-01,00Y,"NHS OLDHAM",1080,38041.4,0,0
2024-12-01,06N,"NHS HERTS VALLEYS",1185,48324.05,0,0
2024-12-01,01F,"NHS HALTON",1188,40622.91,0,0
2024-12-01,01J,"NHS KNOWSLEY",1219,38512.27,0,0
2024-12-01,01X,"NHS ST HELENS",1267,41650.12,0,0
2024-12-01,99G,"NHS SOUTHEND",1408,50506.45,0,0
2024-12-01,09D,"NHS BRIGHTON AND HOVE",1435,61179.29,0,0
2024-12-01,03Q,"NHS VALE OF YORK",1473,53206.08,0,0
2024-12-01,99F,"NHS CASTLE POINT AND ROCHFORD",1486,52299.04,0,0
2024-12-01,15A,"NHS BERKSHIRE WEST",1502,51967.86,0,0
2024-12-01,02G,"NHS WEST LANCASHIRE",1516,50566.48,0,0
2024-12-01,12F,"NHS WIRRAL",1544,53029.68,0,0
2024-12-01,02P,"NHS BARNSLEY",1550,51321.82,0,0
2024-12-01,05D,"NHS EAST STAFFORDSHIRE",1597,55328.19,0,0
2024-12-01,02H,"NHS WIGAN BOROUGH",1705,57752.17,0,0
2024-12-01,05V,"NHS STAFFORD AND SURROUNDS",1753,60851.68,0,0
2024-12-01,04Y,"NHS CANNOCK CHASE",1772,62375.66,0,0
2024-12-01,00X,"NHS CHORLEY AND SOUTH RIBBLE",1803,65083.44,0,0
2024-12-01,00N,"NHS SOUTH TYNESIDE",1809,70390.4,0,0
2024-12-01,14Y,"NHS BUCKINGHAMSHIRE",1826,64664.86,0,0
2024-12-01,07G,"NHS THURROCK",1960,63654.38,0,0
2024-12-01,00R,"NHS BLACKPOOL",2010,63385.46,0,0
2024-12-01,01H,"NHS NORTH CUMBRIA",2065,70932.26,0,0
2024-12-01,01E,"NHS GREATER PRESTON",2088,71397.07,0,0
2024-12-01,11X,"NHS SOMERSET",2234,79887.42,0,0
2024-12-01,00L,"NHS NORTHUMBERLAND",2326,79610.57,0,0
2024-12-01,02M,"NHS FYLDE AND WYRE",2331,75756.73,0,0
2024-12-01,03H,"NHS NORTH EAST LINCOLNSHIRE",2370,76404.27,0,0
2024-12-01,05Q,"NHS SOUTH EAST STAFFORDSHIRE AND SEISDON PENINSULA",2505,95167.24,0,0
2024-12-01,03K,"NHS NORTH LINCOLNSHIRE",2548,75919.61,0,0
2024-12-01,06K,"NHS EAST AND NORTH HERTFORDSHIRE",2568,83547.15,0,0
2024-12-01,07H,"NHS WEST ESSEX",2593,81920.35,0,0
2024-12-01,97R,"NHS EAST SUSSEX",2606,93546.61,0,0
2024-12-01,U2G6B,"NHS THAMES VALLEY ICB - U2G6B",2622,106457.57,0,0
2024-12-01,00Q,"NHS BLACKBURN WITH DARWEN",2663,85647.41,0,0
2024-12-01,27D,"NHS CHESHIRE",2724,92629.81,0,0
2024-12-01,03F,"NHS HULL",2738,89746.6,0,0
2024-12-01,99E,"NHS BASILDON AND BRENTWOOD",2743,98548.59,0,0
2024-12-01,13T,"NHS NEWCASTLE GATESHEAD",2777,105397.44,0,0
2024-12-01,M2L0M,"NHS SHROPSHIRE, TELFORD AND WREKIN",2779,107321.58,0,0
2024-12-01,00P,"NHS SUNDERLAND",2794,101599.15,0,0
2024-12-01,14L,"NHS MANCHESTER",2826,95090.4,0,0
2024-12-01,02X,"NHS DONCASTER",2880,95100.3,0,0
2024-12-01,99A,"NHS LIVERPOOL",2904,97677.39,0,0
2024-12-01,78H,"NHS NORTHAMPTONSHIRE",3005,91176.09,0,0
2024-12-01,05G,"NHS NORTH STAFFORDSHIRE",3043,100592.42,0,0
2024-12-01,X2C4Y,"NHS KIRKLEES",3090,124899.07,0,0
2024-12-01,10Q,"NHS OXFORDSHIRE",3133,114013.94,0,0
2024-12-01,92G,"NHS BATH AND NORTH EAST SOMERSET, SWINDON AND WILTSHIRE",3260,116696.59,0,0
2024-12-01,A3A8R,"NHS NORTH EAST LONDON",3400,129137.79,0,0
2024-12-01,02Y,"NHS EAST RIDING OF YORKSHIRE",3585,118733.93,0,0
2024-12-01,06Q,"NHS MID ESSEX",3609,112041.79,0,0
2024-12-01,03L,"NHS ROTHERHAM",3615,116076.42,0,0
2024-12-01,03R,"NHS WAKEFIELD",3719,125039.67,0,0
2024-12-01,03W,"NHS EAST LEICESTERSHIRE AND RUTLAND",3844,129125.68,0,0
2024-12-01,06T,"NHS NORTH EAST ESSEX",4230,126221.47,0,0
2024-12-01,05W,"NHS STOKE ON TRENT",4262,141629.32,0,0
2024-12-01,11M,"NHS GLOUCESTERSHIRE",4279,155069.66,0,0
2024-12-01,07K,"NHS WEST SUFFOLK",4311,130028.19,0,0
2024-12-01,42D,"NHS NORTH YORKSHIRE",4324,138135.93,0,0
2024-12-01,04C,"NHS LEICESTER CITY",4335,137447.29,0,0
2024-12-01,06L,"NHS IPSWICH AND EAST SUFFOLK",4476,142057.43,0,0
2024-12-01,01K,"NHS MORECAMBE BAY",4602,159621.9,0,0
2024-12-01,03N,"NHS SHEFFIELD",4876,169272.36,0,0
2024-12-01,15M,"NHS DERBY AND DERBYSHIRE",4908,202468.47,0,0
2024-12-01,36J,"NHS BRADFORD DISTRICT AND CRAVEN",5066,172922.92,0,0
2024-12-01,W2U3Z,"NHS NORTH WEST LONDON",5219,197915.47,0,0
2024-12-01,11N,"NHS CORNWALL AND THE ISLES OF SCILLY",5339,172958.72,0,0
2024-12-01,15C,"NHS BRISTOL, NORTH SOMERSET AND SOUTH GLOUCESTERSHIRE",5434,250436.12,0,0
2024-12-01,04V,"NHS WEST LEICESTERSHIRE",5475,180422.78,0,0
2024-12-01,15N,"NHS DEVON",5668,211041.36,0,0
2024-12-01,M1J4Y,"NHS BEDFORDSHIRE, LUTON AND MILTON KEYNES",5682,204234.4,0,0
2024-12-01,15F,"NHS LEEDS",5889,219417.68,0,0
2024-12-01,70F,"NHS WEST SUSSEX",6089,243819.74,0,0
2024-12-01,01A,"NHS EAST LANCASHIRE",6171,198087.82,0,0
2024-12-01,93C,"NHS NORTH CENTRAL LONDON",6354,243903.8,0,0
2024-12-01,84H,"NHS COUNTY DURHAM",6403,218054.19,0,0
2024-12-01,D9Y0V,"NHS HAMPSHIRE, SOUTHAMPTON AND ISLE OF WIGHT",6492,277020.22,0,0
2024-12-01,92A,"NHS SURREY HEARTLANDS",6556,274209.9,0,0
2024-12-01,36L,"NHS SOUTH WEST LONDON",6679,265985.8,0,0
2024-12-01,18C,"NHS HEREFORDSHIRE AND WORCESTERSHIRE",6997,271309.86,0,0
2024-12-01,16C,"NHS TEES VALLEY",7325,249065.59,0,0
2024-12-01,B2M3M,"NHS COVENTRY AND WARWICKSHIRE",7761,250099.95,0,0
2024-12-01,26A,"NHS NORFOLK AND WAVENEY",8404,269706.08,0,0
2024-12-01,11J,"NHS DORSET",8671,326651.03,0,0
2024-12-01,72Q,"NHS SOUTH EAST LONDON",8944,375729.42,0,0
2024-12-01,15E,"NHS BIRMINGHAM AND SOLIHULL",9214,343304.87,0,0
2024-12-01,71E,"NHS LINCOLNSHIRE",9758,298830.63,0,0
2024-12-01,06H,"NHS CAMBRIDGESHIRE AND PETERBOROUGH",10186,317857.06,0,0
2024-12-01,52R,"NHS NOTTINGHAM AND NOTTINGHAMSHIRE",10901,379264.19,0,0
2024-12-01,D2P2L,"NHS BLACK COUNTRY",12504,466864.2,0,0
2024-12-01,91Q,"NHS KENT AND MEDWAY",12995,483210.04,0,0
2025-01-01,09W,"NHS MEDWAY",0,0,0,0
2025-01-01,D4U1Y,"NHS FRIMLEY",21,791.89,0,0
2025-01-01,01G,"NHS SALFORD",403,13257.57,0,0
2025-01-01,10R,"NHS PORTSMOUTH",487,23725.89,0,0
2025-01-01,01T,"NHS SOUTH SEFTON",576,18537.33,0,0
2025-01-01,02A,"NHS TRAFFORD",597,22085.36,0,0
2025-01-01,01V,"NHS SOUTHPORT AND FORMBY",648,21587.55,0,0
2025-01-01,00V,"NHS BURY",684,22702.16,0,0
2025-01-01,01Y,"NHS TAMESIDE AND GLOSSOP",774,26749.41,0,0
2025-01-01,01D,"NHS HEYWOOD, MIDDLETON AND ROCHDALE",857,29301.26,0,0
2025-01-01,99C,"NHS NORTH TYNESIDE",936,37248.02,0,0
2025-01-01,00T,"NHS BOLTON",941,31061.48,0,0
2025-01-01,02Q,"NHS BASSETLAW",942,29089.44,0,0
2025-01-01,02E,"NHS WARRINGTON",1022,35108.5,0,0
2025-01-01,01W,"NHS STOCKPORT",1092,37337.93,0,0
2025-01-01,02T,"NHS CALDERDALE",1120,40856.62,0,0
2025-01-01,00Y,"NHS OLDHAM",1136,39390.84,0,0
2025-01-01,06N,"NHS HERTS VALLEYS",1177,48519.52,0,0
2025-01-01,01F,"NHS HALTON",1216,41972,0,0
2025-01-01,01J,"NHS KNOWSLEY",1255,39890.76,0,0
2025-01-01,01X,"NHS ST HELENS",1305,43409.74,0,0
2025-01-01,99G,"NHS SOUTHEND",1312,46957.57,0,0
2025-01-01,03Q,"NHS VALE OF YORK",1447,51645.5,0,0
2025-01-01,02G,"NHS WEST LANCASHIRE",1448,47281.79,0,0
2025-01-01,99F,"NHS CASTLE POINT AND ROCHFORD",1521,54289.93,0,0
2025-01-01,09D,"NHS BRIGHTON AND HOVE",1532,66223.54,0,0
2025-01-01,15A,"NHS BERKSHIRE WEST",1536,53655.96,0,0
2025-01-01,02P,"NHS BARNSLEY",1562,51289.55,0,0
2025-01-01,12F,"NHS WIRRAL",1573,54349.46,0,0
2025-01-01,05D,"NHS EAST STAFFORDSHIRE",1590,56377.36,0,0
2025-01-01,07G,"NHS THURROCK",1611,50762.78,0,0
2025-01-01,02H,"NHS WIGAN BOROUGH",1719,58250.8,0,0
2025-01-01,00X,"NHS CHORLEY AND SOUTH RIBBLE",1735,61446.95,0,0
2025-01-01,14Y,"NHS BUCKINGHAMSHIRE",1754,63188.67,0,0
2025-01-01,05V,"NHS STAFFORD AND SURROUNDS",1786,62148.41,0,0
2025-01-01,04Y,"NHS CANNOCK CHASE",1801,62402.15,0,0
2025-01-01,00N,"NHS SOUTH TYNESIDE",1815,70654.35,0,0
2025-01-01,00R,"NHS BLACKPOOL",2085,65995.86,0,0
2025-01-01,01E,"NHS GREATER PRESTON",2091,71165.86,0,0
2025-01-01,01H,"NHS NORTH CUMBRIA",2145,73787.76,0,0
2025-01-01,11X,"NHS SOMERSET",2278,81725.77,0,0
2025-01-01,02M,"NHS FYLDE AND WYRE",2372,76301.64,0,0
2025-01-01,00L,"NHS NORTHUMBERLAND",2373,81240.15,0,0
2025-01-01,99E,"NHS BASILDON AND BRENTWOOD",2436,87804.06,0,0
2025-01-01,03F,"NHS HULL",2508,80716.46,0,0
2025-01-01,05Q,"NHS SOUTH EAST STAFFORDSHIRE AND SEISDON PENINSULA",2511,97656.35,0,0
2025-01-01,07H,"NHS WEST ESSEX",2525,79460.79,0,0
2025-01-01,03H,"NHS NORTH EAST LINCOLNSHIRE",2565,83013.29,0,0
2025-01-01,06K,"NHS EAST AND NORTH HERTFORDSHIRE",2579,82765.48,0,0
2025-01-01,03K,"NHS NORTH LINCOLNSHIRE",2593,77800.09,0,0
2025-01-01,97R,"NHS EAST SUSSEX",2598,92748.56,0,0
2025-01-01,00Q,"NHS BLACKBURN WITH DARWEN",2663,86556.31,0,0
2025-01-01,U2G6B,"NHS THAMES VALLEY ICB - U2G6B",2733,110101.2,0,0
2025-01-01,00P,"NHS SUNDERLAND",2780,102243.97,0,0
2025-01-01,M2L0M,"NHS SHROPSHIRE, TELFORD AND WREKIN",2807,107713.79,0,0
2025-01-01,27D,"NHS CHESHIRE",2825,95944.59,0,0
2025-01-01,02X,"NHS DONCASTER",2828,93418.86,0,0
2025-01-01,13T,"NHS NEWCASTLE GATESHEAD",2851,106864.41,0,0
2025-01-01,14L,"NHS MANCHESTER",2856,95677.23,0,0
2025-01-01,99A,"NHS LIVERPOOL",2972,98434.69,0,0
2025-01-01,X2C4Y,"NHS KIRKLEES",3058,124797.56,0,0
2025-01-01,10Q,"NHS OXFORDSHIRE",3082,111642.72,0,0
2025-01-01,78H,"NHS NORTHAMPTONSHIRE",3116,94594.56,0,0
2025-01-01,05G,"NHS NORTH STAFFORDSHIRE",3144,104669.48,0,0
2025-01-01,92G,"NHS BATH AND NORTH EAST SOMERSET, SWINDON AND WILTSHIRE",3385,123381.15,0,0
2025-01-01,06Q,"NHS MID ESSEX",3387,104892.86,0,0
2025-01-01,A3A8R,"NHS NORTH EAST LONDON",3502,134123.29,0,0
2025-01-01,02Y,"NHS EAST RIDING OF YORKSHIRE",3513,115586.73,0,0
2025-01-01,03L,"NHS ROTHERHAM",3666,116715.62,0,0
2025-01-01,03R,"NHS WAKEFIELD",3840,128409.78,0,0
2025-01-01,03W,"NHS EAST LEICESTERSHIRE AND RUTLAND",3950,131938.82,0,0
2025-01-01,42D,"NHS NORTH YORKSHIRE",4105,132180.97,0,0
2025-01-01,11M,"NHS GLOUCESTERSHIRE",4143,151312.94,0,0
2025-01-01,07K,"NHS WEST SUFFOLK",4251,127829.13,0,0
2025-01-01,05W,"NHS STOKE ON TRENT",4363,144126.03,0,0
2025-01-01,06T,"NHS NORTH EAST ESSEX",4369,130921.57,0,0
2025-01-01,04C,"NHS LEICESTER CITY",4386,138884.58,0,0
2025-01-01,01K,"NHS MORECAMBE BAY",4549,158217.79,0,0
2025-01-01,06L,"NHS IPSWICH AND EAST SUFFOLK",4657,147455.06,0,0
2025-01-01,03N,"NHS SHEFFIELD",4936,171097.56,0,0
2025-01-01,15M,"NHS DERBY AND DERBYSHIRE",4946,207017.33,0,0
2025-01-01,W2U3Z,"NHS NORTH WEST LONDON",5016,190113.72,0,0
2025-01-01,36J,"NHS BRADFORD DISTRICT AND CRAVEN",5369,183732.65,0,0
2025-01-01,11N,"NHS CORNWALL AND THE ISLES OF SCILLY",5373,174459.32,0,0
2025-01-01,04V,"NHS WEST LEICESTERSHIRE",5434,178940.62,0,0
2025-01-01,15C,"NHS BRISTOL, NORTH SOMERSET AND SOUTH GLOUCESTERSHIRE",5459,250556.94,0,0
2025-01-01,15N,"NHS DEVON",5710,208208.25,0,0
2025-01-01,M1J4Y,"NHS BEDFORDSHIRE, LUTON AND MILTON KEYNES",5826,207949.87,0,0
2025-01-01,15F,"NHS LEEDS",6040,224883.1,0,0
2025-01-01,01A,"NHS EAST LANCASHIRE",6151,198495.13,0,0
2025-01-01,70F,"NHS WEST SUSSEX",6244,247196.69,0,0
2025-01-01,D9Y0V,"NHS HAMPSHIRE, SOUTHAMPTON AND ISLE OF WIGHT",6519,276057.3,0,0
2025-01-01,84H,"NHS COUNTY DURHAM",6558,222199.89,0,0
2025-01-01,93C,"NHS NORTH CENTRAL LONDON",6738,256428.19,0,0
2025-01-01,92A,"NHS SURREY HEARTLANDS",6743,281340.51,0,0
2025-01-01,36L,"NHS SOUTH WEST LONDON",6797,267893.07,0,0
2025-01-01,18C,"NHS HEREFORDSHIRE AND WORCESTERSHIRE",6828,263654.36,0,0
2025-01-01,16C,"NHS TEES VALLEY",7631,262214.84,0,0
2025-01-01,B2M3M,"NHS COVENTRY AND WARWICKSHIRE",8091,259787.92,0,0
2025-01-01,26A,"NHS NORFOLK AND WAVENEY",8407,269070.48,0,0
2025-01-01,11J,"NHS DORSET",9048,337889.77,0,0
2025-01-01,15E,"NHS BIRMINGHAM AND SOLIHULL",9173,336326.05,0,0
2025-01-01,72Q,"NHS SOUTH EAST LONDON",9308,391859.77,0,0
2025-01-01,71E,"NHS LINCOLNSHIRE",10225,313570.57,0,0
2025-01-01,06H,"NHS CAMBRIDGESHIRE AND PETERBOROUGH",10343,323711.3,0,0
2025-01-01,52R,"NHS NOTTINGHAM AND NOTTINGHAMSHIRE",11224,389439.84,0,0
2025-01-01,D2P2L,"NHS BLACK COUNTRY",12878,479476.42,0,0
2025-01-01,91Q,"NHS KENT AND MEDWAY",13081,484882.32,0,0
2025-02-01,09W,"NHS MEDWAY",0,0,0,0
2025-02-01,D4U1Y,"NHS FRIMLEY",23,703.94,0,0
2025-02-01,01G,"NHS SALFORD",345,11585.56,0,0
2025-02-01,10R,"NHS PORTSMOUTH",472,23461.84,0,0
2025-02-01,01T,"NHS SOUTH SEFTON",508,16308.19,0,0
2025-02-01,00V,"NHS BURY",541,17921.19,0,0
2025-02-01,02A,"NHS TRAFFORD",576,20970.92,0,0
2025-02-01,01V,"NHS SOUTHPORT AND FORMBY",625,20795.64,0,0
2025-02-01,01Y,"NHS TAMESIDE AND GLOSSOP",780,27570.4,0,0
2025-02-01,01D,"NHS HEYWOOD, MIDDLETON AND ROCHDALE",786,26632.26,0,0
2025-02-01,99C,"NHS NORTH TYNESIDE",798,31822.09,0,0
2025-02-01,00T,"NHS BOLTON",806,26368.64,0,0
2025-02-01,02Q,"NHS BASSETLAW",817,25358.35,0,0
2025-02-01,02T,"NHS CALDERDALE",910,33230.82,0,0
2025-02-01,02E,"NHS WARRINGTON",918,31781.13,0,0
2025-02-01,00Y,"NHS OLDHAM",927,32351.45,0,0
2025-02-01,01W,"NHS STOCKPORT",1013,35577.68,0,0
2025-02-01,06N,"NHS HERTS VALLEYS",1052,43435.97,0,0
2025-02-01,01F,"NHS HALTON",1062,36135.41,0,0
2025-02-01,01X,"NHS ST HELENS",1079,36311.52,0,0
2025-02-01,01J,"NHS KNOWSLEY",1090,34317.91,0,0
2025-02-01,99G,"NHS SOUTHEND",1144,40915.59,0,0
2025-02-01,99F,"NHS CASTLE POINT AND ROCHFORD",1192,42228.99,0,0
2025-02-01,02G,"NHS WEST LANCASHIRE",1279,41591.62,0,0
2025-02-01,03Q,"NHS VALE OF YORK",1316,47217.62,0,0
2025-02-01,15A,"NHS BERKSHIRE WEST",1337,45959.91,0,0
2025-02-01,07G,"NHS THURROCK",1351,42318.8,0,0
2025-02-01,09D,"NHS BRIGHTON AND HOVE",1356,58568.86,0,0
2025-02-01,02P,"NHS BARNSLEY",1364,45384.34,0,0
2025-02-01,05D,"NHS EAST STAFFORDSHIRE",1416,49036.38,0,0
2025-02-01,12F,"NHS WIRRAL",1452,49832.67,0,0
2025-02-01,02H,"NHS WIGAN BOROUGH",1512,52061.74,0,0
2025-02-01,04Y,"NHS CANNOCK CHASE",1564,54150.62,0,0
2025-02-01,05V,"NHS STAFFORD AND SURROUNDS",1574,55123.79,0,0
2025-02-01,00X,"NHS CHORLEY AND SOUTH RIBBLE",1589,57017.79,0,0
2025-02-01,14Y,"NHS BUCKINGHAMSHIRE",1612,57426.5,0,0
2025-02-01,00N,"NHS SOUTH TYNESIDE",1625,63351.3,0,0
2025-02-01,00R,"NHS BLACKPOOL",1835,57402.02,0,0
2025-02-01,01E,"NHS GREATER PRESTON",1867,64302.24,0,0
2025-02-01,01H,"NHS NORTH CUMBRIA",1915,65581.13,0,0
2025-02-01,11X,"NHS SOMERSET",2010,71669.71,0,0
2025-02-01,99E,"NHS BASILDON AND BRENTWOOD",2068,75065.19,0,0
2025-02-01,02M,"NHS FYLDE AND WYRE",2138,68950.37,0,0
2025-02-01,00L,"NHS NORTHUMBERLAND",2159,73237.86,0,0
2025-02-01,03F,"NHS HULL",2182,70033.38,0,0
2025-02-01,03H,"NHS NORTH EAST LINCOLNSHIRE",2217,71858.08,0,0
2025-02-01,05Q,"NHS SOUTH EAST STAFFORDSHIRE AND SEISDON PENINSULA",2218,85260.53,0,0
2025-02-01,06K,"NHS EAST AND NORTH HERTFORDSHIRE",2286,73213.81,0,0
2025-02-01,U2G6B,"NHS THAMES VALLEY ICB - U2G6B",2308,92709.12,0,0
2025-02-01,03K,"NHS NORTH LINCOLNSHIRE",2310,68909.13,0,0
2025-02-01,97R,"NHS EAST SUSSEX",2345,84550.74,0,0
2025-02-01,07H,"NHS WEST ESSEX",2357,74353.42,0,0
2025-02-01,02X,"NHS DONCASTER",2434,80487.37,0,0
2025-02-01,00P,"NHS SUNDERLAND",2482,90952.13,0,0
2025-02-01,00Q,"NHS BLACKBURN WITH DARWEN",2487,79546.71,0,0
2025-02-01,13T,"NHS NEWCASTLE GATESHEAD",2503,95725.01,0,0
2025-02-01,M2L0M,"NHS SHROPSHIRE, TELFORD AND WREKIN",2528,97470.98,0,0
2025-02-01,14L,"NHS MANCHESTER",2530,84560.93,0,0
2025-02-01,27D,"NHS CHESHIRE",2588,88469.83,0,0
2025-02-01,78H,"NHS NORTHAMPTONSHIRE",2592,79438.79,0,0
2025-02-01,10Q,"NHS OXFORDSHIRE",2643,96176.46,0,0
2025-02-01,99A,"NHS LIVERPOOL",2656,88637.97,0,0
2025-02-01,X2C4Y,"NHS KIRKLEES",2687,107976.47,0,0
2025-02-01,05G,"NHS NORTH STAFFORDSHIRE",2761,91651.48,0,0
2025-02-01,06Q,"NHS MID ESSEX",2843,87991.78,0,0
2025-02-01,92G,"NHS BATH AND NORTH EAST SOMERSET, SWINDON AND WILTSHIRE",2913,106170.34,0,0
2025-02-01,A3A8R,"NHS NORTH EAST LONDON",3054,117991.64,0,0
2025-02-01,02Y,"NHS EAST RIDING OF YORKSHIRE",3091,102683.65,0,0
2025-02-01,03L,"NHS ROTHERHAM",3207,101656.13,0,0
2025-02-01,03R,"NHS WAKEFIELD",3277,109498.3,0,0
2025-02-01,03W,"NHS EAST LEICESTERSHIRE AND RUTLAND",3375,112511.33,0,0
2025-02-01,11M,"NHS GLOUCESTERSHIRE",3629,132226.39,0,0
2025-02-01,04C,"NHS LEICESTER CITY",3752,118235.43,0,0
2025-02-01,07K,"NHS WEST SUFFOLK",3809,115249.64,0,0
2025-02-01,05W,"NHS STOKE ON TRENT",3835,127517.88,0,0
2025-02-01,06T,"NHS NORTH EAST ESSEX",3839,115397.2,0,0
2025-02-01,42D,"NHS NORTH YORKSHIRE",3869,122407.07,0,0
2025-02-01,06L,"NHS IPSWICH AND EAST SUFFOLK",3956,125448.09,0,0
2025-02-01,01K,"NHS MORECAMBE BAY",3999,138614.37,0,0
2025-02-01,W2U3Z,"NHS NORTH WEST LONDON",4091,156149.76,0,0
2025-02-01,15M,"NHS DERBY AND DERBYSHIRE",4286,177479.74,0,0
2025-02-01,03N,"NHS SHEFFIELD",4437,153665.73,0,0
2025-02-01,36J,"NHS BRADFORD DISTRICT AND CRAVEN",4549,155171.91,0,0
2025-02-01,04V,"NHS WEST LEICESTERSHIRE",4702,154608.53,0,0
2025-02-01,11N,"NHS CORNWALL AND THE ISLES OF SCILLY",4702,151489.86,0,0
2025-02-01,15C,"NHS BRISTOL, NORTH SOMERSET AND SOUTH GLOUCESTERSHIRE",4782,220395.45,0,0
2025-02-01,M1J4Y,"NHS BEDFORDSHIRE, LUTON AND MILTON KEYNES",4875,174955.66,0,0
2025-02-01,15N,"NHS DEVON",5049,186745.13,0,0
2025-02-01,15F,"NHS LEEDS",5071,187798.32,0,0
2025-02-01,70F,"NHS WEST SUSSEX",5395,215315.79,0,0
2025-02-01,01A,"NHS EAST LANCASHIRE",5484,176648.19,0,0
2025-02-01,18C,"NHS HEREFORDSHIRE AND WORCESTERSHIRE",5509,209346.14,0,0
2025-02-01,D9Y0V,"NHS HAMPSHIRE, SOUTHAMPTON AND ISLE OF WIGHT",5817,248843.43,0,0
2025-02-01,84H,"NHS COUNTY DURHAM",5833,199378.71,0,0
2025-02-01,92A,"NHS SURREY HEARTLANDS",5924,246122.44,0,0
2025-02-01,93C,"NHS NORTH CENTRAL LONDON",5958,228300.54,0,0
2025-02-01,36L,"NHS SOUTH WEST LONDON",6132,244103,0,0
2025-02-01,16C,"NHS TEES VALLEY",6753,229642.8,0,0
2025-02-01,B2M3M,"NHS COVENTRY AND WARWICKSHIRE",6981,225595.23,0,0
2025-02-01,26A,"NHS NORFOLK AND WAVENEY",7374,235028.71,0,0
2025-02-01,11J,"NHS DORSET",7673,288372.13,0,0
2025-02-01,15E,"NHS BIRMINGHAM AND SOLIHULL",7869,292036.65,0,0
2025-02-01,72Q,"NHS SOUTH EAST LONDON",8334,348424.82,0,0
2025-02-01,06H,"NHS CAMBRIDGESHIRE AND PETERBOROUGH",8839,276296.44,0,0
2025-02-01,71E,"NHS LINCOLNSHIRE",8916,273856.08,0,0
2025-02-01,52R,"NHS NOTTINGHAM AND NOTTINGHAMSHIRE",9397,326498.61,0,0
2025-02-01,D2P2L,"NHS BLACK COUNTRY",11102,415393.55,0,0
2025-02-01,91Q,"NHS KENT AND MEDWAY",11475,426869.94,0,0
2025-03-01,09W,"NHS MEDWAY",0,0,0,0
2025-03-01,D4U1Y,"NHS FRIMLEY",21,645.28,0,0
2025-03-01,01G,"NHS SALFORD",358,11673.72,0,0
2025-03-01,10R,"NHS PORTSMOUTH",465,22816.71,0,0
2025-03-01,01T,"NHS SOUTH SEFTON",508,16044.31,0,0
2025-03-01,02A,"NHS TRAFFORD",596,22261.25,0,0
2025-03-01,01V,"NHS SOUTHPORT AND FORMBY",641,21235.62,0,0
2025-03-01,00V,"NHS BURY",642,21558.13,0,0
2025-03-01,01D,"NHS HEYWOOD, MIDDLETON AND ROCHDALE",846,29271.82,0,0
2025-03-01,99C,"NHS NORTH TYNESIDE",850,34344.24,0,0
2025-03-01,01Y,"NHS TAMESIDE AND GLOSSOP",864,30444.82,0,0
2025-03-01,00T,"NHS BOLTON",893,29829.45,0,0
2025-03-01,02Q,"NHS BASSETLAW",930,28685.31,0,0
2025-03-01,02E,"NHS WARRINGTON",976,33329.24,0,0
2025-03-01,00Y,"NHS OLDHAM",1013,35753.6,0,0
2025-03-01,01W,"NHS STOCKPORT",1024,35460.57,0,0
2025-03-01,02T,"NHS CALDERDALE",1068,39507.27,0,0
2025-03-01,01F,"NHS HALTON",1087,36370.27,0,0
2025-03-01,06N,"NHS HERTS VALLEYS",1107,45475.95,0,0
2025-03-01,01X,"NHS ST HELENS",1191,39508.8,0,0
2025-03-01,99G,"NHS SOUTHEND",1194,43291.13,0,0
2025-03-01,01J,"NHS KNOWSLEY",1198,38512,0,0
2025-03-01,99F,"NHS CASTLE POINT AND ROCHFORD",1228,43434.77,0,0
2025-03-01,09D,"NHS BRIGHTON AND HOVE",1340,57454.52,0,0
2025-03-01,07G,"NHS THURROCK",1365,42107.05,0,0
2025-03-01,03Q,"NHS VALE OF YORK",1369,49295.95,0,0
2025-03-01,02G,"NHS WEST LANCASHIRE",1394,46196.3,0,0
2025-03-01,15A,"NHS BERKSHIRE WEST",1396,48794,0,0
2025-03-01,02P,"NHS BARNSLEY",1432,46883.59,0,0
2025-03-01,05D,"NHS EAST STAFFORDSHIRE",1438,51026.43,0,0
2025-03-01,02H,"NHS WIGAN BOROUGH",1596,55346.59,0,0
2025-03-01,12F,"NHS WIRRAL",1601,55991.68,0,0
2025-03-01,00X,"NHS CHORLEY AND SOUTH RIBBLE",1661,59510.88,0,0
2025-03-01,05V,"NHS STAFFORD AND SURROUNDS",1665,58049.38,0,0
2025-03-01,04Y,"NHS CANNOCK CHASE",1701,59361.43,0,0
2025-03-01,14Y,"NHS BUCKINGHAMSHIRE",1739,62472.55,0,0
2025-03-01,00N,"NHS SOUTH TYNESIDE",1741,67897.4,0,0
2025-03-01,00R,"NHS BLACKPOOL",1950,61684.12,0,0
2025-03-01,99E,"NHS BASILDON AND BRENTWOOD",1985,72047.2,0,0
2025-03-01,01E,"NHS GREATER PRESTON",1986,67346.45,0,0
2025-03-01,01H,"NHS NORTH CUMBRIA",1990,68531.98,0,0
2025-03-01,11X,"NHS SOMERSET",2058,75157.36,0,0
2025-03-01,02M,"NHS FYLDE AND WYRE",2145,69447.9,0,0
2025-03-01,00L,"NHS NORTHUMBERLAND",2282,78617.28,0,0
2025-03-01,03F,"NHS HULL",2320,74677.49,0,0
2025-03-01,05Q,"NHS SOUTH EAST STAFFORDSHIRE AND SEISDON PENINSULA",2397,93713.24,0,0
2025-03-01,03H,"NHS NORTH EAST LINCOLNSHIRE",2402,78033.52,0,0
2025-03-01,06K,"NHS EAST AND NORTH HERTFORDSHIRE",2409,76713.65,0,0
2025-03-01,07H,"NHS WEST ESSEX",2412,76293.84,0,0
2025-03-01,03K,"NHS NORTH LINCOLNSHIRE",2453,74033.32,0,0
2025-03-01,U2G6B,"NHS THAMES VALLEY ICB - U2G6B",2502,102973.55,0,0
2025-03-01,97R,"NHS EAST SUSSEX",2509,89985.27,0,0
2025-03-01,00Q,"NHS BLACKBURN WITH DARWEN",2537,81687.68,0,0
2025-03-01,02X,"NHS DONCASTER",2577,86108.6,0,0
2025-03-01,14L,"NHS MANCHESTER",2592,86702.05,0,0
2025-03-01,00P,"NHS SUNDERLAND",2628,96788.56,0,0
2025-03-01,13T,"NHS NEWCASTLE GATESHEAD",2657,100854.62,0,0
2025-03-01,M2L0M,"NHS SHROPSHIRE, TELFORD AND WREKIN",2670,102557.51,0,0
2025-03-01,27D,"NHS CHESHIRE",2711,92252.65,0,0
2025-03-01,06Q,"NHS MID ESSEX",2766,86295.13,0,0
2025-03-01,78H,"NHS NORTHAMPTONSHIRE",2820,86780.32,0,0
2025-03-01,99A,"NHS LIVERPOOL",2882,96120.27,0,0
2025-03-01,05G,"NHS NORTH STAFFORDSHIRE",2914,97539.37,0,0
2025-03-01,10Q,"NHS OXFORDSHIRE",2916,106172.18,0,0
2025-03-01,X2C4Y,"NHS KIRKLEES",2926,118697.5,0,0
2025-03-01,92G,"NHS BATH AND NORTH EAST SOMERSET, SWINDON AND WILTSHIRE",3070,111729.78,0,0
2025-03-01,A3A8R,"NHS NORTH EAST LONDON",3245,123799.38,0,0
2025-03-01,03R,"NHS WAKEFIELD",3395,114832.39,0,0
2025-03-01,02Y,"NHS EAST RIDING OF YORKSHIRE",3425,113688.76,0,0
2025-03-01,03L,"NHS ROTHERHAM",3460,108754.4,0,0
2025-03-01,11M,"NHS GLOUCESTERSHIRE",3595,131679.65,0,0
2025-03-01,03W,"NHS EAST LEICESTERSHIRE AND RUTLAND",3596,120722.38,0,0
2025-03-01,W2U3Z,"NHS NORTH WEST LONDON",3783,143245.2,0,0
2025-03-01,04C,"NHS LEICESTER CITY",3943,125421.18,0,0
2025-03-01,06T,"NHS NORTH EAST ESSEX",4057,122086.85,0,0
2025-03-01,42D,"NHS NORTH YORKSHIRE",4071,130764.52,0,0
2025-03-01,07K,"NHS WEST SUFFOLK",4081,123489.98,0,0
2025-03-01,05W,"NHS STOKE ON TRENT",4136,137461.05,0,0
2025-03-01,01K,"NHS MORECAMBE BAY",4203,146460.52,0,0
2025-03-01,06L,"NHS IPSWICH AND EAST SUFFOLK",4310,136940.8,0,0
2025-03-01,15M,"NHS DERBY AND DERBYSHIRE",4399,182020.91,0,0
2025-03-01,M1J4Y,"NHS BEDFORDSHIRE, LUTON AND MILTON KEYNES",4671,167423.08,0,0
2025-03-01,03N,"NHS SHEFFIELD",4703,165396.82,0,0
2025-03-01,04V,"NHS WEST LEICESTERSHIRE",4763,157510.17,0,0
2025-03-01,36J,"NHS BRADFORD DISTRICT AND CRAVEN",5007,171404.36,0,0
2025-03-01,15C,"NHS BRISTOL, NORTH SOMERSET AND SOUTH GLOUCESTERSHIRE",5019,232956.64,0,0
2025-03-01,11N,"NHS CORNWALL AND THE ISLES OF SCILLY",5062,165217.77,0,0
2025-03-01,15F,"NHS LEEDS",5351,201210.37,0,0
2025-03-01,15N,"NHS DEVON",5443,201783.38,0,0
2025-03-01,18C,"NHS HEREFORDSHIRE AND WORCESTERSHIRE",5654,214429.62,0,0
2025-03-01,01A,"NHS EAST LANCASHIRE",5752,184322.59,0,0
2025-03-01,70F,"NHS WEST SUSSEX",5900,235325.85,0,0
2025-03-01,D9Y0V,"NHS HAMPSHIRE, SOUTHAMPTON AND ISLE OF WIGHT",6102,261038.34,0,0
2025-03-01,84H,"NHS COUNTY DURHAM",6182,211168.48,0,0
2025-03-01,92A,"NHS SURREY HEARTLANDS",6336,266324.38,0,0
2025-03-01,93C,"NHS NORTH CENTRAL LONDON",6577,248421.86,0,0
2025-03-01,36L,"NHS SOUTH WEST LONDON",6612,261440.38,0,0
2025-03-01,16C,"NHS TEES VALLEY",7032,241520.61,0,0
2025-03-01,B2M3M,"NHS COVENTRY AND WARWICKSHIRE",7146,230956,0,0
2025-03-01,26A,"NHS NORFOLK AND WAVENEY",7705,246381.98,0,0
2025-03-01,15E,"NHS BIRMINGHAM AND SOLIHULL",8219,303563.72,0,0
2025-03-01,11J,"NHS DORSET",8430,318429.92,0,0
2025-03-01,72Q,"NHS SOUTH EAST LONDON",8963,377195.55,0,0
2025-03-01,06H,"NHS CAMBRIDGESHIRE AND PETERBOROUGH",9272,289692.18,0,0
2025-03-01,71E,"NHS LINCOLNSHIRE",9567,293427.72,0,0
2025-03-01,52R,"NHS NOTTINGHAM AND NOTTINGHAMSHIRE",9840,343759.69,0,0
2025-03-01,D2P2L,"NHS BLACK COUNTRY",11213,419584.36,0,0
2025-03-01,91Q,"NHS KENT AND MEDWAY",12283,457060.93,0,0
2025-04-01,09W,"NHS MEDWAY",0,0,0,0
2025-04-01,D4U1Y,"NHS FRIMLEY",14,410.65,0,0
2025-04-01,01G,"NHS SALFORD",340,11145.75,0,0
2025-04-01,10R,"NHS PORTSMOUTH",465,23285.84,0,0
2025-04-01,01T,"NHS SOUTH SEFTON",528,17041.46,0,0
2025-04-01,00V,"NHS BURY",610,20091.7,0,0
2025-04-01,02A,"NHS TRAFFORD",630,23170.59,0,0
2025-04-01,01V,"NHS SOUTHPORT AND FORMBY",632,20883.68,0,0
2025-04-01,01Y,"NHS TAMESIDE AND GLOSSOP",814,28919.55,0,0
2025-04-01,01D,"NHS HEYWOOD, MIDDLETON AND ROCHDALE",824,28450.6,0,0
2025-04-01,99C,"NHS NORTH TYNESIDE",882,35400.15,0,0
2025-04-01,00T,"NHS BOLTON",895,29917.42,0,0
2025-04-01,02Q,"NHS BASSETLAW",897,28046.58,0,0
2025-04-01,02E,"NHS WARRINGTON",971,33974.22,0,0
2025-04-01,00Y,"NHS OLDHAM",1005,36046.72,0,0
2025-04-01,02T,"NHS CALDERDALE",1063,39624.5,0,0
2025-04-01,01W,"NHS STOCKPORT",1071,37220.31,0,0
2025-04-01,06N,"NHS HERTS VALLEYS",1080,44869.69,0,0
2025-04-01,01F,"NHS HALTON",1112,38598.91,0,0
2025-04-01,99G,"NHS SOUTHEND",1150,41707.3,0,0
2025-04-01,01X,"NHS ST HELENS",1179,39127.5,0,0
2025-04-01,99F,"NHS CASTLE POINT AND ROCHFORD",1264,45223.66,0,0
2025-04-01,01J,"NHS KNOWSLEY",1286,41063.93,0,0
2025-04-01,07G,"NHS THURROCK",1333,41272.71,0,0
2025-04-01,03Q,"NHS VALE OF YORK",1344,48885.56,0,0
2025-04-01,02G,"NHS WEST LANCASHIRE",1365,44700.61,0,0
2025-04-01,09D,"NHS BRIGHTON AND HOVE",1381,59448.76,0,0
2025-04-01,15A,"NHS BERKSHIRE WEST",1399,49090.92,0,0
2025-04-01,02P,"NHS BARNSLEY",1422,47235.24,0,0
2025-04-01,05D,"NHS EAST STAFFORDSHIRE",1572,55683.52,0,0
2025-04-01,02H,"NHS WIGAN BOROUGH",1623,56725.02,0,0
2025-04-01,04Y,"NHS CANNOCK CHASE",1644,57191.03,0,0
2025-04-01,12F,"NHS WIRRAL",1647,57018.5,0,0
2025-04-01,14Y,"NHS BUCKINGHAMSHIRE",1652,59054.86,0,0
2025-04-01,05V,"NHS STAFFORD AND SURROUNDS",1684,58535.33,0,0
2025-04-01,00N,"NHS SOUTH TYNESIDE",1726,67574.66,0,0
2025-04-01,00X,"NHS CHORLEY AND SOUTH RIBBLE",1750,62883.77,0,0
2025-04-01,99E,"NHS BASILDON AND BRENTWOOD",1896,69130.5,0,0
2025-04-01,00R,"NHS BLACKPOOL",1947,61654.74,0,0
2025-04-01,11X,"NHS SOMERSET",2025,72397.61,0,0
2025-04-01,01H,"NHS NORTH CUMBRIA",2053,70722.3,0,0
2025-04-01,01E,"NHS GREATER PRESTON",2072,70380.52,0,0
2025-04-01,02M,"NHS FYLDE AND WYRE",2201,71559.98,0,0
2025-04-01,03F,"NHS HULL",2268,72705.88,0,0
2025-04-01,00L,"NHS NORTHUMBERLAND",2269,77538.78,0,0
2025-04-01,03H,"NHS NORTH EAST LINCOLNSHIRE",2364,76453.16,0,0
2025-04-01,05Q,"NHS SOUTH EAST STAFFORDSHIRE AND SEISDON PENINSULA",2416,92827.27,0,0
2025-04-01,07H,"NHS WEST ESSEX",2423,76349.6,0,0
2025-04-01,03K,"NHS NORTH LINCOLNSHIRE",2447,73684.96,0,0
2025-04-01,06K,"NHS EAST AND NORTH HERTFORDSHIRE",2447,78291.11,0,0
2025-04-01,97R,"NHS EAST SUSSEX",2457,87968.74,0,0
2025-04-01,U2G6B,"NHS THAMES VALLEY ICB - U2G6B",2459,99757.55,0,0
2025-04-01,00Q,"NHS BLACKBURN WITH DARWEN",2497,80572.96,0,0
2025-04-01,02X,"NHS DONCASTER",2537,84316.36,0,0
2025-04-01,M2L0M,"NHS SHROPSHIRE, TELFORD AND WREKIN",2593,98775.59,0,0
2025-04-01,14L,"NHS MANCHESTER",2640,87875.42,0,0
2025-04-01,00P,"NHS SUNDERLAND",2662,98372.27,0,0
2025-04-01,06Q,"NHS MID ESSEX",2671,83258.27,0,0
2025-04-01,27D,"NHS CHESHIRE",2743,94693.12,0,0
2025-04-01,13T,"NHS NEWCASTLE GATESHEAD",2752,105836.93,0,0
2025-04-01,78H,"NHS NORTHAMPTONSHIRE",2766,84942.48,0,0
2025-04-01,10Q,"NHS OXFORDSHIRE",2823,104112.86,0,0
2025-04-01,99A,"NHS LIVERPOOL",2863,95090.86,0,0
2025-04-01,05G,"NHS NORTH STAFFORDSHIRE",2886,96499.72,0,0
2025-04-01,X2C4Y,"NHS KIRKLEES",2914,118208.7,0,0
2025-04-01,92G,"NHS BATH AND NORTH EAST SOMERSET, SWINDON AND WILTSHIRE",3224,117120.01,0,0
2025-04-01,A3A8R,"NHS NORTH EAST LONDON",3256,124415.32,0,0
2025-04-01,02Y,"NHS EAST RIDING OF YORKSHIRE",3312,110104.71,0,0
2025-04-01,03R,"NHS WAKEFIELD",3386,114180.84,0,0
2025-04-01,03L,"NHS ROTHERHAM",3400,107737.36,0,0
2025-04-01,03W,"NHS EAST LEICESTERSHIRE AND RUTLAND",3494,116779.33,0,0
2025-04-01,11M,"NHS GLOUCESTERSHIRE",3726,135607.04,0,0
2025-04-01,W2U3Z,"NHS NORTH WEST LONDON",3760,143215.59,0,0
2025-04-01,04C,"NHS LEICESTER CITY",3935,124600.09,0,0
2025-04-01,06T,"NHS NORTH EAST ESSEX",3952,119013.22,0,0
2025-04-01,42D,"NHS NORTH YORKSHIRE",4054,129891.88,0,0
2025-04-01,07K,"NHS WEST SUFFOLK",4064,123533.38,0,0
2025-04-01,06L,"NHS IPSWICH AND EAST SUFFOLK",4083,129521.59,0,0
2025-04-01,05W,"NHS STOKE ON TRENT",4163,139425.84,0,0
2025-04-01,01K,"NHS MORECAMBE BAY",4167,145554.84,0,0
2025-04-01,15M,"NHS DERBY AND DERBYSHIRE",4376,181238.85,0,0
2025-04-01,04V,"NHS WEST LEICESTERSHIRE",4455,148003.95,0,0
2025-04-01,03N,"NHS SHEFFIELD",4706,165230.8,0,0
2025-04-01,M1J4Y,"NHS BEDFORDSHIRE, LUTON AND MILTON KEYNES",4721,171206.31,0,0
2025-04-01,36J,"NHS BRADFORD DISTRICT AND CRAVEN",4913,168982.8,0,0
2025-04-01,15C,"NHS BRISTOL, NORTH SOMERSET AND SOUTH GLOUCESTERSHIRE",4997,232402.51,0,0
2025-04-01,11N,"NHS CORNWALL AND THE ISLES OF SCILLY",5000,163228.07,0,0
2025-04-01,15F,"NHS LEEDS",5321,198089.13,0,0
2025-04-01,15N,"NHS DEVON",5372,197342.95,0,0
2025-04-01,18C,"NHS HEREFORDSHIRE AND WORCESTERSHIRE",5447,207466.73,0,0
2025-04-01,70F,"NHS WEST SUSSEX",5819,233057.91,0,0
2025-04-01,01A,"NHS EAST LANCASHIRE",5897,189817.01,0,0
2025-04-01,D9Y0V,"NHS HAMPSHIRE, SOUTHAMPTON AND ISLE OF WIGHT",6045,257706.76,0,0
2025-04-01,84H,"NHS COUNTY DURHAM",6195,211413.09,0,0
2025-04-01,92A,"NHS SURREY HEARTLANDS",6278,262818.49,0,0
2025-04-01,93C,"NHS NORTH CENTRAL LONDON",6570,249594.5,0,0
2025-04-01,36L,"NHS SOUTH WEST LONDON",6841,268949.04,0,0
2025-04-01,16C,"NHS TEES VALLEY",7098,242055.76,0,0
2025-04-01,26A,"NHS NORFOLK AND WAVENEY",7569,240977.31,0,0
2025-04-01,B2M3M,"NHS COVENTRY AND WARWICKSHIRE",7643,245541.66,0,0
2025-04-01,15E,"NHS BIRMINGHAM AND SOLIHULL",8005,297902.38,0,0
2025-04-01,11J,"NHS DORSET",8242,310015.84,0,0
2025-04-01,06H,"NHS CAMBRIDGESHIRE AND PETERBOROUGH",8814,275841.87,0,0
2025-04-01,72Q,"NHS SOUTH EAST LONDON",8871,372092.78,0,0
2025-04-01,71E,"NHS LINCOLNSHIRE",9461,289928.54,0,0
2025-04-01,52R,"NHS NOTTINGHAM AND NOTTINGHAMSHIRE",9729,337672.82,0,0
2025-04-01,D2P2L,"NHS BLACK COUNTRY",11454,426940.12,0,0
2025-04-01,91Q,"NHS KENT AND MEDWAY",11937,444241.63,0,0
2025-05-01,09W,"NHS MEDWAY",0,0,0,0
2025-05-01,D4U1Y,"NHS FRIMLEY",25,850.58,0,0
2025-05-01,01G,"NHS SALFORD",379,12494.97,0,0
2025-05-01,10R,"NHS PORTSMOUTH",479,23989.67,0,0
2025-05-01,01T,"NHS SOUTH SEFTON",579,18977.2,0,0
2025-05-01,02A,"NHS TRAFFORD",659,24842.23,0,0
2025-05-01,00V,"NHS BURY",661,21998.16,0,0
2025-05-01,01V,"NHS SOUTHPORT AND FORMBY",681,22907.34,0,0
2025-05-01,01D,"NHS HEYWOOD, MIDDLETON AND ROCHDALE",866,29770.48,0,0
2025-05-01,01Y,"NHS TAMESIDE AND GLOSSOP",867,30444.91,0,0
2025-05-01,99C,"NHS NORTH TYNESIDE",913,36690.65,0,0
2025-05-01,02Q,"NHS BASSETLAW",947,29310.96,0,0
2025-05-01,01W,"NHS STOCKPORT",948,33172.65,0,0
2025-05-01,00T,"NHS BOLTON",957,31853.35,0,0
2025-05-01,00Y,"NHS OLDHAM",1026,36369.47,0,0
2025-05-01,02E,"NHS WARRINGTON",1034,35796.05,0,0
2025-05-01,02T,"NHS CALDERDALE",1103,40885.74,0,0
2025-05-01,99G,"NHS SOUTHEND",1126,40944.63,0,0
2025-05-01,06N,"NHS HERTS VALLEYS",1148,47506.06,0,0
2025-05-01,01F,"NHS HALTON",1163,39860.28,0,0
2025-05-01,99F,"NHS CASTLE POINT AND ROCHFORD",1221,43310.84,0,0
2025-05-01,01J,"NHS KNOWSLEY",1233,39567.94,0,0
2025-05-01,01X,"NHS ST HELENS",1240,41268.57,0,0
2025-05-01,02G,"NHS WEST LANCASHIRE",1372,45550.97,0,0
2025-05-01,03Q,"NHS VALE OF YORK",1378,49419.9,0,0
2025-05-01,07G,"NHS THURROCK",1379,43302.76,0,0
2025-05-01,09D,"NHS BRIGHTON AND HOVE",1476,62909.69,0,0
2025-05-01,02P,"NHS BARNSLEY",1484,49298.14,0,0
2025-05-01,15A,"NHS BERKSHIRE WEST",1485,51716.93,0,0
2025-05-01,05D,"NHS EAST STAFFORDSHIRE",1577,55872.22,0,0
2025-05-01,02H,"NHS WIGAN BOROUGH",1649,57751.5,0,0
2025-05-01,12F,"NHS WIRRAL",1716,60332.45,0,0
2025-05-01,14Y,"NHS BUCKINGHAMSHIRE",1764,62902.52,0,0
2025-05-01,00X,"NHS CHORLEY AND SOUTH RIBBLE",1797,63998.52,0,0
2025-05-01,05V,"NHS STAFFORD AND SURROUNDS",1806,63758.17,0,0
2025-05-01,00N,"NHS SOUTH TYNESIDE",1812,71094.15,0,0
2025-05-01,04Y,"NHS CANNOCK CHASE",1825,63572.04,0,0
2025-05-01,99E,"NHS BASILDON AND BRENTWOOD",1880,69543.96,0,0
2025-05-01,00R,"NHS BLACKPOOL",2022,63620.13,0,0
2025-05-01,01H,"NHS NORTH CUMBRIA",2125,73800.91,0,0
2025-05-01,11X,"NHS SOMERSET",2132,77460.69,0,0
2025-05-01,01E,"NHS GREATER PRESTON",2156,74965.26,0,0
2025-05-01,00L,"NHS NORTHUMBERLAND",2302,79470.78,0,0
2025-05-01,03K,"NHS NORTH LINCOLNSHIRE",2343,70907.64,0,0
2025-05-01,03F,"NHS HULL",2376,76639.35,0,0
2025-05-01,02M,"NHS FYLDE AND WYRE",2378,76679.92,0,0
2025-05-01,03H,"NHS NORTH EAST LINCOLNSHIRE",2389,78026.8,0,0
2025-05-01,07H,"NHS WEST ESSEX",2445,77502.58,0,0
2025-05-01,06K,"NHS EAST AND NORTH HERTFORDSHIRE",2463,79600.84,0,0
2025-05-01,05Q,"NHS SOUTH EAST STAFFORDSHIRE AND SEISDON PENINSULA",2511,98509.95,0,0
2025-05-01,02X,"NHS DONCASTER",2585,86105.43,0,0
2025-05-01,97R,"NHS EAST SUSSEX",2615,93240.94,0,0
2025-05-01,U2G6B,"NHS THAMES VALLEY ICB - U2G6B",2666,109601.86,0,0
2025-05-01,M2L0M,"NHS SHROPSHIRE, TELFORD AND WREKIN",2717,106320.61,0,0
2025-05-01,14L,"NHS MANCHESTER",2728,91424.22,0,0
2025-05-01,13T,"NHS NEWCASTLE GATESHEAD",2783,106345.54,0,0
2025-05-01,27D,"NHS CHESHIRE",2785,96110.53,0,0
2025-05-01,00P,"NHS SUNDERLAND",2796,102478.71,0,0
2025-05-01,06Q,"NHS MID ESSEX",2796,87917.27,0,0
2025-05-01,00Q,"NHS BLACKBURN WITH DARWEN",2825,91337.5,0,0
2025-05-01,78H,"NHS NORTHAMPTONSHIRE",2825,86555.26,0,0
2025-05-01,99A,"NHS LIVERPOOL",2929,96645.7,0,0
2025-05-01,X2C4Y,"NHS KIRKLEES",2947,121375.6,0,0
2025-05-01,10Q,"NHS OXFORDSHIRE",2978,109123.77,0,0
2025-05-01,05G,"NHS NORTH STAFFORDSHIRE",3014,100987.28,0,0
2025-05-01,92G,"NHS BATH AND NORTH EAST SOMERSET, SWINDON AND WILTSHIRE",3261,120071.24,0,0
2025-05-01,02Y,"NHS EAST RIDING OF YORKSHIRE",3300,108773.84,0,0
2025-05-01,A3A8R,"NHS NORTH EAST LONDON",3303,127201.39,0,0
2025-05-01,03L,"NHS ROTHERHAM",3561,113446.82,0,0
2025-05-01,03R,"NHS WAKEFIELD",3574,120822.46,0,0
2025-05-01,W2U3Z,"NHS NORTH WEST LONDON",3678,137262.62,0,0
2025-05-01,11M,"NHS GLOUCESTERSHIRE",3747,137473.05,0,0
2025-05-01,03W,"NHS EAST LEICESTERSHIRE AND RUTLAND",3840,129315.34,0,0
2025-05-01,04C,"NHS LEICESTER CITY",4002,127269.08,0,0
2025-05-01,42D,"NHS NORTH YORKSHIRE",4127,132077.01,0,0
2025-05-01,05W,"NHS STOKE ON TRENT",4188,139660.7,0,0
2025-05-01,07K,"NHS WEST SUFFOLK",4190,127130.26,0,0
2025-05-01,06T,"NHS NORTH EAST ESSEX",4247,127929.83,0,0
2025-05-01,01K,"NHS MORECAMBE BAY",4347,152309.49,0,0
2025-05-01,15M,"NHS DERBY AND DERBYSHIRE",4378,183300.53,0,0
2025-05-01,06L,"NHS IPSWICH AND EAST SUFFOLK",4399,139299.74,0,0
2025-05-01,04V,"NHS WEST LEICESTERSHIRE",4627,153987.04,0,0
2025-05-01,03N,"NHS SHEFFIELD",4787,167834.75,0,0
2025-05-01,M1J4Y,"NHS BEDFORDSHIRE, LUTON AND MILTON KEYNES",4871,175057.85,0,0
2025-05-01,36J,"NHS BRADFORD DISTRICT AND CRAVEN",5005,171674.83,0,0
2025-05-01,15C,"NHS BRISTOL, NORTH SOMERSET AND SOUTH GLOUCESTERSHIRE",5043,232615.02,0,0
2025-05-01,11N,"NHS CORNWALL AND THE ISLES OF SCILLY",5236,170495.84,0,0
2025-05-01,18C,"NHS HEREFORDSHIRE AND WORCESTERSHIRE",5433,206963.29,0,0
2025-05-01,15F,"NHS LEEDS",5529,207128.62,0,0
2025-05-01,15N,"NHS DEVON",5607,208182.7,0,0
2025-05-01,01A,"NHS EAST LANCASHIRE",5940,189973.8,0,0
2025-05-01,70F,"NHS WEST SUSSEX",6072,242579.36,0,0
2025-05-01,92A,"NHS SURREY HEARTLANDS",6421,271459.33,0,0
2025-05-01,84H,"NHS COUNTY DURHAM",6458,219612.42,0,0
2025-05-01,D9Y0V,"NHS HAMPSHIRE, SOUTHAMPTON AND ISLE OF WIGHT",6473,278162.82,0,0
2025-05-01,93C,"NHS NORTH CENTRAL LONDON",6820,258511.04,0,0
2025-05-01,36L,"NHS SOUTH WEST LONDON",7000,278304.21,0,0
2025-05-01,16C,"NHS TEES VALLEY",7246,248775.07,0,0
2025-05-01,26A,"NHS NORFOLK AND WAVENEY",7791,248419.52,0,0
2025-05-01,B2M3M,"NHS COVENTRY AND WARWICKSHIRE",7800,252257.28,0,0
2025-05-01,15E,"NHS BIRMINGHAM AND SOLIHULL",8303,308754.51,0,0
2025-05-01,11J,"NHS DORSET",8746,331017.08,0,0
2025-05-01,06H,"NHS CAMBRIDGESHIRE AND PETERBOROUGH",8946,280868.8,0,0
2025-05-01,72Q,"NHS SOUTH EAST LONDON",9410,396259.17,0,0
2025-05-01,52R,"NHS NOTTINGHAM AND NOTTINGHAMSHIRE",9789,342361.31,0,0
2025-05-01,71E,"NHS LINCOLNSHIRE",9821,302334.32,0,0
2025-05-01,D2P2L,"NHS BLACK COUNTRY",11366,424922.42,0,0
2025-05-01,91Q,"NHS KENT AND MEDWAY",12591,470348.53,0,0
2025-06-01,09W,"NHS MEDWAY",0,0,0,0
2025-06-01,D4U1Y,"NHS FRIMLEY",19,586.61,0,0
2025-06-01,01G,"NHS SALFORD",404,13140.31,0,0
2025-06-01,10R,"NHS PORTSMOUTH",428,21320.94,0,0
2025-06-01,01T,"NHS SOUTH SEFTON",561,18097.4,0,0
2025-06-01,01V,"NHS SOUTHPORT AND FORMBY",610,20091.75,0,0
2025-06-01,00V,"NHS BURY",636,21264.9,0,0
2025-06-01,02A,"NHS TRAFFORD",661,24285.1,0,0
2025-06-01,01W,"NHS STOCKPORT",818,28538.5,0,0
2025-06-01,01D,"NHS HEYWOOD, MIDDLETON AND ROCHDALE",830,28714.58,0,0
2025-06-01,01Y,"NHS TAMESIDE AND GLOSSOP",860,30562.08,0,0
2025-06-01,99C,"NHS NORTH TYNESIDE",887,36191.87,0,0
2025-06-01,02Q,"NHS BASSETLAW",922,28662.39,0,0
2025-06-01,00T,"NHS BOLTON",942,31090.83,0,0
2025-06-01,02E,"NHS WARRINGTON",957,33459.32,0,0
2025-06-01,00Y,"NHS OLDHAM",1006,36193.33,0,0
2025-06-01,02T,"NHS CALDERDALE",1045,38598.04,0,0
2025-06-01,06N,"NHS HERTS VALLEYS",1066,45827.25,0,0
2025-06-01,99F,"NHS CASTLE POINT AND ROCHFORD",1111,39501.15,0,0
2025-06-01,01F,"NHS HALTON",1129,38217.96,0,0
2025-06-01,99G,"NHS SOUTHEND",1151,42176.44,0,0
2025-06-01,01X,"NHS ST HELENS",1222,41033.86,0,0
2025-06-01,01J,"NHS KNOWSLEY",1234,39421.37,0,0
2025-06-01,07G,"NHS THURROCK",1312,40777.17,0,0
2025-06-01,03Q,"NHS VALE OF YORK",1319,47783.34,0,0
2025-06-01,09D,"NHS BRIGHTON AND HOVE",1392,60093.94,0,0
2025-06-01,02P,"NHS BARNSLEY",1406,46778.91,0,0
2025-06-01,02G,"NHS WEST LANCASHIRE",1418,46255.27,0,0
2025-06-01,15A,"NHS BERKSHIRE WEST",1457,50713.27,0,0
2025-06-01,05D,"NHS EAST STAFFORDSHIRE",1506,53626.68,0,0
2025-06-01,14Y,"NHS BUCKINGHAMSHIRE",1607,57571.08,0,0
2025-06-01,02H,"NHS WIGAN BOROUGH",1669,58191.58,0,0
2025-06-01,12F,"NHS WIRRAL",1674,59100.52,0,0
2025-06-01,05V,"NHS STAFFORD AND SURROUNDS",1705,61000.82,0,0
2025-06-01,04Y,"NHS CANNOCK CHASE",1718,60749.49,0,0
2025-06-01,00X,"NHS CHORLEY AND SOUTH RIBBLE",1720,61681.3,0,0
2025-06-01,99E,"NHS BASILDON AND BRENTWOOD",1745,63609.89,0,0
2025-06-01,00N,"NHS SOUTH TYNESIDE",1769,69656.93,0,0
2025-06-01,00R,"NHS BLACKPOOL",1902,60158.9,0,0
2025-06-01,01H,"NHS NORTH CUMBRIA",2015,69078.87,0,0
2025-06-01,11X,"NHS SOMERSET",2039,74563.29,0,0
2025-06-01,01E,"NHS GREATER PRESTON",2080,70813.87,0,0
2025-06-01,02M,"NHS FYLDE AND WYRE",2200,71888.66,0,0
2025-06-01,03H,"NHS NORTH EAST LINCOLNSHIRE",2229,72659.28,0,0
2025-06-01,03F,"NHS HULL",2235,71891.02,0,0
2025-06-01,03K,"NHS NORTH LINCOLNSHIRE",2312,69528.74,0,0
2025-06-01,05Q,"NHS SOUTH EAST STAFFORDSHIRE AND SEISDON PENINSULA",2313,90776.91,0,0
2025-06-01,06K,"NHS EAST AND NORTH HERTFORDSHIRE",2324,74506.98,0,0
2025-06-01,07H,"NHS WEST ESSEX",2334,73771.24,0,0
2025-06-01,00L,"NHS NORTHUMBERLAND",2369,82155.55,0,0
2025-06-01,U2G6B,"NHS THAMES VALLEY ICB - U2G6B",2397,98450.45,0,0
2025-06-01,00Q,"NHS BLACKBURN WITH DARWEN",2457,79634.21,0,0
2025-06-01,02X,"NHS DONCASTER",2556,85303.59,0,0
2025-06-01,14L,"NHS MANCHESTER",2573,85968.83,0,0
2025-06-01,97R,"NHS EAST SUSSEX",2653,96440.45,0,0
2025-06-01,06Q,"NHS MID ESSEX",2691,84931.7,0,0
2025-06-01,M2L0M,"NHS SHROPSHIRE, TELFORD AND WREKIN",2716,105042.64,0,0
2025-06-01,00P,"NHS SUNDERLAND",2753,101364.06,0,0
2025-06-01,10Q,"NHS OXFORDSHIRE",2773,102215.61,0,0
2025-06-01,78H,"NHS NORTHAMPTONSHIRE",2784,85006.49,0,0
2025-06-01,27D,"NHS CHESHIRE",2791,96152.83,0,0
2025-06-01,13T,"NHS NEWCASTLE GATESHEAD",2792,106554.15,0,0
2025-06-01,X2C4Y,"NHS KIRKLEES",2866,116517.24,0,0
2025-06-01,05G,"NHS NORTH STAFFORDSHIRE",2941,99656.71,0,0
2025-06-01,99A,"NHS LIVERPOOL",2949,98522.41,0,0
2025-06-01,02Y,"NHS EAST RIDING OF YORKSHIRE",3231,106766.12,0,0
2025-06-01,92G,"NHS BATH AND NORTH EAST SOMERSET, SWINDON AND WILTSHIRE",3258,119317.49,0,0
2025-06-01,03R,"NHS WAKEFIELD",3337,113629.55,0,0
2025-06-01,A3A8R,"NHS NORTH EAST LONDON",3407,131688.47,0,0
2025-06-01,03W,"NHS EAST LEICESTERSHIRE AND RUTLAND",3498,117514.68,0,0
2025-06-01,11M,"NHS GLOUCESTERSHIRE",3525,129051.89,0,0
2025-06-01,03L,"NHS ROTHERHAM",3562,112964.65,0,0
2025-06-01,W2U3Z,"NHS NORTH WEST LONDON",3606,138258.54,0,0
2025-06-01,04C,"NHS LEICESTER CITY",3765,119642.92,0,0
2025-06-01,15M,"NHS DERBY AND DERBYSHIRE",3890,162298.47,0,0
2025-06-01,06T,"NHS NORTH EAST ESSEX",3958,119074.65,0,0
2025-06-01,42D,"NHS NORTH YORKSHIRE",3981,127451.64,0,0
2025-06-01,01K,"NHS MORECAMBE BAY",4054,142562.36,0,0
2025-06-01,07K,"NHS WEST SUFFOLK",4148,126783.51,0,0
2025-06-01,06L,"NHS IPSWICH AND EAST SUFFOLK",4241,133716.89,0,0
2025-06-01,05W,"NHS STOKE ON TRENT",4245,141951.64,0,0
2025-06-01,36J,"NHS BRADFORD DISTRICT AND CRAVEN",4320,149643.43,0,0
2025-06-01,04V,"NHS WEST LEICESTERSHIRE",4388,146344.55,0,0
2025-06-01,M1J4Y,"NHS BEDFORDSHIRE, LUTON AND MILTON KEYNES",4668,168898.2,0,0
2025-06-01,03N,"NHS SHEFFIELD",4771,167619.38,0,0
2025-06-01,15C,"NHS BRISTOL, NORTH SOMERSET AND SOUTH GLOUCESTERSHIRE",4899,226709.84,0,0
2025-06-01,18C,"NHS HEREFORDSHIRE AND WORCESTERSHIRE",5132,194871.79,0,0
2025-06-01,11N,"NHS CORNWALL AND THE ISLES OF SCILLY",5199,168955.91,0,0
2025-06-01,15F,"NHS LEEDS",5222,195667.15,0,0
2025-06-01,15N,"NHS DEVON",5292,195434.21,0,0
2025-06-01,01A,"NHS EAST LANCASHIRE",5596,179812.06,0,0
2025-06-01,70F,"NHS WEST SUSSEX",5787,234851.83,0,0
2025-06-01,D9Y0V,"NHS HAMPSHIRE, SOUTHAMPTON AND ISLE OF WIGHT",5994,255749.73,0,0
2025-06-01,84H,"NHS COUNTY DURHAM",6164,210878.01,0,0
2025-06-01,92A,"NHS SURREY HEARTLANDS",6210,261152.31,0,0
2025-06-01,93C,"NHS NORTH CENTRAL LONDON",6708,255254.98,0,0
2025-06-01,36L,"NHS SOUTH WEST LONDON",6739,266338.31,0,0
2025-06-01,16C,"NHS TEES VALLEY",7132,243183.24,0,0
2025-06-01,26A,"NHS NORFOLK AND WAVENEY",7533,239968.13,0,0
2025-06-01,B2M3M,"NHS COVENTRY AND WARWICKSHIRE",7559,244671.97,0,0
2025-06-01,15E,"NHS BIRMINGHAM AND SOLIHULL",7956,295937.2,0,0
2025-06-01,06H,"NHS CAMBRIDGESHIRE AND PETERBOROUGH",8224,257957.04,0,0
2025-06-01,11J,"NHS DORSET",8331,316732.35,0,0
2025-06-01,52R,"NHS NOTTINGHAM AND NOTTINGHAMSHIRE",9254,322341.84,0,0
2025-06-01,72Q,"NHS SOUTH EAST LONDON",9273,393794.46,0,0
2025-06-01,71E,"NHS LINCOLNSHIRE",9635,297740.54,0,0
2025-06-01,D2P2L,"NHS BLACK COUNTRY",10521,395973.16,0,0
2025-06-01,91Q,"NHS KENT AND MEDWAY",12076,449619.65,0,0
2025-07-01,09W,"NHS MEDWAY",0,0,0,0
2025-07-01,D4U1Y,"NHS FRIMLEY",23,762.58,0,0
2025-07-01,01G,"NHS SALFORD",425,14577.25,0,0
2025-07-01,10R,"NHS PORTSMOUTH",491,24576.23,0,0
2025-07-01,01T,"NHS SOUTH SEFTON",605,19329.35,0,0
2025-07-01,00V,"NHS BURY",662,22613.89,0,0
2025-07-01,01V,"NHS SOUTHPORT AND FORMBY",674,22819.34,0,0
2025-07-01,02A,"NHS TRAFFORD",693,25780.82,0,0
2025-07-01,01D,"NHS HEYWOOD, MIDDLETON AND ROCHDALE",853,29008.02,0,0
2025-07-01,01W,"NHS STOCKPORT",853,30063.56,0,0
2025-07-01,01Y,"NHS TAMESIDE AND GLOSSOP",914,32556.48,0,0
2025-07-01,99C,"NHS NORTH TYNESIDE",957,37981.26,0,0
2025-07-01,02Q,"NHS BASSETLAW",990,31226.8,0,0
2025-07-01,00T,"NHS BOLTON",993,33730.24,0,0
2025-07-01,99F,"NHS CASTLE POINT AND ROCHFORD",1036,36307.51,0,0
2025-07-01,02E,"NHS WARRINGTON",1057,36506.55,0,0
2025-07-01,00Y,"NHS OLDHAM",1085,39390.22,0,0
2025-07-01,02T,"NHS CALDERDALE",1091,41149.48,0,0
2025-07-01,01F,"NHS HALTON",1138,38921.78,0,0
2025-07-01,99G,"NHS SOUTHEND",1153,42059.16,0,0
2025-07-01,06N,"NHS HERTS VALLEYS",1159,47724.42,0,0
2025-07-01,01X,"NHS ST HELENS",1252,41591.27,0,0
2025-07-01,01J,"NHS KNOWSLEY",1304,41826.47,0,0
2025-07-01,07G,"NHS THURROCK",1361,42745.45,0,0
2025-07-01,03Q,"NHS VALE OF YORK",1376,49628.14,0,0
2025-07-01,09D,"NHS BRIGHTON AND HOVE",1429,61882.9,0,0
2025-07-01,15A,"NHS BERKSHIRE WEST",1474,51211.57,0,0
2025-07-01,02G,"NHS WEST LANCASHIRE",1487,49510.58,0,0
2025-07-01,02P,"NHS BARNSLEY",1496,49294.95,0,0
2025-07-01,05D,"NHS EAST STAFFORDSHIRE",1614,57843.36,0,0
2025-07-01,00X,"NHS CHORLEY AND SOUTH RIBBLE",1716,61475.97,0,0
2025-07-01,14Y,"NHS BUCKINGHAMSHIRE",1752,62765.33,0,0
2025-07-01,02H,"NHS WIGAN BOROUGH",1756,62385.4,0,0
2025-07-01,12F,"NHS WIRRAL",1757,62268.12,0,0
2025-07-01,04Y,"NHS CANNOCK CHASE",1789,62428.02,0,0
2025-07-01,05V,"NHS STAFFORD AND SURROUNDS",1809,63507.02,0,0
2025-07-01,99E,"NHS BASILDON AND BRENTWOOD",1897,69749.38,0,0
2025-07-01,00N,"NHS SOUTH TYNESIDE",1921,74965.71,0,0
2025-07-01,00R,"NHS BLACKPOOL",2073,65526.59,0,0
2025-07-01,01H,"NHS NORTH CUMBRIA",2172,75302.18,0,0
2025-07-01,03F,"NHS HULL",2180,69886.76,0,0
2025-07-01,11X,"NHS SOMERSET",2208,79883.68,0,0
2025-07-01,01E,"NHS GREATER PRESTON",2290,79100.93,0,0
2025-07-01,03H,"NHS NORTH EAST LINCOLNSHIRE",2352,76749.14,0,0
2025-07-01,03K,"NHS NORTH LINCOLNSHIRE",2364,71695.34,0,0
2025-07-01,02M,"NHS FYLDE AND WYRE",2415,78725.66,0,0
2025-07-01,00L,"NHS NORTHUMBERLAND",2440,85000.58,0,0
2025-07-01,06K,"NHS EAST AND NORTH HERTFORDSHIRE",2473,79349.92,0,0
2025-07-01,07H,"NHS WEST ESSEX",2482,79065.84,0,0
2025-07-01,U2G6B,"NHS THAMES VALLEY ICB - U2G6B",2518,103325.57,0,0
2025-07-01,05Q,"NHS SOUTH EAST STAFFORDSHIRE AND SEISDON PENINSULA",2652,104665.45,0,0
2025-07-01,02X,"NHS DONCASTER",2655,89217.46,0,0
2025-07-01,00Q,"NHS BLACKBURN WITH DARWEN",2728,88697.51,0,0
2025-07-01,14L,"NHS MANCHESTER",2756,92245.51,0,0
2025-07-01,97R,"NHS EAST SUSSEX",2794,100383.41,0,0
2025-07-01,M2L0M,"NHS SHROPSHIRE, TELFORD AND WREKIN",2795,108010.01,0,0
2025-07-01,06Q,"NHS MID ESSEX",2834,89095.84,0,0
2025-07-01,78H,"NHS NORTHAMPTONSHIRE",2848,88004.56,0,0
2025-07-01,13T,"NHS NEWCASTLE GATESHEAD",2892,110327.92,0,0
2025-07-01,27D,"NHS CHESHIRE",2903,99750.37,0,0
2025-07-01,10Q,"NHS OXFORDSHIRE",2921,107024,0,0
2025-07-01,X2C4Y,"NHS KIRKLEES",2950,119707.63,0,0
2025-07-01,00P,"NHS SUNDERLAND",2966,109488.36,0,0
2025-07-01,05G,"NHS NORTH STAFFORDSHIRE",3057,102550.88,0,0
2025-07-01,99A,"NHS LIVERPOOL",3070,102746.02,0,0
2025-07-01,02Y,"NHS EAST RIDING OF YORKSHIRE",3458,114204.55,0,0
2025-07-01,92G,"NHS BATH AND NORTH EAST SOMERSET, SWINDON AND WILTSHIRE",3465,127528.21,0,0
2025-07-01,A3A8R,"NHS NORTH EAST LONDON",3525,136850.41,0,0
2025-07-01,W2U3Z,"NHS NORTH WEST LONDON",3605,136821.78,0,0
2025-07-01,03R,"NHS WAKEFIELD",3612,122073.74,0,0
2025-07-01,11M,"NHS GLOUCESTERSHIRE",3616,131362.19,0,0
2025-07-01,03L,"NHS ROTHERHAM",3635,115408.84,0,0
2025-07-01,03W,"NHS EAST LEICESTERSHIRE AND RUTLAND",3779,128219.47,0,0
2025-07-01,36J,"NHS BRADFORD DISTRICT AND CRAVEN",3888,134036.39,0,0
2025-07-01,04C,"NHS LEICESTER CITY",3906,124394.5,0,0
2025-07-01,15M,"NHS DERBY AND DERBYSHIRE",4174,176035.78,0,0
2025-07-01,06T,"NHS NORTH EAST ESSEX",4195,126260.75,0,0
2025-07-01,42D,"NHS NORTH YORKSHIRE",4210,135085.96,0,0
2025-07-01,07K,"NHS WEST SUFFOLK",4340,132090.49,0,0
2025-07-01,06L,"NHS IPSWICH AND EAST SUFFOLK",4420,140582.11,0,0
2025-07-01,01K,"NHS MORECAMBE BAY",4462,156562.03,0,0
2025-07-01,05W,"NHS STOKE ON TRENT",4524,151014.93,0,0
2025-07-01,04V,"NHS WEST LEICESTERSHIRE",4702,157453.16,0,0
2025-07-01,M1J4Y,"NHS BEDFORDSHIRE, LUTON AND MILTON KEYNES",4974,181336.31,0,0
2025-07-01,03N,"NHS SHEFFIELD",5098,179149.57,0,0
2025-07-01,15C,"NHS BRISTOL, NORTH SOMERSET AND SOUTH GLOUCESTERSHIRE",5120,238092.08,0,0
2025-07-01,18C,"NHS HEREFORDSHIRE AND WORCESTERSHIRE",5199,199898.26,0,0
2025-07-01,15F,"NHS LEEDS",5290,198854.02,0,0
2025-07-01,11N,"NHS CORNWALL AND THE ISLES OF SCILLY",5396,176781.67,0,0
2025-07-01,15N,"NHS DEVON",5582,208215.77,0,0
2025-07-01,01A,"NHS EAST LANCASHIRE",5986,192192.19,0,0
2025-07-01,70F,"NHS WEST SUSSEX",6034,242539.43,0,0
2025-07-01,D9Y0V,"NHS HAMPSHIRE, SOUTHAMPTON AND ISLE OF WIGHT",6453,277525.79,0,0
2025-07-01,92A,"NHS SURREY HEARTLANDS",6518,275623.27,0,0
2025-07-01,84H,"NHS COUNTY DURHAM",6624,227113.45,0,0
2025-07-01,93C,"NHS NORTH CENTRAL LONDON",7207,274641.74,0,0
2025-07-01,36L,"NHS SOUTH WEST LONDON",7298,292821.42,0,0
2025-07-01,16C,"NHS TEES VALLEY",7445,256449.52,0,0
2025-07-01,26A,"NHS NORFOLK AND WAVENEY",7810,249509.2,0,0
2025-07-01,B2M3M,"NHS COVENTRY AND WARWICKSHIRE",8048,262137.27,0,0
2025-07-01,15E,"NHS BIRMINGHAM AND SOLIHULL",8057,300541.8,0,0
2025-07-01,06H,"NHS CAMBRIDGESHIRE AND PETERBOROUGH",8485,266250.35,0,0
2025-07-01,11J,"NHS DORSET",8750,330919.38,0,0
2025-07-01,52R,"NHS NOTTINGHAM AND NOTTINGHAMSHIRE",9775,340568.63,0,0
2025-07-01,72Q,"NHS SOUTH EAST LONDON",9799,415703.11,0,0
2025-07-01,71E,"NHS LINCOLNSHIRE",10128,313090.64,0,0
2025-07-01,D2P2L,"NHS BLACK COUNTRY",11284,424338.41,0,0
2025-07-01,91Q,"NHS KENT AND MEDWAY",12766,475613.47,0,0
2025-08-01,09W,"NHS MEDWAY",0,0,0,0
2025-08-01,D4U1Y,"NHS FRIMLEY",13,410.62,0,0
2025-08-01,01G,"NHS SALFORD",375,12348.31,0,0
2025-08-01,10R,"NHS PORTSMOUTH",461,23197.82,0,0
2025-08-01,01T,"NHS SOUTH SEFTON",519,16953.34,0,0
2025-08-01,01V,"NHS SOUTHPORT AND FORMBY",624,21118.12,0,0
2025-08-01,00V,"NHS BURY",642,21264.93,0,0
2025-08-01,02A,"NHS TRAFFORD",646,23815.86,0,0
2025-08-01,01W,"NHS STOCKPORT",753,26778.48,0,0
2025-08-01,01D,"NHS HEYWOOD, MIDDLETON AND ROCHDALE",785,27247.99,0,0
2025-08-01,01Y,"NHS TAMESIDE AND GLOSSOP",836,30092.64,0,0
2025-08-01,02Q,"NHS BASSETLAW",868,27000.28,0,0
2025-08-01,99C,"NHS NORTH TYNESIDE",896,36191.94,0,0
2025-08-01,99F,"NHS CASTLE POINT AND ROCHFORD",918,32953.89,0,0
2025-08-01,02E,"NHS WARRINGTON",962,33592.91,0,0
2025-08-01,00T,"NHS BOLTON",972,33495.46,0,0
2025-08-01,00Y,"NHS OLDHAM",995,35372.23,0,0
2025-08-01,06N,"NHS HERTS VALLEYS",1026,43298.73,0,0
2025-08-01,02T,"NHS CALDERDALE",1037,38744.58,0,0
2025-08-01,99G,"NHS SOUTHEND",1051,38392.9,0,0
2025-08-01,01F,"NHS HALTON",1092,37836.35,0,0
2025-08-01,01J,"NHS KNOWSLEY",1170,37602.73,0,0
2025-08-01,07G,"NHS THURROCK",1194,37511.42,0,0
2025-08-01,01X,"NHS ST HELENS",1200,39714.15,0,0
2025-08-01,03Q,"NHS VALE OF YORK",1257,46382.15,0,0
2025-08-01,15A,"NHS BERKSHIRE WEST",1326,46454.25,0,0
2025-08-01,02P,"NHS BARNSLEY",1335,44292.37,0,0
2025-08-01,09D,"NHS BRIGHTON AND HOVE",1340,58327.51,0,0
2025-08-01,02G,"NHS WEST LANCASHIRE",1349,44407.23,0,0
2025-08-01,05D,"NHS EAST STAFFORDSHIRE",1452,52515.25,0,0
2025-08-01,00X,"NHS CHORLEY AND SOUTH RIBBLE",1518,54729.97,0,0
2025-08-01,14Y,"NHS BUCKINGHAMSHIRE",1555,55505.39,0,0
2025-08-01,12F,"NHS WIRRAL",1570,55786.06,0,0
2025-08-01,04Y,"NHS CANNOCK CHASE",1628,56861.79,0,0
2025-08-01,02H,"NHS WIGAN BOROUGH",1655,58240.63,0,0
2025-08-01,00N,"NHS SOUTH TYNESIDE",1704,66958.65,0,0
2025-08-01,99E,"NHS BASILDON AND BRENTWOOD",1705,62296.59,0,0
2025-08-01,05V,"NHS STAFFORD AND SURROUNDS",1709,61538.84,0,0
2025-08-01,00R,"NHS BLACKPOOL",1843,58105.78,0,0
2025-08-01,01H,"NHS NORTH CUMBRIA",1927,66182.31,0,0
2025-08-01,03H,"NHS NORTH EAST LINCOLNSHIRE",1954,63775.3,0,0
2025-08-01,11X,"NHS SOMERSET",1989,72768.41,0,0
2025-08-01,03F,"NHS HULL",1996,64176.88,0,0
2025-08-01,03K,"NHS NORTH LINCOLNSHIRE",2061,62763.64,0,0
2025-08-01,01E,"NHS GREATER PRESTON",2074,71810.72,0,0
2025-08-01,00L,"NHS NORTHUMBERLAND",2211,76091.23,0,0
2025-08-01,02M,"NHS FYLDE AND WYRE",2215,71937.57,0,0
2025-08-01,U2G6B,"NHS THAMES VALLEY ICB - U2G6B",2242,93024.3,0,0
2025-08-01,06K,"NHS EAST AND NORTH HERTFORDSHIRE",2262,73079.68,0,0
2025-08-01,05Q,"NHS SOUTH EAST STAFFORDSHIRE AND SEISDON PENINSULA",2263,89310.38,0,0
2025-08-01,07H,"NHS WEST ESSEX",2299,72546.08,0,0
2025-08-01,02X,"NHS DONCASTER",2437,82168.21,0,0
2025-08-01,06Q,"NHS MID ESSEX",2469,77394.71,0,0
2025-08-01,14L,"NHS MANCHESTER",2478,82625.1,0,0
2025-08-01,00Q,"NHS BLACKBURN WITH DARWEN",2485,80191.7,0,0
2025-08-01,97R,"NHS EAST SUSSEX",2579,94279.86,0,0
2025-08-01,M2L0M,"NHS SHROPSHIRE, TELFORD AND WREKIN",2602,101426.56,0,0
2025-08-01,X2C4Y,"NHS KIRKLEES",2602,106717.9,0,0
2025-08-01,78H,"NHS NORTHAMPTONSHIRE",2621,81513.17,0,0
2025-08-01,10Q,"NHS OXFORDSHIRE",2630,96852.05,0,0
2025-08-01,00P,"NHS SUNDERLAND",2705,101246.18,0,0
2025-08-01,27D,"NHS CHESHIRE",2705,93203.72,0,0
2025-08-01,13T,"NHS NEWCASTLE GATESHEAD",2734,105494.66,0,0
2025-08-01,05G,"NHS NORTH STAFFORDSHIRE",2800,94677.42,0,0
2025-08-01,99A,"NHS LIVERPOOL",2807,94562.46,0,0
2025-08-01,02Y,"NHS EAST RIDING OF YORKSHIRE",3081,101673.25,0,0
2025-08-01,03R,"NHS WAKEFIELD",3090,104201.73,0,0
2025-08-01,W2U3Z,"NHS NORTH WEST LONDON",3090,118079.89,0,0
2025-08-01,92G,"NHS BATH AND NORTH EAST SOMERSET, SWINDON AND WILTSHIRE",3111,114483.22,0,0
2025-08-01,03L,"NHS ROTHERHAM",3224,102753.95,0,0
2025-08-01,36J,"NHS BRADFORD DISTRICT AND CRAVEN",3249,112316.05,0,0
2025-08-01,A3A8R,"NHS NORTH EAST LONDON",3283,126585.38,0,0
2025-08-01,11M,"NHS GLOUCESTERSHIRE",3341,123596.91,0,0
2025-08-01,03W,"NHS EAST LEICESTERSHIRE AND RUTLAND",3433,114321.83,0,0
2025-08-01,15M,"NHS DERBY AND DERBYSHIRE",3438,142489.13,0,0
2025-08-01,04C,"NHS LEICESTER CITY",3519,112133.86,0,0
2025-08-01,06T,"NHS NORTH EAST ESSEX",3884,117162.15,0,0
2025-08-01,42D,"NHS NORTH YORKSHIRE",3938,125632.25,0,0
2025-08-01,07K,"NHS WEST SUFFOLK",4008,122808.78,0,0
2025-08-01,01K,"NHS MORECAMBE BAY",4057,143399.82,0,0
2025-08-01,06L,"NHS IPSWICH AND EAST SUFFOLK",4066,127653.36,0,0
2025-08-01,05W,"NHS STOKE ON TRENT",4159,139054.42,0,0
2025-08-01,M1J4Y,"NHS BEDFORDSHIRE, LUTON AND MILTON KEYNES",4297,155569.71,0,0
2025-08-01,04V,"NHS WEST LEICESTERSHIRE",4328,145024.2,0,0
2025-08-01,03N,"NHS SHEFFIELD",4526,158511.02,0,0
2025-08-01,15C,"NHS BRISTOL, NORTH SOMERSET AND SOUTH GLOUCESTERSHIRE",4594,212981.41,0,0
2025-08-01,18C,"NHS HEREFORDSHIRE AND WORCESTERSHIRE",4751,180709.19,0,0
2025-08-01,15F,"NHS LEEDS",4805,179763.97,0,0
2025-08-01,11N,"NHS CORNWALL AND THE ISLES OF SCILLY",4903,161255.55,0,0
2025-08-01,15N,"NHS DEVON",4951,184781.54,0,0
2025-08-01,01A,"NHS EAST LANCASHIRE",5386,172726.86,0,0
2025-08-01,70F,"NHS WEST SUSSEX",5467,220537.35,0,0
2025-08-01,D9Y0V,"NHS HAMPSHIRE, SOUTHAMPTON AND ISLE OF WIGHT",5890,251484.48,0,0
2025-08-01,92A,"NHS SURREY HEARTLANDS",5948,250838.63,0,0
2025-08-01,84H,"NHS COUNTY DURHAM",6102,209479.48,0,0
2025-08-01,93C,"NHS NORTH CENTRAL LONDON",6518,250004.4,0,0
2025-08-01,36L,"NHS SOUTH WEST LONDON",6575,262436.83,0,0
2025-08-01,16C,"NHS TEES VALLEY",6770,231542.1,0,0
2025-08-01,06H,"NHS CAMBRIDGESHIRE AND PETERBOROUGH",6846,213491.37,0,0
2025-08-01,15E,"NHS BIRMINGHAM AND SOLIHULL",6895,258863.72,0,0
2025-08-01,26A,"NHS NORFOLK AND WAVENEY",7269,231839.61,0,0
2025-08-01,B2M3M,"NHS COVENTRY AND WARWICKSHIRE",7469,243313.37,0,0
2025-08-01,11J,"NHS DORSET",8272,313956.07,0,0
2025-08-01,52R,"NHS NOTTINGHAM AND NOTTINGHAMSHIRE",8816,307950.51,0,0
2025-08-01,72Q,"NHS SOUTH EAST LONDON",8914,377957.35,0,0
2025-08-01,71E,"NHS LINCOLNSHIRE",9140,282332.38,0,0
2025-08-01,D2P2L,"NHS BLACK COUNTRY",10160,382305.62,0,0
2025-08-01,91Q,"NHS KENT AND MEDWAY",11435,427245.65,0,0
2025-09-01,09W,"NHS MEDWAY",0,0,0,0
2025-09-01,D4U1Y,"NHS FRIMLEY",27,821.28,0,0
2025-09-01,01G,"NHS SALFORD",429,14166.8,0,0
2025-09-01,10R,"NHS PORTSMOUTH",499,25162.72,0,0
2025-09-01,01T,"NHS SOUTH SEFTON",555,18302.54,0,0
2025-09-01,00V,"NHS BURY",657,21880.85,0,0
2025-09-01,01V,"NHS SOUTHPORT AND FORMBY",670,22760.6,0,0
2025-09-01,02A,"NHS TRAFFORD",676,25516.76,0,0
2025-09-01,01W,"NHS STOCKPORT",832,29447.53,0,0
2025-09-01,01D,"NHS HEYWOOD, MIDDLETON AND ROCHDALE",879,30327.78,0,0
2025-09-01,99F,"NHS CASTLE POINT AND ROCHFORD",896,32484.47,0,0
2025-09-01,01Y,"NHS TAMESIDE AND GLOSSOP",920,32996.35,0,0
2025-09-01,99C,"NHS NORTH TYNESIDE",924,36602.79,0,0
2025-09-01,02Q,"NHS BASSETLAW",931,29014.1,0,0
2025-09-01,00T,"NHS BOLTON",995,33700.93,0,0
2025-09-01,00Y,"NHS OLDHAM",1049,37777.16,0,0
2025-09-01,02E,"NHS WARRINGTON",1054,36936.48,0,0
2025-09-01,99G,"NHS SOUTHEND",1087,39742.04,0,0
2025-09-01,06N,"NHS HERTS VALLEYS",1099,46150.12,0,0
2025-09-01,01F,"NHS HALTON",1107,37953.8,0,0
2025-09-01,02T,"NHS CALDERDALE",1123,42234.71,0,0
2025-09-01,01X,"NHS ST HELENS",1180,39303.43,0,0
2025-09-01,01J,"NHS KNOWSLEY",1230,40095.71,0,0
2025-09-01,03Q,"NHS VALE OF YORK",1301,46786.35,0,0
2025-09-01,07G,"NHS THURROCK",1313,41471.02,0,0
2025-09-01,02G,"NHS WEST LANCASHIRE",1387,46342.79,0,0
2025-09-01,15A,"NHS BERKSHIRE WEST",1398,48735.23,0,0
2025-09-01,09D,"NHS BRIGHTON AND HOVE",1409,60797.84,0,0
2025-09-01,02P,"NHS BARNSLEY",1458,48672.21,0,0
2025-09-01,05D,"NHS EAST STAFFORDSHIRE",1578,56891.47,0,0
2025-09-01,00X,"NHS CHORLEY AND SOUTH RIBBLE",1599,57721.62,0,0
2025-09-01,14Y,"NHS BUCKINGHAMSHIRE",1689,60545.78,0,0
2025-09-01,04Y,"NHS CANNOCK CHASE",1730,60541.01,0,0
2025-09-01,99E,"NHS BASILDON AND BRENTWOOD",1743,64499.13,0,0
2025-09-01,12F,"NHS WIRRAL",1747,63206.28,0,0
2025-09-01,02H,"NHS WIGAN BOROUGH",1755,61623.05,0,0
2025-09-01,05V,"NHS STAFFORD AND SURROUNDS",1758,62470.49,0,0
2025-09-01,00N,"NHS SOUTH TYNESIDE",1831,72677.64,0,0
2025-09-01,03F,"NHS HULL",1932,62345.18,0,0
2025-09-01,00R,"NHS BLACKPOOL",1936,61185.5,0,0
2025-09-01,11X,"NHS SOMERSET",2057,75269.24,0,0
2025-09-01,03K,"NHS NORTH LINCOLNSHIRE",2072,63179.46,0,0
2025-09-01,01E,"NHS GREATER PRESTON",2111,73430.25,0,0
2025-09-01,01H,"NHS NORTH CUMBRIA",2152,75302.38,0,0
2025-09-01,03H,"NHS NORTH EAST LINCOLNSHIRE",2203,71912.83,0,0
2025-09-01,02M,"NHS FYLDE AND WYRE",2216,72550.03,0,0
2025-09-01,06K,"NHS EAST AND NORTH HERTFORDSHIRE",2368,75970.18,0,0
2025-09-01,07H,"NHS WEST ESSEX",2385,76107.17,0,0
2025-09-01,00L,"NHS NORTHUMBERLAND",2403,83924.84,0,0
2025-09-01,U2G6B,"NHS THAMES VALLEY ICB - U2G6B",2408,99740.62,0,0
2025-09-01,05Q,"NHS SOUTH EAST STAFFORDSHIRE AND SEISDON PENINSULA",2502,99184.06,0,0
2025-09-01,02X,"NHS DONCASTER",2523,84876.49,0,0
2025-09-01,06Q,"NHS MID ESSEX",2526,77908.44,0,0
2025-09-01,14L,"NHS MANCHESTER",2636,88315.16,0,0
2025-09-01,00Q,"NHS BLACKBURN WITH DARWEN",2679,86615.19,0,0
2025-09-01,78H,"NHS NORTHAMPTONSHIRE",2701,83646.84,0,0
2025-09-01,10Q,"NHS OXFORDSHIRE",2777,101611.47,0,0
2025-09-01,97R,"NHS EAST SUSSEX",2803,102904.81,0,0
2025-09-01,00P,"NHS SUNDERLAND",2839,104824.9,0,0
2025-09-01,M2L0M,"NHS SHROPSHIRE, TELFORD AND WREKIN",2854,111164.01,0,0
2025-09-01,13T,"NHS NEWCASTLE GATESHEAD",2888,110432.06,0,0
2025-09-01,27D,"NHS CHESHIRE",2935,101422.08,0,0
2025-09-01,05G,"NHS NORTH STAFFORDSHIRE",2965,100686.33,0,0
2025-09-01,X2C4Y,"NHS KIRKLEES",2992,122281.79,0,0
2025-09-01,99A,"NHS LIVERPOOL",3075,103391.09,0,0
2025-09-01,02Y,"NHS EAST RIDING OF YORKSHIRE",3128,103903.43,0,0
2025-09-01,36J,"NHS BRADFORD DISTRICT AND CRAVEN",3143,108310.91,0,0
2025-09-01,15M,"NHS DERBY AND DERBYSHIRE",3239,133100.28,0,0
2025-09-01,W2U3Z,"NHS NORTH WEST LONDON",3241,124268.31,0,0
2025-09-01,03R,"NHS WAKEFIELD",3324,113668.45,0,0
2025-09-01,92G,"NHS BATH AND NORTH EAST SOMERSET, SWINDON AND WILTSHIRE",3354,123034.73,0,0
2025-09-01,11M,"NHS GLOUCESTERSHIRE",3457,126251.67,0,0
2025-09-01,03L,"NHS ROTHERHAM",3497,111573.15,0,0
2025-09-01,03W,"NHS EAST LEICESTERSHIRE AND RUTLAND",3512,118944.41,0,0
2025-09-01,A3A8R,"NHS NORTH EAST LONDON",3559,137818.32,0,0
2025-09-01,04C,"NHS LEICESTER CITY",3777,121226.42,0,0
2025-09-01,06T,"NHS NORTH EAST ESSEX",3980,120579.85,0,0
2025-09-01,42D,"NHS NORTH YORKSHIRE",4053,129587.57,0,0
2025-09-01,07K,"NHS WEST SUFFOLK",4142,126820.5,0,0
2025-09-01,06L,"NHS IPSWICH AND EAST SUFFOLK",4233,134256.44,0,0
2025-09-01,01K,"NHS MORECAMBE BAY",4350,154035.59,0,0
2025-09-01,05W,"NHS STOKE ON TRENT",4385,146194.95,0,0
2025-09-01,04V,"NHS WEST LEICESTERSHIRE",4432,148191.23,0,0
2025-09-01,15C,"NHS BRISTOL, NORTH SOMERSET AND SOUTH GLOUCESTERSHIRE",4513,210559.51,0,0
2025-09-01,M1J4Y,"NHS BEDFORDSHIRE, LUTON AND MILTON KEYNES",4587,167121.42,0,0
2025-09-01,03N,"NHS SHEFFIELD",4818,169656.23,0,0
2025-09-01,15F,"NHS LEEDS",4919,183130.57,0,0
2025-09-01,18C,"NHS HEREFORDSHIRE AND WORCESTERSHIRE",5069,195029.97,0,0
2025-09-01,15N,"NHS DEVON",5231,193652.89,0,0
2025-09-01,11N,"NHS CORNWALL AND THE ISLES OF SCILLY",5254,173623.97,0,0
2025-09-01,70F,"NHS WEST SUSSEX",5558,224091.04,0,0
2025-09-01,01A,"NHS EAST LANCASHIRE",5757,184071.04,0,0
2025-09-01,06H,"NHS CAMBRIDGESHIRE AND PETERBOROUGH",6019,186683,0,0
2025-09-01,D9Y0V,"NHS HAMPSHIRE, SOUTHAMPTON AND ISLE OF WIGHT",6284,270171.07,0,0
2025-09-01,92A,"NHS SURREY HEARTLANDS",6313,267398.62,0,0
2025-09-01,84H,"NHS COUNTY DURHAM",6430,220485.05,0,0
2025-09-01,36L,"NHS SOUTH WEST LONDON",7119,285840.84,0,0
2025-09-01,93C,"NHS NORTH CENTRAL LONDON",7206,275785.22,0,0
2025-09-01,15E,"NHS BIRMINGHAM AND SOLIHULL",7300,274965.31,0,0
2025-09-01,16C,"NHS TEES VALLEY",7343,254203.7,0,0
2025-09-01,26A,"NHS NORFOLK AND WAVENEY",7435,236911.17,0,0
2025-09-01,B2M3M,"NHS COVENTRY AND WARWICKSHIRE",7763,252710.28,0,0
2025-09-01,11J,"NHS DORSET",8597,326034.22,0,0
2025-09-01,52R,"NHS NOTTINGHAM AND NOTTINGHAMSHIRE",8957,313167.39,0,0
2025-09-01,72Q,"NHS SOUTH EAST LONDON",9579,408165.08,0,0
2025-09-01,71E,"NHS LINCOLNSHIRE",9702,300017.19,0,0
2025-09-01,D2P2L,"NHS BLACK COUNTRY",10540,395944.09,0,0
2025-09-01,91Q,"NHS KENT AND MEDWAY",12083,450439.79,0,0
2025-10-01,09W,"NHS MEDWAY",0,0,0,0
2025-10-01,D4U1Y,"NHS FRIMLEY",35,1055.93,0,0
2025-10-01,01G,"NHS SALFORD",435,14108.28,0,0
2025-10-01,10R,"NHS PORTSMOUTH",505,24986.89,0,0
2025-10-01,01T,"NHS SOUTH SEFTON",594,19417.2,0,0
2025-10-01,01V,"NHS SOUTHPORT AND FORMBY",680,22848.7,0,0
2025-10-01,00V,"NHS BURY",692,23611.19,0,0
2025-10-01,02A,"NHS TRAFFORD",757,28772.32,0,0
2025-10-01,01W,"NHS STOCKPORT",871,30884.75,0,0
2025-10-01,01D,"NHS HEYWOOD, MIDDLETON AND ROCHDALE",916,31999.42,0,0
2025-10-01,02Q,"NHS BASSETLAW",921,28679.52,0,0
2025-10-01,01Y,"NHS TAMESIDE AND GLOSSOP",948,34228.17,0,0
2025-10-01,99F,"NHS CASTLE POINT AND ROCHFORD",954,34260.58,0,0
2025-10-01,99C,"NHS NORTH TYNESIDE",997,39740.94,0,0
2025-10-01,00T,"NHS BOLTON",1091,37337.81,0,0
2025-10-01,99G,"NHS SOUTHEND",1107,39859.57,0,0
2025-10-01,06N,"NHS HERTS VALLEYS",1128,47101.64,0,0
2025-10-01,02E,"NHS WARRINGTON",1130,39758.52,0,0
2025-10-01,00Y,"NHS OLDHAM",1133,40856.78,0,0
2025-10-01,02T,"NHS CALDERDALE",1187,44287.91,0,0
2025-10-01,01F,"NHS HALTON",1192,40710.96,0,0
2025-10-01,07G,"NHS THURROCK",1260,39430.55,0,0
2025-10-01,01X,"NHS ST HELENS",1323,44143.01,0,0
2025-10-01,01J,"NHS KNOWSLEY",1374,44730.04,0,0
2025-10-01,03Q,"NHS VALE OF YORK",1395,51544.32,0,0
2025-10-01,09D,"NHS BRIGHTON AND HOVE",1463,64316.88,0,0
2025-10-01,02G,"NHS WEST LANCASHIRE",1467,48924,0,0
2025-10-01,02P,"NHS BARNSLEY",1543,51194.14,0,0
2025-10-01,05D,"NHS EAST STAFFORDSHIRE",1547,57247.09,0,0
2025-10-01,15A,"NHS BERKSHIRE WEST",1553,53942.6,0,0
2025-10-01,00X,"NHS CHORLEY AND SOUTH RIBBLE",1621,58894.67,0,0
2025-10-01,14Y,"NHS BUCKINGHAMSHIRE",1815,65897.93,0,0
2025-10-01,05V,"NHS STAFFORD AND SURROUNDS",1830,66382.6,0,0
2025-10-01,02H,"NHS WIGAN BOROUGH",1844,65171.86,0,0
2025-10-01,12F,"NHS WIRRAL",1845,66579.25,0,0
2025-10-01,99E,"NHS BASILDON AND BRENTWOOD",1864,68611.34,0,0
2025-10-01,04Y,"NHS CANNOCK CHASE",1866,65282.67,0,0
2025-10-01,00N,"NHS SOUTH TYNESIDE",1920,74525.91,0,0
2025-10-01,03F,"NHS HULL",2004,64378.95,0,0
2025-10-01,00R,"NHS BLACKPOOL",2032,64001.43,0,0
2025-10-01,03H,"NHS NORTH EAST LINCOLNSHIRE",2097,68353.28,0,0
2025-10-01,03K,"NHS NORTH LINCOLNSHIRE",2099,63187.94,0,0
2025-10-01,11X,"NHS SOMERSET",2142,77544.92,0,0
2025-10-01,01H,"NHS NORTH CUMBRIA",2160,75472.12,0,0
2025-10-01,02M,"NHS FYLDE AND WYRE",2219,72879.91,0,0
2025-10-01,01E,"NHS GREATER PRESTON",2256,78768.1,0,0
2025-10-01,07H,"NHS WEST ESSEX",2364,75467.13,0,0
2025-10-01,06K,"NHS EAST AND NORTH HERTFORDSHIRE",2397,77386.45,0,0
2025-10-01,U2G6B,"NHS THAMES VALLEY ICB - U2G6B",2401,99593.88,0,0
2025-10-01,00L,"NHS NORTHUMBERLAND",2513,87402.46,0,0
2025-10-01,06Q,"NHS MID ESSEX",2525,78184.39,0,0
2025-10-01,05Q,"NHS SOUTH EAST STAFFORDSHIRE AND SEISDON PENINSULA",2597,103722.72,0,0
2025-10-01,02X,"NHS DONCASTER",2623,88235.91,0,0
2025-10-01,14L,"NHS MANCHESTER",2679,90485.43,0,0
2025-10-01,00Q,"NHS BLACKBURN WITH DARWEN",2707,87934.95,0,0
2025-10-01,78H,"NHS NORTHAMPTONSHIRE",2792,86373.97,0,0
2025-10-01,97R,"NHS EAST SUSSEX",2852,104406.75,0,0
2025-10-01,X2C4Y,"NHS KIRKLEES",2917,119990.4,0,0
2025-10-01,10Q,"NHS OXFORDSHIRE",2949,107583.39,0,0
2025-10-01,M2L0M,"NHS SHROPSHIRE, TELFORD AND WREKIN",3038,118850.68,0,0
2025-10-01,36J,"NHS BRADFORD DISTRICT AND CRAVEN",3068,105667.62,0,0
2025-10-01,00P,"NHS SUNDERLAND",3100,116350.82,0,0
2025-10-01,27D,"NHS CHESHIRE",3115,107268.02,0,0
2025-10-01,13T,"NHS NEWCASTLE GATESHEAD",3161,121857.19,0,0
2025-10-01,05G,"NHS NORTH STAFFORDSHIRE",3187,108931.47,0,0
2025-10-01,99A,"NHS LIVERPOOL",3187,107555.94,0,0
2025-10-01,15M,"NHS DERBY AND DERBYSHIRE",3245,135558.81,0,0
2025-10-01,02Y,"NHS EAST RIDING OF YORKSHIRE",3256,107244.31,0,0
2025-10-01,W2U3Z,"NHS NORTH WEST LONDON",3280,124708.67,0,0
2025-10-01,03R,"NHS WAKEFIELD",3364,113612.45,0,0
2025-10-01,92G,"NHS BATH AND NORTH EAST SOMERSET, SWINDON AND WILTSHIRE",3643,135038.56,0,0
2025-10-01,11M,"NHS GLOUCESTERSHIRE",3658,132989.39,0,0
2025-10-01,03W,"NHS EAST LEICESTERSHIRE AND RUTLAND",3673,124612.7,0,0
2025-10-01,03L,"NHS ROTHERHAM",3683,118249.5,0,0
2025-10-01,A3A8R,"NHS NORTH EAST LONDON",3860,147791.03,0,0
2025-10-01,04C,"NHS LEICESTER CITY",3881,124130.35,0,0
2025-10-01,06T,"NHS NORTH EAST ESSEX",3959,119235.64,0,0
2025-10-01,15C,"NHS BRISTOL, NORTH SOMERSET AND SOUTH GLOUCESTERSHIRE",3999,188744.49,0,0
2025-10-01,06L,"NHS IPSWICH AND EAST SUFFOLK",4109,129584.73,0,0
2025-10-01,42D,"NHS NORTH YORKSHIRE",4127,131851.56,0,0
2025-10-01,07K,"NHS WEST SUFFOLK",4245,129343.22,0,0
2025-10-01,01K,"NHS MORECAMBE BAY",4565,162484.49,0,0
2025-10-01,05W,"NHS STOKE ON TRENT",4625,155564.04,0,0
2025-10-01,M1J4Y,"NHS BEDFORDSHIRE, LUTON AND MILTON KEYNES",4687,169152.64,0,0
2025-10-01,04V,"NHS WEST LEICESTERSHIRE",4738,159063.55,0,0
2025-10-01,03N,"NHS SHEFFIELD",5162,181814.85,0,0
2025-10-01,18C,"NHS HEREFORDSHIRE AND WORCESTERSHIRE",5251,201192.08,0,0
2025-10-01,15F,"NHS LEEDS",5255,196891.13,0,0
2025-10-01,15N,"NHS DEVON",5310,198643.47,0,0
2025-10-01,70F,"NHS WEST SUSSEX",5316,211873.62,0,0
2025-10-01,01A,"NHS EAST LANCASHIRE",5625,181313.76,0,0
2025-10-01,11N,"NHS CORNWALL AND THE ISLES OF SCILLY",5660,187741.51,0,0
2025-10-01,06H,"NHS CAMBRIDGESHIRE AND PETERBOROUGH",5743,177440.97,0,0
2025-10-01,92A,"NHS SURREY HEARTLANDS",6634,280278.57,0,0
2025-10-01,D9Y0V,"NHS HAMPSHIRE, SOUTHAMPTON AND ISLE OF WIGHT",6740,289514.42,0,0
2025-10-01,84H,"NHS COUNTY DURHAM",6812,236838.8,0,0
2025-10-01,15E,"NHS BIRMINGHAM AND SOLIHULL",7303,274027.13,0,0
2025-10-01,93C,"NHS NORTH CENTRAL LONDON",7530,286080.54,0,0
2025-10-01,16C,"NHS TEES VALLEY",7541,262177.4,0,0
2025-10-01,36L,"NHS SOUTH WEST LONDON",7625,305110.35,0,0
2025-10-01,26A,"NHS NORFOLK AND WAVENEY",7799,248139.39,0,0
2025-10-01,B2M3M,"NHS COVENTRY AND WARWICKSHIRE",8167,267038.92,0,0
2025-10-01,52R,"NHS NOTTINGHAM AND NOTTINGHAMSHIRE",8946,311544.23,0,0
2025-10-01,11J,"NHS DORSET",9277,352728.99,0,0
2025-10-01,72Q,"NHS SOUTH EAST LONDON",10170,433035.9,0,0
2025-10-01,71E,"NHS LINCOLNSHIRE",10227,316860.89,0,0
2025-10-01,D2P2L,"NHS BLACK COUNTRY",10982,413482.87,0,0
2025-10-01,91Q,"NHS KENT AND MEDWAY",12919,481594.83,0,0
2025-11-01,09W,"NHS MEDWAY",0,0,0,0
2025-11-01,D4U1Y,"NHS FRIMLEY",34,1055.93,0,0
2025-11-01,01G,"NHS SALFORD",406,13462.88,0,0
2025-11-01,10R,"NHS PORTSMOUTH",485,23989.76,0,0
2025-11-01,01T,"NHS SOUTH SEFTON",546,18361.05,0,0
2025-11-01,01V,"NHS SOUTHPORT AND FORMBY",600,20326.22,0,0
2025-11-01,02A,"NHS TRAFFORD",636,24226.2,0,0
2025-11-01,00V,"NHS BURY",640,21558.13,0,0
2025-11-01,01W,"NHS STOCKPORT",793,29065.92,0,0
2025-11-01,01D,"NHS HEYWOOD, MIDDLETON AND ROCHDALE",826,28538.53,0,0
2025-11-01,02Q,"NHS BASSETLAW",828,25963.32,0,0
2025-11-01,99F,"NHS CASTLE POINT AND ROCHFORD",859,30630.25,0,0
2025-11-01,99G,"NHS SOUTHEND",884,32321.59,0,0
2025-11-01,01Y,"NHS TAMESIDE AND GLOSSOP",905,32996.16,0,0
2025-11-01,99C,"NHS NORTH TYNESIDE",945,38098.41,0,0
2025-11-01,00T,"NHS BOLTON",1004,34434.1,0,0
2025-11-01,06N,"NHS HERTS VALLEYS",1023,43344.16,0,0
2025-11-01,02E,"NHS WARRINGTON",1043,36750.71,0,0
2025-11-01,00Y,"NHS OLDHAM",1053,38070.37,0,0
2025-11-01,02T,"NHS CALDERDALE",1122,42322.64,0,0
2025-11-01,01F,"NHS HALTON",1127,38657.72,0,0
2025-11-01,01J,"NHS KNOWSLEY",1159,38364.96,0,0
2025-11-01,01X,"NHS ST HELENS",1163,38775.45,0,0
2025-11-01,07G,"NHS THURROCK",1188,37459.03,0,0
2025-11-01,03Q,"NHS VALE OF YORK",1247,44686.79,0,0
2025-11-01,02P,"NHS BARNSLEY",1331,43946.78,0,0
2025-11-01,09D,"NHS BRIGHTON AND HOVE",1348,58803.3,0,0
2025-11-01,02G,"NHS WEST LANCASHIRE",1363,46019.98,0,0
2025-11-01,15A,"NHS BERKSHIRE WEST",1432,50102.9,0,0
2025-11-01,00X,"NHS CHORLEY AND SOUTH RIBBLE",1481,53732.59,0,0
2025-11-01,05D,"NHS EAST STAFFORDSHIRE",1484,53964.62,0,0
2025-11-01,14Y,"NHS BUCKINGHAMSHIRE",1596,57976.87,0,0
2025-11-01,12F,"NHS WIRRAL",1702,62707.2,0,0
2025-11-01,02H,"NHS WIGAN BOROUGH",1720,61798.54,0,0
2025-11-01,00R,"NHS BLACKPOOL",1721,54468.59,0,0
2025-11-01,05V,"NHS STAFFORD AND SURROUNDS",1732,62339.44,0,0
2025-11-01,99E,"NHS BASILDON AND BRENTWOOD",1739,63743.35,0,0
2025-11-01,04Y,"NHS CANNOCK CHASE",1768,61681.74,0,0
2025-11-01,00N,"NHS SOUTH TYNESIDE",1781,70595.29,0,0
2025-11-01,03H,"NHS NORTH EAST LINCOLNSHIRE",1803,59436.71,0,0
2025-11-01,03F,"NHS HULL",1819,58985.05,0,0
2025-11-01,03K,"NHS NORTH LINCOLNSHIRE",1823,55409.14,0,0
2025-11-01,02M,"NHS FYLDE AND WYRE",1824,60744.83,0,0
2025-11-01,11X,"NHS SOMERSET",2061,76234.85,0,0
2025-11-01,01E,"NHS GREATER PRESTON",2065,72559.85,0,0
2025-11-01,01H,"NHS NORTH CUMBRIA",2142,76159.73,0,0
2025-11-01,06K,"NHS EAST AND NORTH HERTFORDSHIRE",2166,70022.29,0,0
2025-11-01,U2G6B,"NHS THAMES VALLEY ICB - U2G6B",2250,94555.53,0,0
2025-11-01,07H,"NHS WEST ESSEX",2263,72233.79,0,0
2025-11-01,05Q,"NHS SOUTH EAST STAFFORDSHIRE AND SEISDON PENINSULA",2374,94917.94,0,0
2025-11-01,00L,"NHS NORTHUMBERLAND",2399,83520.21,0,0
2025-11-01,06Q,"NHS MID ESSEX",2401,74275.48,0,0
2025-11-01,02X,"NHS DONCASTER",2404,81815.78,0,0
2025-11-01,14L,"NHS MANCHESTER",2439,82653.95,0,0
2025-11-01,78H,"NHS NORTHAMPTONSHIRE",2448,76169.37,0,0
2025-11-01,36J,"NHS BRADFORD DISTRICT AND CRAVEN",2487,87280.19,0,0
2025-11-01,00Q,"NHS BLACKBURN WITH DARWEN",2510,81511.42,0,0
2025-11-01,97R,"NHS EAST SUSSEX",2545,94121,0,0
2025-11-01,10Q,"NHS OXFORDSHIRE",2708,98885.67,0,0
2025-11-01,27D,"NHS CHESHIRE",2840,98999.98,0,0
2025-11-01,X2C4Y,"NHS KIRKLEES",2846,115656.99,0,0
2025-11-01,00P,"NHS SUNDERLAND",2856,107375.87,0,0
2025-11-01,W2U3Z,"NHS NORTH WEST LONDON",2863,109603.51,0,0
2025-11-01,15M,"NHS DERBY AND DERBYSHIRE",2865,120249.79,0,0
2025-11-01,13T,"NHS NEWCASTLE GATESHEAD",2868,111096.43,0,0
2025-11-01,M2L0M,"NHS SHROPSHIRE, TELFORD AND WREKIN",2902,114087.69,0,0
2025-11-01,02Y,"NHS EAST RIDING OF YORKSHIRE",2913,96680.63,0,0
2025-11-01,05G,"NHS NORTH STAFFORDSHIRE",2944,99886.85,0,0
2025-11-01,99A,"NHS LIVERPOOL",2974,99343.66,0,0
2025-11-01,03R,"NHS WAKEFIELD",3123,107234.86,0,0
2025-11-01,92G,"NHS BATH AND NORTH EAST SOMERSET, SWINDON AND WILTSHIRE",3250,119636.69,0,0
2025-11-01,11M,"NHS GLOUCESTERSHIRE",3327,122150.43,0,0
2025-11-01,15C,"NHS BRISTOL, NORTH SOMERSET AND SOUTH GLOUCESTERSHIRE",3331,155873.1,0,0
2025-11-01,03L,"NHS ROTHERHAM",3380,108413.79,0,0
2025-11-01,03W,"NHS EAST LEICESTERSHIRE AND RUTLAND",3385,114912,0,0
2025-11-01,06L,"NHS IPSWICH AND EAST SUFFOLK",3389,106346.32,0,0
2025-11-01,06T,"NHS NORTH EAST ESSEX",3446,104087.75,0,0
2025-11-01,A3A8R,"NHS NORTH EAST LONDON",3574,138463.58,0,0
2025-11-01,04C,"NHS LEICESTER CITY",3619,115800.21,0,0
2025-11-01,07K,"NHS WEST SUFFOLK",3664,112233.23,0,0
2025-11-01,42D,"NHS NORTH YORKSHIRE",3858,123229.45,0,0
2025-11-01,01K,"NHS MORECAMBE BAY",4163,147911.33,0,0
2025-11-01,04V,"NHS WEST LEICESTERSHIRE",4239,143295,0,0
2025-11-01,M1J4Y,"NHS BEDFORDSHIRE, LUTON AND MILTON KEYNES",4317,156083.12,0,0
2025-11-01,05W,"NHS STOKE ON TRENT",4371,147712.85,0,0
2025-11-01,70F,"NHS WEST SUSSEX",4456,179112.34,0,0
2025-11-01,15F,"NHS LEEDS",4518,169123.46,0,0
2025-11-01,03N,"NHS SHEFFIELD",4797,169030.36,0,0
2025-11-01,18C,"NHS HEREFORDSHIRE AND WORCESTERSHIRE",4961,191300.28,0,0
2025-11-01,15N,"NHS DEVON",5005,187557.96,0,0
2025-11-01,01A,"NHS EAST LANCASHIRE",5146,166347.81,0,0
2025-11-01,06H,"NHS CAMBRIDGESHIRE AND PETERBOROUGH",5168,159460.94,0,0
2025-11-01,11N,"NHS CORNWALL AND THE ISLES OF SCILLY",5270,175191.24,0,0
2025-11-01,84H,"NHS COUNTY DURHAM",6249,215334.86,0,0
2025-11-01,D9Y0V,"NHS HAMPSHIRE, SOUTHAMPTON AND ISLE OF WIGHT",6256,270764.71,0,0
2025-11-01,92A,"NHS SURREY HEARTLANDS",6266,263930.59,0,0
2025-11-01,15E,"NHS BIRMINGHAM AND SOLIHULL",6739,251795.62,0,0
2025-11-01,36L,"NHS SOUTH WEST LONDON",6996,280679.05,0,0
2025-11-01,16C,"NHS TEES VALLEY",7077,244707.15,0,0
2025-11-01,93C,"NHS NORTH CENTRAL LONDON",7080,269919.6,0,0
2025-11-01,52R,"NHS NOTTINGHAM AND NOTTINGHAMSHIRE",7231,250436.1,0,0
2025-11-01,26A,"NHS NORFOLK AND WAVENEY",7246,231860.58,0,0
2025-11-01,B2M3M,"NHS COVENTRY AND WARWICKSHIRE",7501,245510.72,0,0
2025-11-01,11J,"NHS DORSET",8558,327641.22,0,0
2025-11-01,71E,"NHS LINCOLNSHIRE",9335,290589.67,0,0
2025-11-01,72Q,"NHS SOUTH EAST LONDON",9513,406111.86,0,0
2025-11-01,D2P2L,"NHS BLACK COUNTRY",9917,374653.3,0,0
2025-11-01,91Q,"NHS KENT AND MEDWAY",12115,451081.62,0,0
2025-12-01,09W,"NHS MEDWAY",0,0,0,0
2025-12-01,D4U1Y,"NHS FRIMLEY",39,1231.92,0,0
2025-12-01,01G,"NHS SALFORD",475,15574.74,0,0
2025-12-01,10R,"NHS PORTSMOUTH",547,27098.44,0,0
2025-12-01,01T,"NHS SOUTH SEFTON",673,22467.46,0,0
2025-12-01,01V,"NHS SOUTHPORT AND FORMBY",743,25488.3,0,0
2025-12-01,00V,"NHS BURY",760,26016.25,0,0
2025-12-01,02A,"NHS TRAFFORD",796,29564.42,0,0
2025-12-01,02Q,"NHS BASSETLAW",856,26667.05,0,0
2025-12-01,01W,"NHS STOCKPORT",890,31471.37,0,0
2025-12-01,99F,"NHS CASTLE POINT AND ROCHFORD",921,32488,0,0
2025-12-01,01Y,"NHS TAMESIDE AND GLOSSOP",971,35371.89,0,0
2025-12-01,01D,"NHS HEYWOOD, MIDDLETON AND ROCHDALE",1004,35196.42,0,0
2025-12-01,00Y,"NHS OLDHAM",1114,40152.84,0,0
2025-12-01,06N,"NHS HERTS VALLEYS",1133,48150.8,0,0
2025-12-01,99C,"NHS NORTH TYNESIDE",1150,45782.75,0,0
2025-12-01,99G,"NHS SOUTHEND",1158,42323.13,0,0
2025-12-01,00T,"NHS BOLTON",1164,40388,0,0
2025-12-01,02E,"NHS WARRINGTON",1164,40697.29,0,0
2025-12-01,01F,"NHS HALTON",1247,43321.13,0,0
2025-12-01,02T,"NHS CALDERDALE",1284,48569.81,0,0
2025-12-01,09D,"NHS BRIGHTON AND HOVE",1313,58509.63,0,0
2025-12-01,07G,"NHS THURROCK",1320,41692.44,0,0
2025-12-01,01X,"NHS ST HELENS",1365,46019.97,0,0
2025-12-01,03Q,"NHS VALE OF YORK",1380,49741.15,0,0
2025-12-01,01J,"NHS KNOWSLEY",1396,45991.09,0,0
2025-12-01,02G,"NHS WEST LANCASHIRE",1444,48571.81,0,0
2025-12-01,15A,"NHS BERKSHIRE WEST",1573,55629.97,0,0
2025-12-01,02P,"NHS BARNSLEY",1588,52781.52,0,0
2025-12-01,00X,"NHS CHORLEY AND SOUTH RIBBLE",1651,59393.46,0,0
2025-12-01,05D,"NHS EAST STAFFORDSHIRE",1700,62123.89,0,0
2025-12-01,02M,"NHS FYLDE AND WYRE",1770,60183.57,0,0
2025-12-01,00R,"NHS BLACKPOOL",1789,56990.95,0,0
2025-12-01,14Y,"NHS BUCKINGHAMSHIRE",1829,66371.56,0,0
2025-12-01,04Y,"NHS CANNOCK CHASE",1855,65699.67,0,0
2025-12-01,02H,"NHS WIGAN BOROUGH",1872,66608.88,0,0
2025-12-01,12F,"NHS WIRRAL",1887,68397.6,0,0
2025-12-01,03H,"NHS NORTH EAST LINCOLNSHIRE",1936,63761.7,0,0
2025-12-01,05V,"NHS STAFFORD AND SURROUNDS",1944,70097.92,0,0
2025-12-01,03F,"NHS HULL",1966,63795.36,0,0
2025-12-01,99E,"NHS BASILDON AND BRENTWOOD",1967,73161.24,0,0
2025-12-01,03K,"NHS NORTH LINCOLNSHIRE",2045,62018.2,0,0
2025-12-01,00N,"NHS SOUTH TYNESIDE",2115,84731.67,0,0
2025-12-01,01E,"NHS GREATER PRESTON",2218,77738.29,0,0
2025-12-01,36J,"NHS BRADFORD DISTRICT AND CRAVEN",2245,77295.23,0,0
2025-12-01,11X,"NHS SOMERSET",2291,84117.78,0,0
2025-12-01,97R,"NHS EAST SUSSEX",2301,84657.35,0,0
2025-12-01,07H,"NHS WEST ESSEX",2382,76927.17,0,0
2025-12-01,06K,"NHS EAST AND NORTH HERTFORDSHIRE",2424,78332.5,0,0
2025-12-01,01H,"NHS NORTH CUMBRIA",2432,85861.9,0,0
2025-12-01,U2G6B,"NHS THAMES VALLEY ICB - U2G6B",2580,107072.76,0,0
2025-12-01,14L,"NHS MANCHESTER",2590,87259.07,0,0
2025-12-01,05Q,"NHS SOUTH EAST STAFFORDSHIRE AND SEISDON PENINSULA",2655,107828.69,0,0
2025-12-01,06Q,"NHS MID ESSEX",2665,82413.58,0,0
2025-12-01,00Q,"NHS BLACKBURN WITH DARWEN",2668,86673.7,0,0
2025-12-01,00L,"NHS NORTHUMBERLAND",2706,93574,0,0
2025-12-01,02X,"NHS DONCASTER",2719,92332.62,0,0
2025-12-01,78H,"NHS NORTHAMPTONSHIRE",2778,86592.14,0,0
2025-12-01,10Q,"NHS OXFORDSHIRE",3078,111972.99,0,0
2025-12-01,X2C4Y,"NHS KIRKLEES",3097,127342.33,0,0
2025-12-01,W2U3Z,"NHS NORTH WEST LONDON",3144,121188.42,0,0
2025-12-01,27D,"NHS CHESHIRE",3240,111865.64,0,0
2025-12-01,05G,"NHS NORTH STAFFORDSHIRE",3257,110781.48,0,0
2025-12-01,02Y,"NHS EAST RIDING OF YORKSHIRE",3265,108741.58,0,0
2025-12-01,13T,"NHS NEWCASTLE GATESHEAD",3307,128312.68,0,0
2025-12-01,15M,"NHS DERBY AND DERBYSHIRE",3321,138801.13,0,0
2025-12-01,M2L0M,"NHS SHROPSHIRE, TELFORD AND WREKIN",3324,130967.1,0,0
2025-12-01,00P,"NHS SUNDERLAND",3346,126615.91,0,0
2025-12-01,99A,"NHS LIVERPOOL",3432,115064.89,0,0
2025-12-01,03R,"NHS WAKEFIELD",3439,117647.26,0,0
2025-12-01,06T,"NHS NORTH EAST ESSEX",3565,107659.97,0,0
2025-12-01,06L,"NHS IPSWICH AND EAST SUFFOLK",3655,114245.38,0,0
2025-12-01,03W,"NHS EAST LEICESTERSHIRE AND RUTLAND",3662,123411.02,0,0
2025-12-01,11M,"NHS GLOUCESTERSHIRE",3688,134599.5,0,0
2025-12-01,15C,"NHS BRISTOL, NORTH SOMERSET AND SOUTH GLOUCESTERSHIRE",3739,177991.7,0,0
2025-12-01,03L,"NHS ROTHERHAM",3765,121261.23,0,0
2025-12-01,92G,"NHS BATH AND NORTH EAST SOMERSET, SWINDON AND WILTSHIRE",3771,140071.45,0,0
2025-12-01,04C,"NHS LEICESTER CITY",3829,122487.81,0,0
2025-12-01,A3A8R,"NHS NORTH EAST LONDON",4018,155650.62,0,0
2025-12-01,07K,"NHS WEST SUFFOLK",4169,127718.63,0,0
2025-12-01,42D,"NHS NORTH YORKSHIRE",4311,138410.79,0,0
2025-12-01,01K,"NHS MORECAMBE BAY",4666,166043.65,0,0
2025-12-01,M1J4Y,"NHS BEDFORDSHIRE, LUTON AND MILTON KEYNES",4721,171080.08,0,0
2025-12-01,70F,"NHS WEST SUSSEX",4778,190482.41,0,0
2025-12-01,05W,"NHS STOKE ON TRENT",4840,162795.71,0,0
2025-12-01,04V,"NHS WEST LEICESTERSHIRE",4871,164382.99,0,0
2025-12-01,15F,"NHS LEEDS",4944,184788.7,0,0
2025-12-01,01A,"NHS EAST LANCASHIRE",5378,173031.92,0,0
2025-12-01,03N,"NHS SHEFFIELD",5489,191882.48,0,0
2025-12-01,15N,"NHS DEVON",5576,210414.84,0,0
2025-12-01,18C,"NHS HEREFORDSHIRE AND WORCESTERSHIRE",5662,217500.2,0,0
2025-12-01,06H,"NHS CAMBRIDGESHIRE AND PETERBOROUGH",5740,176971.17,0,0
2025-12-01,11N,"NHS CORNWALL AND THE ISLES OF SCILLY",5910,197122.09,0,0
2025-12-01,92A,"NHS SURREY HEARTLANDS",6933,292234.56,0,0
2025-12-01,52R,"NHS NOTTINGHAM AND NOTTINGHAMSHIRE",6937,240424.51,0,0
2025-12-01,D9Y0V,"NHS HAMPSHIRE, SOUTHAMPTON AND ISLE OF WIGHT",6998,301425.73,0,0
2025-12-01,84H,"NHS COUNTY DURHAM",7122,248134.36,0,0
2025-12-01,15E,"NHS BIRMINGHAM AND SOLIHULL",7510,281916.81,0,0
2025-12-01,36L,"NHS SOUTH WEST LONDON",7646,307866.77,0,0
2025-12-01,93C,"NHS NORTH CENTRAL LONDON",7847,300480.66,0,0
2025-12-01,16C,"NHS TEES VALLEY",7860,272909.64,0,0
2025-12-01,26A,"NHS NORFOLK AND WAVENEY",7970,253460.64,0,0
2025-12-01,B2M3M,"NHS COVENTRY AND WARWICKSHIRE",8510,277982.57,0,0
2025-12-01,11J,"NHS DORSET",9773,372793.37,0,0
2025-12-01,71E,"NHS LINCOLNSHIRE",9876,305699.79,0,0
2025-12-01,72Q,"NHS SOUTH EAST LONDON",10790,459519.4,0,0
2025-12-01,D2P2L,"NHS BLACK COUNTRY",11020,415262.13,0,0
2025-12-01,91Q,"NHS KENT AND MEDWAY",13930,522081.64,0,0
2026-01-01,09W,"NHS MEDWAY",0,0,0,0
2026-01-01,D4U1Y,"NHS FRIMLEY",31,967.94,0,0
2026-01-01,01G,"NHS SALFORD",458,15193.42,0,0
2026-01-01,10R,"NHS PORTSMOUTH",544,27186.4,0,0
2026-01-01,01T,"NHS SOUTH SEFTON",596,19944.99,0,0
2026-01-01,00V,"NHS BURY",652,22115.33,0,0
2026-01-01,01V,"NHS SOUTHPORT AND FORMBY",692,23963.02,0,0
2026-01-01,02A,"NHS TRAFFORD",759,28772.37,0,0
2026-01-01,02Q,"NHS BASSETLAW",821,25611.36,0,0
2026-01-01,01W,"NHS STOCKPORT",830,29770.06,0,0
2026-01-01,99F,"NHS CASTLE POINT AND ROCHFORD",851,30532.37,0,0
2026-01-01,01D,"NHS HEYWOOD, MIDDLETON AND ROCHDALE",947,32850.16,0,0
2026-01-01,01Y,"NHS TAMESIDE AND GLOSSOP",959,35166.53,0,0
2026-01-01,99G,"NHS SOUTHEND",990,36369.06,0,0
2026-01-01,99C,"NHS NORTH TYNESIDE",1006,40122.21,0,0
2026-01-01,06N,"NHS HERTS VALLEYS",1049,43696.33,0,0
2026-01-01,09D,"NHS BRIGHTON AND HOVE",1075,47892.85,0,0
2026-01-01,00T,"NHS BOLTON",1090,37631.01,0,0
2026-01-01,00Y,"NHS OLDHAM",1144,42059.03,0,0
2026-01-01,02E,"NHS WARRINGTON",1145,40302.88,0,0
2026-01-01,01F,"NHS HALTON",1172,40945.27,0,0
2026-01-01,02T,"NHS CALDERDALE",1181,44141.22,0,0
2026-01-01,07G,"NHS THURROCK",1215,38550.83,0,0
2026-01-01,03Q,"NHS VALE OF YORK",1268,44954.73,0,0
2026-01-01,01X,"NHS ST HELENS",1274,43526.64,0,0
2026-01-01,01J,"NHS KNOWSLEY",1297,43057.82,0,0
2026-01-01,02G,"NHS WEST LANCASHIRE",1338,44729.6,0,0
2026-01-01,02P,"NHS BARNSLEY",1464,48085.66,0,0
2026-01-01,00X,"NHS CHORLEY AND SOUTH RIBBLE",1505,54583.17,0,0
2026-01-01,15A,"NHS BERKSHIRE WEST",1523,52814.63,0,0
2026-01-01,00R,"NHS BLACKPOOL",1539,49100.77,0,0
2026-01-01,02M,"NHS FYLDE AND WYRE",1626,54161.52,0,0
2026-01-01,05D,"NHS EAST STAFFORDSHIRE",1668,62049.44,0,0
2026-01-01,36J,"NHS BRADFORD DISTRICT AND CRAVEN",1744,61143.65,0,0
2026-01-01,97R,"NHS EAST SUSSEX",1748,65019.96,0,0
2026-01-01,14Y,"NHS BUCKINGHAMSHIRE",1805,64752.31,0,0
2026-01-01,12F,"NHS WIRRAL",1812,66197.67,0,0
2026-01-01,04Y,"NHS CANNOCK CHASE",1822,64770.74,0,0
2026-01-01,99E,"NHS BASILDON AND BRENTWOOD",1866,68485.1,0,0
2026-01-01,03H,"NHS NORTH EAST LINCOLNSHIRE",1884,62213.37,0,0
2026-01-01,02H,"NHS WIGAN BOROUGH",1890,67488.69,0,0
2026-01-01,05V,"NHS STAFFORD AND SURROUNDS",1923,70130.82,0,0
2026-01-01,03F,"NHS HULL",1928,62768.64,0,0
2026-01-01,00N,"NHS SOUTH TYNESIDE",1972,77693.13,0,0
2026-01-01,01E,"NHS GREATER PRESTON",1986,69561.71,0,0
2026-01-01,03K,"NHS NORTH LINCOLNSHIRE",1997,60603.84,0,0
2026-01-01,11X,"NHS SOMERSET",2168,79759.03,0,0
2026-01-01,07H,"NHS WEST ESSEX",2235,71991.09,0,0
2026-01-01,06K,"NHS EAST AND NORTH HERTFORDSHIRE",2241,72062.71,0,0
2026-01-01,01H,"NHS NORTH CUMBRIA",2353,82727.08,0,0
2026-01-01,U2G6B,"NHS THAMES VALLEY ICB - U2G6B",2390,100121.54,0,0
2026-01-01,00Q,"NHS BLACKBURN WITH DARWEN",2417,78930.1,0,0
2026-01-01,14L,"NHS MANCHESTER",2473,83064.89,0,0
2026-01-01,06Q,"NHS MID ESSEX",2518,77803.2,0,0
2026-01-01,00L,"NHS NORTHUMBERLAND",2579,89774.5,0,0
2026-01-01,02X,"NHS DONCASTER",2595,88838.74,0,0
2026-01-01,05Q,"NHS SOUTH EAST STAFFORDSHIRE AND SEISDON PENINSULA",2597,105440.27,0,0
2026-01-01,78H,"NHS NORTHAMPTONSHIRE",2616,81498.89,0,0
2026-01-01,X2C4Y,"NHS KIRKLEES",2916,119739.78,0,0
2026-01-01,10Q,"NHS OXFORDSHIRE",2934,106072.58,0,0
2026-01-01,W2U3Z,"NHS NORTH WEST LONDON",2979,112947.46,0,0
2026-01-01,15M,"NHS DERBY AND DERBYSHIRE",3061,129237.48,0,0
2026-01-01,05G,"NHS NORTH STAFFORDSHIRE",3080,105320.26,0,0
2026-01-01,27D,"NHS CHESHIRE",3084,108574.16,0,0
2026-01-01,00P,"NHS SUNDERLAND",3156,118902.41,0,0
2026-01-01,03R,"NHS WAKEFIELD",3157,108463.6,0,0
2026-01-01,06L,"NHS IPSWICH AND EAST SUFFOLK",3181,99195.22,0,0
2026-01-01,02Y,"NHS EAST RIDING OF YORKSHIRE",3182,105721.4,0,0
2026-01-01,99A,"NHS LIVERPOOL",3199,108201.17,0,0
2026-01-01,06T,"NHS NORTH EAST ESSEX",3206,96947.53,0,0
2026-01-01,13T,"NHS NEWCASTLE GATESHEAD",3228,124676.05,0,0
2026-01-01,M2L0M,"NHS SHROPSHIRE, TELFORD AND WREKIN",3241,128316.91,0,0
2026-01-01,92G,"NHS BATH AND NORTH EAST SOMERSET, SWINDON AND WILTSHIRE",3481,129149.96,0,0
2026-01-01,03W,"NHS EAST LEICESTERSHIRE AND RUTLAND",3501,119200.72,0,0
2026-01-01,15C,"NHS BRISTOL, NORTH SOMERSET AND SOUTH GLOUCESTERSHIRE",3505,167717.14,0,0
2026-01-01,11M,"NHS GLOUCESTERSHIRE",3587,132175.09,0,0
2026-01-01,04C,"NHS LEICESTER CITY",3705,119202.42,0,0
2026-01-01,03L,"NHS ROTHERHAM",3728,119996.82,0,0
2026-01-01,A3A8R,"NHS NORTH EAST LONDON",3941,153480.01,0,0
2026-01-01,07K,"NHS WEST SUFFOLK",3986,122122.38,0,0
2026-01-01,42D,"NHS NORTH YORKSHIRE",4140,132316.62,0,0
2026-01-01,70F,"NHS WEST SUSSEX",4337,173211.46,0,0
2026-01-01,01K,"NHS MORECAMBE BAY",4441,158516.14,0,0
2026-01-01,M1J4Y,"NHS BEDFORDSHIRE, LUTON AND MILTON KEYNES",4486,161968.96,0,0
2026-01-01,05W,"NHS STOKE ON TRENT",4518,153246.48,0,0
2026-01-01,04V,"NHS WEST LEICESTERSHIRE",4559,153238.18,0,0
2026-01-01,15F,"NHS LEEDS",4694,175644.55,0,0
2026-01-01,01A,"NHS EAST LANCASHIRE",4817,155328.58,0,0
2026-01-01,03N,"NHS SHEFFIELD",5091,178690.12,0,0
2026-01-01,18C,"NHS HEREFORDSHIRE AND WORCESTERSHIRE",5245,202183.8,0,0
2026-01-01,15N,"NHS DEVON",5408,203565.99,0,0
2026-01-01,06H,"NHS CAMBRIDGESHIRE AND PETERBOROUGH",5464,168619.44,0,0
2026-01-01,11N,"NHS CORNWALL AND THE ISLES OF SCILLY",5613,188781.69,0,0
2026-01-01,92A,"NHS SURREY HEARTLANDS",6459,273152.82,0,0
2026-01-01,52R,"NHS NOTTINGHAM AND NOTTINGHAMSHIRE",6468,224159.73,0,0
2026-01-01,D9Y0V,"NHS HAMPSHIRE, SOUTHAMPTON AND ISLE OF WIGHT",6746,291414.74,0,0
2026-01-01,84H,"NHS COUNTY DURHAM",6757,234180.54,0,0
2026-01-01,15E,"NHS BIRMINGHAM AND SOLIHULL",7065,266371.61,0,0
2026-01-01,36L,"NHS SOUTH WEST LONDON",7208,291911.27,0,0
2026-01-01,26A,"NHS NORFOLK AND WAVENEY",7620,243604.3,0,0
2026-01-01,16C,"NHS TEES VALLEY",7631,265212.03,0,0
2026-01-01,93C,"NHS NORTH CENTRAL LONDON",7926,304029.31,0,0
2026-01-01,B2M3M,"NHS COVENTRY AND WARWICKSHIRE",8101,266062.99,0,0
2026-01-01,71E,"NHS LINCOLNSHIRE",8856,271749.29,0,0
2026-01-01,11J,"NHS DORSET",9298,355988.04,0,0
2026-01-01,D2P2L,"NHS BLACK COUNTRY",10209,387701.05,0,0
2026-01-01,72Q,"NHS SOUTH EAST LONDON",10865,463859.78,0,0
2026-01-01,91Q,"NHS KENT AND MEDWAY",13054,488384.93,0,0
2026-02-01,09W,"NHS MEDWAY",0,0,0,0
2026-02-01,D4U1Y,"NHS FRIMLEY",21,703.93,0,0
2026-02-01,01G,"NHS SALFORD",426,14137.46,0,0
2026-02-01,10R,"NHS PORTSMOUTH",441,22171.36,0,0
2026-02-01,01T,"NHS SOUTH SEFTON",548,18478.39,0,0
2026-02-01,00V,"NHS BURY",628,20854.26,0,0
2026-02-01,01V,"NHS SOUTHPORT AND FORMBY",656,22555.19,0,0
2026-02-01,02A,"NHS TRAFFORD",708,26865.88,0,0
2026-02-01,99G,"NHS SOUTHEND",730,27364.57,0,0
2026-02-01,02Q,"NHS BASSETLAW",761,23682.5,0,0
2026-02-01,01W,"NHS STOCKPORT",781,27306.61,0,0
2026-02-01,99F,"NHS CASTLE POINT AND ROCHFORD",794,28720.5,0,0
2026-02-01,01D,"NHS HEYWOOD, MIDDLETON AND ROCHDALE",803,28186.45,0,0
2026-02-01,01Y,"NHS TAMESIDE AND GLOSSOP",864,31383.05,0,0
2026-02-01,09D,"NHS BRIGHTON AND HOVE",897,40589.99,0,0
2026-02-01,99C,"NHS NORTH TYNESIDE",928,37482.46,0,0
2026-02-01,06N,"NHS HERTS VALLEYS",961,40844.73,0,0
2026-02-01,00T,"NHS BOLTON",993,34111.37,0,0
2026-02-01,00Y,"NHS OLDHAM",993,36075.91,0,0
2026-02-01,02E,"NHS WARRINGTON",1052,37102.77,0,0
2026-02-01,01F,"NHS HALTON",1055,36721.72,0,0
2026-02-01,07G,"NHS THURROCK",1085,34480.43,0,0
2026-02-01,01X,"NHS ST HELENS",1100,37191.35,0,0
2026-02-01,02T,"NHS CALDERDALE",1108,41912.03,0,0
2026-02-01,03Q,"NHS VALE OF YORK",1151,40819.78,0,0
2026-02-01,02G,"NHS WEST LANCASHIRE",1204,40154.03,0,0
2026-02-01,01J,"NHS KNOWSLEY",1221,40036.92,0,0
2026-02-01,00R,"NHS BLACKPOOL",1281,40682.73,0,0
2026-02-01,00X,"NHS CHORLEY AND SOUTH RIBBLE",1327,47602.83,0,0
2026-02-01,36J,"NHS BRADFORD DISTRICT AND CRAVEN",1355,47273.74,0,0
2026-02-01,02P,"NHS BARNSLEY",1364,45771.89,0,0
2026-02-01,15A,"NHS BERKSHIRE WEST",1399,49634.77,0,0
2026-02-01,02M,"NHS FYLDE AND WYRE",1411,47211.52,0,0
2026-02-01,05D,"NHS EAST STAFFORDSHIRE",1429,52599.92,0,0
2026-02-01,99E,"NHS BASILDON AND BRENTWOOD",1480,54054.93,0,0
2026-02-01,97R,"NHS EAST SUSSEX",1597,58803.72,0,0
2026-02-01,04Y,"NHS CANNOCK CHASE",1606,57105.92,0,0
2026-02-01,14Y,"NHS BUCKINGHAMSHIRE",1645,59099.93,0,0
2026-02-01,03H,"NHS NORTH EAST LINCOLNSHIRE",1663,54486.95,0,0
2026-02-01,02H,"NHS WIGAN BOROUGH",1672,60155.98,0,0
2026-02-01,12F,"NHS WIRRAL",1673,61827.31,0,0
2026-02-01,05V,"NHS STAFFORD AND SURROUNDS",1687,60763.45,0,0
2026-02-01,01E,"NHS GREATER PRESTON",1760,61349.33,0,0
2026-02-01,03F,"NHS HULL",1774,57925.68,0,0
2026-02-01,00N,"NHS SOUTH TYNESIDE",1802,71885.66,0,0
2026-02-01,03K,"NHS NORTH LINCOLNSHIRE",1834,55688.36,0,0
2026-02-01,11X,"NHS SOMERSET",1994,72127.02,0,0
2026-02-01,07H,"NHS WEST ESSEX",2076,66546.61,0,0
2026-02-01,00Q,"NHS BLACKBURN WITH DARWEN",2092,67901.75,0,0
2026-02-01,01H,"NHS NORTH CUMBRIA",2096,74556.67,0,0
2026-02-01,U2G6B,"NHS THAMES VALLEY ICB - U2G6B",2104,87751.49,0,0
2026-02-01,06K,"NHS EAST AND NORTH HERTFORDSHIRE",2106,68122.54,0,0
2026-02-01,05Q,"NHS SOUTH EAST STAFFORDSHIRE AND SEISDON PENINSULA",2260,91216.12,0,0
2026-02-01,02X,"NHS DONCASTER",2282,78032.24,0,0
2026-02-01,78H,"NHS NORTHAMPTONSHIRE",2310,71794.45,0,0
2026-02-01,00L,"NHS NORTHUMBERLAND",2329,81363.96,0,0
2026-02-01,06Q,"NHS MID ESSEX",2332,72268.26,0,0
2026-02-01,14L,"NHS MANCHESTER",2378,80102.37,0,0
2026-02-01,X2C4Y,"NHS KIRKLEES",2538,102856.62,0,0
2026-02-01,06T,"NHS NORTH EAST ESSEX",2604,78851.76,0,0
2026-02-01,10Q,"NHS OXFORDSHIRE",2637,97015.53,0,0
2026-02-01,06L,"NHS IPSWICH AND EAST SUFFOLK",2665,81533.68,0,0
2026-02-01,W2U3Z,"NHS NORTH WEST LONDON",2667,101977.99,0,0
2026-02-01,15M,"NHS DERBY AND DERBYSHIRE",2717,113125.1,0,0
2026-02-01,00P,"NHS SUNDERLAND",2764,106231.33,0,0
2026-02-01,05G,"NHS NORTH STAFFORDSHIRE",2782,95615.91,0,0
2026-02-01,27D,"NHS CHESHIRE",2798,98358.87,0,0
2026-02-01,02Y,"NHS EAST RIDING OF YORKSHIRE",2839,95840.57,0,0
2026-02-01,13T,"NHS NEWCASTLE GATESHEAD",2850,110216.6,0,0
2026-02-01,M2L0M,"NHS SHROPSHIRE, TELFORD AND WREKIN",2899,116034.94,0,0
2026-02-01,99A,"NHS LIVERPOOL",2907,97261.17,0,0
2026-02-01,03R,"NHS WAKEFIELD",2931,100485.97,0,0
2026-02-01,92G,"NHS BATH AND NORTH EAST SOMERSET, SWINDON AND WILTSHIRE",3045,113753.02,0,0
2026-02-01,15C,"NHS BRISTOL, NORTH SOMERSET AND SOUTH GLOUCESTERSHIRE",3094,147624.95,0,0
2026-02-01,11M,"NHS GLOUCESTERSHIRE",3147,116066.57,0,0
2026-02-01,03W,"NHS EAST LEICESTERSHIRE AND RUTLAND",3208,108540.11,0,0
2026-02-01,03L,"NHS ROTHERHAM",3209,103040.41,0,0
2026-02-01,04C,"NHS LEICESTER CITY",3252,104478.19,0,0
2026-02-01,A3A8R,"NHS NORTH EAST LONDON",3580,137847.9,0,0
2026-02-01,07K,"NHS WEST SUFFOLK",3629,111154.92,0,0
2026-02-01,70F,"NHS WEST SUSSEX",3683,146322.55,0,0
2026-02-01,42D,"NHS NORTH YORKSHIRE",3734,119075.23,0,0
2026-02-01,01K,"NHS MORECAMBE BAY",3857,137758.29,0,0
2026-02-01,01A,"NHS EAST LANCASHIRE",3933,127530.27,0,0
2026-02-01,M1J4Y,"NHS BEDFORDSHIRE, LUTON AND MILTON KEYNES",3961,144235.39,0,0
2026-02-01,15F,"NHS LEEDS",4022,149323.61,0,0
2026-02-01,05W,"NHS STOKE ON TRENT",4103,138763.8,0,0
2026-02-01,04V,"NHS WEST LEICESTERSHIRE",4132,139575.49,0,0
2026-02-01,03N,"NHS SHEFFIELD",4532,160100.88,0,0
2026-02-01,18C,"NHS HEREFORDSHIRE AND WORCESTERSHIRE",4640,179220.28,0,0
2026-02-01,15N,"NHS DEVON",4705,176693.38,0,0
2026-02-01,06H,"NHS CAMBRIDGESHIRE AND PETERBOROUGH",4979,153626.97,0,0
2026-02-01,11N,"NHS CORNWALL AND THE ISLES OF SCILLY",5212,175102.32,0,0
2026-02-01,52R,"NHS NOTTINGHAM AND NOTTINGHAMSHIRE",5714,196757.2,0,0
2026-02-01,92A,"NHS SURREY HEARTLANDS",5742,244092.68,0,0
2026-02-01,D9Y0V,"NHS HAMPSHIRE, SOUTHAMPTON AND ISLE OF WIGHT",6049,262152.23,0,0
2026-02-01,84H,"NHS COUNTY DURHAM",6129,212995.65,0,0
2026-02-01,36L,"NHS SOUTH WEST LONDON",6342,256012.82,0,0
2026-02-01,15E,"NHS BIRMINGHAM AND SOLIHULL",6429,241940.23,0,0
2026-02-01,16C,"NHS TEES VALLEY",6850,239120.92,0,0
2026-02-01,26A,"NHS NORFOLK AND WAVENEY",6927,220706.99,0,0
2026-02-01,93C,"NHS NORTH CENTRAL LONDON",7126,272588.4,0,0
2026-02-01,71E,"NHS LINCOLNSHIRE",7208,220964.22,0,0
2026-02-01,B2M3M,"NHS COVENTRY AND WARWICKSHIRE",7429,243518.93,0,0
2026-02-01,11J,"NHS DORSET",8317,318525.8,0,0
2026-02-01,D2P2L,"NHS BLACK COUNTRY",9102,346202.68,0,0
2026-02-01,72Q,"NHS SOUTH EAST LONDON",9695,415056.67,0,0
2026-02-01,91Q,"NHS KENT AND MEDWAY",11955,447418.42,0,0
2026-03-01,09W,"NHS MEDWAY",0,0,0,0
2026-03-01,D4U1Y,"NHS FRIMLEY",32,967.95,0,0
2026-03-01,01G,"NHS SALFORD",448,15046.64,0,0
2026-03-01,10R,"NHS PORTSMOUTH",528,26101.35,0,0
2026-03-01,01T,"NHS SOUTH SEFTON",574,19710.11,0,0
2026-03-01,01V,"NHS SOUTHPORT AND FORMBY",643,22261.85,0,0
2026-03-01,99G,"NHS SOUTHEND",675,25047.63,0,0
2026-03-01,00V,"NHS BURY",682,23347.12,0,0
2026-03-01,02Q,"NHS BASSETLAW",716,22173.29,0,0
2026-03-01,02A,"NHS TRAFFORD",812,30502.86,0,0
2026-03-01,99F,"NHS CASTLE POINT AND ROCHFORD",840,30066.45,0,0
2026-03-01,01D,"NHS HEYWOOD, MIDDLETON AND ROCHDALE",852,30004.9,0,0
2026-03-01,01W,"NHS STOCKPORT",862,31001.92,0,0
2026-03-01,01Y,"NHS TAMESIDE AND GLOSSOP",959,35195.85,0,0
2026-03-01,09D,"NHS BRIGHTON AND HOVE",974,44050.67,0,0
2026-03-01,99C,"NHS NORTH TYNESIDE",1038,42028.41,0,0
2026-03-01,00T,"NHS BOLTON",1051,36457.71,0,0
2026-03-01,00Y,"NHS OLDHAM",1063,38715.53,0,0
2026-03-01,06N,"NHS HERTS VALLEYS",1068,45390.64,0,0
2026-03-01,01F,"NHS HALTON",1114,38716.22,0,0
2026-03-01,02E,"NHS WARRINGTON",1124,38973.56,0,0
2026-03-01,07G,"NHS THURROCK",1134,35757.95,0,0
2026-03-01,02T,"NHS CALDERDALE",1170,43525.35,0,0
2026-03-01,01X,"NHS ST HELENS",1228,41678.95,0,0
2026-03-01,03Q,"NHS VALE OF YORK",1260,45547.71,0,0
2026-03-01,01J,"NHS KNOWSLEY",1272,41474.27,0,0
2026-03-01,02G,"NHS WEST LANCASHIRE",1317,43703.15,0,0
2026-03-01,00X,"NHS CHORLEY AND SOUTH RIBBLE",1374,50535.4,0,0
2026-03-01,00R,"NHS BLACKPOOL",1376,43997.07,0,0
2026-03-01,36J,"NHS BRADFORD DISTRICT AND CRAVEN",1435,50249.03,0,0
2026-03-01,02M,"NHS FYLDE AND WYRE",1444,48374.21,0,0
2026-03-01,02P,"NHS BARNSLEY",1467,49200.18,0,0
2026-03-01,15A,"NHS BERKSHIRE WEST",1494,51869.72,0,0
2026-03-01,99E,"NHS BASILDON AND BRENTWOOD",1569,57391.92,0,0
2026-03-01,05D,"NHS EAST STAFFORDSHIRE",1641,60876.63,0,0
2026-03-01,97R,"NHS EAST SUSSEX",1697,62680.01,0,0
2026-03-01,14Y,"NHS BUCKINGHAMSHIRE",1712,62145.6,0,0
2026-03-01,03H,"NHS NORTH EAST LINCOLNSHIRE",1762,58531.14,0,0
2026-03-01,02H,"NHS WIGAN BOROUGH",1780,63558.55,0,0
2026-03-01,04Y,"NHS CANNOCK CHASE",1847,65484.62,0,0
2026-03-01,03F,"NHS HULL",1902,61826.84,0,0
2026-03-01,12F,"NHS WIRRAL",1904,70948.65,0,0
2026-03-01,05V,"NHS STAFFORD AND SURROUNDS",1908,68886.72,0,0
2026-03-01,01E,"NHS GREATER PRESTON",1931,67928.91,0,0
2026-03-01,03K,"NHS NORTH LINCOLNSHIRE",1960,58871.44,0,0
2026-03-01,00N,"NHS SOUTH TYNESIDE",1975,79921.47,0,0
2026-03-01,11X,"NHS SOMERSET",2080,76640.91,0,0
2026-03-01,07H,"NHS WEST ESSEX",2184,69984.05,0,0
2026-03-01,06K,"NHS EAST AND NORTH HERTFORDSHIRE",2211,71876.74,0,0
2026-03-01,00Q,"NHS BLACKBURN WITH DARWEN",2258,73679.83,0,0
2026-03-01,01H,"NHS NORTH CUMBRIA",2286,80228.3,0,0
2026-03-01,U2G6B,"NHS THAMES VALLEY ICB - U2G6B",2357,99704.2,0,0
2026-03-01,06Q,"NHS MID ESSEX",2466,76496.06,0,0
2026-03-01,14L,"NHS MANCHESTER",2487,84179.13,0,0
2026-03-01,78H,"NHS NORTHAMPTONSHIRE",2524,78608.05,0,0
2026-03-01,02X,"NHS DONCASTER",2546,87557.84,0,0
2026-03-01,00L,"NHS NORTHUMBERLAND",2580,90911.46,0,0
2026-03-01,05Q,"NHS SOUTH EAST STAFFORDSHIRE AND SEISDON PENINSULA",2637,107040.36,0,0
2026-03-01,06L,"NHS IPSWICH AND EAST SUFFOLK",2798,85085.08,0,0
2026-03-01,10Q,"NHS OXFORDSHIRE",2802,103482.4,0,0
2026-03-01,06T,"NHS NORTH EAST ESSEX",2868,86825.29,0,0
2026-03-01,W2U3Z,"NHS NORTH WEST LONDON",2892,111040.72,0,0
2026-03-01,X2C4Y,"NHS KIRKLEES",2915,120316.42,0,0
2026-03-01,27D,"NHS CHESHIRE",2932,103021.63,0,0
2026-03-01,15M,"NHS DERBY AND DERBYSHIRE",3042,128485.02,0,0
2026-03-01,05G,"NHS NORTH STAFFORDSHIRE",3043,104020.05,0,0
2026-03-01,03R,"NHS WAKEFIELD",3057,105419.4,0,0
2026-03-01,13T,"NHS NEWCASTLE GATESHEAD",3099,120888.91,0,0
2026-03-01,15C,"NHS BRISTOL, NORTH SOMERSET AND SOUTH GLOUCESTERSHIRE",3121,150241.04,0,0
2026-03-01,99A,"NHS LIVERPOOL",3122,106235.72,0,0
2026-03-01,00P,"NHS SUNDERLAND",3135,119400.55,0,0
2026-03-01,02Y,"NHS EAST RIDING OF YORKSHIRE",3201,107963.93,0,0
2026-03-01,M2L0M,"NHS SHROPSHIRE, TELFORD AND WREKIN",3222,127476.24,0,0
2026-03-01,92G,"NHS BATH AND NORTH EAST SOMERSET, SWINDON AND WILTSHIRE",3374,126205.81,0,0
2026-03-01,11M,"NHS GLOUCESTERSHIRE",3385,123941.02,0,0
2026-03-01,03W,"NHS EAST LEICESTERSHIRE AND RUTLAND",3400,115721.46,0,0
2026-03-01,04C,"NHS LEICESTER CITY",3565,114304.23,0,0
2026-03-01,03L,"NHS ROTHERHAM",3622,116851.81,0,0
2026-03-01,07K,"NHS WEST SUFFOLK",3735,114664.16,0,0
2026-03-01,A3A8R,"NHS NORTH EAST LONDON",3825,147526.61,0,0
2026-03-01,70F,"NHS WEST SUSSEX",3923,157338.57,0,0
2026-03-01,01A,"NHS EAST LANCASHIRE",4050,131896.34,0,0
2026-03-01,15F,"NHS LEEDS",4132,155025.82,0,0
2026-03-01,42D,"NHS NORTH YORKSHIRE",4133,131588.44,0,0
2026-03-01,01K,"NHS MORECAMBE BAY",4259,152233.27,0,0
2026-03-01,M1J4Y,"NHS BEDFORDSHIRE, LUTON AND MILTON KEYNES",4273,154255.87,0,0
2026-03-01,05W,"NHS STOKE ON TRENT",4315,146243.02,0,0
2026-03-01,04V,"NHS WEST LEICESTERSHIRE",4517,152577.96,0,0
2026-03-01,03N,"NHS SHEFFIELD",5015,176809.41,0,0
2026-03-01,18C,"NHS HEREFORDSHIRE AND WORCESTERSHIRE",5026,193588.64,0,0
2026-03-01,15N,"NHS DEVON",5279,200510.47,0,0
2026-03-01,06H,"NHS CAMBRIDGESHIRE AND PETERBOROUGH",5406,167705.86,0,0
2026-03-01,11N,"NHS CORNWALL AND THE ISLES OF SCILLY",5446,182591.41,0,0
2026-03-01,52R,"NHS NOTTINGHAM AND NOTTINGHAMSHIRE",5999,207797.59,0,0
2026-03-01,92A,"NHS SURREY HEARTLANDS",6117,258850.23,0,0
2026-03-01,36L,"NHS SOUTH WEST LONDON",6531,266101.19,0,0
2026-03-01,D9Y0V,"NHS HAMPSHIRE, SOUTHAMPTON AND ISLE OF WIGHT",6534,285153.74,0,0
2026-03-01,84H,"NHS COUNTY DURHAM",6620,230934.66,0,0
2026-03-01,15E,"NHS BIRMINGHAM AND SOLIHULL",6922,260593.86,0,0
2026-03-01,16C,"NHS TEES VALLEY",7283,253965.11,0,0
2026-03-01,26A,"NHS NORFOLK AND WAVENEY",7554,240516.71,0,0
2026-03-01,71E,"NHS LINCOLNSHIRE",7577,231435.4,0,0
2026-03-01,93C,"NHS NORTH CENTRAL LONDON",7872,300950.04,0,0
2026-03-01,B2M3M,"NHS COVENTRY AND WARWICKSHIRE",8028,263779.44,0,0
2026-03-01,11J,"NHS DORSET",8789,339736.11,0,0
2026-03-01,D2P2L,"NHS BLACK COUNTRY",10074,381952.62,0,0
2026-03-01,72Q,"NHS SOUTH EAST LONDON",10454,446731.77,0,0
2026-03-01,91Q,"NHS KENT AND MEDWAY",13382,501131.78,0,0
2026-04-01,09W,"NHS MEDWAY",0,0,0,0
2026-04-01,D4U1Y,"NHS FRIMLEY",17,498.64,0,0
2026-04-01,01G,"NHS SALFORD",436,14430.78,0,0
2026-04-01,10R,"NHS PORTSMOUTH",515,25397.5,0,0
2026-04-01,01T,"NHS SOUTH SEFTON",585,20150.08,0,0
2026-04-01,99G,"NHS SOUTHEND",622,23199.81,0,0
2026-04-01,00V,"NHS BURY",652,22027.4,0,0
2026-04-01,01V,"NHS SOUTHPORT AND FORMBY",729,25693.36,0,0
2026-04-01,02Q,"NHS BASSETLAW",746,23140.74,0,0
2026-04-01,02A,"NHS TRAFFORD",753,28273.79,0,0
2026-04-01,99F,"NHS CASTLE POINT AND ROCHFORD",800,28694.42,0,0
2026-04-01,01W,"NHS STOCKPORT",845,30591.2,0,0
2026-04-01,01D,"NHS HEYWOOD, MIDDLETON AND ROCHDALE",849,29183.91,0,0
2026-04-01,01Y,"NHS TAMESIDE AND GLOSSOP",912,32790.97,0,0
2026-04-01,06N,"NHS HERTS VALLEYS",950,40232.09,0,0
2026-04-01,09D,"NHS BRIGHTON AND HOVE",955,42835.24,0,0
2026-04-01,99C,"NHS NORTH TYNESIDE",961,38948.87,0,0
2026-04-01,00T,"NHS BOLTON",1024,35313.91,0,0
2026-04-01,00Y,"NHS OLDHAM",1063,39536.54,0,0
2026-04-01,02E,"NHS WARRINGTON",1068,37767.43,0,0
2026-04-01,01F,"NHS HALTON",1117,39361.29,0,0
2026-04-01,07G,"NHS THURROCK",1123,35806.69,0,0
2026-04-01,03Q,"NHS VALE OF YORK",1145,41024.26,0,0
2026-04-01,01X,"NHS ST HELENS",1174,40095.01,0,0
2026-04-01,02T,"NHS CALDERDALE",1192,44551.86,0,0
2026-04-01,02G,"NHS WEST LANCASHIRE",1217,41033.75,0,0
2026-04-01,00R,"NHS BLACKPOOL",1272,40917.19,0,0
2026-04-01,00X,"NHS CHORLEY AND SOUTH RIBBLE",1293,46752.1,0,0
2026-04-01,02M,"NHS FYLDE AND WYRE",1309,43869.7,0,0
2026-04-01,01J,"NHS KNOWSLEY",1340,44788.26,0,0
2026-04-01,02P,"NHS BARNSLEY",1398,46752.7,0,0
2026-04-01,15A,"NHS BERKSHIRE WEST",1438,50523.58,0,0
2026-04-01,36J,"NHS BRADFORD DISTRICT AND CRAVEN",1488,52223.95,0,0
2026-04-01,05D,"NHS EAST STAFFORDSHIRE",1504,55978.23,0,0
2026-04-01,99E,"NHS BASILDON AND BRENTWOOD",1519,56156.59,0,0
2026-04-01,97R,"NHS EAST SUSSEX",1617,59200.04,0,0
2026-04-01,04Y,"NHS CANNOCK CHASE",1704,60879.64,0,0
2026-04-01,14Y,"NHS BUCKINGHAMSHIRE",1717,61923.84,0,0
2026-04-01,12F,"NHS WIRRAL",1745,65346.57,0,0
2026-04-01,01E,"NHS GREATER PRESTON",1766,61469.93,0,0
2026-04-01,05V,"NHS STAFFORD AND SURROUNDS",1777,65301.45,0,0
2026-04-01,03H,"NHS NORTH EAST LINCOLNSHIRE",1802,58729.8,0,0
2026-04-01,02H,"NHS WIGAN BOROUGH",1826,65406.2,0,0
2026-04-01,03F,"NHS HULL",1841,60128.83,0,0
2026-04-01,03K,"NHS NORTH LINCOLNSHIRE",1933,58880.04,0,0
2026-04-01,11X,"NHS SOMERSET",1955,71791.9,0,0
2026-04-01,00N,"NHS SOUTH TYNESIDE",2005,80068.45,0,0
2026-04-01,06K,"NHS EAST AND NORTH HERTFORDSHIRE",2094,67562.02,0,0
2026-04-01,07H,"NHS WEST ESSEX",2096,68092.75,0,0
2026-04-01,00Q,"NHS BLACKBURN WITH DARWEN",2131,69104.36,0,0
2026-04-01,U2G6B,"NHS THAMES VALLEY ICB - U2G6B",2217,92326.79,0,0
2026-04-01,01H,"NHS NORTH CUMBRIA",2238,79181.63,0,0
2026-04-01,14L,"NHS MANCHESTER",2391,81539.16,0,0
2026-04-01,78H,"NHS NORTHAMPTONSHIRE",2421,76228.83,0,0
2026-04-01,05Q,"NHS SOUTH EAST STAFFORDSHIRE AND SEISDON PENINSULA",2490,100030.97,0,0
2026-04-01,06Q,"NHS MID ESSEX",2501,78186.77,0,0
2026-04-01,02X,"NHS DONCASTER",2514,86433.52,0,0
2026-04-01,00L,"NHS NORTHUMBERLAND",2551,88470.77,0,0
2026-04-01,06L,"NHS IPSWICH AND EAST SUFFOLK",2703,81668.74,0,0
2026-04-01,10Q,"NHS OXFORDSHIRE",2712,98890.05,0,0
2026-04-01,W2U3Z,"NHS NORTH WEST LONDON",2768,106406.6,0,0
2026-04-01,X2C4Y,"NHS KIRKLEES",2779,113053.11,0,0
2026-04-01,06T,"NHS NORTH EAST ESSEX",2895,87372.63,0,0
2026-04-01,15C,"NHS BRISTOL, NORTH SOMERSET AND SOUTH GLOUCESTERSHIRE",2904,139510.31,0,0
2026-04-01,15M,"NHS DERBY AND DERBYSHIRE",2906,122563.73,0,0
2026-04-01,00P,"NHS SUNDERLAND",2930,113856.56,0,0
2026-04-01,03R,"NHS WAKEFIELD",2952,100860.65,0,0
2026-04-01,27D,"NHS CHESHIRE",2975,104666.76,0,0
2026-04-01,05G,"NHS NORTH STAFFORDSHIRE",3023,102628.36,0,0
2026-04-01,13T,"NHS NEWCASTLE GATESHEAD",3067,119047.92,0,0
2026-04-01,02Y,"NHS EAST RIDING OF YORKSHIRE",3092,103740.28,0,0
2026-04-01,99A,"NHS LIVERPOOL",3171,107086.64,0,0
2026-04-01,M2L0M,"NHS SHROPSHIRE, TELFORD AND WREKIN",3175,126830.08,0,0
2026-04-01,11M,"NHS GLOUCESTERSHIRE",3223,118110.66,0,0
2026-04-01,92G,"NHS BATH AND NORTH EAST SOMERSET, SWINDON AND WILTSHIRE",3302,122662.15,0,0
2026-04-01,03W,"NHS EAST LEICESTERSHIRE AND RUTLAND",3317,111862.42,0,0
2026-04-01,04C,"NHS LEICESTER CITY",3524,113130.93,0,0
2026-04-01,03L,"NHS ROTHERHAM",3540,114570.33,0,0
2026-04-01,07K,"NHS WEST SUFFOLK",3758,115085.31,0,0
2026-04-01,70F,"NHS WEST SUSSEX",3767,148350.4,0,0
2026-04-01,A3A8R,"NHS NORTH EAST LONDON",3821,149139.19,0,0
2026-04-01,01A,"NHS EAST LANCASHIRE",3922,126537.43,0,0
2026-04-01,01K,"NHS MORECAMBE BAY",3985,144554.74,0,0
2026-04-01,15F,"NHS LEEDS",4052,152343.42,0,0
2026-04-01,42D,"NHS NORTH YORKSHIRE",4071,130348.22,0,0
2026-04-01,M1J4Y,"NHS BEDFORDSHIRE, LUTON AND MILTON KEYNES",4199,153088.26,0,0
2026-04-01,04V,"NHS WEST LEICESTERSHIRE",4395,149066.75,0,0
2026-04-01,05W,"NHS STOKE ON TRENT",4518,154425.8,0,0
2026-04-01,03N,"NHS SHEFFIELD",4804,170216.37,0,0
2026-04-01,18C,"NHS HEREFORDSHIRE AND WORCESTERSHIRE",4886,189214.25,0,0
2026-04-01,15N,"NHS DEVON",5031,189622.73,0,0
2026-04-01,06H,"NHS CAMBRIDGESHIRE AND PETERBOROUGH",5272,163351.03,0,0
2026-04-01,11N,"NHS CORNWALL AND THE ISLES OF SCILLY",5398,181751.42,0,0
2026-04-01,52R,"NHS NOTTINGHAM AND NOTTINGHAMSHIRE",5745,199994.77,0,0
2026-04-01,92A,"NHS SURREY HEARTLANDS",5858,246776.92,0,0
2026-04-01,36L,"NHS SOUTH WEST LONDON",6331,257420.04,0,0
2026-04-01,D9Y0V,"NHS HAMPSHIRE, SOUTHAMPTON AND ISLE OF WIGHT",6339,274151.38,0,0
2026-04-01,84H,"NHS COUNTY DURHAM",6365,222392.42,0,0
2026-04-01,15E,"NHS BIRMINGHAM AND SOLIHULL",6783,254434.94,0,0
2026-04-01,16C,"NHS TEES VALLEY",7087,248036.86,0,0
2026-04-01,26A,"NHS NORFOLK AND WAVENEY",7237,231533.28,0,0
2026-04-01,71E,"NHS LINCOLNSHIRE",7488,229287.05,0,0
2026-04-01,11J,"NHS DORSET",7620,294978.59,0,0
2026-04-01,B2M3M,"NHS COVENTRY AND WARWICKSHIRE",7840,257993.92,0,0
2026-04-01,93C,"NHS NORTH CENTRAL LONDON",7888,303735.63,0,0
2026-04-01,D2P2L,"NHS BLACK COUNTRY",9540,362682.86,0,0
2026-04-01,72Q,"NHS SOUTH EAST LONDON",10495,449546.98,0,0
2026-04-01,91Q,"NHS KENT AND MEDWAY",12741,478569.88,0,0
2026-05-01,09W,"NHS MEDWAY",0,0,0,0
2026-05-01,D4U1Y,"NHS FRIMLEY",32,967.92,0,0
2026-05-01,01G,"NHS SALFORD",432,14723.95,0,0
2026-05-01,10R,"NHS PORTSMOUTH",455,23051.14,0,0
2026-05-01,01T,"NHS SOUTH SEFTON",557,18683.71,0,0
2026-05-01,99G,"NHS SOUTHEND",600,22701.08,0,0
2026-05-01,00V,"NHS BURY",645,22203.18,0,0
2026-05-01,01V,"NHS SOUTHPORT AND FORMBY",663,23024.42,0,0
2026-05-01,02Q,"NHS BASSETLAW",683,21416.98,0,0
2026-05-01,01D,"NHS HEYWOOD, MIDDLETON AND ROCHDALE",770,27218.49,0,0
2026-05-01,02A,"NHS TRAFFORD",781,29564.22,0,0
2026-05-01,99F,"NHS CASTLE POINT AND ROCHFORD",785,28954.9,0,0
2026-05-01,01W,"NHS STOCKPORT",802,29417.88,0,0
2026-05-01,01Y,"NHS TAMESIDE AND GLOSSOP",883,32409.51,0,0
2026-05-01,99C,"NHS NORTH TYNESIDE",899,35752.2,0,0
2026-05-01,06N,"NHS HERTS VALLEYS",943,40163.55,0,0
2026-05-01,09D,"NHS BRIGHTON AND HOVE",986,44813.16,0,0
2026-05-01,00Y,"NHS OLDHAM",1035,37718.32,0,0
2026-05-01,07G,"NHS THURROCK",1039,33225.41,0,0
2026-05-01,00T,"NHS BOLTON",1040,36047.14,0,0
2026-05-01,01F,"NHS HALTON",1064,37220.29,0,0
2026-05-01,02T,"NHS CALDERDALE",1069,40357.58,0,0
2026-05-01,02E,"NHS WARRINGTON",1095,38631.17,0,0
2026-05-01,03Q,"NHS VALE OF YORK",1104,39241.94,0,0
2026-05-01,01X,"NHS ST HELENS",1145,38921.84,0,0
2026-05-01,02G,"NHS WEST LANCASHIRE",1145,38247.49,0,0
2026-05-01,01J,"NHS KNOWSLEY",1183,39684.62,0,0
2026-05-01,00X,"NHS CHORLEY AND SOUTH RIBBLE",1242,46516.91,0,0
2026-05-01,02M,"NHS FYLDE AND WYRE",1265,42511.19,0,0
2026-05-01,00R,"NHS BLACKPOOL",1283,40477.53,0,0
2026-05-01,36J,"NHS BRADFORD DISTRICT AND CRAVEN",1359,48045.89,0,0
2026-05-01,02P,"NHS BARNSLEY",1363,45810.87,0,0
2026-05-01,15A,"NHS BERKSHIRE WEST",1373,48428.21,0,0
2026-05-01,99E,"NHS BASILDON AND BRENTWOOD",1442,53275.72,0,0
2026-05-01,05D,"NHS EAST STAFFORDSHIRE",1549,57356.99,0,0
2026-05-01,97R,"NHS EAST SUSSEX",1594,58564.9,0,0
2026-05-01,02H,"NHS WIGAN BOROUGH",1669,60713.05,0,0
2026-05-01,03H,"NHS NORTH EAST LINCOLNSHIRE",1701,56249.53,0,0
2026-05-01,14Y,"NHS BUCKINGHAMSHIRE",1725,61995.6,0,0
2026-05-01,12F,"NHS WIRRAL",1750,65610.53,0,0
2026-05-01,04Y,"NHS CANNOCK CHASE",1774,63457.4,0,0
2026-05-01,01E,"NHS GREATER PRESTON",1794,62822.3,0,0
2026-05-01,05V,"NHS STAFFORD AND SURROUNDS",1812,66455.63,0,0
2026-05-01,03K,"NHS NORTH LINCOLNSHIRE",1860,56524.62,0,0
2026-05-01,03F,"NHS HULL",1878,61565.93,0,0
2026-05-01,00N,"NHS SOUTH TYNESIDE",1899,76255.54,0,0
2026-05-01,00Q,"NHS BLACKBURN WITH DARWEN",1986,65496.19,0,0
2026-05-01,11X,"NHS SOMERSET",1997,74216.89,0,0
2026-05-01,06K,"NHS EAST AND NORTH HERTFORDSHIRE",2055,66108.58,0,0
2026-05-01,07H,"NHS WEST ESSEX",2129,68503.64,0,0
2026-05-01,U2G6B,"NHS THAMES VALLEY ICB - U2G6B",2195,93557.97,0,0
2026-05-01,01H,"NHS NORTH CUMBRIA",2221,78647.51,0,0
2026-05-01,14L,"NHS MANCHESTER",2267,76641.12,0,0
2026-05-01,00L,"NHS NORTHUMBERLAND",2291,80532.04,0,0
2026-05-01,78H,"NHS NORTHAMPTONSHIRE",2295,72360.56,0,0
2026-05-01,05Q,"NHS SOUTH EAST STAFFORDSHIRE AND SEISDON PENINSULA",2396,96905.73,0,0
2026-05-01,06Q,"NHS MID ESSEX",2423,75075.1,0,0
2026-05-01,02X,"NHS DONCASTER",2458,84048.19,0,0
2026-05-01,15C,"NHS BRISTOL, NORTH SOMERSET AND SOUTH GLOUCESTERSHIRE",2537,121640.2,0,0
2026-05-01,10Q,"NHS OXFORDSHIRE",2656,96589.96,0,0
2026-05-01,00P,"NHS SUNDERLAND",2660,104177.61,0,0
2026-05-01,06L,"NHS IPSWICH AND EAST SUFFOLK",2667,81008.69,0,0
2026-05-01,03R,"NHS WAKEFIELD",2679,92054.88,0,0
2026-05-01,06T,"NHS NORTH EAST ESSEX",2684,81454.49,0,0
2026-05-01,W2U3Z,"NHS NORTH WEST LONDON",2746,105937.2,0,0
2026-05-01,X2C4Y,"NHS KIRKLEES",2766,113779.52,0,0
2026-05-01,27D,"NHS CHESHIRE",2778,98648.03,0,0
2026-05-01,13T,"NHS NEWCASTLE GATESHEAD",2891,114172.07,0,0
2026-05-01,15M,"NHS DERBY AND DERBYSHIRE",2913,122675.27,0,0
2026-05-01,99A,"NHS LIVERPOOL",3007,102246.73,0,0
2026-05-01,02Y,"NHS EAST RIDING OF YORKSHIRE",3055,102674.45,0,0
2026-05-01,05G,"NHS NORTH STAFFORDSHIRE",3131,108233.2,0,0
2026-05-01,M2L0M,"NHS SHROPSHIRE, TELFORD AND WREKIN",3135,124247.59,0,0
2026-05-01,92G,"NHS BATH AND NORTH EAST SOMERSET, SWINDON AND WILTSHIRE",3240,121011.04,0,0
2026-05-01,11M,"NHS GLOUCESTERSHIRE",3263,121030.59,0,0
2026-05-01,03W,"NHS EAST LEICESTERSHIRE AND RUTLAND",3303,112739.1,0,0
2026-05-01,03L,"NHS ROTHERHAM",3350,108954.8,0,0
2026-05-01,04C,"NHS LEICESTER CITY",3377,108321.26,0,0
2026-05-01,07K,"NHS WEST SUFFOLK",3528,108325.53,0,0
2026-05-01,A3A8R,"NHS NORTH EAST LONDON",3624,141073.7,0,0
2026-05-01,01A,"NHS EAST LANCASHIRE",3685,120180.01,0,0
2026-05-01,70F,"NHS WEST SUSSEX",3685,146187.07,0,0
2026-05-01,15F,"NHS LEEDS",3737,140787.66,0,0
2026-05-01,01K,"NHS MORECAMBE BAY",3946,142579.99,0,0
2026-05-01,42D,"NHS NORTH YORKSHIRE",3962,126380,0,0
2026-05-01,M1J4Y,"NHS BEDFORDSHIRE, LUTON AND MILTON KEYNES",4089,150370.18,0,0
2026-05-01,05W,"NHS STOKE ON TRENT",4221,143632.37,0,0
2026-05-01,04V,"NHS WEST LEICESTERSHIRE",4330,147079.57,0,0
2026-05-01,18C,"NHS HEREFORDSHIRE AND WORCESTERSHIRE",4803,184361.35,0,0
2026-05-01,03N,"NHS SHEFFIELD",4809,169668.99,0,0
2026-05-01,15N,"NHS DEVON",4928,187491.69,0,0
2026-05-01,06H,"NHS CAMBRIDGESHIRE AND PETERBOROUGH",5183,160825.52,0,0
2026-05-01,11N,"NHS CORNWALL AND THE ISLES OF SCILLY",5363,181226.09,0,0
2026-05-01,52R,"NHS NOTTINGHAM AND NOTTINGHAMSHIRE",5444,190749.54,0,0
2026-05-01,84H,"NHS COUNTY DURHAM",5687,198443.14,0,0
2026-05-01,92A,"NHS SURREY HEARTLANDS",5701,242485.36,0,0
2026-05-01,11J,"NHS DORSET",5804,227258.8,0,0
2026-05-01,36L,"NHS SOUTH WEST LONDON",5908,241083.58,0,0
2026-05-01,D9Y0V,"NHS HAMPSHIRE, SOUTHAMPTON AND ISLE OF WIGHT",6166,266966.76,0,0
2026-05-01,15E,"NHS BIRMINGHAM AND SOLIHULL",6494,247071.96,0,0
2026-05-01,16C,"NHS TEES VALLEY",6717,236157.72,0,0
2026-05-01,26A,"NHS NORFOLK AND WAVENEY",7186,230213.02,0,0
2026-05-01,71E,"NHS LINCOLNSHIRE",7334,225327.15,0,0
2026-05-01,93C,"NHS NORTH CENTRAL LONDON",7696,296549.83,0,0
2026-05-01,B2M3M,"NHS COVENTRY AND WARWICKSHIRE",7732,254305.68,0,0
2026-05-01,D2P2L,"NHS BLACK COUNTRY",9231,352947.97,0,0
2026-05-01,72Q,"NHS SOUTH EAST LONDON",10349,446056.12,0,0
2026-05-01,91Q,"NHS KENT AND MEDWAY",12612,475015.29,0,0
2026-06-01,09W,"NHS MEDWAY",0,0,0,0
2026-06-01,D4U1Y,"NHS FRIMLEY",18,645.24,0,0
2026-06-01,01G,"NHS SALFORD",470,15574.67,0,0
2026-06-01,10R,"NHS PORTSMOUTH",526,26717.04,0,0
2026-06-01,01T,"NHS SOUTH SEFTON",577,19563.54,0,0
2026-06-01,00V,"NHS BURY",653,22613.78,0,0
2026-06-01,99G,"NHS SOUTHEND",671,25106.21,0,0
2026-06-01,01V,"NHS SOUTHPORT AND FORMBY",704,24520.24,0,0
2026-06-01,02Q,"NHS BASSETLAW",741,23098.43,0,0
2026-06-01,02A,"NHS TRAFFORD",767,29270.88,0,0
2026-06-01,99C,"NHS NORTH TYNESIDE",777,31206.1,0,0
2026-06-01,99F,"NHS CASTLE POINT AND ROCHFORD",789,28000.26,0,0
2026-06-01,01D,"NHS HEYWOOD, MIDDLETON AND ROCHDALE",827,28597.21,0,0
2026-06-01,01W,"NHS STOCKPORT",842,31177.58,0,0
2026-06-01,01Y,"NHS TAMESIDE AND GLOSSOP",937,34169.39,0,0
2026-06-01,06N,"NHS HERTS VALLEYS",937,39371.8,0,0
2026-06-01,09D,"NHS BRIGHTON AND HOVE",943,42789.54,0,0
2026-06-01,01F,"NHS HALTON",1042,36399.03,0,0
2026-06-01,07G,"NHS THURROCK",1042,32586.88,0,0
2026-06-01,02E,"NHS WARRINGTON",1090,37422.4,0,0
2026-06-01,00Y,"NHS OLDHAM",1111,41384.28,0,0
2026-06-01,00T,"NHS BOLTON",1119,39009.43,0,0
2026-06-01,03Q,"NHS VALE OF YORK",1128,40121.61,0,0
2026-06-01,01X,"NHS ST HELENS",1188,40593.56,0,0
2026-06-01,02T,"NHS CALDERDALE",1192,45138.24,0,0
2026-06-01,02G,"NHS WEST LANCASHIRE",1207,40593.84,0,0
2026-06-01,02M,"NHS FYLDE AND WYRE",1225,41868.57,0,0
2026-06-01,00X,"NHS CHORLEY AND SOUTH RIBBLE",1259,46751.65,0,0
2026-06-01,00R,"NHS BLACKPOOL",1304,42002.4,0,0
2026-06-01,01J,"NHS KNOWSLEY",1334,44377.73,0,0
2026-06-01,02P,"NHS BARNSLEY",1403,47153.42,0,0
2026-06-01,15A,"NHS BERKSHIRE WEST",1433,50438.79,0,0
2026-06-01,99E,"NHS BASILDON AND BRENTWOOD",1447,53021.63,0,0
2026-06-01,36J,"NHS BRADFORD DISTRICT AND CRAVEN",1509,53585.86,0,0
2026-06-01,05D,"NHS EAST STAFFORDSHIRE",1579,58308.22,0,0
2026-06-01,97R,"NHS EAST SUSSEX",1670,61555.27,0,0
2026-06-01,14Y,"NHS BUCKINGHAMSHIRE",1698,61571.16,0,0
2026-06-01,03H,"NHS NORTH EAST LINCOLNSHIRE",1762,57996.62,0,0
2026-06-01,12F,"NHS WIRRAL",1765,66109.12,0,0
2026-06-01,05V,"NHS STAFFORD AND SURROUNDS",1812,66467.77,0,0
2026-06-01,02H,"NHS WIGAN BOROUGH",1855,66843.28,0,0
2026-06-01,04Y,"NHS CANNOCK CHASE",1872,67097.57,0,0
2026-06-01,00N,"NHS SOUTH TYNESIDE",1878,76079.34,0,0
2026-06-01,01E,"NHS GREATER PRESTON",1883,66058.23,0,0
2026-06-01,03K,"NHS NORTH LINCOLNSHIRE",1927,58342.73,0,0
2026-06-01,03F,"NHS HULL",1950,63472.64,0,0
2026-06-01,11X,"NHS SOMERSET",1952,72244.2,0,0
2026-06-01,06K,"NHS EAST AND NORTH HERTFORDSHIRE",2054,66241.9,0,0
2026-06-01,07H,"NHS WEST ESSEX",2089,68636.2,0,0
2026-06-01,00Q,"NHS BLACKBURN WITH DARWEN",2101,68165.72,0,0
2026-06-01,01H,"NHS NORTH CUMBRIA",2193,77281.37,0,0
2026-06-01,00L,"NHS NORTHUMBERLAND",2234,77217.93,0,0
2026-06-01,U2G6B,"NHS THAMES VALLEY ICB - U2G6B",2238,94174.17,0,0
2026-06-01,00P,"NHS SUNDERLAND",2372,92915.11,0,0
2026-06-01,78H,"NHS NORTHAMPTONSHIRE",2373,74299.38,0,0
2026-06-01,15C,"NHS BRISTOL, NORTH SOMERSET AND SOUTH GLOUCESTERSHIRE",2390,113399.31,0,0
2026-06-01,06Q,"NHS MID ESSEX",2435,75595.7,0,0
2026-06-01,14L,"NHS MANCHESTER",2478,85439.89,0,0
2026-06-01,02X,"NHS DONCASTER",2563,87900.16,0,0
2026-06-01,05Q,"NHS SOUTH EAST STAFFORDSHIRE AND SEISDON PENINSULA",2620,106140.69,0,0
2026-06-01,03R,"NHS WAKEFIELD",2736,94928.71,0,0
2026-06-01,10Q,"NHS OXFORDSHIRE",2795,102190.79,0,0
2026-06-01,06L,"NHS IPSWICH AND EAST SUFFOLK",2796,84799.3,0,0
2026-06-01,27D,"NHS CHESHIRE",2861,101873.5,0,0
2026-06-01,X2C4Y,"NHS KIRKLEES",2863,118387.13,0,0
2026-06-01,13T,"NHS NEWCASTLE GATESHEAD",2868,111914.14,0,0
2026-06-01,06T,"NHS NORTH EAST ESSEX",2955,89298.44,0,0
2026-06-01,W2U3Z,"NHS NORTH WEST LONDON",2988,115352.05,0,0
2026-06-01,15M,"NHS DERBY AND DERBYSHIRE",3003,126656.65,0,0
2026-06-01,05G,"NHS NORTH STAFFORDSHIRE",3072,105466.4,0,0
2026-06-01,02Y,"NHS EAST RIDING OF YORKSHIRE",3096,104231.23,0,0
2026-06-01,99A,"NHS LIVERPOOL",3200,109227.22,0,0
2026-06-01,11M,"NHS GLOUCESTERSHIRE",3305,121801.75,0,0
2026-06-01,M2L0M,"NHS SHROPSHIRE, TELFORD AND WREKIN",3334,132783.01,0,0
2026-06-01,92G,"NHS BATH AND NORTH EAST SOMERSET, SWINDON AND WILTSHIRE",3338,125932.77,0,0
2026-06-01,03W,"NHS EAST LEICESTERSHIRE AND RUTLAND",3400,114928.12,0,0
2026-06-01,11J,"NHS DORSET",3433,131033.83,0,0
2026-06-01,03L,"NHS ROTHERHAM",3512,114045.32,0,0
2026-06-01,04C,"NHS LEICESTER CITY",3579,115066.71,0,0
2026-06-01,01A,"NHS EAST LANCASHIRE",3729,121009.6,0,0
2026-06-01,70F,"NHS WEST SUSSEX",3761,149017.99,0,0
2026-06-01,07K,"NHS WEST SUFFOLK",3766,116111.03,0,0
2026-06-01,01K,"NHS MORECAMBE BAY",3865,139463.96,0,0
2026-06-01,15F,"NHS LEEDS",3942,148680.66,0,0
2026-06-01,42D,"NHS NORTH YORKSHIRE",3993,128097.76,0,0
2026-06-01,M1J4Y,"NHS BEDFORDSHIRE, LUTON AND MILTON KEYNES",4126,150673.37,0,0
2026-06-01,A3A8R,"NHS NORTH EAST LONDON",4133,160959.03,0,0
2026-06-01,05W,"NHS STOKE ON TRENT",4419,151375.3,0,0
2026-06-01,04V,"NHS WEST LEICESTERSHIRE",4425,149754.19,0,0
2026-06-01,18C,"NHS HEREFORDSHIRE AND WORCESTERSHIRE",4834,186035.45,0,0
2026-06-01,03N,"NHS SHEFFIELD",4889,172233.93,0,0
2026-06-01,15N,"NHS DEVON",5165,198646.69,0,0
2026-06-01,06H,"NHS CAMBRIDGESHIRE AND PETERBOROUGH",5350,166318.1,0,0
2026-06-01,84H,"NHS COUNTY DURHAM",5379,186958.48,0,0
2026-06-01,11N,"NHS CORNWALL AND THE ISLES OF SCILLY",5591,188902.22,0,0
2026-06-01,52R,"NHS NOTTINGHAM AND NOTTINGHAMSHIRE",5602,194754.67,0,0
2026-06-01,92A,"NHS SURREY HEARTLANDS",5707,240092.51,0,0
2026-06-01,36L,"NHS SOUTH WEST LONDON",5746,237621.78,0,0
2026-06-01,D9Y0V,"NHS HAMPSHIRE, SOUTHAMPTON AND ISLE OF WIGHT",6314,275072.91,0,0
2026-06-01,15E,"NHS BIRMINGHAM AND SOLIHULL",6619,252175.26,0,0
2026-06-01,16C,"NHS TEES VALLEY",6630,234416.96,0,0
2026-06-01,26A,"NHS NORFOLK AND WAVENEY",7258,231135.59,0,0
2026-06-01,71E,"NHS LINCOLNSHIRE",7329,225399.92,0,0
2026-06-01,B2M3M,"NHS COVENTRY AND WARWICKSHIRE",8024,264579.25,0,0
2026-06-01,93C,"NHS NORTH CENTRAL LONDON",8075,310774.75,0,0
2026-06-01,D2P2L,"NHS BLACK COUNTRY",9875,378079.94,0,0
2026-06-01,72Q,"NHS SOUTH EAST LONDON",10941,469636.78,0,0
2026-06-01,91Q,"NHS KENT AND MEDWAY",12957,488640.19,0,0