date,id,name,y_items,y_actual_cost,x_items,x_actual_cost
2021-07-01,09W,"NHS MEDWAY",0,0,0,0
2021-07-01,D4U1Y,"NHS FRIMLEY",8,106.4,0,0
2021-07-01,01J,"NHS KNOWSLEY",12,172.89,0,0
2021-07-01,03H,"NHS NORTH EAST LINCOLNSHIRE",13,186.18,0,0
2021-07-01,01F,"NHS HALTON",15,403.44,0,0
2021-07-01,02G,"NHS WEST LANCASHIRE",17,466.7,0,0
2021-07-01,05D,"NHS EAST STAFFORDSHIRE",17,416.72,0,0
2021-07-01,07G,"NHS THURROCK",22,614.33,0,0
2021-07-01,10R,"NHS PORTSMOUTH",23,531.83,0,0
2021-07-01,05G,"NHS NORTH STAFFORDSHIRE",24,658.77,0,0
2021-07-01,99G,"NHS SOUTHEND",24,465.39,0,0
2021-07-01,01G,"NHS SALFORD",27,1017.69,0,0
2021-07-01,05V,"NHS STAFFORD AND SURROUNDS",27,624.09,0,0
2021-07-01,04Y,"NHS CANNOCK CHASE",29,790.15,0,0
2021-07-01,01V,"NHS SOUTHPORT AND FORMBY",30,1307.51,0,0
2021-07-01,02Q,"NHS BASSETLAW",31,781.74,0,0
2021-07-01,04C,"NHS LEICESTER CITY",32,633.89,0,0
2021-07-01,01X,"NHS ST HELENS",36,679.53,0,0
2021-07-01,99F,"NHS CASTLE POINT AND ROCHFORD",36,624.99,0,0
2021-07-01,07H,"NHS WEST ESSEX",37,1538.52,0,0
2021-07-01,01T,"NHS SOUTH SEFTON",39,585.15,0,0
2021-07-01,99E,"NHS BASILDON AND BRENTWOOD",39,1075.24,0,0
2021-07-01,05W,"NHS STOKE ON TRENT",40,1449.23,0,0
2021-07-01,U2G6B,"NHS THAMES VALLEY ICB - U2G6B",42,1383.47,0,0
2021-07-01,00V,"NHS BURY",44,857.27,0,0
2021-07-01,05Q,"NHS SOUTH EAST STAFFORDSHIRE AND SEISDON PENINSULA",44,774.22,0,0
2021-07-01,02P,"NHS BARNSLEY",45,771.27,0,0
2021-07-01,03W,"NHS EAST LEICESTERSHIRE AND RUTLAND",45,704.67,0,0
2021-07-01,09D,"NHS BRIGHTON AND HOVE",46,1308.69,0,0
2021-07-01,02T,"NHS CALDERDALE",47,930.77,0,0
2021-07-01,00N,"NHS SOUTH TYNESIDE",48,851.03,0,0
2021-07-01,03F,"NHS HULL",48,799.55,0,0
2021-07-01,00R,"NHS BLACKPOOL",50,704.87,0,0
2021-07-01,03K,"NHS NORTH LINCOLNSHIRE",50,718.02,0,0
2021-07-01,00Q,"NHS BLACKBURN WITH DARWEN",51,824.49,0,0
2021-07-01,04V,"NHS WEST LEICESTERSHIRE",52,935.36,0,0
2021-07-01,12F,"NHS WIRRAL",53,1004.62,0,0
2021-07-01,02E,"NHS WARRINGTON",55,877.66,0,0
2021-07-01,06L,"NHS IPSWICH AND EAST SUFFOLK",55,1714.63,0,0
2021-07-01,00Y,"NHS OLDHAM",56,1196.14,0,0
2021-07-01,06Q,"NHS MID ESSEX",56,1317.82,0,0
2021-07-01,01Y,"NHS TAMESIDE AND GLOSSOP",59,1099.31,0,0
2021-07-01,02M,"NHS FYLDE AND WYRE",62,904.31,0,0
2021-07-01,02X,"NHS DONCASTER",62,970.79,0,0
2021-07-01,07K,"NHS WEST SUFFOLK",64,1548.31,0,0
2021-07-01,01D,"NHS HEYWOOD, MIDDLETON AND ROCHDALE",65,1285.76,0,0
2021-07-01,00T,"NHS BOLTON",66,1334.26,0,0
2021-07-01,11X,"NHS SOMERSET",66,1145.3,0,0
2021-07-01,00P,"NHS SUNDERLAND",67,1276.5,0,0
2021-07-01,03L,"NHS ROTHERHAM",69,1024.03,0,0
2021-07-01,01W,"NHS STOCKPORT",70,1474.31,0,0
2021-07-01,03R,"NHS WAKEFIELD",70,1384.23,0,0
2021-07-01,06T,"NHS NORTH EAST ESSEX",70,1500.08,0,0
2021-07-01,03Q,"NHS VALE OF YORK",74,1415.42,0,0
2021-07-01,15A,"NHS BERKSHIRE WEST",80,1365.28,0,0
2021-07-01,99A,"NHS LIVERPOOL",81,1562.91,0,0
2021-07-01,02Y,"NHS EAST RIDING OF YORKSHIRE",84,1598.29,0,0
2021-07-01,00X,"NHS CHORLEY AND SOUTH RIBBLE",89,1422.92,0,0
2021-07-01,02H,"NHS WIGAN BOROUGH",89,1864.47,0,0
2021-07-01,01H,"NHS NORTH CUMBRIA",90,1436.1,0,0
2021-07-01,01E,"NHS GREATER PRESTON",92,1595.72,0,0
2021-07-01,01K,"NHS MORECAMBE BAY",95,1592.18,0,0
2021-07-01,M2L0M,"NHS SHROPSHIRE, TELFORD AND WREKIN",97,1799.59,0,0
2021-07-01,02A,"NHS TRAFFORD",99,2713.05,0,0
2021-07-01,06N,"NHS HERTS VALLEYS",110,2719.39,0,0
2021-07-01,X2C4Y,"NHS KIRKLEES",111,2061.05,0,0
2021-07-01,01A,"NHS EAST LANCASHIRE",113,1809.84,0,0
2021-07-01,78H,"NHS NORTHAMPTONSHIRE",121,1802.81,0,0
2021-07-01,15F,"NHS LEEDS",126,2417.46,0,0
2021-07-01,72Q,"NHS SOUTH EAST LONDON",130,2999.14,0,0
2021-07-01,15C,"NHS BRISTOL, NORTH SOMERSET AND SOUTH GLOUCESTERSHIRE",133,2731.97,0,0
2021-07-01,10Q,"NHS OXFORDSHIRE",138,2635.33,0,0
2021-07-01,14Y,"NHS BUCKINGHAMSHIRE",142,2601.73,0,0
2021-07-01,B2M3M,"NHS COVENTRY AND WARWICKSHIRE",143,2834.76,0,0
2021-07-01,92G,"NHS BATH AND NORTH EAST SOMERSET, SWINDON AND WILTSHIRE",144,3922.38,0,0
2021-07-01,11N,"NHS CORNWALL AND THE ISLES OF SCILLY",154,3497.37,0,0
2021-07-01,06K,"NHS EAST AND NORTH HERTFORDSHIRE",155,3683.31,0,0
2021-07-01,36J,"NHS BRADFORD DISTRICT AND CRAVEN",156,3242.81,0,0
2021-07-01,99C,"NHS NORTH TYNESIDE",161,3138.04,0,0
2021-07-01,18C,"NHS HEREFORDSHIRE AND WORCESTERSHIRE",162,3615.55,0,0
2021-07-01,93C,"NHS NORTH CENTRAL LONDON",163,3425.32,0,0
2021-07-01,84H,"NHS COUNTY DURHAM",168,2884.14,0,0
2021-07-01,36L,"NHS SOUTH WEST LONDON",171,3916.62,0,0
2021-07-01,A3A8R,"NHS NORTH EAST LONDON",174,3466.63,0,0
2021-07-01,14L,"NHS MANCHESTER",179,3603.97,0,0
2021-07-01,97R,"NHS EAST SUSSEX",179,3710.38,0,0
2021-07-01,70F,"NHS WEST SUSSEX",182,4203.43,0,0
2021-07-01,11J,"NHS DORSET",190,3920.78,0,0
2021-07-01,M1J4Y,"NHS BEDFORDSHIRE, LUTON AND MILTON KEYNES",190,3814.45,0,0
2021-07-01,15M,"NHS DERBY AND DERBYSHIRE",192,4165.86,0,0
2021-07-01,71E,"NHS LINCOLNSHIRE",192,3426.83,0,0
2021-07-01,92A,"NHS SURREY HEARTLANDS",196,4385.09,0,0
2021-07-01,03N,"NHS SHEFFIELD",204,3904.02,0,0
2021-07-01,15E,"NHS BIRMINGHAM AND SOLIHULL",204,3921.76,0,0
2021-07-01,13T,"NHS NEWCASTLE GATESHEAD",205,4002.27,0,0
2021-07-01,26A,"NHS NORFOLK AND WAVENEY",217,7298.37,0,0
2021-07-01,06H,"NHS CAMBRIDGESHIRE AND PETERBOROUGH",234,5394.13,0,0
2021-07-01,91Q,"NHS KENT AND MEDWAY",249,5018,0,0
2021-07-01,00L,"NHS NORTHUMBERLAND",255,4533.22,0,0
2021-07-01,52R,"NHS NOTTINGHAM AND NOTTINGHAMSHIRE",257,5216.3,0,0
2021-07-01,16C,"NHS TEES VALLEY",258,4687.42,0,0
2021-07-01,11M,"NHS GLOUCESTERSHIRE",261,5159.28,0,0
2021-07-01,D2P2L,"NHS BLACK COUNTRY",262,5562.03,0,0
2021-07-01,W2U3Z,"NHS NORTH WEST LONDON",262,5343.33,0,0
2021-07-01,D9Y0V,"NHS HAMPSHIRE, SOUTHAMPTON AND ISLE OF WIGHT",296,7440.61,0,0
2021-07-01,27D,"NHS CHESHIRE",302,5308.05,0,0
2021-07-01,42D,"NHS NORTH YORKSHIRE",336,6268.91,0,0
2021-07-01,15N,"NHS DEVON",347,7117.31,0,0
2021-08-01,09W,"NHS MEDWAY",0,0,0,0
2021-08-01,D4U1Y,"NHS FRIMLEY",1,13.31,0,0
2021-08-01,03H,"NHS NORTH EAST LINCOLNSHIRE",7,93.16,0,0
2021-08-01,01J,"NHS KNOWSLEY",13,173.04,0,0
2021-08-01,02G,"NHS WEST LANCASHIRE",16,292.76,0,0
2021-08-01,01F,"NHS HALTON",18,456.98,0,0
2021-08-01,07G,"NHS THURROCK",19,803.75,0,0
2021-08-01,99G,"NHS SOUTHEND",19,378.56,0,0
2021-08-01,04Y,"NHS CANNOCK CHASE",20,722.57,0,0
2021-08-01,10R,"NHS PORTSMOUTH",23,572.13,0,0
2021-08-01,02Q,"NHS BASSETLAW",25,1032.38,0,0
2021-08-01,05D,"NHS EAST STAFFORDSHIRE",28,567.76,0,0
2021-08-01,04C,"NHS LEICESTER CITY",31,607.76,0,0
2021-08-01,07H,"NHS WEST ESSEX",31,957.68,0,0
2021-08-01,01V,"NHS SOUTHPORT AND FORMBY",32,1155.98,0,0
2021-08-01,05V,"NHS STAFFORD AND SURROUNDS",32,704.44,0,0
2021-08-01,02P,"NHS BARNSLEY",33,558.93,0,0
2021-08-01,99E,"NHS BASILDON AND BRENTWOOD",33,873.53,0,0
2021-08-01,01G,"NHS SALFORD",34,786.93,0,0
2021-08-01,05Q,"NHS SOUTH EAST STAFFORDSHIRE AND SEISDON PENINSULA",34,558.94,0,0
2021-08-01,05G,"NHS NORTH STAFFORDSHIRE",35,1056.56,0,0
2021-08-01,05W,"NHS STOKE ON TRENT",35,1634.13,0,0
2021-08-01,00V,"NHS BURY",38,754.45,0,0
2021-08-01,01T,"NHS SOUTH SEFTON",38,612.18,0,0
2021-08-01,01X,"NHS ST HELENS",38,558.98,0,0
2021-08-01,03W,"NHS EAST LEICESTERSHIRE AND RUTLAND",38,657.96,0,0
2021-08-01,99F,"NHS CASTLE POINT AND ROCHFORD",38,638.77,0,0
2021-08-01,U2G6B,"NHS THAMES VALLEY ICB - U2G6B",40,904.83,0,0
2021-08-01,00Q,"NHS BLACKBURN WITH DARWEN",43,665.43,0,0
2021-08-01,00N,"NHS SOUTH TYNESIDE",46,864.96,0,0
2021-08-01,02T,"NHS CALDERDALE",49,1181.24,0,0
2021-08-01,09D,"NHS BRIGHTON AND HOVE",49,1260.19,0,0
2021-08-01,12F,"NHS WIRRAL",49,965.45,0,0
2021-08-01,03K,"NHS NORTH LINCOLNSHIRE",50,731.87,0,0
2021-08-01,06L,"NHS IPSWICH AND EAST SUFFOLK",50,1299.49,0,0
2021-08-01,00Y,"NHS OLDHAM",51,1221.18,0,0
2021-08-01,03F,"NHS HULL",55,851.77,0,0
2021-08-01,00R,"NHS BLACKPOOL",56,811.88,0,0
2021-08-01,04V,"NHS WEST LEICESTERSHIRE",56,1503.77,0,0
2021-08-01,11X,"NHS SOMERSET",56,1051.38,0,0
2021-08-01,06Q,"NHS MID ESSEX",58,1289.04,0,0
2021-08-01,06T,"NHS NORTH EAST ESSEX",61,1251.44,0,0
2021-08-01,01Y,"NHS TAMESIDE AND GLOSSOP",63,1298.32,0,0
2021-08-01,03R,"NHS WAKEFIELD",63,1278.83,0,0
2021-08-01,00T,"NHS BOLTON",64,1400.82,0,0
2021-08-01,01D,"NHS HEYWOOD, MIDDLETON AND ROCHDALE",65,1215.37,0,0
2021-08-01,07K,"NHS WEST SUFFOLK",65,1717.72,0,0
2021-08-01,00X,"NHS CHORLEY AND SOUTH RIBBLE",66,998.19,0,0
2021-08-01,02E,"NHS WARRINGTON",66,1091.23,0,0
2021-08-01,02M,"NHS FYLDE AND WYRE",67,1038.08,0,0
2021-08-01,02X,"NHS DONCASTER",67,1077.97,0,0
2021-08-01,03L,"NHS ROTHERHAM",67,1051.38,0,0
2021-08-01,03Q,"NHS VALE OF YORK",67,1184.38,0,0
2021-08-01,01E,"NHS GREATER PRESTON",68,1077.98,0,0
2021-08-01,15A,"NHS BERKSHIRE WEST",75,1450.63,0,0
2021-08-01,M2L0M,"NHS SHROPSHIRE, TELFORD AND WREKIN",76,1669.1,0,0
2021-08-01,00P,"NHS SUNDERLAND",77,1383.98,0,0
2021-08-01,01H,"NHS NORTH CUMBRIA",81,1406.18,0,0
2021-08-01,02H,"NHS WIGAN BOROUGH",83,1465.45,0,0
2021-08-01,01W,"NHS STOCKPORT",86,1447.06,0,0
2021-08-01,01A,"NHS EAST LANCASHIRE",87,1385.68,0,0
2021-08-01,99A,"NHS LIVERPOOL",89,1691.47,0,0
2021-08-01,01K,"NHS MORECAMBE BAY",93,1593.41,0,0
2021-08-01,06N,"NHS HERTS VALLEYS",94,1997.54,0,0
2021-08-01,02Y,"NHS EAST RIDING OF YORKSHIRE",103,2319.7,0,0
2021-08-01,02A,"NHS TRAFFORD",105,3000.74,0,0
2021-08-01,78H,"NHS NORTHAMPTONSHIRE",111,1795.68,0,0
2021-08-01,92G,"NHS BATH AND NORTH EAST SOMERSET, SWINDON AND WILTSHIRE",113,2445.24,0,0
2021-08-01,X2C4Y,"NHS KIRKLEES",117,2254.84,0,0
2021-08-01,10Q,"NHS OXFORDSHIRE",121,2477.55,0,0
2021-08-01,72Q,"NHS SOUTH EAST LONDON",130,2946.84,0,0
2021-08-01,15C,"NHS BRISTOL, NORTH SOMERSET AND SOUTH GLOUCESTERSHIRE",131,3083.99,0,0
2021-08-01,06K,"NHS EAST AND NORTH HERTFORDSHIRE",140,2929.64,0,0
2021-08-01,18C,"NHS HEREFORDSHIRE AND WORCESTERSHIRE",141,3085.93,0,0
2021-08-01,A3A8R,"NHS NORTH EAST LONDON",144,2960.89,0,0
2021-08-01,11J,"NHS DORSET",147,2822.38,0,0
2021-08-01,B2M3M,"NHS COVENTRY AND WARWICKSHIRE",150,2676.14,0,0
2021-08-01,36J,"NHS BRADFORD DISTRICT AND CRAVEN",151,3354.09,0,0
2021-08-01,36L,"NHS SOUTH WEST LONDON",152,3333.9,0,0
2021-08-01,93C,"NHS NORTH CENTRAL LONDON",152,3216.43,0,0
2021-08-01,14Y,"NHS BUCKINGHAMSHIRE",159,3210.1,0,0
2021-08-01,15F,"NHS LEEDS",160,3047.5,0,0
2021-08-01,M1J4Y,"NHS BEDFORDSHIRE, LUTON AND MILTON KEYNES",162,3488.8,0,0
2021-08-01,92A,"NHS SURREY HEARTLANDS",163,3594.32,0,0
2021-08-01,99C,"NHS NORTH TYNESIDE",164,3127.19,0,0
2021-08-01,11N,"NHS CORNWALL AND THE ISLES OF SCILLY",167,3409.12,0,0
2021-08-01,14L,"NHS MANCHESTER",167,2859.26,0,0
2021-08-01,97R,"NHS EAST SUSSEX",168,3710.19,0,0
2021-08-01,71E,"NHS LINCOLNSHIRE",172,3210.76,0,0
2021-08-01,70F,"NHS WEST SUSSEX",176,3663.79,0,0
2021-08-01,84H,"NHS COUNTY DURHAM",178,3541.2,0,0
2021-08-01,15M,"NHS DERBY AND DERBYSHIRE",182,3461.6,0,0
2021-08-01,03N,"NHS SHEFFIELD",187,3519.48,0,0
2021-08-01,13T,"NHS NEWCASTLE GATESHEAD",189,3845.61,0,0
2021-08-01,15E,"NHS BIRMINGHAM AND SOLIHULL",192,3638.84,0,0
2021-08-01,06H,"NHS CAMBRIDGESHIRE AND PETERBOROUGH",210,5301.99,0,0
2021-08-01,W2U3Z,"NHS NORTH WEST LONDON",213,4459.91,0,0
2021-08-01,26A,"NHS NORFOLK AND WAVENEY",220,6917.77,0,0
2021-08-01,91Q,"NHS KENT AND MEDWAY",242,4680.94,0,0
2021-08-01,D2P2L,"NHS BLACK COUNTRY",242,6541.08,0,0
2021-08-01,27D,"NHS CHESHIRE",251,4796.34,0,0
2021-08-01,16C,"NHS TEES VALLEY",254,4190.21,0,0
2021-08-01,52R,"NHS NOTTINGHAM AND NOTTINGHAMSHIRE",265,5274.37,0,0
2021-08-01,00L,"NHS NORTHUMBERLAND",266,4613.32,0,0
2021-08-01,15N,"NHS DEVON",289,5674.02,0,0
2021-08-01,D9Y0V,"NHS HAMPSHIRE, SOUTHAMPTON AND ISLE OF WIGHT",293,7448.61,0,0
2021-08-01,42D,"NHS NORTH YORKSHIRE",308,5419.55,0,0
2021-08-01,11M,"NHS GLOUCESTERSHIRE",422,7643.35,0,0
2021-09-01,09W,"NHS MEDWAY",0,0,0,0
2021-09-01,D4U1Y,"NHS FRIMLEY",2,26.6,0,0
2021-09-01,01J,"NHS KNOWSLEY",8,106.4,0,0
2021-09-01,03H,"NHS NORTH EAST LINCOLNSHIRE",11,146.26,0,0
2021-09-01,05D,"NHS EAST STAFFORDSHIRE",18,429.93,0,0
2021-09-01,10R,"NHS PORTSMOUTH",19,412.08,0,0
2021-09-01,07G,"NHS THURROCK",21,466.65,0,0
2021-09-01,99G,"NHS SOUTHEND",24,559.91,0,0
2021-09-01,01F,"NHS HALTON",26,664.88,0,0
2021-09-01,02G,"NHS WEST LANCASHIRE",28,531.78,0,0
2021-09-01,02Q,"NHS BASSETLAW",28,755.01,0,0
2021-09-01,05G,"NHS NORTH STAFFORDSHIRE",28,465.34,0,0
2021-09-01,04Y,"NHS CANNOCK CHASE",29,491.93,0,0
2021-09-01,01G,"NHS SALFORD",32,746.08,0,0
2021-09-01,01V,"NHS SOUTHPORT AND FORMBY",32,1320.57,0,0
2021-09-01,07H,"NHS WEST ESSEX",32,1080.07,0,0
2021-09-01,99E,"NHS BASILDON AND BRENTWOOD",33,899.26,0,0
2021-09-01,04C,"NHS LEICESTER CITY",34,607.25,0,0
2021-09-01,05V,"NHS STAFFORD AND SURROUNDS",34,709.79,0,0
2021-09-01,99F,"NHS CASTLE POINT AND ROCHFORD",37,571.75,0,0
2021-09-01,05Q,"NHS SOUTH EAST STAFFORDSHIRE AND SEISDON PENINSULA",38,734.13,0,0
2021-09-01,01T,"NHS SOUTH SEFTON",42,638.26,0,0
2021-09-01,00N,"NHS SOUTH TYNESIDE",43,757.84,0,0
2021-09-01,00V,"NHS BURY",44,754.35,0,0
2021-09-01,01X,"NHS ST HELENS",44,1044.02,0,0
2021-09-01,02P,"NHS BARNSLEY",44,718.01,0,0
2021-09-01,02T,"NHS CALDERDALE",45,905.38,0,0
2021-09-01,U2G6B,"NHS THAMES VALLEY ICB - U2G6B",45,1357.93,0,0
2021-09-01,03W,"NHS EAST LEICESTERSHIRE AND RUTLAND",47,744.48,0,0
2021-09-01,12F,"NHS WIRRAL",47,860.44,0,0
2021-09-01,05W,"NHS STOKE ON TRENT",48,1564.26,0,0
2021-09-01,04V,"NHS WEST LEICESTERSHIRE",53,913,0,0
2021-09-01,06Q,"NHS MID ESSEX",53,1209.83,0,0
2021-09-01,03K,"NHS NORTH LINCOLNSHIRE",57,850.78,0,0
2021-09-01,03R,"NHS WAKEFIELD",57,1197.82,0,0
2021-09-01,06L,"NHS IPSWICH AND EAST SUFFOLK",58,1646.67,0,0
2021-09-01,09D,"NHS BRIGHTON AND HOVE",59,1496.78,0,0
2021-09-01,00Y,"NHS OLDHAM",61,1421.35,0,0
2021-09-01,03F,"NHS HULL",61,959.01,0,0
2021-09-01,03L,"NHS ROTHERHAM",61,997.46,0,0
2021-09-01,00Q,"NHS BLACKBURN WITH DARWEN",62,970.64,0,0
2021-09-01,01D,"NHS HEYWOOD, MIDDLETON AND ROCHDALE",63,1139.37,0,0
2021-09-01,03Q,"NHS VALE OF YORK",63,1175.81,0,0
2021-09-01,02M,"NHS FYLDE AND WYRE",65,970.62,0,0
2021-09-01,00R,"NHS BLACKPOOL",66,930.82,0,0
2021-09-01,02X,"NHS DONCASTER",67,1023.86,0,0
2021-09-01,06T,"NHS NORTH EAST ESSEX",67,1466.19,0,0
2021-09-01,00P,"NHS SUNDERLAND",68,1382.55,0,0
2021-09-01,02E,"NHS WARRINGTON",69,1209.84,0,0
2021-09-01,11X,"NHS SOMERSET",69,1128.9,0,0
2021-09-01,00T,"NHS BOLTON",72,1581.69,0,0
2021-09-01,01Y,"NHS TAMESIDE AND GLOSSOP",72,1422.72,0,0
2021-09-01,15A,"NHS BERKSHIRE WEST",72,1513.92,0,0
2021-09-01,01W,"NHS STOCKPORT",77,1478.48,0,0
2021-09-01,01E,"NHS GREATER PRESTON",79,1409.25,0,0
2021-09-01,01H,"NHS NORTH CUMBRIA",80,1316.09,0,0
2021-09-01,M2L0M,"NHS SHROPSHIRE, TELFORD AND WREKIN",81,1586.43,0,0
2021-09-01,07K,"NHS WEST SUFFOLK",84,2130.63,0,0
2021-09-01,99A,"NHS LIVERPOOL",87,1497.59,0,0
2021-09-01,02H,"NHS WIGAN BOROUGH",91,1475.86,0,0
2021-09-01,02Y,"NHS EAST RIDING OF YORKSHIRE",91,1624.55,0,0
2021-09-01,01K,"NHS MORECAMBE BAY",92,1551.92,0,0
2021-09-01,00X,"NHS CHORLEY AND SOUTH RIBBLE",98,1648.63,0,0
2021-09-01,02A,"NHS TRAFFORD",101,2699.23,0,0
2021-09-01,06N,"NHS HERTS VALLEYS",104,2194.73,0,0
2021-09-01,01A,"NHS EAST LANCASHIRE",112,1824.4,0,0
2021-09-01,78H,"NHS NORTHAMPTONSHIRE",119,2028.69,0,0
2021-09-01,X2C4Y,"NHS KIRKLEES",124,2422.47,0,0
2021-09-01,10Q,"NHS OXFORDSHIRE",126,2276.41,0,0
2021-09-01,15C,"NHS BRISTOL, NORTH SOMERSET AND SOUTH GLOUCESTERSHIRE",135,2889.48,0,0
2021-09-01,92G,"NHS BATH AND NORTH EAST SOMERSET, SWINDON AND WILTSHIRE",135,2971.01,0,0
2021-09-01,B2M3M,"NHS COVENTRY AND WARWICKSHIRE",137,2493.41,0,0
2021-09-01,15F,"NHS LEEDS",141,3295.95,0,0
2021-09-01,06K,"NHS EAST AND NORTH HERTFORDSHIRE",152,3345.97,0,0
2021-09-01,11N,"NHS CORNWALL AND THE ISLES OF SCILLY",159,3694.68,0,0
2021-09-01,70F,"NHS WEST SUSSEX",160,3480.29,0,0
2021-09-01,A3A8R,"NHS NORTH EAST LONDON",160,3274.62,0,0
2021-09-01,14L,"NHS MANCHESTER",161,3017.7,0,0
2021-09-01,36J,"NHS BRADFORD DISTRICT AND CRAVEN",162,4114.26,0,0
2021-09-01,36L,"NHS SOUTH WEST LONDON",162,3866.32,0,0
2021-09-01,93C,"NHS NORTH CENTRAL LONDON",162,3415.96,0,0
2021-09-01,72Q,"NHS SOUTH EAST LONDON",163,3618.9,0,0
2021-09-01,11J,"NHS DORSET",173,3823.68,0,0
2021-09-01,14Y,"NHS BUCKINGHAMSHIRE",176,3326.37,0,0
2021-09-01,M1J4Y,"NHS BEDFORDSHIRE, LUTON AND MILTON KEYNES",177,3368.35,0,0
2021-09-01,99C,"NHS NORTH TYNESIDE",181,3527.77,0,0
2021-09-01,97R,"NHS EAST SUSSEX",182,3705.64,0,0
2021-09-01,92A,"NHS SURREY HEARTLANDS",185,4109.36,0,0
2021-09-01,84H,"NHS COUNTY DURHAM",187,3532.15,0,0
2021-09-01,15M,"NHS DERBY AND DERBYSHIRE",191,3536.41,0,0
2021-09-01,18C,"NHS HEREFORDSHIRE AND WORCESTERSHIRE",191,4502.78,0,0
2021-09-01,71E,"NHS LINCOLNSHIRE",196,3305.53,0,0
2021-09-01,13T,"NHS NEWCASTLE GATESHEAD",199,3722.38,0,0
2021-09-01,15E,"NHS BIRMINGHAM AND SOLIHULL",200,4024.03,0,0
2021-09-01,06H,"NHS CAMBRIDGESHIRE AND PETERBOROUGH",206,4923.14,0,0
2021-09-01,03N,"NHS SHEFFIELD",223,4019.82,0,0
2021-09-01,26A,"NHS NORFOLK AND WAVENEY",246,7172.88,0,0
2021-09-01,D2P2L,"NHS BLACK COUNTRY",253,5410.08,0,0
2021-09-01,16C,"NHS TEES VALLEY",264,4453.69,0,0
2021-09-01,27D,"NHS CHESHIRE",268,4962.46,0,0
2021-09-01,91Q,"NHS KENT AND MEDWAY",275,5331.17,0,0
2021-09-01,W2U3Z,"NHS NORTH WEST LONDON",278,5848.54,0,0
2021-09-01,52R,"NHS NOTTINGHAM AND NOTTINGHAMSHIRE",282,5939.11,0,0
2021-09-01,00L,"NHS NORTHUMBERLAND",289,5024.32,0,0
2021-09-01,D9Y0V,"NHS HAMPSHIRE, SOUTHAMPTON AND ISLE OF WIGHT",317,7981.16,0,0
2021-09-01,42D,"NHS NORTH YORKSHIRE",328,5603.66,0,0
2021-09-01,15N,"NHS DEVON",348,6862.36,0,0
2021-09-01,11M,"NHS GLOUCESTERSHIRE",409,6516.93,0,0
2021-10-01,09W,"NHS MEDWAY",0,0,0,0
2021-10-01,D4U1Y,"NHS FRIMLEY",0,0,0,0
2021-10-01,01J,"NHS KNOWSLEY",7,93.03,0,0
2021-10-01,03H,"NHS NORTH EAST LINCOLNSHIRE",12,172.76,0,0
2021-10-01,07G,"NHS THURROCK",13,320.24,0,0
2021-10-01,01F,"NHS HALTON",15,442.99,0,0
2021-10-01,05D,"NHS EAST STAFFORDSHIRE",17,367.64,0,0
2021-10-01,05G,"NHS NORTH STAFFORDSHIRE",22,627.13,0,0
2021-10-01,99G,"NHS SOUTHEND",22,460.68,0,0
2021-10-01,02G,"NHS WEST LANCASHIRE",23,411.91,0,0
2021-10-01,04Y,"NHS CANNOCK CHASE",27,559.43,0,0
2021-10-01,05Q,"NHS SOUTH EAST STAFFORDSHIRE AND SEISDON PENINSULA",27,491.62,0,0
2021-10-01,99E,"NHS BASILDON AND BRENTWOOD",27,652.62,0,0
2021-10-01,10R,"NHS PORTSMOUTH",30,611.18,0,0
2021-10-01,02Q,"NHS BASSETLAW",31,754.64,0,0
2021-10-01,05V,"NHS STAFFORD AND SURROUNDS",33,672.77,0,0
2021-10-01,01T,"NHS SOUTH SEFTON",34,531.54,0,0
2021-10-01,01V,"NHS SOUTHPORT AND FORMBY",35,1233.94,0,0
2021-10-01,05W,"NHS STOKE ON TRENT",36,1661.24,0,0
2021-10-01,04C,"NHS LEICESTER CITY",37,713.15,0,0
2021-10-01,99F,"NHS CASTLE POINT AND ROCHFORD",39,704.23,0,0
2021-10-01,02P,"NHS BARNSLEY",41,677.69,0,0
2021-10-01,01X,"NHS ST HELENS",42,664.43,0,0
2021-10-01,01G,"NHS SALFORD",43,1459.73,0,0
2021-10-01,00V,"NHS BURY",44,843.37,0,0
2021-10-01,07H,"NHS WEST ESSEX",44,1361.28,0,0
2021-10-01,03W,"NHS EAST LEICESTERSHIRE AND RUTLAND",46,744,0,0
2021-10-01,06Q,"NHS MID ESSEX",46,1095.32,0,0
2021-10-01,00N,"NHS SOUTH TYNESIDE",48,863.69,0,0
2021-10-01,02E,"NHS WARRINGTON",48,876.96,0,0
2021-10-01,U2G6B,"NHS THAMES VALLEY ICB - U2G6B",48,962.08,0,0
2021-10-01,04V,"NHS WEST LEICESTERSHIRE",49,891.86,0,0
2021-10-01,02T,"NHS CALDERDALE",51,1117.43,0,0
2021-10-01,12F,"NHS WIRRAL",51,966.22,0,0
2021-10-01,00R,"NHS BLACKPOOL",52,744.22,0,0
2021-10-01,06L,"NHS IPSWICH AND EAST SUFFOLK",52,1359.62,0,0
2021-10-01,03R,"NHS WAKEFIELD",56,996.58,0,0
2021-10-01,00Q,"NHS BLACKBURN WITH DARWEN",57,863.8,0,0
2021-10-01,03F,"NHS HULL",57,973.36,0,0
2021-10-01,03K,"NHS NORTH LINCOLNSHIRE",58,810.6,0,0
2021-10-01,01D,"NHS HEYWOOD, MIDDLETON AND ROCHDALE",62,1386.69,0,0
2021-10-01,01Y,"NHS TAMESIDE AND GLOSSOP",62,1212.64,0,0
2021-10-01,11X,"NHS SOMERSET",62,1196.22,0,0
2021-10-01,00Y,"NHS OLDHAM",63,1472.14,0,0
2021-10-01,03L,"NHS ROTHERHAM",64,956.83,0,0
2021-10-01,06T,"NHS NORTH EAST ESSEX",64,1184.97,0,0
2021-10-01,02M,"NHS FYLDE AND WYRE",66,986.36,0,0
2021-10-01,09D,"NHS BRIGHTON AND HOVE",66,1826.09,0,0
2021-10-01,07K,"NHS WEST SUFFOLK",67,2044.76,0,0
2021-10-01,00P,"NHS SUNDERLAND",68,1288.85,0,0
2021-10-01,01E,"NHS GREATER PRESTON",70,1169.35,0,0
2021-10-01,02X,"NHS DONCASTER",70,1076.4,0,0
2021-10-01,00T,"NHS BOLTON",73,1541.03,0,0
2021-10-01,03Q,"NHS VALE OF YORK",73,1249.08,0,0
2021-10-01,99A,"NHS LIVERPOOL",77,1551.12,0,0
2021-10-01,15A,"NHS BERKSHIRE WEST",80,1305.17,0,0
2021-10-01,00X,"NHS CHORLEY AND SOUTH RIBBLE",84,1355.45,0,0
2021-10-01,01W,"NHS STOCKPORT",90,1618.14,0,0
2021-10-01,02Y,"NHS EAST RIDING OF YORKSHIRE",90,1690.13,0,0
2021-10-01,01H,"NHS NORTH CUMBRIA",91,1461.6,0,0
2021-10-01,01K,"NHS MORECAMBE BAY",94,1524.61,0,0
2021-10-01,02H,"NHS WIGAN BOROUGH",94,1916.28,0,0
2021-10-01,01A,"NHS EAST LANCASHIRE",96,1489.98,0,0
2021-10-01,M2L0M,"NHS SHROPSHIRE, TELFORD AND WREKIN",96,2010.71,0,0
2021-10-01,06N,"NHS HERTS VALLEYS",99,1981.32,0,0
2021-10-01,02A,"NHS TRAFFORD",103,2414.04,0,0
2021-10-01,78H,"NHS NORTHAMPTONSHIRE",112,1762.88,0,0
2021-10-01,X2C4Y,"NHS KIRKLEES",127,2421.22,0,0
2021-10-01,10Q,"NHS OXFORDSHIRE",128,2515.17,0,0
2021-10-01,15F,"NHS LEEDS",136,2869.83,0,0
2021-10-01,72Q,"NHS SOUTH EAST LONDON",139,3082.09,0,0
2021-10-01,15C,"NHS BRISTOL, NORTH SOMERSET AND SOUTH GLOUCESTERSHIRE",144,3007.14,0,0
2021-10-01,92G,"NHS BATH AND NORTH EAST SOMERSET, SWINDON AND WILTSHIRE",147,2931.61,0,0
2021-10-01,36J,"NHS BRADFORD DISTRICT AND CRAVEN",151,3265.91,0,0
2021-10-01,99C,"NHS NORTH TYNESIDE",151,2803.66,0,0
2021-10-01,B2M3M,"NHS COVENTRY AND WARWICKSHIRE",152,2708.97,0,0
2021-10-01,11N,"NHS CORNWALL AND THE ISLES OF SCILLY",153,2638.55,0,0
2021-10-01,14Y,"NHS BUCKINGHAMSHIRE",158,2918.86,0,0
2021-10-01,18C,"NHS HEREFORDSHIRE AND WORCESTERSHIRE",159,3458.76,0,0
2021-10-01,11J,"NHS DORSET",161,3008.56,0,0
2021-10-01,06K,"NHS EAST AND NORTH HERTFORDSHIRE",163,2921.7,0,0
2021-10-01,14L,"NHS MANCHESTER",163,2944.72,0,0
2021-10-01,A3A8R,"NHS NORTH EAST LONDON",164,3416.28,0,0
2021-10-01,92A,"NHS SURREY HEARTLANDS",173,4145.69,0,0
2021-10-01,36L,"NHS SOUTH WEST LONDON",175,3696.85,0,0
2021-10-01,84H,"NHS COUNTY DURHAM",175,3099.19,0,0
2021-10-01,93C,"NHS NORTH CENTRAL LONDON",175,3520.22,0,0
2021-10-01,M1J4Y,"NHS BEDFORDSHIRE, LUTON AND MILTON KEYNES",184,4006.6,0,0
2021-10-01,15M,"NHS DERBY AND DERBYSHIRE",186,3446.69,0,0
2021-10-01,70F,"NHS WEST SUSSEX",187,3993.37,0,0
2021-10-01,97R,"NHS EAST SUSSEX",188,3578.72,0,0
2021-10-01,71E,"NHS LINCOLNSHIRE",196,3852.09,0,0
2021-10-01,13T,"NHS NEWCASTLE GATESHEAD",200,3919.67,0,0
2021-10-01,15E,"NHS BIRMINGHAM AND SOLIHULL",206,3896.16,0,0
2021-10-01,03N,"NHS SHEFFIELD",212,3912.87,0,0
2021-10-01,26A,"NHS NORFOLK AND WAVENEY",218,6298.52,0,0
2021-10-01,16C,"NHS TEES VALLEY",247,4387.17,0,0
2021-10-01,W2U3Z,"NHS NORTH WEST LONDON",249,4791.69,0,0
2021-10-01,06H,"NHS CAMBRIDGESHIRE AND PETERBOROUGH",250,5259.98,0,0
2021-10-01,91Q,"NHS KENT AND MEDWAY",250,4809.49,0,0
2021-10-01,52R,"NHS NOTTINGHAM AND NOTTINGHAMSHIRE",261,5729.03,0,0
2021-10-01,D2P2L,"NHS BLACK COUNTRY",264,6801.08,0,0
2021-10-01,27D,"NHS CHESHIRE",275,4964.29,0,0
2021-10-01,00L,"NHS NORTHUMBERLAND",276,4460.58,0,0
2021-10-01,42D,"NHS NORTH YORKSHIRE",328,5560.8,0,0
2021-10-01,D9Y0V,"NHS HAMPSHIRE, SOUTHAMPTON AND ISLE OF WIGHT",345,7415.88,0,0
2021-10-01,15N,"NHS DEVON",358,7299.09,0,0
2021-10-01,11M,"NHS GLOUCESTERSHIRE",630,9661.89,0,0
2021-11-01,09W,"NHS MEDWAY",0,0,0,0
2021-11-01,D4U1Y,"NHS FRIMLEY",1,13.3,0,0
2021-11-01,01J,"NHS KNOWSLEY",10,146.31,0,0
2021-11-01,03H,"NHS NORTH EAST LINCOLNSHIRE",16,226.14,0,0
2021-11-01,02G,"NHS WEST LANCASHIRE",19,493.42,0,0
2021-11-01,07G,"NHS THURROCK",20,735.47,0,0
2021-11-01,10R,"NHS PORTSMOUTH",21,452.16,0,0
2021-11-01,99G,"NHS SOUTHEND",22,567.49,0,0
2021-11-01,01F,"NHS HALTON",25,589.77,0,0
2021-11-01,04Y,"NHS CANNOCK CHASE",26,1097.24,0,0
2021-11-01,01V,"NHS SOUTHPORT AND FORMBY",27,1168.57,0,0
2021-11-01,05D,"NHS EAST STAFFORDSHIRE",29,554.2,0,0
2021-11-01,02Q,"NHS BASSETLAW",31,781.94,0,0
2021-11-01,05G,"NHS NORTH STAFFORDSHIRE",32,720.85,0,0
2021-11-01,U2G6B,"NHS THAMES VALLEY ICB - U2G6B",32,964.79,0,0
2021-11-01,00N,"NHS SOUTH TYNESIDE",33,664.97,0,0
2021-11-01,05V,"NHS STAFFORD AND SURROUNDS",33,983.02,0,0
2021-11-01,04C,"NHS LEICESTER CITY",35,620.75,0,0
2021-11-01,99E,"NHS BASILDON AND BRENTWOOD",35,1225.78,0,0
2021-11-01,05W,"NHS STOKE ON TRENT",37,1479.76,0,0
2021-11-01,02P,"NHS BARNSLEY",38,598.53,0,0
2021-11-01,07H,"NHS WEST ESSEX",38,971.25,0,0
2021-11-01,01T,"NHS SOUTH SEFTON",42,638.46,0,0
2021-11-01,05Q,"NHS SOUTH EAST STAFFORDSHIRE AND SEISDON PENINSULA",42,707.9,0,0
2021-11-01,03W,"NHS EAST LEICESTERSHIRE AND RUTLAND",43,960.66,0,0
2021-11-01,12F,"NHS WIRRAL",43,860.71,0,0
2021-11-01,99F,"NHS CASTLE POINT AND ROCHFORD",44,691.69,0,0
2021-11-01,02T,"NHS CALDERDALE",48,931.01,0,0
2021-11-01,01G,"NHS SALFORD",50,993.17,0,0
2021-11-01,00V,"NHS BURY",51,900.93,0,0
2021-11-01,00Q,"NHS BLACKBURN WITH DARWEN",52,798.08,0,0
2021-11-01,01X,"NHS ST HELENS",54,919.16,0,0
2021-11-01,02E,"NHS WARRINGTON",57,891.19,0,0
2021-11-01,04V,"NHS WEST LEICESTERSHIRE",59,1529.6,0,0
2021-11-01,00Y,"NHS OLDHAM",60,1454.25,0,0
2021-11-01,03K,"NHS NORTH LINCOLNSHIRE",61,864.45,0,0
2021-11-01,01D,"NHS HEYWOOD, MIDDLETON AND ROCHDALE",64,1219.35,0,0
2021-11-01,03L,"NHS ROTHERHAM",64,1050.99,0,0
2021-11-01,06L,"NHS IPSWICH AND EAST SUFFOLK",64,1650.63,0,0
2021-11-01,07K,"NHS WEST SUFFOLK",65,1178.68,0,0
2021-11-01,01E,"NHS GREATER PRESTON",66,1197.04,0,0
2021-11-01,03F,"NHS HULL",66,1092.34,0,0
2021-11-01,00R,"NHS BLACKPOOL",67,971.12,0,0
2021-11-01,02X,"NHS DONCASTER",68,1010.95,0,0
2021-11-01,06Q,"NHS MID ESSEX",68,1322.72,0,0
2021-11-01,00P,"NHS SUNDERLAND",69,1369.87,0,0
2021-11-01,06T,"NHS NORTH EAST ESSEX",69,1443.68,0,0
2021-11-01,09D,"NHS BRIGHTON AND HOVE",70,1436.34,0,0
2021-11-01,11X,"NHS SOMERSET",70,1290.39,0,0
2021-11-01,01Y,"NHS TAMESIDE AND GLOSSOP",72,1299.1,0,0
2021-11-01,03R,"NHS WAKEFIELD",72,1505.59,0,0
2021-11-01,02M,"NHS FYLDE AND WYRE",75,1170.55,0,0
2021-11-01,01W,"NHS STOCKPORT",79,1424.52,0,0
2021-11-01,00T,"NHS BOLTON",80,1772.13,0,0
2021-11-01,00X,"NHS CHORLEY AND SOUTH RIBBLE",80,1290.23,0,0
2021-11-01,15A,"NHS BERKSHIRE WEST",80,1826.98,0,0
2021-11-01,99A,"NHS LIVERPOOL",84,1672.31,0,0
2021-11-01,03Q,"NHS VALE OF YORK",85,1601.95,0,0
2021-11-01,M2L0M,"NHS SHROPSHIRE, TELFORD AND WREKIN",88,1787.95,0,0
2021-11-01,01K,"NHS MORECAMBE BAY",94,1610.73,0,0
2021-11-01,01A,"NHS EAST LANCASHIRE",96,1517.65,0,0
2021-11-01,02H,"NHS WIGAN BOROUGH",96,1596.13,0,0
2021-11-01,78H,"NHS NORTHAMPTONSHIRE",97,1794.49,0,0
2021-11-01,02Y,"NHS EAST RIDING OF YORKSHIRE",99,2021.41,0,0
2021-11-01,01H,"NHS NORTH CUMBRIA",106,1742.19,0,0
2021-11-01,06N,"NHS HERTS VALLEYS",109,2383.34,0,0
2021-11-01,02A,"NHS TRAFFORD",128,3204.46,0,0
2021-11-01,X2C4Y,"NHS KIRKLEES",130,2450.24,0,0
2021-11-01,15F,"NHS LEEDS",137,2686.77,0,0
2021-11-01,B2M3M,"NHS COVENTRY AND WARWICKSHIRE",143,2772.53,0,0
2021-11-01,72Q,"NHS SOUTH EAST LONDON",148,3546.76,0,0
2021-11-01,92G,"NHS BATH AND NORTH EAST SOMERSET, SWINDON AND WILTSHIRE",154,3277.15,0,0
2021-11-01,10Q,"NHS OXFORDSHIRE",156,2868.28,0,0
2021-11-01,15C,"NHS BRISTOL, NORTH SOMERSET AND SOUTH GLOUCESTERSHIRE",164,3368.44,0,0
2021-11-01,06K,"NHS EAST AND NORTH HERTFORDSHIRE",166,3391,0,0
2021-11-01,14Y,"NHS BUCKINGHAMSHIRE",166,3055.95,0,0
2021-11-01,36J,"NHS BRADFORD DISTRICT AND CRAVEN",166,3555.7,0,0
2021-11-01,11J,"NHS DORSET",167,3376.67,0,0
2021-11-01,36L,"NHS SOUTH WEST LONDON",167,3294.59,0,0
2021-11-01,18C,"NHS HEREFORDSHIRE AND WORCESTERSHIRE",169,3859,0,0
2021-11-01,93C,"NHS NORTH CENTRAL LONDON",170,3164.72,0,0
2021-11-01,99C,"NHS NORTH TYNESIDE",171,3404.73,0,0
2021-11-01,14L,"NHS MANCHESTER",174,3208.01,0,0
2021-11-01,11N,"NHS CORNWALL AND THE ISLES OF SCILLY",178,3844,0,0
2021-11-01,A3A8R,"NHS NORTH EAST LONDON",181,3720.1,0,0
2021-11-01,15M,"NHS DERBY AND DERBYSHIRE",191,3876.55,0,0
2021-11-01,97R,"NHS EAST SUSSEX",196,4187.84,0,0
2021-11-01,M1J4Y,"NHS BEDFORDSHIRE, LUTON AND MILTON KEYNES",196,3727.89,0,0
2021-11-01,71E,"NHS LINCOLNSHIRE",201,4256.76,0,0
2021-11-01,70F,"NHS WEST SUSSEX",205,3998.87,0,0
2021-11-01,92A,"NHS SURREY HEARTLANDS",208,4115.9,0,0
2021-11-01,13T,"NHS NEWCASTLE GATESHEAD",212,4195.4,0,0
2021-11-01,84H,"NHS COUNTY DURHAM",226,4165.95,0,0
2021-11-01,03N,"NHS SHEFFIELD",227,3913.47,0,0
2021-11-01,26A,"NHS NORFOLK AND WAVENEY",239,7270.27,0,0
2021-11-01,D2P2L,"NHS BLACK COUNTRY",246,6199.02,0,0
2021-11-01,15E,"NHS BIRMINGHAM AND SOLIHULL",247,4512.07,0,0
2021-11-01,W2U3Z,"NHS NORTH WEST LONDON",264,6077.9,0,0
2021-11-01,52R,"NHS NOTTINGHAM AND NOTTINGHAMSHIRE",275,6298.06,0,0
2021-11-01,91Q,"NHS KENT AND MEDWAY",285,5957.78,0,0
2021-11-01,00L,"NHS NORTHUMBERLAND",294,5078,0,0
2021-11-01,27D,"NHS CHESHIRE",295,5151.76,0,0
2021-11-01,16C,"NHS TEES VALLEY",304,5326.86,0,0
2021-11-01,42D,"NHS NORTH YORKSHIRE",314,6175.48,0,0
2021-11-01,06H,"NHS CAMBRIDGESHIRE AND PETERBOROUGH",324,7438.52,0,0
2021-11-01,D9Y0V,"NHS HAMPSHIRE, SOUTHAMPTON AND ISLE OF WIGHT",328,7671.57,0,0
2021-11-01,15N,"NHS DEVON",354,6375.09,0,0
2021-11-01,11M,"NHS GLOUCESTERSHIRE",812,12321.68,0,0
2021-12-01,09W,"NHS MEDWAY",0,0,0,0
2021-12-01,D4U1Y,"NHS FRIMLEY",1,13.31,0,0
2021-12-01,01J,"NHS KNOWSLEY",10,133.14,0,0
2021-12-01,03H,"NHS NORTH EAST LINCOLNSHIRE",14,199.69,0,0
2021-12-01,01F,"NHS HALTON",16,417.15,0,0
2021-12-01,07G,"NHS THURROCK",21,857.16,0,0
2021-12-01,02G,"NHS WEST LANCASHIRE",22,425.94,0,0
2021-12-01,99G,"NHS SOUTHEND",27,607.85,0,0
2021-12-01,05D,"NHS EAST STAFFORDSHIRE",31,643.42,0,0
2021-12-01,05V,"NHS STAFFORD AND SURROUNDS",31,786.93,0,0
2021-12-01,10R,"NHS PORTSMOUTH",33,705.4,0,0
2021-12-01,99E,"NHS BASILDON AND BRENTWOOD",33,736.57,0,0
2021-12-01,04Y,"NHS CANNOCK CHASE",34,935.74,0,0
2021-12-01,05G,"NHS NORTH STAFFORDSHIRE",35,841.19,0,0
2021-12-01,07H,"NHS WEST ESSEX",37,1183.74,0,0
2021-12-01,02Q,"NHS BASSETLAW",40,928.98,0,0
2021-12-01,00N,"NHS SOUTH TYNESIDE",41,705.46,0,0
2021-12-01,01V,"NHS SOUTHPORT AND FORMBY",42,1455.29,0,0
2021-12-01,01X,"NHS ST HELENS",42,778.31,0,0
2021-12-01,04C,"NHS LEICESTER CITY",42,794.21,0,0
2021-12-01,05W,"NHS STOKE ON TRENT",42,1405.04,0,0
2021-12-01,99F,"NHS CASTLE POINT AND ROCHFORD",42,678.86,0,0
2021-12-01,01T,"NHS SOUTH SEFTON",43,692.19,0,0
2021-12-01,02T,"NHS CALDERDALE",43,893.15,0,0
2021-12-01,05Q,"NHS SOUTH EAST STAFFORDSHIRE AND SEISDON PENINSULA",44,772,0,0
2021-12-01,03W,"NHS EAST LEICESTERSHIRE AND RUTLAND",46,825.14,0,0
2021-12-01,00V,"NHS BURY",49,937.98,0,0
2021-12-01,02P,"NHS BARNSLEY",50,838.62,0,0
2021-12-01,04V,"NHS WEST LEICESTERSHIRE",50,914.02,0,0
2021-12-01,03F,"NHS HULL",52,866.91,0,0
2021-12-01,00Q,"NHS BLACKBURN WITH DARWEN",53,878.52,0,0
2021-12-01,U2G6B,"NHS THAMES VALLEY ICB - U2G6B",54,1469.03,0,0
2021-12-01,06L,"NHS IPSWICH AND EAST SUFFOLK",55,1302.69,0,0
2021-12-01,00Y,"NHS OLDHAM",57,1413.02,0,0
2021-12-01,00R,"NHS BLACKPOOL",58,852.01,0,0
2021-12-01,01G,"NHS SALFORD",58,1310.34,0,0
2021-12-01,03K,"NHS NORTH LINCOLNSHIRE",60,851.82,0,0
2021-12-01,06T,"NHS NORTH EAST ESSEX",60,1158.52,0,0
2021-12-01,12F,"NHS WIRRAL",62,1154.23,0,0
2021-12-01,07K,"NHS WEST SUFFOLK",63,1506.22,0,0
2021-12-01,00P,"NHS SUNDERLAND",64,1118.1,0,0
2021-12-01,01D,"NHS HEYWOOD, MIDDLETON AND ROCHDALE",64,1115.41,0,0
2021-12-01,01Y,"NHS TAMESIDE AND GLOSSOP",65,1214.75,0,0
2021-12-01,06Q,"NHS MID ESSEX",68,1537.7,0,0
2021-12-01,03L,"NHS ROTHERHAM",71,1051.7,0,0
2021-12-01,03Q,"NHS VALE OF YORK",74,1390.21,0,0
2021-12-01,00T,"NHS BOLTON",75,1407.11,0,0
2021-12-01,03R,"NHS WAKEFIELD",75,1772.84,0,0
2021-12-01,11X,"NHS SOMERSET",77,1460.35,0,0
2021-12-01,02E,"NHS WARRINGTON",78,1264.54,0,0
2021-12-01,02X,"NHS DONCASTER",80,1251.28,0,0
2021-12-01,02M,"NHS FYLDE AND WYRE",81,1198.11,0,0
2021-12-01,01E,"NHS GREATER PRESTON",82,1424.26,0,0
2021-12-01,09D,"NHS BRIGHTON AND HOVE",89,2298.11,0,0
2021-12-01,15A,"NHS BERKSHIRE WEST",92,1861.75,0,0
2021-12-01,78H,"NHS NORTHAMPTONSHIRE",93,1439.11,0,0
2021-12-01,00X,"NHS CHORLEY AND SOUTH RIBBLE",94,1626.92,0,0
2021-12-01,01A,"NHS EAST LANCASHIRE",97,1397.76,0,0
2021-12-01,02H,"NHS WIGAN BOROUGH",99,1932.95,0,0
2021-12-01,99A,"NHS LIVERPOOL",99,1828.45,0,0
2021-12-01,02A,"NHS TRAFFORD",103,2373.73,0,0
2021-12-01,M2L0M,"NHS SHROPSHIRE, TELFORD AND WREKIN",106,1937.34,0,0
2021-12-01,01H,"NHS NORTH CUMBRIA",107,1765.79,0,0
2021-12-01,01W,"NHS STOCKPORT",113,1904.89,0,0
2021-12-01,01K,"NHS MORECAMBE BAY",121,2012.39,0,0
2021-12-01,02Y,"NHS EAST RIDING OF YORKSHIRE",121,2460.4,0,0
2021-12-01,92G,"NHS BATH AND NORTH EAST SOMERSET, SWINDON AND WILTSHIRE",135,2809.25,0,0
2021-12-01,06N,"NHS HERTS VALLEYS",138,2836.57,0,0
2021-12-01,X2C4Y,"NHS KIRKLEES",144,2718.29,0,0
2021-12-01,15F,"NHS LEEDS",155,3049.6,0,0
2021-12-01,10Q,"NHS OXFORDSHIRE",164,3037.54,0,0
2021-12-01,14L,"NHS MANCHESTER",168,3092.14,0,0
2021-12-01,72Q,"NHS SOUTH EAST LONDON",170,3791.95,0,0
2021-12-01,15C,"NHS BRISTOL, NORTH SOMERSET AND SOUTH GLOUCESTERSHIRE",172,3846.37,0,0
2021-12-01,11N,"NHS CORNWALL AND THE ISLES OF SCILLY",175,3585.02,0,0
2021-12-01,B2M3M,"NHS COVENTRY AND WARWICKSHIRE",176,3214.95,0,0
2021-12-01,06K,"NHS EAST AND NORTH HERTFORDSHIRE",179,3912.62,0,0
2021-12-01,36J,"NHS BRADFORD DISTRICT AND CRAVEN",187,3950.74,0,0
2021-12-01,36L,"NHS SOUTH WEST LONDON",189,4195.67,0,0
2021-12-01,99C,"NHS NORTH TYNESIDE",193,3713.56,0,0
2021-12-01,M1J4Y,"NHS BEDFORDSHIRE, LUTON AND MILTON KEYNES",195,4204.23,0,0
2021-12-01,97R,"NHS EAST SUSSEX",197,4053.95,0,0
2021-12-01,18C,"NHS HEREFORDSHIRE AND WORCESTERSHIRE",199,4094.65,0,0
2021-12-01,A3A8R,"NHS NORTH EAST LONDON",199,3873.49,0,0
2021-12-01,14Y,"NHS BUCKINGHAMSHIRE",200,3956.07,0,0
2021-12-01,11J,"NHS DORSET",202,3831.63,0,0
2021-12-01,13T,"NHS NEWCASTLE GATESHEAD",203,3820.08,0,0
2021-12-01,15M,"NHS DERBY AND DERBYSHIRE",216,4321.98,0,0
2021-12-01,71E,"NHS LINCOLNSHIRE",217,3980.71,0,0
2021-12-01,70F,"NHS WEST SUSSEX",223,4917.49,0,0
2021-12-01,26A,"NHS NORFOLK AND WAVENEY",242,7320.52,0,0
2021-12-01,92A,"NHS SURREY HEARTLANDS",244,5279.69,0,0
2021-12-01,84H,"NHS COUNTY DURHAM",247,4329.11,0,0
2021-12-01,93C,"NHS NORTH CENTRAL LONDON",250,5121.72,0,0
2021-12-01,W2U3Z,"NHS NORTH WEST LONDON",252,5202.19,0,0
2021-12-01,03N,"NHS SHEFFIELD",260,4681.83,0,0
2021-12-01,15E,"NHS BIRMINGHAM AND SOLIHULL",266,4854.02,0,0
2021-12-01,D2P2L,"NHS BLACK COUNTRY",268,6256.25,0,0
2021-12-01,27D,"NHS CHESHIRE",279,4966.64,0,0
2021-12-01,52R,"NHS NOTTINGHAM AND NOTTINGHAMSHIRE",294,5879.82,0,0
2021-12-01,91Q,"NHS KENT AND MEDWAY",300,6007,0,0
2021-12-01,16C,"NHS TEES VALLEY",310,5380.93,0,0
2021-12-01,00L,"NHS NORTHUMBERLAND",318,5459,0,0
2021-12-01,06H,"NHS CAMBRIDGESHIRE AND PETERBOROUGH",341,7168.05,0,0
2021-12-01,42D,"NHS NORTH YORKSHIRE",344,6101.17,0,0
2021-12-01,D9Y0V,"NHS HAMPSHIRE, SOUTHAMPTON AND ISLE OF WIGHT",394,8794.43,0,0
2021-12-01,15N,"NHS DEVON",422,8385.83,0,0
2021-12-01,11M,"NHS GLOUCESTERSHIRE",528,8708.66,0,0
2022-01-01,09W,"NHS MEDWAY",0,0,0,0
2022-01-01,D4U1Y,"NHS FRIMLEY",0,0,0,0
2022-01-01,03H,"NHS NORTH EAST LINCOLNSHIRE",12,160.1,0,0
2022-01-01,01J,"NHS KNOWSLEY",13,173.46,0,0
2022-01-01,02Q,"NHS BASSETLAW",19,597.5,0,0
2022-01-01,07G,"NHS THURROCK",19,536.24,0,0
2022-01-01,05D,"NHS EAST STAFFORDSHIRE",21,346.79,0,0
2022-01-01,01F,"NHS HALTON",22,551.47,0,0
2022-01-01,04Y,"NHS CANNOCK CHASE",22,521.57,0,0
2022-01-01,10R,"NHS PORTSMOUTH",22,453.5,0,0
2022-01-01,02G,"NHS WEST LANCASHIRE",24,574.91,0,0
2022-01-01,99G,"NHS SOUTHEND",24,480.18,0,0
2022-01-01,05G,"NHS NORTH STAFFORDSHIRE",25,386.88,0,0
2022-01-01,01V,"NHS SOUTHPORT AND FORMBY",26,1078.7,0,0
2022-01-01,05V,"NHS STAFFORD AND SURROUNDS",28,729.07,0,0
2022-01-01,99E,"NHS BASILDON AND BRENTWOOD",32,1122.7,0,0
2022-01-01,05Q,"NHS SOUTH EAST STAFFORDSHIRE AND SEISDON PENINSULA",33,546.96,0,0
2022-01-01,04C,"NHS LEICESTER CITY",34,533.61,0,0
2022-01-01,05W,"NHS STOKE ON TRENT",36,1506.36,0,0
2022-01-01,99F,"NHS CASTLE POINT AND ROCHFORD",36,640.3,0,0
2022-01-01,00V,"NHS BURY",37,713.28,0,0
2022-01-01,01X,"NHS ST HELENS",37,668.37,0,0
2022-01-01,00N,"NHS SOUTH TYNESIDE",38,693.64,0,0
2022-01-01,01T,"NHS SOUTH SEFTON",38,626.98,0,0
2022-01-01,03W,"NHS EAST LEICESTERSHIRE AND RUTLAND",39,640.25,0,0
2022-01-01,U2G6B,"NHS THAMES VALLEY ICB - U2G6B",40,1225.43,0,0
2022-01-01,07H,"NHS WEST ESSEX",42,1408.08,0,0
2022-01-01,01D,"NHS HEYWOOD, MIDDLETON AND ROCHDALE",44,1007.55,0,0
2022-01-01,02P,"NHS BARNSLEY",44,720.37,0,0
2022-01-01,02T,"NHS CALDERDALE",46,1041.75,0,0
2022-01-01,04V,"NHS WEST LEICESTERSHIRE",48,1036.24,0,0
2022-01-01,01G,"NHS SALFORD",49,1495.17,0,0
2022-01-01,02X,"NHS DONCASTER",52,813.74,0,0
2022-01-01,09D,"NHS BRIGHTON AND HOVE",52,1151.69,0,0
2022-01-01,12F,"NHS WIRRAL",52,1292.76,0,0
2022-01-01,00Y,"NHS OLDHAM",54,1358.89,0,0
2022-01-01,03K,"NHS NORTH LINCOLNSHIRE",55,787.05,0,0
2022-01-01,03R,"NHS WAKEFIELD",55,1095.2,0,0
2022-01-01,06L,"NHS IPSWICH AND EAST SUFFOLK",56,1478.94,0,0
2022-01-01,07K,"NHS WEST SUFFOLK",57,1399.79,0,0
2022-01-01,02E,"NHS WARRINGTON",58,920.5,0,0
2022-01-01,00Q,"NHS BLACKBURN WITH DARWEN",59,933.88,0,0
2022-01-01,06Q,"NHS MID ESSEX",59,1299.74,0,0
2022-01-01,01Y,"NHS TAMESIDE AND GLOSSOP",60,1145.77,0,0
2022-01-01,03F,"NHS HULL",61,1028.88,0,0
2022-01-01,03L,"NHS ROTHERHAM",62,1014.12,0,0
2022-01-01,00R,"NHS BLACKPOOL",63,907.24,0,0
2022-01-01,00P,"NHS SUNDERLAND",65,1240.52,0,0
2022-01-01,11X,"NHS SOMERSET",67,1266.77,0,0
2022-01-01,06T,"NHS NORTH EAST ESSEX",68,1532.58,0,0
2022-01-01,01E,"NHS GREATER PRESTON",70,1227.28,0,0
2022-01-01,00T,"NHS BOLTON",71,1550.66,0,0
2022-01-01,15A,"NHS BERKSHIRE WEST",71,1403.37,0,0
2022-01-01,02M,"NHS FYLDE AND WYRE",72,1067.3,0,0
2022-01-01,00X,"NHS CHORLEY AND SOUTH RIBBLE",75,1254.01,0,0
2022-01-01,01W,"NHS STOCKPORT",81,1451.06,0,0
2022-01-01,99A,"NHS LIVERPOOL",81,1651.93,0,0
2022-01-01,M2L0M,"NHS SHROPSHIRE, TELFORD AND WREKIN",88,2009.35,0,0
2022-01-01,78H,"NHS NORTHAMPTONSHIRE",89,1396.29,0,0
2022-01-01,02H,"NHS WIGAN BOROUGH",90,1723.8,0,0
2022-01-01,01H,"NHS NORTH CUMBRIA",93,1547.36,0,0
2022-01-01,01K,"NHS MORECAMBE BAY",94,1776.9,0,0
2022-01-01,02Y,"NHS EAST RIDING OF YORKSHIRE",94,1578.4,0,0
2022-01-01,03Q,"NHS VALE OF YORK",95,1726.74,0,0
2022-01-01,06N,"NHS HERTS VALLEYS",102,2230.27,0,0
2022-01-01,02A,"NHS TRAFFORD",108,2571.82,0,0
2022-01-01,X2C4Y,"NHS KIRKLEES",118,2323.87,0,0
2022-01-01,01A,"NHS EAST LANCASHIRE",124,1867.71,0,0
2022-01-01,10Q,"NHS OXFORDSHIRE",134,2783.69,0,0
2022-01-01,15F,"NHS LEEDS",135,2672.09,0,0
2022-01-01,92G,"NHS BATH AND NORTH EAST SOMERSET, SWINDON AND WILTSHIRE",136,3042.43,0,0
2022-01-01,B2M3M,"NHS COVENTRY AND WARWICKSHIRE",140,2454.87,0,0
2022-01-01,72Q,"NHS SOUTH EAST LONDON",141,3221.9,0,0
2022-01-01,11N,"NHS CORNWALL AND THE ISLES OF SCILLY",143,2935.93,0,0
2022-01-01,99C,"NHS NORTH TYNESIDE",146,2841.27,0,0
2022-01-01,06K,"NHS EAST AND NORTH HERTFORDSHIRE",149,2955.4,0,0
2022-01-01,18C,"NHS HEREFORDSHIRE AND WORCESTERSHIRE",157,3462.03,0,0
2022-01-01,15C,"NHS BRISTOL, NORTH SOMERSET AND SOUTH GLOUCESTERSHIRE",159,3090.59,0,0
2022-01-01,M1J4Y,"NHS BEDFORDSHIRE, LUTON AND MILTON KEYNES",160,2877.13,0,0
2022-01-01,93C,"NHS NORTH CENTRAL LONDON",162,3133.83,0,0
2022-01-01,14L,"NHS MANCHESTER",170,2897.83,0,0
2022-01-01,36J,"NHS BRADFORD DISTRICT AND CRAVEN",174,3197.25,0,0
2022-01-01,14Y,"NHS BUCKINGHAMSHIRE",175,3537.69,0,0
2022-01-01,15M,"NHS DERBY AND DERBYSHIRE",179,3237.02,0,0
2022-01-01,71E,"NHS LINCOLNSHIRE",179,3791.54,0,0
2022-01-01,36L,"NHS SOUTH WEST LONDON",183,4099.4,0,0
2022-01-01,97R,"NHS EAST SUSSEX",186,3888.99,0,0
2022-01-01,11J,"NHS DORSET",188,3717.02,0,0
2022-01-01,A3A8R,"NHS NORTH EAST LONDON",194,4229.71,0,0
2022-01-01,70F,"NHS WEST SUSSEX",196,4199.02,0,0
2022-01-01,92A,"NHS SURREY HEARTLANDS",205,4095.34,0,0
2022-01-01,13T,"NHS NEWCASTLE GATESHEAD",209,4201.71,0,0
2022-01-01,84H,"NHS COUNTY DURHAM",209,4181.74,0,0
2022-01-01,15E,"NHS BIRMINGHAM AND SOLIHULL",233,4388.93,0,0
2022-01-01,11M,"NHS GLOUCESTERSHIRE",235,3735.29,0,0
2022-01-01,26A,"NHS NORFOLK AND WAVENEY",240,7454.06,0,0
2022-01-01,03N,"NHS SHEFFIELD",251,4604.28,0,0
2022-01-01,D2P2L,"NHS BLACK COUNTRY",251,5539.1,0,0
2022-01-01,91Q,"NHS KENT AND MEDWAY",257,4962.36,0,0
2022-01-01,W2U3Z,"NHS NORTH WEST LONDON",264,5661.44,0,0
2022-01-01,00L,"NHS NORTHUMBERLAND",269,4732.83,0,0
2022-01-01,52R,"NHS NOTTINGHAM AND NOTTINGHAMSHIRE",271,6334.65,0,0
2022-01-01,27D,"NHS CHESHIRE",287,5038.69,0,0
2022-01-01,16C,"NHS TEES VALLEY",291,5104.21,0,0
2022-01-01,D9Y0V,"NHS HAMPSHIRE, SOUTHAMPTON AND ISLE OF WIGHT",301,7775.55,0,0
2022-01-01,06H,"NHS CAMBRIDGESHIRE AND PETERBOROUGH",305,6208.49,0,0
2022-01-01,42D,"NHS NORTH YORKSHIRE",330,5856.88,0,0
2022-01-01,15N,"NHS DEVON",369,6630.44,0,0
2022-02-01,09W,"NHS MEDWAY",0,0,0,0
2022-02-01,D4U1Y,"NHS FRIMLEY",0,0,0,0
2022-02-01,01J,"NHS KNOWSLEY",8,106.83,0,0
2022-02-01,03H,"NHS NORTH EAST LINCOLNSHIRE",14,226.93,0,0
2022-02-01,07G,"NHS THURROCK",18,388.49,0,0
2022-02-01,99G,"NHS SOUTHEND",18,449.41,0,0
2022-02-01,01F,"NHS HALTON",19,608.8,0,0
2022-02-01,10R,"NHS PORTSMOUTH",19,360.41,0,0
2022-02-01,02G,"NHS WEST LANCASHIRE",20,360.41,0,0
2022-02-01,05D,"NHS EAST STAFFORDSHIRE",21,436.05,0,0
2022-02-01,05V,"NHS STAFFORD AND SURROUNDS",21,552.45,0,0
2022-02-01,02Q,"NHS BASSETLAW",24,704.7,0,0
2022-02-01,04Y,"NHS CANNOCK CHASE",24,360.46,0,0
2022-02-01,01V,"NHS SOUTHPORT AND FORMBY",27,1092.84,0,0
2022-02-01,05Q,"NHS SOUTH EAST STAFFORDSHIRE AND SEISDON PENINSULA",27,467.2,0,0
2022-02-01,99F,"NHS CASTLE POINT AND ROCHFORD",30,587.35,0,0
2022-02-01,03W,"NHS EAST LEICESTERSHIRE AND RUTLAND",31,480.55,0,0
2022-02-01,04C,"NHS LEICESTER CITY",31,533.99,0,0
2022-02-01,07H,"NHS WEST ESSEX",31,1080.08,0,0
2022-02-01,05G,"NHS NORTH STAFFORDSHIRE",32,520.65,0,0
2022-02-01,05W,"NHS STOKE ON TRENT",32,1227.49,0,0
2022-02-01,00V,"NHS BURY",33,710.27,0,0
2022-02-01,99E,"NHS BASILDON AND BRENTWOOD",34,942.97,0,0
2022-02-01,U2G6B,"NHS THAMES VALLEY ICB - U2G6B",35,877.68,0,0
2022-02-01,02P,"NHS BARNSLEY",36,600.75,0,0
2022-02-01,12F,"NHS WIRRAL",36,568.2,0,0
2022-02-01,01T,"NHS SOUTH SEFTON",37,560.72,0,0
2022-02-01,01X,"NHS ST HELENS",39,574.1,0,0
2022-02-01,02T,"NHS CALDERDALE",39,734.19,0,0
2022-02-01,00N,"NHS SOUTH TYNESIDE",43,774.24,0,0
2022-02-01,01G,"NHS SALFORD",43,903.36,0,0
2022-02-01,06L,"NHS IPSWICH AND EAST SUFFOLK",45,1093.55,0,0
2022-02-01,03F,"NHS HULL",46,816.01,0,0
2022-02-01,00Q,"NHS BLACKBURN WITH DARWEN",47,747.67,0,0
2022-02-01,04V,"NHS WEST LEICESTERSHIRE",47,1326,0,0
2022-02-01,01Y,"NHS TAMESIDE AND GLOSSOP",49,906.36,0,0
2022-02-01,03K,"NHS NORTH LINCOLNSHIRE",50,707.52,0,0
2022-02-01,03R,"NHS WAKEFIELD",50,1175.99,0,0
2022-02-01,00R,"NHS BLACKPOOL",53,747.72,0,0
2022-02-01,00Y,"NHS OLDHAM",56,1259.15,0,0
2022-02-01,06Q,"NHS MID ESSEX",56,1679.29,0,0
2022-02-01,03L,"NHS ROTHERHAM",58,886.07,0,0
2022-02-01,02E,"NHS WARRINGTON",59,987.88,0,0
2022-02-01,06T,"NHS NORTH EAST ESSEX",60,1190.91,0,0
2022-02-01,07K,"NHS WEST SUFFOLK",63,1205.31,0,0
2022-02-01,00T,"NHS BOLTON",64,1504.57,0,0
2022-02-01,01D,"NHS HEYWOOD, MIDDLETON AND ROCHDALE",64,1184.06,0,0
2022-02-01,02M,"NHS FYLDE AND WYRE",65,961.28,0,0
2022-02-01,02X,"NHS DONCASTER",65,1041.33,0,0
2022-02-01,01E,"NHS GREATER PRESTON",67,1121.42,0,0
2022-02-01,09D,"NHS BRIGHTON AND HOVE",67,1679.55,0,0
2022-02-01,15A,"NHS BERKSHIRE WEST",71,1326.08,0,0
2022-02-01,03Q,"NHS VALE OF YORK",74,1274.2,0,0
2022-02-01,11X,"NHS SOMERSET",75,1358.93,0,0
2022-02-01,00P,"NHS SUNDERLAND",76,1388.35,0,0
2022-02-01,01H,"NHS NORTH CUMBRIA",77,1268.18,0,0
2022-02-01,78H,"NHS NORTHAMPTONSHIRE",79,1258.2,0,0
2022-02-01,99A,"NHS LIVERPOOL",80,1666.52,0,0
2022-02-01,M2L0M,"NHS SHROPSHIRE, TELFORD AND WREKIN",80,1647.73,0,0
2022-02-01,00X,"NHS CHORLEY AND SOUTH RIBBLE",82,1351.44,0,0
2022-02-01,01A,"NHS EAST LANCASHIRE",90,1593.04,0,0
2022-02-01,01K,"NHS MORECAMBE BAY",91,1581.55,0,0
2022-02-01,01W,"NHS STOCKPORT",92,1805.7,0,0
2022-02-01,02H,"NHS WIGAN BOROUGH",95,1508.59,0,0
2022-02-01,02Y,"NHS EAST RIDING OF YORKSHIRE",103,2219.97,0,0
2022-02-01,06N,"NHS HERTS VALLEYS",106,2681.23,0,0
2022-02-01,02A,"NHS TRAFFORD",109,2635.31,0,0
2022-02-01,10Q,"NHS OXFORDSHIRE",120,2342.95,0,0
2022-02-01,72Q,"NHS SOUTH EAST LONDON",124,2700.78,0,0
2022-02-01,X2C4Y,"NHS KIRKLEES",125,2432.44,0,0
2022-02-01,B2M3M,"NHS COVENTRY AND WARWICKSHIRE",132,2497.62,0,0
2022-02-01,15F,"NHS LEEDS",134,2920.68,0,0
2022-02-01,06K,"NHS EAST AND NORTH HERTFORDSHIRE",135,2734.13,0,0
2022-02-01,92G,"NHS BATH AND NORTH EAST SOMERSET, SWINDON AND WILTSHIRE",137,3267.91,0,0
2022-02-01,71E,"NHS LINCOLNSHIRE",140,3014.93,0,0
2022-02-01,15C,"NHS BRISTOL, NORTH SOMERSET AND SOUTH GLOUCESTERSHIRE",141,3320.8,0,0
2022-02-01,11N,"NHS CORNWALL AND THE ISLES OF SCILLY",144,2645.69,0,0
2022-02-01,14L,"NHS MANCHESTER",145,2985.47,0,0
2022-02-01,18C,"NHS HEREFORDSHIRE AND WORCESTERSHIRE",148,3057.92,0,0
2022-02-01,36J,"NHS BRADFORD DISTRICT AND CRAVEN",148,3038.51,0,0
2022-02-01,15M,"NHS DERBY AND DERBYSHIRE",152,3021.75,0,0
2022-02-01,11J,"NHS DORSET",159,2915.54,0,0
2022-02-01,M1J4Y,"NHS BEDFORDSHIRE, LUTON AND MILTON KEYNES",159,3436.08,0,0
2022-02-01,97R,"NHS EAST SUSSEX",160,3352.94,0,0
2022-02-01,A3A8R,"NHS NORTH EAST LONDON",164,3160.61,0,0
2022-02-01,36L,"NHS SOUTH WEST LONDON",165,3786.96,0,0
2022-02-01,11M,"NHS GLOUCESTERSHIRE",167,3786.4,0,0
2022-02-01,99C,"NHS NORTH TYNESIDE",169,3203.82,0,0
2022-02-01,14Y,"NHS BUCKINGHAMSHIRE",174,3435.33,0,0
2022-02-01,70F,"NHS WEST SUSSEX",179,3720.02,0,0
2022-02-01,92A,"NHS SURREY HEARTLANDS",182,3643.01,0,0
2022-02-01,13T,"NHS NEWCASTLE GATESHEAD",183,3524.14,0,0
2022-02-01,93C,"NHS NORTH CENTRAL LONDON",185,3994.73,0,0
2022-02-01,84H,"NHS COUNTY DURHAM",203,3732.33,0,0
2022-02-01,26A,"NHS NORFOLK AND WAVENEY",205,5949.01,0,0
2022-02-01,03N,"NHS SHEFFIELD",215,4083.41,0,0
2022-02-01,15E,"NHS BIRMINGHAM AND SOLIHULL",218,4300.2,0,0
2022-02-01,52R,"NHS NOTTINGHAM AND NOTTINGHAMSHIRE",222,4265.49,0,0
2022-02-01,27D,"NHS CHESHIRE",224,4014.19,0,0
2022-02-01,W2U3Z,"NHS NORTH WEST LONDON",224,4575.69,0,0
2022-02-01,D2P2L,"NHS BLACK COUNTRY",227,5304.13,0,0
2022-02-01,00L,"NHS NORTHUMBERLAND",244,4229.11,0,0
2022-02-01,91Q,"NHS KENT AND MEDWAY",257,5277.38,0,0
2022-02-01,16C,"NHS TEES VALLEY",273,4923.4,0,0
2022-02-01,06H,"NHS CAMBRIDGESHIRE AND PETERBOROUGH",289,6041.1,0,0
2022-02-01,D9Y0V,"NHS HAMPSHIRE, SOUTHAMPTON AND ISLE OF WIGHT",309,7652.35,0,0
2022-02-01,42D,"NHS NORTH YORKSHIRE",311,5407.32,0,0
2022-02-01,15N,"NHS DEVON",363,7057.62,0,0
2022-03-01,09W,"NHS MEDWAY",0,0,0,0
2022-03-01,D4U1Y,"NHS FRIMLEY",0,0,0,0
2022-03-01,01F,"NHS HALTON",15,471.23,0,0
2022-03-01,01J,"NHS KNOWSLEY",15,200.09,0,0
2022-03-01,02G,"NHS WEST LANCASHIRE",17,346.67,0,0
2022-03-01,03H,"NHS NORTH EAST LINCOLNSHIRE",17,240.08,0,0
2022-03-01,10R,"NHS PORTSMOUTH",20,386.71,0,0
2022-03-01,05D,"NHS EAST STAFFORDSHIRE",21,511.26,0,0
2022-03-01,05V,"NHS STAFFORD AND SURROUNDS",23,513.26,0,0
2022-03-01,99G,"NHS SOUTHEND",23,505.33,0,0
2022-03-01,07G,"NHS THURROCK",24,790.75,0,0
2022-03-01,04Y,"NHS CANNOCK CHASE",25,790.77,0,0
2022-03-01,05G,"NHS NORTH STAFFORDSHIRE",27,413.43,0,0
2022-03-01,04C,"NHS LEICESTER CITY",31,520.11,0,0
2022-03-01,99E,"NHS BASILDON AND BRENTWOOD",31,1096.16,0,0
2022-03-01,02Q,"NHS BASSETLAW",34,824.02,0,0
2022-03-01,99F,"NHS CASTLE POINT AND ROCHFORD",37,626.79,0,0
2022-03-01,07H,"NHS WEST ESSEX",38,1111.56,0,0
2022-03-01,00V,"NHS BURY",40,833.05,0,0
2022-03-01,01X,"NHS ST HELENS",40,748.17,0,0
2022-03-01,05W,"NHS STOKE ON TRENT",40,2195.18,0,0
2022-03-01,01V,"NHS SOUTHPORT AND FORMBY",41,1524.6,0,0
2022-03-01,01T,"NHS SOUTH SEFTON",42,693.49,0,0
2022-03-01,05Q,"NHS SOUTH EAST STAFFORDSHIRE AND SEISDON PENINSULA",45,789.74,0,0
2022-03-01,02P,"NHS BARNSLEY",46,773.49,0,0
2022-03-01,03W,"NHS EAST LEICESTERSHIRE AND RUTLAND",46,760.05,0,0
2022-03-01,U2G6B,"NHS THAMES VALLEY ICB - U2G6B",46,1258.77,0,0
2022-03-01,00N,"NHS SOUTH TYNESIDE",47,840.14,0,0
2022-03-01,02T,"NHS CALDERDALE",47,1054.75,0,0
2022-03-01,12F,"NHS WIRRAL",47,1066.54,0,0
2022-03-01,03F,"NHS HULL",49,815.2,0,0
2022-03-01,01G,"NHS SALFORD",51,1141.06,0,0
2022-03-01,04V,"NHS WEST LEICESTERSHIRE",53,1324.71,0,0
2022-03-01,00Q,"NHS BLACKBURN WITH DARWEN",56,800.32,0,0
2022-03-01,01Y,"NHS TAMESIDE AND GLOSSOP",57,1110.36,0,0
2022-03-01,03L,"NHS ROTHERHAM",57,1005.35,0,0
2022-03-01,00Y,"NHS OLDHAM",59,1358.15,0,0
2022-03-01,03K,"NHS NORTH LINCOLNSHIRE",59,880.07,0,0
2022-03-01,01E,"NHS GREATER PRESTON",60,1026.85,0,0
2022-03-01,01D,"NHS HEYWOOD, MIDDLETON AND ROCHDALE",61,1209.42,0,0
2022-03-01,02E,"NHS WARRINGTON",61,973.53,0,0
2022-03-01,02X,"NHS DONCASTER",62,1040.2,0,0
2022-03-01,06L,"NHS IPSWICH AND EAST SUFFOLK",63,1655.07,0,0
2022-03-01,03R,"NHS WAKEFIELD",64,1281.53,0,0
2022-03-01,07K,"NHS WEST SUFFOLK",64,1702.88,0,0
2022-03-01,11X,"NHS SOMERSET",64,1266.96,0,0
2022-03-01,00P,"NHS SUNDERLAND",65,1253.49,0,0
2022-03-01,06Q,"NHS MID ESSEX",65,1712.77,0,0
2022-03-01,03Q,"NHS VALE OF YORK",67,1213.45,0,0
2022-03-01,00R,"NHS BLACKPOOL",70,1018.27,0,0
2022-03-01,02M,"NHS FYLDE AND WYRE",73,1340.74,0,0
2022-03-01,06T,"NHS NORTH EAST ESSEX",73,1296.81,0,0
2022-03-01,09D,"NHS BRIGHTON AND HOVE",73,1349.84,0,0
2022-03-01,15A,"NHS BERKSHIRE WEST",80,1714.14,0,0
2022-03-01,00X,"NHS CHORLEY AND SOUTH RIBBLE",87,1456.63,0,0
2022-03-01,01W,"NHS STOCKPORT",88,1562.47,0,0
2022-03-01,78H,"NHS NORTHAMPTONSHIRE",94,1441.95,0,0
2022-03-01,00T,"NHS BOLTON",95,1832.92,0,0
2022-03-01,99A,"NHS LIVERPOOL",96,1655.1,0,0
2022-03-01,01H,"NHS NORTH CUMBRIA",100,1666.87,0,0
2022-03-01,02H,"NHS WIGAN BOROUGH",103,2015.16,0,0
2022-03-01,02A,"NHS TRAFFORD",104,3115.05,0,0
2022-03-01,02Y,"NHS EAST RIDING OF YORKSHIRE",104,1982.1,0,0
2022-03-01,M2L0M,"NHS SHROPSHIRE, TELFORD AND WREKIN",107,2169.62,0,0
2022-03-01,01K,"NHS MORECAMBE BAY",108,1706.96,0,0
2022-03-01,06N,"NHS HERTS VALLEYS",113,2376.68,0,0
2022-03-01,15F,"NHS LEEDS",121,2316.09,0,0
2022-03-01,01A,"NHS EAST LANCASHIRE",124,2030.06,0,0
2022-03-01,X2C4Y,"NHS KIRKLEES",127,2283.29,0,0
2022-03-01,10Q,"NHS OXFORDSHIRE",128,2517.64,0,0
2022-03-01,92G,"NHS BATH AND NORTH EAST SOMERSET, SWINDON AND WILTSHIRE",128,2501.15,0,0
2022-03-01,15C,"NHS BRISTOL, NORTH SOMERSET AND SOUTH GLOUCESTERSHIRE",137,2751.45,0,0
2022-03-01,B2M3M,"NHS COVENTRY AND WARWICKSHIRE",158,2844.75,0,0
2022-03-01,06K,"NHS EAST AND NORTH HERTFORDSHIRE",159,3200.62,0,0
2022-03-01,11N,"NHS CORNWALL AND THE ISLES OF SCILLY",160,3504.4,0,0
2022-03-01,36J,"NHS BRADFORD DISTRICT AND CRAVEN",161,3516.33,0,0
2022-03-01,72Q,"NHS SOUTH EAST LONDON",161,3511.35,0,0
2022-03-01,11J,"NHS DORSET",163,3691.61,0,0
2022-03-01,71E,"NHS LINCOLNSHIRE",164,3526.39,0,0
2022-03-01,18C,"NHS HEREFORDSHIRE AND WORCESTERSHIRE",165,3563.23,0,0
2022-03-01,A3A8R,"NHS NORTH EAST LONDON",165,3157.99,0,0
2022-03-01,14Y,"NHS BUCKINGHAMSHIRE",170,3019.66,0,0
2022-03-01,14L,"NHS MANCHESTER",171,2841.81,0,0
2022-03-01,M1J4Y,"NHS BEDFORDSHIRE, LUTON AND MILTON KEYNES",174,3124.2,0,0
2022-03-01,99C,"NHS NORTH TYNESIDE",176,3506.97,0,0
2022-03-01,15M,"NHS DERBY AND DERBYSHIRE",177,3146.98,0,0
2022-03-01,13T,"NHS NEWCASTLE GATESHEAD",182,3320.46,0,0
2022-03-01,93C,"NHS NORTH CENTRAL LONDON",188,3675.25,0,0
2022-03-01,11M,"NHS GLOUCESTERSHIRE",190,3401.93,0,0
2022-03-01,36L,"NHS SOUTH WEST LONDON",200,4636.75,0,0
2022-03-01,97R,"NHS EAST SUSSEX",207,4512.38,0,0
2022-03-01,92A,"NHS SURREY HEARTLANDS",210,4965.41,0,0
2022-03-01,26A,"NHS NORFOLK AND WAVENEY",223,6924.48,0,0
2022-03-01,84H,"NHS COUNTY DURHAM",226,4495.74,0,0
2022-03-01,70F,"NHS WEST SUSSEX",230,4606.5,0,0
2022-03-01,03N,"NHS SHEFFIELD",258,4514.94,0,0
2022-03-01,W2U3Z,"NHS NORTH WEST LONDON",262,5501.28,0,0
2022-03-01,D2P2L,"NHS BLACK COUNTRY",266,6112.35,0,0
2022-03-01,52R,"NHS NOTTINGHAM AND NOTTINGHAMSHIRE",267,5379.03,0,0
2022-03-01,27D,"NHS CHESHIRE",268,4538.52,0,0
2022-03-01,15E,"NHS BIRMINGHAM AND SOLIHULL",277,5312.22,0,0
2022-03-01,00L,"NHS NORTHUMBERLAND",287,4895.63,0,0
2022-03-01,91Q,"NHS KENT AND MEDWAY",293,5539.97,0,0
2022-03-01,D9Y0V,"NHS HAMPSHIRE, SOUTHAMPTON AND ISLE OF WIGHT",316,8433.56,0,0
2022-03-01,42D,"NHS NORTH YORKSHIRE",328,5863.36,0,0
2022-03-01,16C,"NHS TEES VALLEY",332,5637.86,0,0
2022-03-01,06H,"NHS CAMBRIDGESHIRE AND PETERBOROUGH",389,7670.06,0,0
2022-03-01,15N,"NHS DEVON",396,7642.77,0,0
2022-04-01,09W,"NHS MEDWAY",0,0,0,0
2022-04-01,D4U1Y,"NHS FRIMLEY",0,0,0,0
2022-04-01,01J,"NHS KNOWSLEY",12,160.17,0,0
2022-04-01,01F,"NHS HALTON",17,418.22,0,0
2022-04-01,03H,"NHS NORTH EAST LINCOLNSHIRE",17,226.9,0,0
2022-04-01,07G,"NHS THURROCK",17,549.72,0,0
2022-04-01,05D,"NHS EAST STAFFORDSHIRE",18,369.17,0,0
2022-04-01,10R,"NHS PORTSMOUTH",19,478.91,0,0
2022-04-01,02G,"NHS WEST LANCASHIRE",22,386.99,0,0
2022-04-01,05V,"NHS STAFFORD AND SURROUNDS",23,661.85,0,0
2022-04-01,99G,"NHS SOUTHEND",25,575.34,0,0
2022-04-01,02Q,"NHS BASSETLAW",26,827.9,0,0
2022-04-01,04Y,"NHS CANNOCK CHASE",27,709.86,0,0
2022-04-01,01V,"NHS SOUTHPORT AND FORMBY",29,1079,0,0
2022-04-01,04C,"NHS LEICESTER CITY",30,480.43,0,0
2022-04-01,99E,"NHS BASILDON AND BRENTWOOD",30,1145.33,0,0
2022-04-01,03W,"NHS EAST LEICESTERSHIRE AND RUTLAND",32,560.36,0,0
2022-04-01,05Q,"NHS SOUTH EAST STAFFORDSHIRE AND SEISDON PENINSULA",33,613.77,0,0
2022-04-01,05G,"NHS NORTH STAFFORDSHIRE",34,547.1,0,0
2022-04-01,U2G6B,"NHS THAMES VALLEY ICB - U2G6B",34,998.49,0,0
2022-04-01,05W,"NHS STOKE ON TRENT",35,1072.45,0,0
2022-04-01,07H,"NHS WEST ESSEX",36,968.12,0,0
2022-04-01,01T,"NHS SOUTH SEFTON",38,600.55,0,0
2022-04-01,04V,"NHS WEST LEICESTERSHIRE",38,613.77,0,0
2022-04-01,99F,"NHS CASTLE POINT AND ROCHFORD",39,720.54,0,0
2022-04-01,02T,"NHS CALDERDALE",40,760.55,0,0
2022-04-01,03K,"NHS NORTH LINCOLNSHIRE",40,573.75,0,0
2022-04-01,00V,"NHS BURY",42,847.7,0,0
2022-04-01,02P,"NHS BARNSLEY",42,720.59,0,0
2022-04-01,00N,"NHS SOUTH TYNESIDE",43,800.6,0,0
2022-04-01,06L,"NHS IPSWICH AND EAST SUFFOLK",43,1549.25,0,0
2022-04-01,12F,"NHS WIRRAL",43,804.21,0,0
2022-04-01,01G,"NHS SALFORD",46,1347.2,0,0
2022-04-01,02E,"NHS WARRINGTON",46,773.99,0,0
2022-04-01,01X,"NHS ST HELENS",47,923.47,0,0
2022-04-01,01D,"NHS HEYWOOD, MIDDLETON AND ROCHDALE",49,868.14,0,0
2022-04-01,06Q,"NHS MID ESSEX",50,1268.95,0,0
2022-04-01,00Y,"NHS OLDHAM",51,1124.1,0,0
2022-04-01,03F,"NHS HULL",52,867.37,0,0
2022-04-01,01Y,"NHS TAMESIDE AND GLOSSOP",53,1060.65,0,0
2022-04-01,06T,"NHS NORTH EAST ESSEX",55,950.94,0,0
2022-04-01,00R,"NHS BLACKPOOL",56,787.4,0,0
2022-04-01,02M,"NHS FYLDE AND WYRE",56,800.73,0,0
2022-04-01,00Q,"NHS BLACKBURN WITH DARWEN",57,947.44,0,0
2022-04-01,00P,"NHS SUNDERLAND",59,1120.82,0,0
2022-04-01,09D,"NHS BRIGHTON AND HOVE",59,1407.89,0,0
2022-04-01,03R,"NHS WAKEFIELD",60,1080.82,0,0
2022-04-01,02X,"NHS DONCASTER",64,974.2,0,0
2022-04-01,07K,"NHS WEST SUFFOLK",64,1382.74,0,0
2022-04-01,11X,"NHS SOMERSET",64,1236.63,0,0
2022-04-01,01E,"NHS GREATER PRESTON",69,1174.23,0,0
2022-04-01,03L,"NHS ROTHERHAM",69,987.61,0,0
2022-04-01,00T,"NHS BOLTON",74,1477.24,0,0
2022-04-01,03Q,"NHS VALE OF YORK",75,1360.94,0,0
2022-04-01,01H,"NHS NORTH CUMBRIA",76,1276.5,0,0
2022-04-01,15A,"NHS BERKSHIRE WEST",77,1418.99,0,0
2022-04-01,78H,"NHS NORTHAMPTONSHIRE",83,1160.94,0,0
2022-04-01,06N,"NHS HERTS VALLEYS",89,1694.59,0,0
2022-04-01,99A,"NHS LIVERPOOL",92,1717.87,0,0
2022-04-01,01W,"NHS STOCKPORT",94,1670.11,0,0
2022-04-01,02H,"NHS WIGAN BOROUGH",94,1669.59,0,0
2022-04-01,M2L0M,"NHS SHROPSHIRE, TELFORD AND WREKIN",95,1955.98,0,0
2022-04-01,00X,"NHS CHORLEY AND SOUTH RIBBLE",97,1641.28,0,0
2022-04-01,02A,"NHS TRAFFORD",103,2379.17,0,0
2022-04-01,01K,"NHS MORECAMBE BAY",105,1694.63,0,0
2022-04-01,02Y,"NHS EAST RIDING OF YORKSHIRE",110,1855.93,0,0
2022-04-01,01A,"NHS EAST LANCASHIRE",111,1736.37,0,0
2022-04-01,10Q,"NHS OXFORDSHIRE",111,2133.24,0,0
2022-04-01,92G,"NHS BATH AND NORTH EAST SOMERSET, SWINDON AND WILTSHIRE",116,2522.93,0,0
2022-04-01,11N,"NHS CORNWALL AND THE ISLES OF SCILLY",121,2768.55,0,0
2022-04-01,X2C4Y,"NHS KIRKLEES",124,2511.35,0,0
2022-04-01,72Q,"NHS SOUTH EAST LONDON",129,2969.8,0,0
2022-04-01,15F,"NHS LEEDS",135,2689.47,0,0
2022-04-01,15C,"NHS BRISTOL, NORTH SOMERSET AND SOUTH GLOUCESTERSHIRE",144,3109.33,0,0
2022-04-01,18C,"NHS HEREFORDSHIRE AND WORCESTERSHIRE",145,2860.81,0,0
2022-04-01,11M,"NHS GLOUCESTERSHIRE",150,3280.52,0,0
2022-04-01,36J,"NHS BRADFORD DISTRICT AND CRAVEN",155,3107.35,0,0
2022-04-01,06K,"NHS EAST AND NORTH HERTFORDSHIRE",157,3445.3,0,0
2022-04-01,99C,"NHS NORTH TYNESIDE",157,3122.09,0,0
2022-04-01,A3A8R,"NHS NORTH EAST LONDON",158,3063.87,0,0
2022-04-01,14L,"NHS MANCHESTER",164,3348.44,0,0
2022-04-01,M1J4Y,"NHS BEDFORDSHIRE, LUTON AND MILTON KEYNES",164,3842.94,0,0
2022-04-01,71E,"NHS LINCOLNSHIRE",167,3261.49,0,0
2022-04-01,97R,"NHS EAST SUSSEX",167,3293.89,0,0
2022-04-01,B2M3M,"NHS COVENTRY AND WARWICKSHIRE",168,3109,0,0
2022-04-01,92A,"NHS SURREY HEARTLANDS",170,3610.31,0,0
2022-04-01,11J,"NHS DORSET",174,3149.97,0,0
2022-04-01,93C,"NHS NORTH CENTRAL LONDON",175,3517.39,0,0
2022-04-01,70F,"NHS WEST SUSSEX",177,3524.28,0,0
2022-04-01,15M,"NHS DERBY AND DERBYSHIRE",179,3438.5,0,0
2022-04-01,13T,"NHS NEWCASTLE GATESHEAD",180,3455.84,0,0
2022-04-01,36L,"NHS SOUTH WEST LONDON",182,3855.12,0,0
2022-04-01,14Y,"NHS BUCKINGHAMSHIRE",188,3620.38,0,0
2022-04-01,84H,"NHS COUNTY DURHAM",211,4093,0,0
2022-04-01,03N,"NHS SHEFFIELD",220,3583.92,0,0
2022-04-01,26A,"NHS NORFOLK AND WAVENEY",227,6871.06,0,0
2022-04-01,D2P2L,"NHS BLACK COUNTRY",236,5153.46,0,0
2022-04-01,52R,"NHS NOTTINGHAM AND NOTTINGHAMSHIRE",246,4934.31,0,0
2022-04-01,W2U3Z,"NHS NORTH WEST LONDON",248,5147.36,0,0
2022-04-01,15E,"NHS BIRMINGHAM AND SOLIHULL",252,4740.08,0,0
2022-04-01,91Q,"NHS KENT AND MEDWAY",253,5186.67,0,0
2022-04-01,00L,"NHS NORTHUMBERLAND",266,4471.59,0,0
2022-04-01,27D,"NHS CHESHIRE",270,4856.38,0,0
2022-04-01,16C,"NHS TEES VALLEY",278,5055.22,0,0
2022-04-01,D9Y0V,"NHS HAMPSHIRE, SOUTHAMPTON AND ISLE OF WIGHT",312,7888.71,0,0
2022-04-01,42D,"NHS NORTH YORKSHIRE",316,5118.98,0,0
2022-04-01,06H,"NHS CAMBRIDGESHIRE AND PETERBOROUGH",345,6881.59,0,0
2022-04-01,15N,"NHS DEVON",387,7257.29,0,0
2022-05-01,09W,"NHS MEDWAY",0,0,0,0
2022-05-01,D4U1Y,"NHS FRIMLEY",0,0,0,0
2022-05-01,01J,"NHS KNOWSLEY",7,93.4,0,0
2022-05-01,03H,"NHS NORTH EAST LINCOLNSHIRE",15,213.46,0,0
2022-05-01,07G,"NHS THURROCK",17,657.63,0,0
2022-05-01,01F,"NHS HALTON",19,635.03,0,0
2022-05-01,02G,"NHS WEST LANCASHIRE",19,481.52,0,0
2022-05-01,04Y,"NHS CANNOCK CHASE",20,336.51,0,0
2022-05-01,05D,"NHS EAST STAFFORDSHIRE",22,422.47,0,0
2022-05-01,05V,"NHS STAFFORD AND SURROUNDS",23,612.73,0,0
2022-05-01,02Q,"NHS BASSETLAW",24,378.44,0,0
2022-05-01,99G,"NHS SOUTHEND",24,466.84,0,0
2022-05-01,10R,"NHS PORTSMOUTH",25,552.84,0,0
2022-05-01,04C,"NHS LEICESTER CITY",26,426.85,0,0
2022-05-01,01V,"NHS SOUTHPORT AND FORMBY",29,1212.03,0,0
2022-05-01,05G,"NHS NORTH STAFFORDSHIRE",29,493.55,0,0
2022-05-01,01X,"NHS ST HELENS",31,480.25,0,0
2022-05-01,00V,"NHS BURY",33,556.76,0,0
2022-05-01,02T,"NHS CALDERDALE",35,761.66,0,0
2022-05-01,01T,"NHS SOUTH SEFTON",36,560.31,0,0
2022-05-01,07H,"NHS WEST ESSEX",36,1512.49,0,0
2022-05-01,02P,"NHS BARNSLEY",37,640.32,0,0
2022-05-01,05Q,"NHS SOUTH EAST STAFFORDSHIRE AND SEISDON PENINSULA",37,653.6,0,0
2022-05-01,99F,"NHS CASTLE POINT AND ROCHFORD",37,640.32,0,0
2022-05-01,05W,"NHS STOKE ON TRENT",39,1377.64,0,0
2022-05-01,99E,"NHS BASILDON AND BRENTWOOD",40,1108.3,0,0
2022-05-01,U2G6B,"NHS THAMES VALLEY ICB - U2G6B",40,1237.1,0,0
2022-05-01,00N,"NHS SOUTH TYNESIDE",43,773.69,0,0
2022-05-01,03W,"NHS EAST LEICESTERSHIRE AND RUTLAND",44,746.95,0,0
2022-05-01,00Q,"NHS BLACKBURN WITH DARWEN",46,760.39,0,0
2022-05-01,01G,"NHS SALFORD",48,928.03,0,0
2022-05-01,03K,"NHS NORTH LINCOLNSHIRE",48,693.64,0,0
2022-05-01,03F,"NHS HULL",49,733.75,0,0
2022-05-01,04V,"NHS WEST LEICESTERSHIRE",49,1236.05,0,0
2022-05-01,06Q,"NHS MID ESSEX",51,1336.67,0,0
2022-05-01,02M,"NHS FYLDE AND WYRE",52,773.79,0,0
2022-05-01,06L,"NHS IPSWICH AND EAST SUFFOLK",54,1520.57,0,0
2022-05-01,00Y,"NHS OLDHAM",55,1449.75,0,0
2022-05-01,12F,"NHS WIRRAL",55,1325.44,0,0
2022-05-01,01D,"NHS HEYWOOD, MIDDLETON AND ROCHDALE",60,1306.74,0,0
2022-05-01,02X,"NHS DONCASTER",60,973.79,0,0
2022-05-01,01Y,"NHS TAMESIDE AND GLOSSOP",61,1184.43,0,0
2022-05-01,03L,"NHS ROTHERHAM",66,1214.34,0,0
2022-05-01,03R,"NHS WAKEFIELD",67,1267.2,0,0
2022-05-01,09D,"NHS BRIGHTON AND HOVE",68,1596.63,0,0
2022-05-01,02E,"NHS WARRINGTON",69,1353.53,0,0
2022-05-01,06T,"NHS NORTH EAST ESSEX",69,1132.53,0,0
2022-05-01,00R,"NHS BLACKPOOL",73,1067.36,0,0
2022-05-01,07K,"NHS WEST SUFFOLK",73,1591.02,0,0
2022-05-01,00T,"NHS BOLTON",75,1365.54,0,0
2022-05-01,01E,"NHS GREATER PRESTON",75,1227.31,0,0
2022-05-01,11X,"NHS SOMERSET",76,1322.29,0,0
2022-05-01,00X,"NHS CHORLEY AND SOUTH RIBBLE",77,1294.03,0,0
2022-05-01,03Q,"NHS VALE OF YORK",77,1419.92,0,0
2022-05-01,00P,"NHS SUNDERLAND",81,1467.34,0,0
2022-05-01,99A,"NHS LIVERPOOL",81,1297.62,0,0
2022-05-01,78H,"NHS NORTHAMPTONSHIRE",91,1517.95,0,0
2022-05-01,01H,"NHS NORTH CUMBRIA",93,1440.67,0,0
2022-05-01,15A,"NHS BERKSHIRE WEST",93,2033.41,0,0
2022-05-01,01K,"NHS MORECAMBE BAY",101,1655.53,0,0
2022-05-01,01W,"NHS STOCKPORT",101,1965.25,0,0
2022-05-01,02Y,"NHS EAST RIDING OF YORKSHIRE",101,1708.68,0,0
2022-05-01,M2L0M,"NHS SHROPSHIRE, TELFORD AND WREKIN",102,1941.58,0,0
2022-05-01,02H,"NHS WIGAN BOROUGH",104,1680.91,0,0
2022-05-01,10Q,"NHS OXFORDSHIRE",107,2084.76,0,0
2022-05-01,02A,"NHS TRAFFORD",108,3162.37,0,0
2022-05-01,06N,"NHS HERTS VALLEYS",108,2435.19,0,0
2022-05-01,X2C4Y,"NHS KIRKLEES",116,2243.9,0,0
2022-05-01,01A,"NHS EAST LANCASHIRE",120,2193.76,0,0
2022-05-01,11M,"NHS GLOUCESTERSHIRE",132,2280.9,0,0
2022-05-01,11N,"NHS CORNWALL AND THE ISLES OF SCILLY",135,2139.44,0,0
2022-05-01,15F,"NHS LEEDS",140,2875.57,0,0
2022-05-01,92G,"NHS BATH AND NORTH EAST SOMERSET, SWINDON AND WILTSHIRE",141,2879.54,0,0
2022-05-01,B2M3M,"NHS COVENTRY AND WARWICKSHIRE",141,2578.66,0,0
2022-05-01,15C,"NHS BRISTOL, NORTH SOMERSET AND SOUTH GLOUCESTERSHIRE",145,3010.31,0,0
2022-05-01,06K,"NHS EAST AND NORTH HERTFORDSHIRE",146,3037.21,0,0
2022-05-01,18C,"NHS HEREFORDSHIRE AND WORCESTERSHIRE",149,3454.61,0,0
2022-05-01,71E,"NHS LINCOLNSHIRE",149,3031.31,0,0
2022-05-01,14L,"NHS MANCHESTER",151,2732.2,0,0
2022-05-01,72Q,"NHS SOUTH EAST LONDON",153,3683.49,0,0
2022-05-01,99C,"NHS NORTH TYNESIDE",156,3014.65,0,0
2022-05-01,M1J4Y,"NHS BEDFORDSHIRE, LUTON AND MILTON KEYNES",169,3352.87,0,0
2022-05-01,A3A8R,"NHS NORTH EAST LONDON",171,3366.51,0,0
2022-05-01,15M,"NHS DERBY AND DERBYSHIRE",177,3268.46,0,0
2022-05-01,36J,"NHS BRADFORD DISTRICT AND CRAVEN",181,3603.55,0,0
2022-05-01,11J,"NHS DORSET",185,4219.75,0,0
2022-05-01,14Y,"NHS BUCKINGHAMSHIRE",187,3504.06,0,0
2022-05-01,36L,"NHS SOUTH WEST LONDON",191,4329.07,0,0
2022-05-01,97R,"NHS EAST SUSSEX",191,4044.53,0,0
2022-05-01,13T,"NHS NEWCASTLE GATESHEAD",195,3774.9,0,0
2022-05-01,93C,"NHS NORTH CENTRAL LONDON",205,3941.83,0,0
2022-05-01,26A,"NHS NORFOLK AND WAVENEY",210,6800.59,0,0
2022-05-01,92A,"NHS SURREY HEARTLANDS",216,4677.36,0,0
2022-05-01,70F,"NHS WEST SUSSEX",218,4216.55,0,0
2022-05-01,84H,"NHS COUNTY DURHAM",222,4302.84,0,0
2022-05-01,W2U3Z,"NHS NORTH WEST LONDON",232,4980.73,0,0
2022-05-01,D2P2L,"NHS BLACK COUNTRY",255,5970.42,0,0
2022-05-01,00L,"NHS NORTHUMBERLAND",263,4443.82,0,0
2022-05-01,15E,"NHS BIRMINGHAM AND SOLIHULL",270,4832.23,0,0
2022-05-01,52R,"NHS NOTTINGHAM AND NOTTINGHAMSHIRE",275,5615.89,0,0
2022-05-01,03N,"NHS SHEFFIELD",277,4869.49,0,0
2022-05-01,16C,"NHS TEES VALLEY",296,5072.31,0,0
2022-05-01,27D,"NHS CHESHIRE",297,5174.14,0,0
2022-05-01,91Q,"NHS KENT AND MEDWAY",302,5987.05,0,0
2022-05-01,D9Y0V,"NHS HAMPSHIRE, SOUTHAMPTON AND ISLE OF WIGHT",319,8056.82,0,0
2022-05-01,42D,"NHS NORTH YORKSHIRE",332,5431.49,0,0
2022-05-01,06H,"NHS CAMBRIDGESHIRE AND PETERBOROUGH",355,7326,0,0
2022-05-01,15N,"NHS DEVON",474,8456.04,0,0
2022-06-01,09W,"NHS MEDWAY",0,0,0,0
2022-06-01,D4U1Y,"NHS FRIMLEY",0,0,0,0
2022-06-01,01J,"NHS KNOWSLEY",13,173.45,0,0
2022-06-01,03H,"NHS NORTH EAST LINCOLNSHIRE",14,186.78,0,0
2022-06-01,07G,"NHS THURROCK",14,348.15,0,0
2022-06-01,99G,"NHS SOUTHEND",15,306.76,0,0
2022-06-01,01F,"NHS HALTON",19,498.08,0,0
2022-06-01,02Q,"NHS BASSETLAW",23,306.86,0,0
2022-06-01,05V,"NHS STAFFORD AND SURROUNDS",23,572.74,0,0
2022-06-01,10R,"NHS PORTSMOUTH",23,511.43,0,0
2022-06-01,02G,"NHS WEST LANCASHIRE",24,601.56,0,0
2022-06-01,05G,"NHS NORTH STAFFORDSHIRE",24,346.82,0,0
2022-06-01,04C,"NHS LEICESTER CITY",29,480.22,0,0
2022-06-01,05D,"NHS EAST STAFFORDSHIRE",30,515.83,0,0
2022-06-01,05Q,"NHS SOUTH EAST STAFFORDSHIRE AND SEISDON PENINSULA",31,573.56,0,0
2022-06-01,04Y,"NHS CANNOCK CHASE",33,924.39,0,0
2022-06-01,07H,"NHS WEST ESSEX",33,782.88,0,0
2022-06-01,99F,"NHS CASTLE POINT AND ROCHFORD",33,520.25,0,0
2022-06-01,01V,"NHS SOUTHPORT AND FORMBY",34,979.16,0,0
2022-06-01,99E,"NHS BASILDON AND BRENTWOOD",36,1176.06,0,0
2022-06-01,05W,"NHS STOKE ON TRENT",39,1580.02,0,0
2022-06-01,02T,"NHS CALDERDALE",40,746.97,0,0
2022-06-01,00N,"NHS SOUTH TYNESIDE",41,720.34,0,0
2022-06-01,00V,"NHS BURY",41,766.64,0,0
2022-06-01,01T,"NHS SOUTH SEFTON",41,640.35,0,0
2022-06-01,03W,"NHS EAST LEICESTERSHIRE AND RUTLAND",41,653.65,0,0
2022-06-01,02P,"NHS BARNSLEY",44,707.03,0,0
2022-06-01,06L,"NHS IPSWICH AND EAST SUFFOLK",45,1254.13,0,0
2022-06-01,12F,"NHS WIRRAL",45,790.64,0,0
2022-06-01,U2G6B,"NHS THAMES VALLEY ICB - U2G6B",46,1366.12,0,0
2022-06-01,01X,"NHS ST HELENS",47,680.43,0,0
2022-06-01,04V,"NHS WEST LEICESTERSHIRE",47,800.36,0,0
2022-06-01,00Q,"NHS BLACKBURN WITH DARWEN",48,747.09,0,0
2022-06-01,00Y,"NHS OLDHAM",49,1116.65,0,0
2022-06-01,03F,"NHS HULL",49,815.41,0,0
2022-06-01,01D,"NHS HEYWOOD, MIDDLETON AND ROCHDALE",52,978.16,0,0
2022-06-01,01Y,"NHS TAMESIDE AND GLOSSOP",53,1020.34,0,0
2022-06-01,00R,"NHS BLACKPOOL",54,800.5,0,0
2022-06-01,06Q,"NHS MID ESSEX",56,1391.94,0,0
2022-06-01,00P,"NHS SUNDERLAND",57,1107.13,0,0
2022-06-01,02E,"NHS WARRINGTON",57,933.83,0,0
2022-06-01,01E,"NHS GREATER PRESTON",58,987.18,0,0
2022-06-01,02X,"NHS DONCASTER",58,907.13,0,0
2022-06-01,01G,"NHS SALFORD",61,1569.55,0,0
2022-06-01,03K,"NHS NORTH LINCOLNSHIRE",61,893.73,0,0
2022-06-01,09D,"NHS BRIGHTON AND HOVE",62,1362.1,0,0
2022-06-01,02M,"NHS FYLDE AND WYRE",63,1053.84,0,0
2022-06-01,03R,"NHS WAKEFIELD",64,1200.5,0,0
2022-06-01,07K,"NHS WEST SUFFOLK",64,1529.43,0,0
2022-06-01,11X,"NHS SOMERSET",65,1142.92,0,0
2022-06-01,03L,"NHS ROTHERHAM",67,1080.84,0,0
2022-06-01,06T,"NHS NORTH EAST ESSEX",70,1313.24,0,0
2022-06-01,15A,"NHS BERKSHIRE WEST",71,1472.99,0,0
2022-06-01,00T,"NHS BOLTON",72,1383.45,0,0
2022-06-01,03Q,"NHS VALE OF YORK",76,1286.62,0,0
2022-06-01,99A,"NHS LIVERPOOL",81,1667.49,0,0
2022-06-01,06N,"NHS HERTS VALLEYS",86,1895.6,0,0
2022-06-01,01H,"NHS NORTH CUMBRIA",88,1502.89,0,0
2022-06-01,00X,"NHS CHORLEY AND SOUTH RIBBLE",91,1467.5,0,0
2022-06-01,01A,"NHS EAST LANCASHIRE",91,1537.14,0,0
2022-06-01,02Y,"NHS EAST RIDING OF YORKSHIRE",91,1446.6,0,0
2022-06-01,78H,"NHS NORTHAMPTONSHIRE",93,1448.26,0,0
2022-06-01,01K,"NHS MORECAMBE BAY",97,1735.48,0,0
2022-06-01,02A,"NHS TRAFFORD",97,2151.89,0,0
2022-06-01,M2L0M,"NHS SHROPSHIRE, TELFORD AND WREKIN",97,1915.7,0,0
2022-06-01,01W,"NHS STOCKPORT",109,2026.3,0,0
2022-06-01,02H,"NHS WIGAN BOROUGH",124,2217.41,0,0
2022-06-01,11M,"NHS GLOUCESTERSHIRE",124,3230.25,0,0
2022-06-01,X2C4Y,"NHS KIRKLEES",125,2430.56,0,0
2022-06-01,10Q,"NHS OXFORDSHIRE",128,2116.56,0,0
2022-06-01,15C,"NHS BRISTOL, NORTH SOMERSET AND SOUTH GLOUCESTERSHIRE",136,2795.35,0,0
2022-06-01,15F,"NHS LEEDS",138,2753.77,0,0
2022-06-01,92G,"NHS BATH AND NORTH EAST SOMERSET, SWINDON AND WILTSHIRE",141,3504.42,0,0
2022-06-01,18C,"NHS HEREFORDSHIRE AND WORCESTERSHIRE",149,3224.53,0,0
2022-06-01,97R,"NHS EAST SUSSEX",151,3281.69,0,0
2022-06-01,72Q,"NHS SOUTH EAST LONDON",155,3312.34,0,0
2022-06-01,B2M3M,"NHS COVENTRY AND WARWICKSHIRE",156,2913.61,0,0
2022-06-01,M1J4Y,"NHS BEDFORDSHIRE, LUTON AND MILTON KEYNES",156,3911.27,0,0
2022-06-01,99C,"NHS NORTH TYNESIDE",158,2961.36,0,0
2022-06-01,11J,"NHS DORSET",160,2771.01,0,0
2022-06-01,15M,"NHS DERBY AND DERBYSHIRE",162,3227.92,0,0
2022-06-01,36J,"NHS BRADFORD DISTRICT AND CRAVEN",162,3392.8,0,0
2022-06-01,71E,"NHS LINCOLNSHIRE",164,3110.9,0,0
2022-06-01,11N,"NHS CORNWALL AND THE ISLES OF SCILLY",166,3554.31,0,0
2022-06-01,06K,"NHS EAST AND NORTH HERTFORDSHIRE",174,3378.18,0,0
2022-06-01,14L,"NHS MANCHESTER",177,3385.25,0,0
2022-06-01,92A,"NHS SURREY HEARTLANDS",180,4038.31,0,0
2022-06-01,13T,"NHS NEWCASTLE GATESHEAD",183,3454.87,0,0
2022-06-01,70F,"NHS WEST SUSSEX",189,4121.1,0,0
2022-06-01,36L,"NHS SOUTH WEST LONDON",193,4256.24,0,0
2022-06-01,A3A8R,"NHS NORTH EAST LONDON",193,3720.2,0,0
2022-06-01,14Y,"NHS BUCKINGHAMSHIRE",200,3683.28,0,0
2022-06-01,93C,"NHS NORTH CENTRAL LONDON",208,4036.52,0,0
2022-06-01,26A,"NHS NORFOLK AND WAVENEY",225,6945.26,0,0
2022-06-01,W2U3Z,"NHS NORTH WEST LONDON",225,4728.98,0,0
2022-06-01,84H,"NHS COUNTY DURHAM",237,4122.58,0,0
2022-06-01,03N,"NHS SHEFFIELD",250,5132.47,0,0
2022-06-01,15E,"NHS BIRMINGHAM AND SOLIHULL",256,5005.42,0,0
2022-06-01,52R,"NHS NOTTINGHAM AND NOTTINGHAMSHIRE",256,5120.67,0,0
2022-06-01,D2P2L,"NHS BLACK COUNTRY",266,6007.18,0,0
2022-06-01,00L,"NHS NORTHUMBERLAND",268,4535.37,0,0
2022-06-01,91Q,"NHS KENT AND MEDWAY",280,5376.02,0,0
2022-06-01,27D,"NHS CHESHIRE",291,5192.56,0,0
2022-06-01,42D,"NHS NORTH YORKSHIRE",320,6082.32,0,0
2022-06-01,D9Y0V,"NHS HAMPSHIRE, SOUTHAMPTON AND ISLE OF WIGHT",329,7731.85,0,0
2022-06-01,16C,"NHS TEES VALLEY",337,5886.26,0,0
2022-06-01,15N,"NHS DEVON",445,8387.24,0,0
2022-06-01,06H,"NHS CAMBRIDGESHIRE AND PETERBOROUGH",473,8325.13,0,0
2022-07-01,09W,"NHS MEDWAY",0,0,0,0
2022-07-01,D4U1Y,"NHS FRIMLEY",0,0,0,0
2022-07-01,01J,"NHS KNOWSLEY",10,133.37,0,0
2022-07-01,03H,"NHS NORTH EAST LINCOLNSHIRE",14,200.04,0,0
2022-07-01,05D,"NHS EAST STAFFORDSHIRE",15,253.31,0,0
2022-07-01,01F,"NHS HALTON",16,431.2,0,0
2022-07-01,10R,"NHS PORTSMOUTH",16,306.66,0,0
2022-07-01,99G,"NHS SOUTHEND",18,379.31,0,0
2022-07-01,07G,"NHS THURROCK",19,697.32,0,0
2022-07-01,02G,"NHS WEST LANCASHIRE",21,373.36,0,0
2022-07-01,04Y,"NHS CANNOCK CHASE",23,440.03,0,0
2022-07-01,05V,"NHS STAFFORD AND SURROUNDS",23,515.53,0,0
2022-07-01,02Q,"NHS BASSETLAW",25,607.02,0,0
2022-07-01,05G,"NHS NORTH STAFFORDSHIRE",27,440.06,0,0
2022-07-01,99E,"NHS BASILDON AND BRENTWOOD",27,818.87,0,0
2022-07-01,04C,"NHS LEICESTER CITY",29,480.09,0,0
2022-07-01,05Q,"NHS SOUTH EAST STAFFORDSHIRE AND SEISDON PENINSULA",31,520.01,0,0
2022-07-01,01V,"NHS SOUTHPORT AND FORMBY",34,825.83,0,0
2022-07-01,04V,"NHS WEST LEICESTERSHIRE",34,595.64,0,0
2022-07-01,07H,"NHS WEST ESSEX",35,1072.96,0,0
2022-07-01,00N,"NHS SOUTH TYNESIDE",39,733.35,0,0
2022-07-01,02T,"NHS CALDERDALE",39,733.33,0,0
2022-07-01,01T,"NHS SOUTH SEFTON",40,640.08,0,0
2022-07-01,02P,"NHS BARNSLEY",40,696.37,0,0
2022-07-01,03W,"NHS EAST LEICESTERSHIRE AND RUTLAND",41,746.54,0,0
2022-07-01,05W,"NHS STOKE ON TRENT",42,1775.21,0,0
2022-07-01,06L,"NHS IPSWICH AND EAST SUFFOLK",42,1211.96,0,0
2022-07-01,U2G6B,"NHS THAMES VALLEY ICB - U2G6B",43,1246.09,0,0
2022-07-01,99F,"NHS CASTLE POINT AND ROCHFORD",44,840,0,0
2022-07-01,01X,"NHS ST HELENS",45,854.76,0,0
2022-07-01,03K,"NHS NORTH LINCOLNSHIRE",46,613.32,0,0
2022-07-01,01G,"NHS SALFORD",47,1013.33,0,0
2022-07-01,06Q,"NHS MID ESSEX",47,1188.05,0,0
2022-07-01,00V,"NHS BURY",50,881.44,0,0
2022-07-01,00Y,"NHS OLDHAM",51,1258.97,0,0
2022-07-01,03R,"NHS WAKEFIELD",55,1148,0,0
2022-07-01,06T,"NHS NORTH EAST ESSEX",55,1118.61,0,0
2022-07-01,09D,"NHS BRIGHTON AND HOVE",55,1194.49,0,0
2022-07-01,02X,"NHS DONCASTER",56,893.42,0,0
2022-07-01,03F,"NHS HULL",56,1043.37,0,0
2022-07-01,12F,"NHS WIRRAL",56,1082.25,0,0
2022-07-01,01D,"NHS HEYWOOD, MIDDLETON AND ROCHDALE",57,1239.49,0,0
2022-07-01,00P,"NHS SUNDERLAND",58,1093.34,0,0
2022-07-01,00Q,"NHS BLACKBURN WITH DARWEN",58,906.78,0,0
2022-07-01,02E,"NHS WARRINGTON",58,986.71,0,0
2022-07-01,01Y,"NHS TAMESIDE AND GLOSSOP",60,1182.84,0,0
2022-07-01,11X,"NHS SOMERSET",65,1269.96,0,0
2022-07-01,01E,"NHS GREATER PRESTON",66,1186.63,0,0
2022-07-01,07K,"NHS WEST SUFFOLK",67,1575.67,0,0
2022-07-01,15A,"NHS BERKSHIRE WEST",68,1303.86,0,0
2022-07-01,99A,"NHS LIVERPOOL",68,1203.73,0,0
2022-07-01,00R,"NHS BLACKPOOL",70,946.88,0,0
2022-07-01,00T,"NHS BOLTON",72,1449.49,0,0
2022-07-01,02M,"NHS FYLDE AND WYRE",73,1083.19,0,0
2022-07-01,03L,"NHS ROTHERHAM",75,1253.68,0,0
2022-07-01,78H,"NHS NORTHAMPTONSHIRE",78,1290.64,0,0
2022-07-01,03Q,"NHS VALE OF YORK",88,1592.58,0,0
2022-07-01,02A,"NHS TRAFFORD",90,2570.53,0,0
2022-07-01,00X,"NHS CHORLEY AND SOUTH RIBBLE",91,1560.06,0,0
2022-07-01,01H,"NHS NORTH CUMBRIA",94,1559.88,0,0
2022-07-01,01W,"NHS STOCKPORT",104,1892.07,0,0
2022-07-01,10Q,"NHS OXFORDSHIRE",104,2092.8,0,0
2022-07-01,01K,"NHS MORECAMBE BAY",105,1814.71,0,0
2022-07-01,02Y,"NHS EAST RIDING OF YORKSHIRE",107,1953.83,0,0
2022-07-01,02H,"NHS WIGAN BOROUGH",109,2069.7,0,0
2022-07-01,06N,"NHS HERTS VALLEYS",118,2650.39,0,0
2022-07-01,M2L0M,"NHS SHROPSHIRE, TELFORD AND WREKIN",118,2287.93,0,0
2022-07-01,92G,"NHS BATH AND NORTH EAST SOMERSET, SWINDON AND WILTSHIRE",121,2405.61,0,0
2022-07-01,X2C4Y,"NHS KIRKLEES",121,2336.29,0,0
2022-07-01,11M,"NHS GLOUCESTERSHIRE",128,2563.28,0,0
2022-07-01,01A,"NHS EAST LANCASHIRE",134,2229.78,0,0
2022-07-01,15F,"NHS LEEDS",136,2944.85,0,0
2022-07-01,B2M3M,"NHS COVENTRY AND WARWICKSHIRE",136,2201.77,0,0
2022-07-01,14L,"NHS MANCHESTER",139,2576.98,0,0
2022-07-01,11N,"NHS CORNWALL AND THE ISLES OF SCILLY",142,2997.67,0,0
2022-07-01,99C,"NHS NORTH TYNESIDE",144,2999.76,0,0
2022-07-01,72Q,"NHS SOUTH EAST LONDON",149,3628.71,0,0
2022-07-01,71E,"NHS LINCOLNSHIRE",151,2786.36,0,0
2022-07-01,15C,"NHS BRISTOL, NORTH SOMERSET AND SOUTH GLOUCESTERSHIRE",155,3237.48,0,0
2022-07-01,18C,"NHS HEREFORDSHIRE AND WORCESTERSHIRE",155,3564.22,0,0
2022-07-01,M1J4Y,"NHS BEDFORDSHIRE, LUTON AND MILTON KEYNES",160,3013.83,0,0
2022-07-01,11J,"NHS DORSET",166,3256.21,0,0
2022-07-01,06K,"NHS EAST AND NORTH HERTFORDSHIRE",169,3126.54,0,0
2022-07-01,15M,"NHS DERBY AND DERBYSHIRE",172,3240.45,0,0
2022-07-01,A3A8R,"NHS NORTH EAST LONDON",172,3450,0,0
2022-07-01,14Y,"NHS BUCKINGHAMSHIRE",180,3456.11,0,0
2022-07-01,92A,"NHS SURREY HEARTLANDS",185,4052.98,0,0
2022-07-01,97R,"NHS EAST SUSSEX",187,4350.34,0,0
2022-07-01,13T,"NHS NEWCASTLE GATESHEAD",190,3426.76,0,0
2022-07-01,36J,"NHS BRADFORD DISTRICT AND CRAVEN",202,3788.72,0,0
2022-07-01,93C,"NHS NORTH CENTRAL LONDON",211,3932.6,0,0
2022-07-01,26A,"NHS NORFOLK AND WAVENEY",213,7113.07,0,0
2022-07-01,70F,"NHS WEST SUSSEX",216,4594.37,0,0
2022-07-01,D2P2L,"NHS BLACK COUNTRY",217,4439.82,0,0
2022-07-01,36L,"NHS SOUTH WEST LONDON",222,5063.81,0,0
2022-07-01,15E,"NHS BIRMINGHAM AND SOLIHULL",232,4425.3,0,0
2022-07-01,84H,"NHS COUNTY DURHAM",241,4241.98,0,0
2022-07-01,W2U3Z,"NHS NORTH WEST LONDON",246,4992.54,0,0
2022-07-01,03N,"NHS SHEFFIELD",254,4799.69,0,0
2022-07-01,52R,"NHS NOTTINGHAM AND NOTTINGHAMSHIRE",259,4934.17,0,0
2022-07-01,00L,"NHS NORTHUMBERLAND",263,4388.48,0,0
2022-07-01,27D,"NHS CHESHIRE",277,5094.25,0,0
2022-07-01,91Q,"NHS KENT AND MEDWAY",310,5983.73,0,0
2022-07-01,16C,"NHS TEES VALLEY",332,5878.33,0,0
2022-07-01,42D,"NHS NORTH YORKSHIRE",342,6151.59,0,0
2022-07-01,D9Y0V,"NHS HAMPSHIRE, SOUTHAMPTON AND ISLE OF WIGHT",344,8413.36,0,0
2022-07-01,15N,"NHS DEVON",441,8099.29,0,0
2022-07-01,06H,"NHS CAMBRIDGESHIRE AND PETERBOROUGH",448,8234.8,0,0
2022-08-01,09W,"NHS MEDWAY",0,0,0,0
2022-08-01,D4U1Y,"NHS FRIMLEY",0,0,0,0
2022-08-01,01J,"NHS KNOWSLEY",14,186.62,0,0
2022-08-01,03H,"NHS NORTH EAST LINCOLNSHIRE",14,186.61,0,0
2022-08-01,07G,"NHS THURROCK",16,617.01,0,0
2022-08-01,02G,"NHS WEST LANCASHIRE",17,306.52,0,0
2022-08-01,01F,"NHS HALTON",18,457.65,0,0
2022-08-01,10R,"NHS PORTSMOUTH",18,577.18,0,0
2022-08-01,99G,"NHS SOUTHEND",18,346.49,0,0
2022-08-01,02Q,"NHS BASSETLAW",21,540.05,0,0
2022-08-01,04Y,"NHS CANNOCK CHASE",22,575.73,0,0
2022-08-01,05G,"NHS NORTH STAFFORDSHIRE",25,413.13,0,0
2022-08-01,05D,"NHS EAST STAFFORDSHIRE",27,399.82,0,0
2022-08-01,05V,"NHS STAFFORD AND SURROUNDS",27,618.36,0,0
2022-08-01,07H,"NHS WEST ESSEX",29,1008.95,0,0
2022-08-01,99E,"NHS BASILDON AND BRENTWOOD",30,638.25,0,0
2022-08-01,01V,"NHS SOUTHPORT AND FORMBY",32,1004.82,0,0
2022-08-01,03W,"NHS EAST LEICESTERSHIRE AND RUTLAND",36,573.04,0,0
2022-08-01,04C,"NHS LEICESTER CITY",37,613.08,0,0
2022-08-01,99F,"NHS CASTLE POINT AND ROCHFORD",37,573.13,0,0
2022-08-01,01X,"NHS ST HELENS",38,573.13,0,0
2022-08-01,U2G6B,"NHS THAMES VALLEY ICB - U2G6B",38,841.45,0,0
2022-08-01,05Q,"NHS SOUTH EAST STAFFORDSHIRE AND SEISDON PENINSULA",39,706.31,0,0
2022-08-01,05W,"NHS STOKE ON TRENT",39,1301.73,0,0
2022-08-01,02P,"NHS BARNSLEY",40,719.65,0,0
2022-08-01,00N,"NHS SOUTH TYNESIDE",41,732.96,0,0
2022-08-01,02T,"NHS CALDERDALE",41,786.25,0,0
2022-08-01,12F,"NHS WIRRAL",43,849.14,0,0
2022-08-01,00V,"NHS BURY",44,885.81,0,0
2022-08-01,01T,"NHS SOUTH SEFTON",44,679.76,0,0
2022-08-01,04V,"NHS WEST LEICESTERSHIRE",48,1168.29,0,0
2022-08-01,00Q,"NHS BLACKBURN WITH DARWEN",51,813.01,0,0
2022-08-01,00Y,"NHS OLDHAM",52,1327.92,0,0
2022-08-01,06Q,"NHS MID ESSEX",55,1525.83,0,0
2022-08-01,02M,"NHS FYLDE AND WYRE",56,866.32,0,0
2022-08-01,03F,"NHS HULL",56,866.34,0,0
2022-08-01,07K,"NHS WEST SUFFOLK",57,1585.37,0,0
2022-08-01,01D,"NHS HEYWOOD, MIDDLETON AND ROCHDALE",59,1013.66,0,0
2022-08-01,03K,"NHS NORTH LINCOLNSHIRE",59,866.14,0,0
2022-08-01,03R,"NHS WAKEFIELD",59,1146.04,0,0
2022-08-01,01G,"NHS SALFORD",61,1302.98,0,0
2022-08-01,09D,"NHS BRIGHTON AND HOVE",61,1361.01,0,0
2022-08-01,06L,"NHS IPSWICH AND EAST SUFFOLK",63,1576.68,0,0
2022-08-01,11X,"NHS SOMERSET",65,1112.21,0,0
2022-08-01,15A,"NHS BERKSHIRE WEST",65,1106.12,0,0
2022-08-01,02E,"NHS WARRINGTON",66,1026.28,0,0
2022-08-01,01E,"NHS GREATER PRESTON",69,1092.89,0,0
2022-08-01,01Y,"NHS TAMESIDE AND GLOSSOP",69,1296.24,0,0
2022-08-01,00T,"NHS BOLTON",72,1533.54,0,0
2022-08-01,06T,"NHS NORTH EAST ESSEX",74,1248.39,0,0
2022-08-01,00P,"NHS SUNDERLAND",75,1306.06,0,0
2022-08-01,00R,"NHS BLACKPOOL",75,1066.34,0,0
2022-08-01,02X,"NHS DONCASTER",75,1132.92,0,0
2022-08-01,03L,"NHS ROTHERHAM",77,1213.09,0,0
2022-08-01,M2L0M,"NHS SHROPSHIRE, TELFORD AND WREKIN",87,1726.56,0,0
2022-08-01,99A,"NHS LIVERPOOL",97,1848.95,0,0
2022-08-01,00X,"NHS CHORLEY AND SOUTH RIBBLE",100,1760.57,0,0
2022-08-01,02A,"NHS TRAFFORD",101,2368.86,0,0
2022-08-01,03Q,"NHS VALE OF YORK",102,1802.02,0,0
2022-08-01,78H,"NHS NORTHAMPTONSHIRE",102,1710.73,0,0
2022-08-01,01W,"NHS STOCKPORT",103,1867.93,0,0
2022-08-01,01H,"NHS NORTH CUMBRIA",104,1798.94,0,0
2022-08-01,02Y,"NHS EAST RIDING OF YORKSHIRE",104,1994.15,0,0
2022-08-01,10Q,"NHS OXFORDSHIRE",104,1837.63,0,0
2022-08-01,06N,"NHS HERTS VALLEYS",106,2253.33,0,0
2022-08-01,01A,"NHS EAST LANCASHIRE",107,1870.18,0,0
2022-08-01,02H,"NHS WIGAN BOROUGH",111,1839.19,0,0
2022-08-01,11M,"NHS GLOUCESTERSHIRE",115,3009.72,0,0
2022-08-01,15F,"NHS LEEDS",117,2341.27,0,0
2022-08-01,01K,"NHS MORECAMBE BAY",124,2066.98,0,0
2022-08-01,X2C4Y,"NHS KIRKLEES",128,2497.93,0,0
2022-08-01,72Q,"NHS SOUTH EAST LONDON",139,3321.65,0,0
2022-08-01,92G,"NHS BATH AND NORTH EAST SOMERSET, SWINDON AND WILTSHIRE",140,2846.99,0,0
2022-08-01,M1J4Y,"NHS BEDFORDSHIRE, LUTON AND MILTON KEYNES",148,3440.66,0,0
2022-08-01,11N,"NHS CORNWALL AND THE ISLES OF SCILLY",149,2961.12,0,0
2022-08-01,15C,"NHS BRISTOL, NORTH SOMERSET AND SOUTH GLOUCESTERSHIRE",150,2934.99,0,0
2022-08-01,99C,"NHS NORTH TYNESIDE",150,2918.37,0,0
2022-08-01,14L,"NHS MANCHESTER",156,3225.08,0,0
2022-08-01,06K,"NHS EAST AND NORTH HERTFORDSHIRE",159,2850.34,0,0
2022-08-01,71E,"NHS LINCOLNSHIRE",160,2718.71,0,0
2022-08-01,18C,"NHS HEREFORDSHIRE AND WORCESTERSHIRE",162,3517.58,0,0
2022-08-01,11J,"NHS DORSET",164,3479.96,0,0
2022-08-01,15M,"NHS DERBY AND DERBYSHIRE",169,3323.18,0,0
2022-08-01,97R,"NHS EAST SUSSEX",170,3715.32,0,0
2022-08-01,B2M3M,"NHS COVENTRY AND WARWICKSHIRE",174,3081.38,0,0
2022-08-01,36J,"NHS BRADFORD DISTRICT AND CRAVEN",178,3822.19,0,0
2022-08-01,92A,"NHS SURREY HEARTLANDS",179,3840.93,0,0
2022-08-01,A3A8R,"NHS NORTH EAST LONDON",180,3575.55,0,0
2022-08-01,70F,"NHS WEST SUSSEX",183,3733.01,0,0
2022-08-01,13T,"NHS NEWCASTLE GATESHEAD",190,3464.88,0,0
2022-08-01,14Y,"NHS BUCKINGHAMSHIRE",190,3376.35,0,0
2022-08-01,36L,"NHS SOUTH WEST LONDON",190,4413.69,0,0
2022-08-01,93C,"NHS NORTH CENTRAL LONDON",213,4165.99,0,0
2022-08-01,W2U3Z,"NHS NORTH WEST LONDON",221,4631.23,0,0
2022-08-01,26A,"NHS NORFOLK AND WAVENEY",222,6181.78,0,0
2022-08-01,00L,"NHS NORTHUMBERLAND",249,4186.14,0,0
2022-08-01,27D,"NHS CHESHIRE",250,4148.38,0,0
2022-08-01,15E,"NHS BIRMINGHAM AND SOLIHULL",257,4948.88,0,0
2022-08-01,52R,"NHS NOTTINGHAM AND NOTTINGHAMSHIRE",258,4788.75,0,0
2022-08-01,84H,"NHS COUNTY DURHAM",259,4757.86,0,0
2022-08-01,D2P2L,"NHS BLACK COUNTRY",263,6016.25,0,0
2022-08-01,03N,"NHS SHEFFIELD",274,4734.47,0,0
2022-08-01,91Q,"NHS KENT AND MEDWAY",304,6170.66,0,0
2022-08-01,D9Y0V,"NHS HAMPSHIRE, SOUTHAMPTON AND ISLE OF WIGHT",316,8629.48,0,0
2022-08-01,42D,"NHS NORTH YORKSHIRE",322,5486.85,0,0
2022-08-01,16C,"NHS TEES VALLEY",352,6274,0,0
2022-08-01,06H,"NHS CAMBRIDGESHIRE AND PETERBOROUGH",424,7447.78,0,0
2022-08-01,15N,"NHS DEVON",474,8855.62,0,0
2022-09-01,09W,"NHS MEDWAY",0,0,0,0
2022-09-01,D4U1Y,"NHS FRIMLEY",0,0,0,0
2022-09-01,01J,"NHS KNOWSLEY",15,199.95,0,0
2022-09-01,03H,"NHS NORTH EAST LINCOLNSHIRE",20,266.61,0,0
2022-09-01,02G,"NHS WEST LANCASHIRE",22,426.47,0,0
2022-09-01,05D,"NHS EAST STAFFORDSHIRE",22,346.51,0,0
2022-09-01,10R,"NHS PORTSMOUTH",22,555.31,0,0
2022-09-01,01F,"NHS HALTON",23,666.52,0,0
2022-09-01,99G,"NHS SOUTHEND",23,399.84,0,0
2022-09-01,04Y,"NHS CANNOCK CHASE",24,830.27,0,0
2022-09-01,05V,"NHS STAFFORD AND SURROUNDS",25,528.67,0,0
2022-09-01,07G,"NHS THURROCK",25,898.27,0,0
2022-09-01,99E,"NHS BASILDON AND BRENTWOOD",26,811.16,0,0
2022-09-01,02Q,"NHS BASSETLAW",27,606.74,0,0
2022-09-01,05G,"NHS NORTH STAFFORDSHIRE",27,413.17,0,0
2022-09-01,01X,"NHS ST HELENS",29,453.18,0,0
2022-09-01,04C,"NHS LEICESTER CITY",31,559.75,0,0
2022-09-01,01V,"NHS SOUTHPORT AND FORMBY",32,1323.87,0,0
2022-09-01,07H,"NHS WEST ESSEX",34,981.98,0,0
2022-09-01,00N,"NHS SOUTH TYNESIDE",35,613.07,0,0
2022-09-01,99F,"NHS CASTLE POINT AND ROCHFORD",35,599.75,0,0
2022-09-01,05W,"NHS STOKE ON TRENT",37,1528.7,0,0
2022-09-01,02P,"NHS BARNSLEY",38,639.74,0,0
2022-09-01,U2G6B,"NHS THAMES VALLEY ICB - U2G6B",38,1109.51,0,0
2022-09-01,05Q,"NHS SOUTH EAST STAFFORDSHIRE AND SEISDON PENINSULA",39,732.96,0,0
2022-09-01,01T,"NHS SOUTH SEFTON",41,626.46,0,0
2022-09-01,03W,"NHS EAST LEICESTERSHIRE AND RUTLAND",41,679.64,0,0
2022-09-01,02T,"NHS CALDERDALE",43,812.97,0,0
2022-09-01,04V,"NHS WEST LEICESTERSHIRE",45,952.16,0,0
2022-09-01,00V,"NHS BURY",47,796.18,0,0
2022-09-01,12F,"NHS WIRRAL",50,963.15,0,0
2022-09-01,06L,"NHS IPSWICH AND EAST SUFFOLK",51,1253.33,0,0
2022-09-01,00Q,"NHS BLACKBURN WITH DARWEN",52,799.73,0,0
2022-09-01,00Y,"NHS OLDHAM",52,1095.06,0,0
2022-09-01,06T,"NHS NORTH EAST ESSEX",55,1135.57,0,0
2022-09-01,03F,"NHS HULL",56,1016.27,0,0
2022-09-01,02E,"NHS WARRINGTON",58,959.62,0,0
2022-09-01,01G,"NHS SALFORD",59,1456.72,0,0
2022-09-01,01Y,"NHS TAMESIDE AND GLOSSOP",59,1100.45,0,0
2022-09-01,00P,"NHS SUNDERLAND",60,1039.57,0,0
2022-09-01,01D,"NHS HEYWOOD, MIDDLETON AND ROCHDALE",60,1332.22,0,0
2022-09-01,07K,"NHS WEST SUFFOLK",61,1321.68,0,0
2022-09-01,03L,"NHS ROTHERHAM",62,1013.18,0,0
2022-09-01,06Q,"NHS MID ESSEX",62,1628.41,0,0
2022-09-01,01E,"NHS GREATER PRESTON",64,1106.22,0,0
2022-09-01,03K,"NHS NORTH LINCOLNSHIRE",64,906.27,0,0
2022-09-01,02M,"NHS FYLDE AND WYRE",65,1029.93,0,0
2022-09-01,00R,"NHS BLACKPOOL",66,933.12,0,0
2022-09-01,09D,"NHS BRIGHTON AND HOVE",66,1282.39,0,0
2022-09-01,99A,"NHS LIVERPOOL",66,1139.2,0,0
2022-09-01,11X,"NHS SOMERSET",67,1401.05,0,0
2022-09-01,00T,"NHS BOLTON",68,1462.1,0,0
2022-09-01,03Q,"NHS VALE OF YORK",68,1192.15,0,0
2022-09-01,02X,"NHS DONCASTER",70,1079.65,0,0
2022-09-01,00X,"NHS CHORLEY AND SOUTH RIBBLE",71,1199.57,0,0
2022-09-01,03R,"NHS WAKEFIELD",71,1360.76,0,0
2022-09-01,01H,"NHS NORTH CUMBRIA",73,1186.17,0,0
2022-09-01,78H,"NHS NORTHAMPTONSHIRE",77,1227.75,0,0
2022-09-01,15A,"NHS BERKSHIRE WEST",87,1638.05,0,0
2022-09-01,02Y,"NHS EAST RIDING OF YORKSHIRE",94,1951.16,0,0
2022-09-01,02A,"NHS TRAFFORD",97,3240.03,0,0
2022-09-01,01K,"NHS MORECAMBE BAY",100,1639.36,0,0
2022-09-01,06N,"NHS HERTS VALLEYS",109,2531.92,0,0
2022-09-01,01W,"NHS STOCKPORT",111,2051.16,0,0
2022-09-01,M2L0M,"NHS SHROPSHIRE, TELFORD AND WREKIN",112,2059.91,0,0
2022-09-01,10Q,"NHS OXFORDSHIRE",114,2318.98,0,0
2022-09-01,X2C4Y,"NHS KIRKLEES",123,2353.48,0,0
2022-09-01,01A,"NHS EAST LANCASHIRE",124,1947.37,0,0
2022-09-01,15F,"NHS LEEDS",128,2535.35,0,0
2022-09-01,11M,"NHS GLOUCESTERSHIRE",129,3045.36,0,0
2022-09-01,02H,"NHS WIGAN BOROUGH",132,2199.22,0,0
2022-09-01,15C,"NHS BRISTOL, NORTH SOMERSET AND SOUTH GLOUCESTERSHIRE",136,2952.8,0,0
2022-09-01,92G,"NHS BATH AND NORTH EAST SOMERSET, SWINDON AND WILTSHIRE",142,3097.63,0,0
2022-09-01,11N,"NHS CORNWALL AND THE ISLES OF SCILLY",147,2497.03,0,0
2022-09-01,18C,"NHS HEREFORDSHIRE AND WORCESTERSHIRE",149,3139.17,0,0
2022-09-01,99C,"NHS NORTH TYNESIDE",150,3065.2,0,0
2022-09-01,M1J4Y,"NHS BEDFORDSHIRE, LUTON AND MILTON KEYNES",153,3181.26,0,0
2022-09-01,72Q,"NHS SOUTH EAST LONDON",154,3321.47,0,0
2022-09-01,B2M3M,"NHS COVENTRY AND WARWICKSHIRE",155,2681.84,0,0
2022-09-01,14L,"NHS MANCHESTER",160,2867.42,0,0
2022-09-01,06K,"NHS EAST AND NORTH HERTFORDSHIRE",164,3414.82,0,0
2022-09-01,15M,"NHS DERBY AND DERBYSHIRE",164,3114.06,0,0
2022-09-01,11J,"NHS DORSET",170,3633.54,0,0
2022-09-01,14Y,"NHS BUCKINGHAMSHIRE",170,3266.81,0,0
2022-09-01,71E,"NHS LINCOLNSHIRE",170,3436.01,0,0
2022-09-01,97R,"NHS EAST SUSSEX",185,4345.4,0,0
2022-09-01,36J,"NHS BRADFORD DISTRICT AND CRAVEN",188,3763.13,0,0
2022-09-01,92A,"NHS SURREY HEARTLANDS",188,4414.94,0,0
2022-09-01,A3A8R,"NHS NORTH EAST LONDON",190,3500.73,0,0
2022-09-01,93C,"NHS NORTH CENTRAL LONDON",195,3912.27,0,0
2022-09-01,70F,"NHS WEST SUSSEX",198,4187.98,0,0
2022-09-01,36L,"NHS SOUTH WEST LONDON",206,4474.56,0,0
2022-09-01,13T,"NHS NEWCASTLE GATESHEAD",209,3931.62,0,0
2022-09-01,84H,"NHS COUNTY DURHAM",219,3829.99,0,0
2022-09-01,26A,"NHS NORFOLK AND WAVENEY",227,7057.52,0,0
2022-09-01,W2U3Z,"NHS NORTH WEST LONDON",231,5323.42,0,0
2022-09-01,15E,"NHS BIRMINGHAM AND SOLIHULL",251,4721.54,0,0
2022-09-01,27D,"NHS CHESHIRE",263,4825.62,0,0
2022-09-01,91Q,"NHS KENT AND MEDWAY",264,4889.76,0,0
2022-09-01,52R,"NHS NOTTINGHAM AND NOTTINGHAMSHIRE",266,4990.15,0,0
2022-09-01,D2P2L,"NHS BLACK COUNTRY",270,5826.96,0,0
2022-09-01,03N,"NHS SHEFFIELD",273,4560.31,0,0
2022-09-01,00L,"NHS NORTHUMBERLAND",278,4598.24,0,0
2022-09-01,D9Y0V,"NHS HAMPSHIRE, SOUTHAMPTON AND ISLE OF WIGHT",336,8046.18,0,0
2022-09-01,42D,"NHS NORTH YORKSHIRE",344,5921.11,0,0
2022-09-01,16C,"NHS TEES VALLEY",357,6078.13,0,0
2022-09-01,15N,"NHS DEVON",440,7875.77,0,0
2022-09-01,06H,"NHS CAMBRIDGESHIRE AND PETERBOROUGH",455,8464.27,0,0
2022-10-01,09W,"NHS MEDWAY",0,0,0,0
2022-10-01,D4U1Y,"NHS FRIMLEY",0,0,0,0
2022-10-01,07G,"NHS THURROCK",12,320.91,0,0
2022-10-01,01J,"NHS KNOWSLEY",13,173.16,0,0
2022-10-01,01F,"NHS HALTON",16,443.96,0,0
2022-10-01,02G,"NHS WEST LANCASHIRE",16,414.12,0,0
2022-10-01,05V,"NHS STAFFORD AND SURROUNDS",19,531.77,0,0
2022-10-01,99G,"NHS SOUTHEND",19,386.17,0,0
2022-10-01,02Q,"NHS BASSETLAW",22,552.94,0,0
2022-10-01,10R,"NHS PORTSMOUTH",25,505.98,0,0
2022-10-01,01V,"NHS SOUTHPORT AND FORMBY",27,1063.5,0,0
2022-10-01,05D,"NHS EAST STAFFORDSHIRE",27,501.63,0,0
2022-10-01,03H,"NHS NORTH EAST LINCOLNSHIRE",30,547.32,0,0
2022-10-01,05G,"NHS NORTH STAFFORDSHIRE",30,492.74,0,0
2022-10-01,05Q,"NHS SOUTH EAST STAFFORDSHIRE AND SEISDON PENINSULA",30,572.54,0,0
2022-10-01,04C,"NHS LEICESTER CITY",31,452.84,0,0
2022-10-01,99E,"NHS BASILDON AND BRENTWOOD",32,634.81,0,0
2022-10-01,01X,"NHS ST HELENS",33,640.56,0,0
2022-10-01,07H,"NHS WEST ESSEX",33,740.67,0,0
2022-10-01,02P,"NHS BARNSLEY",34,532.72,0,0
2022-10-01,00N,"NHS SOUTH TYNESIDE",35,652.5,0,0
2022-10-01,05W,"NHS STOKE ON TRENT",36,1392.87,0,0
2022-10-01,04V,"NHS WEST LEICESTERSHIRE",37,639.21,0,0
2022-10-01,04Y,"NHS CANNOCK CHASE",37,1177.11,0,0
2022-10-01,99F,"NHS CASTLE POINT AND ROCHFORD",37,692.45,0,0
2022-10-01,U2G6B,"NHS THAMES VALLEY ICB - U2G6B",37,907.34,0,0
2022-10-01,01T,"NHS SOUTH SEFTON",38,559.39,0,0
2022-10-01,00Q,"NHS BLACKBURN WITH DARWEN",42,625.96,0,0
2022-10-01,00V,"NHS BURY",44,894.95,0,0
2022-10-01,03W,"NHS EAST LEICESTERSHIRE AND RUTLAND",45,976.18,0,0
2022-10-01,02T,"NHS CALDERDALE",46,918.78,0,0
2022-10-01,06Q,"NHS MID ESSEX",48,1336.7,0,0
2022-10-01,03R,"NHS WAKEFIELD",49,1159.74,0,0
2022-10-01,12F,"NHS WIRRAL",50,994.97,0,0
2022-10-01,03K,"NHS NORTH LINCOLNSHIRE",51,788.6,0,0
2022-10-01,06L,"NHS IPSWICH AND EAST SUFFOLK",57,1602.88,0,0
2022-10-01,00Y,"NHS OLDHAM",58,1569.45,0,0
2022-10-01,01E,"NHS GREATER PRESTON",60,1038.65,0,0
2022-10-01,02M,"NHS FYLDE AND WYRE",60,972.14,0,0
2022-10-01,03F,"NHS HULL",61,1081.98,0,0
2022-10-01,01D,"NHS HEYWOOD, MIDDLETON AND ROCHDALE",62,1203.64,0,0
2022-10-01,02X,"NHS DONCASTER",63,972.22,0,0
2022-10-01,06T,"NHS NORTH EAST ESSEX",63,1150.42,0,0
2022-10-01,07K,"NHS WEST SUFFOLK",64,1454.42,0,0
2022-10-01,09D,"NHS BRIGHTON AND HOVE",64,1296.26,0,0
2022-10-01,00P,"NHS SUNDERLAND",65,1265.01,0,0
2022-10-01,00R,"NHS BLACKPOOL",67,932.35,0,0
2022-10-01,02E,"NHS WARRINGTON",70,1198.51,0,0
2022-10-01,99A,"NHS LIVERPOOL",71,1118.73,0,0
2022-10-01,01G,"NHS SALFORD",72,1732.31,0,0
2022-10-01,01Y,"NHS TAMESIDE AND GLOSSOP",73,1461.76,0,0
2022-10-01,03L,"NHS ROTHERHAM",76,1198.85,0,0
2022-10-01,11X,"NHS SOMERSET",77,1388.82,0,0
2022-10-01,00T,"NHS BOLTON",80,1487.64,0,0
2022-10-01,03Q,"NHS VALE OF YORK",80,1337.54,0,0
2022-10-01,15A,"NHS BERKSHIRE WEST",83,1648.09,0,0
2022-10-01,00X,"NHS CHORLEY AND SOUTH RIBBLE",89,1625.97,0,0
2022-10-01,78H,"NHS NORTHAMPTONSHIRE",95,1533.04,0,0
2022-10-01,02A,"NHS TRAFFORD",100,2668.91,0,0
2022-10-01,02Y,"NHS EAST RIDING OF YORKSHIRE",100,1824.38,0,0
2022-10-01,M2L0M,"NHS SHROPSHIRE, TELFORD AND WREKIN",100,1995,0,0
2022-10-01,01H,"NHS NORTH CUMBRIA",110,1859.78,0,0
2022-10-01,X2C4Y,"NHS KIRKLEES",114,2253.35,0,0
2022-10-01,10Q,"NHS OXFORDSHIRE",115,2274.14,0,0
2022-10-01,11M,"NHS GLOUCESTERSHIRE",115,1944.2,0,0
2022-10-01,01W,"NHS STOCKPORT",117,1982.93,0,0
2022-10-01,01A,"NHS EAST LANCASHIRE",122,2000.2,0,0
2022-10-01,06N,"NHS HERTS VALLEYS",123,2438.17,0,0
2022-10-01,15F,"NHS LEEDS",124,2562.33,0,0
2022-10-01,92G,"NHS BATH AND NORTH EAST SOMERSET, SWINDON AND WILTSHIRE",124,2597.82,0,0
2022-10-01,01K,"NHS MORECAMBE BAY",130,2158.64,0,0
2022-10-01,02H,"NHS WIGAN BOROUGH",131,2332.02,0,0
2022-10-01,72Q,"NHS SOUTH EAST LONDON",140,3328.14,0,0
2022-10-01,11N,"NHS CORNWALL AND THE ISLES OF SCILLY",143,2938.41,0,0
2022-10-01,15M,"NHS DERBY AND DERBYSHIRE",145,2784.06,0,0
2022-10-01,99C,"NHS NORTH TYNESIDE",149,2889.47,0,0
2022-10-01,11J,"NHS DORSET",150,2725.28,0,0
2022-10-01,06K,"NHS EAST AND NORTH HERTFORDSHIRE",161,3452.03,0,0
2022-10-01,15C,"NHS BRISTOL, NORTH SOMERSET AND SOUTH GLOUCESTERSHIRE",163,3506.45,0,0
2022-10-01,B2M3M,"NHS COVENTRY AND WARWICKSHIRE",164,2892.89,0,0
2022-10-01,18C,"NHS HEREFORDSHIRE AND WORCESTERSHIRE",166,3507.63,0,0
2022-10-01,14L,"NHS MANCHESTER",176,3564.24,0,0
2022-10-01,36J,"NHS BRADFORD DISTRICT AND CRAVEN",176,4333.97,0,0
2022-10-01,92A,"NHS SURREY HEARTLANDS",177,3525.14,0,0
2022-10-01,71E,"NHS LINCOLNSHIRE",178,3374.06,0,0
2022-10-01,M1J4Y,"NHS BEDFORDSHIRE, LUTON AND MILTON KEYNES",193,3595.28,0,0
2022-10-01,97R,"NHS EAST SUSSEX",195,4186.54,0,0
2022-10-01,70F,"NHS WEST SUSSEX",199,4080.89,0,0
2022-10-01,A3A8R,"NHS NORTH EAST LONDON",207,3791.44,0,0
2022-10-01,13T,"NHS NEWCASTLE GATESHEAD",214,3835.13,0,0
2022-10-01,W2U3Z,"NHS NORTH WEST LONDON",218,4317.18,0,0
2022-10-01,26A,"NHS NORFOLK AND WAVENEY",221,5885.59,0,0
2022-10-01,14Y,"NHS BUCKINGHAMSHIRE",237,4300.99,0,0
2022-10-01,93C,"NHS NORTH CENTRAL LONDON",245,4300.58,0,0
2022-10-01,36L,"NHS SOUTH WEST LONDON",253,5144.39,0,0
2022-10-01,15E,"NHS BIRMINGHAM AND SOLIHULL",256,4605.38,0,0
2022-10-01,84H,"NHS COUNTY DURHAM",257,4572.26,0,0
2022-10-01,D2P2L,"NHS BLACK COUNTRY",260,5302.21,0,0
2022-10-01,52R,"NHS NOTTINGHAM AND NOTTINGHAMSHIRE",261,4799.78,0,0
2022-10-01,00L,"NHS NORTHUMBERLAND",263,4552.25,0,0
2022-10-01,27D,"NHS CHESHIRE",275,4901.65,0,0
2022-10-01,91Q,"NHS KENT AND MEDWAY",283,5902.49,0,0
2022-10-01,03N,"NHS SHEFFIELD",290,4649.78,0,0
2022-10-01,42D,"NHS NORTH YORKSHIRE",337,5722.03,0,0
2022-10-01,D9Y0V,"NHS HAMPSHIRE, SOUTHAMPTON AND ISLE OF WIGHT",339,8333.64,0,0
2022-10-01,16C,"NHS TEES VALLEY",390,6791.77,0,0
2022-10-01,15N,"NHS DEVON",492,8781.94,0,0
2022-10-01,06H,"NHS CAMBRIDGESHIRE AND PETERBOROUGH",520,9479.38,0,0
2022-11-01,09W,"NHS MEDWAY",0,0,0,0
2022-11-01,D4U1Y,"NHS FRIMLEY",0,0,0,0
2022-11-01,01J,"NHS KNOWSLEY",16,213.42,0,0
2022-11-01,02Q,"NHS BASSETLAW",19,513.64,0,0
2022-11-01,05V,"NHS STAFFORD AND SURROUNDS",20,532.45,0,0
2022-11-01,03H,"NHS NORTH EAST LINCOLNSHIRE",21,280.07,0,0
2022-11-01,07G,"NHS THURROCK",21,697.32,0,0
2022-11-01,10R,"NHS PORTSMOUTH",21,439.96,0,0
2022-11-01,00N,"NHS SOUTH TYNESIDE",25,453.34,0,0
2022-11-01,99G,"NHS SOUTHEND",25,506.63,0,0
2022-11-01,04Y,"NHS CANNOCK CHASE",27,803.95,0,0
2022-11-01,05D,"NHS EAST STAFFORDSHIRE",27,400,0,0
2022-11-01,02G,"NHS WEST LANCASHIRE",28,506.64,0,0
2022-11-01,07H,"NHS WEST ESSEX",28,890.63,0,0
2022-11-01,01F,"NHS HALTON",29,657.83,0,0
2022-11-01,04C,"NHS LEICESTER CITY",32,573.35,0,0
2022-11-01,01V,"NHS SOUTHPORT AND FORMBY",33,1224.77,0,0
2022-11-01,05Q,"NHS SOUTH EAST STAFFORDSHIRE AND SEISDON PENINSULA",33,599.93,0,0
2022-11-01,05G,"NHS NORTH STAFFORDSHIRE",36,546.7,0,0
2022-11-01,02P,"NHS BARNSLEY",37,600.04,0,0
2022-11-01,03W,"NHS EAST LEICESTERSHIRE AND RUTLAND",37,586.6,0,0
2022-11-01,05W,"NHS STOKE ON TRENT",37,1677.2,0,0
2022-11-01,99E,"NHS BASILDON AND BRENTWOOD",39,1375.33,0,0
2022-11-01,04V,"NHS WEST LEICESTERSHIRE",40,1088.82,0,0
2022-11-01,99F,"NHS CASTLE POINT AND ROCHFORD",40,600.12,0,0
2022-11-01,U2G6B,"NHS THAMES VALLEY ICB - U2G6B",40,1285.44,0,0
2022-11-01,02T,"NHS CALDERDALE",42,925.82,0,0
2022-11-01,12F,"NHS WIRRAL",44,1026.37,0,0
2022-11-01,01T,"NHS SOUTH SEFTON",45,693.42,0,0
2022-11-01,01X,"NHS ST HELENS",46,680.08,0,0
2022-11-01,00V,"NHS BURY",53,932.82,0,0
2022-11-01,06L,"NHS IPSWICH AND EAST SUFFOLK",55,1379.66,0,0
2022-11-01,03K,"NHS NORTH LINCOLNSHIRE",56,853.24,0,0
2022-11-01,02X,"NHS DONCASTER",58,933.45,0,0
2022-11-01,07K,"NHS WEST SUFFOLK",59,1166.59,0,0
2022-11-01,06Q,"NHS MID ESSEX",60,1514.93,0,0
2022-11-01,03F,"NHS HULL",61,1000.04,0,0
2022-11-01,00Y,"NHS OLDHAM",63,1401.79,0,0
2022-11-01,02E,"NHS WARRINGTON",63,1053.36,0,0
2022-11-01,01G,"NHS SALFORD",64,1090.41,0,0
2022-11-01,00Q,"NHS BLACKBURN WITH DARWEN",65,986.76,0,0
2022-11-01,03R,"NHS WAKEFIELD",65,1228,0,0
2022-11-01,00P,"NHS SUNDERLAND",68,1186.68,0,0
2022-11-01,06T,"NHS NORTH EAST ESSEX",68,1162.22,0,0
2022-11-01,11X,"NHS SOMERSET",68,1244.6,0,0
2022-11-01,00R,"NHS BLACKPOOL",69,986.81,0,0
2022-11-01,03L,"NHS ROTHERHAM",69,1120.31,0,0
2022-11-01,09D,"NHS BRIGHTON AND HOVE",69,1463.77,0,0
2022-11-01,02M,"NHS FYLDE AND WYRE",71,1040.09,0,0
2022-11-01,01E,"NHS GREATER PRESTON",73,1279.99,0,0
2022-11-01,01D,"NHS HEYWOOD, MIDDLETON AND ROCHDALE",74,1391.8,0,0
2022-11-01,01Y,"NHS TAMESIDE AND GLOSSOP",74,1439.94,0,0
2022-11-01,99A,"NHS LIVERPOOL",76,1573.41,0,0
2022-11-01,00T,"NHS BOLTON",84,1547.39,0,0
2022-11-01,00X,"NHS CHORLEY AND SOUTH RIBBLE",91,1654.65,0,0
2022-11-01,03Q,"NHS VALE OF YORK",91,1568.78,0,0
2022-11-01,78H,"NHS NORTHAMPTONSHIRE",91,1536.87,0,0
2022-11-01,15A,"NHS BERKSHIRE WEST",95,1635.63,0,0
2022-11-01,M2L0M,"NHS SHROPSHIRE, TELFORD AND WREKIN",96,1978.89,0,0
2022-11-01,01H,"NHS NORTH CUMBRIA",99,1679.76,0,0
2022-11-01,02Y,"NHS EAST RIDING OF YORKSHIRE",102,1861.88,0,0
2022-11-01,02A,"NHS TRAFFORD",104,2405.39,0,0
2022-11-01,01K,"NHS MORECAMBE BAY",110,1640.09,0,0
2022-11-01,06N,"NHS HERTS VALLEYS",120,2439.71,0,0
2022-11-01,10Q,"NHS OXFORDSHIRE",122,2358.27,0,0
2022-11-01,11M,"NHS GLOUCESTERSHIRE",122,2567.47,0,0
2022-11-01,02H,"NHS WIGAN BOROUGH",126,2254.92,0,0
2022-11-01,01A,"NHS EAST LANCASHIRE",130,2054.68,0,0
2022-11-01,72Q,"NHS SOUTH EAST LONDON",134,3093.45,0,0
2022-11-01,92G,"NHS BATH AND NORTH EAST SOMERSET, SWINDON AND WILTSHIRE",140,3212.49,0,0
2022-11-01,15F,"NHS LEEDS",146,2964.56,0,0
2022-11-01,X2C4Y,"NHS KIRKLEES",146,2896.03,0,0
2022-11-01,18C,"NHS HEREFORDSHIRE AND WORCESTERSHIRE",154,3258.68,0,0
2022-11-01,06K,"NHS EAST AND NORTH HERTFORDSHIRE",155,2791.09,0,0
2022-11-01,M1J4Y,"NHS BEDFORDSHIRE, LUTON AND MILTON KEYNES",156,3408.45,0,0
2022-11-01,11N,"NHS CORNWALL AND THE ISLES OF SCILLY",157,2746.83,0,0
2022-11-01,B2M3M,"NHS COVENTRY AND WARWICKSHIRE",157,2535.03,0,0
2022-11-01,99C,"NHS NORTH TYNESIDE",162,3186.29,0,0
2022-11-01,01W,"NHS STOCKPORT",167,3004.23,0,0
2022-11-01,71E,"NHS LINCOLNSHIRE",169,2979.89,0,0
2022-11-01,15C,"NHS BRISTOL, NORTH SOMERSET AND SOUTH GLOUCESTERSHIRE",172,3755.15,0,0
2022-11-01,15M,"NHS DERBY AND DERBYSHIRE",175,3278.36,0,0
2022-11-01,14L,"NHS MANCHESTER",178,3432.78,0,0
2022-11-01,92A,"NHS SURREY HEARTLANDS",182,3803.64,0,0
2022-11-01,97R,"NHS EAST SUSSEX",188,4098.65,0,0
2022-11-01,36J,"NHS BRADFORD DISTRICT AND CRAVEN",193,3748.39,0,0
2022-11-01,13T,"NHS NEWCASTLE GATESHEAD",198,3639.83,0,0
2022-11-01,14Y,"NHS BUCKINGHAMSHIRE",207,3876.83,0,0
2022-11-01,11J,"NHS DORSET",208,4268.84,0,0
2022-11-01,A3A8R,"NHS NORTH EAST LONDON",208,4078.96,0,0
2022-11-01,26A,"NHS NORFOLK AND WAVENEY",220,6418.84,0,0
2022-11-01,70F,"NHS WEST SUSSEX",223,4721.4,0,0
2022-11-01,27D,"NHS CHESHIRE",246,4083.51,0,0
2022-11-01,W2U3Z,"NHS NORTH WEST LONDON",248,5162.87,0,0
2022-11-01,15E,"NHS BIRMINGHAM AND SOLIHULL",250,4708.32,0,0
2022-11-01,84H,"NHS COUNTY DURHAM",257,4214.75,0,0
2022-11-01,36L,"NHS SOUTH WEST LONDON",261,5725.66,0,0
2022-11-01,D2P2L,"NHS BLACK COUNTRY",269,6270.11,0,0
2022-11-01,93C,"NHS NORTH CENTRAL LONDON",275,5178.24,0,0
2022-11-01,52R,"NHS NOTTINGHAM AND NOTTINGHAMSHIRE",279,5817.12,0,0
2022-11-01,91Q,"NHS KENT AND MEDWAY",290,5365.7,0,0
2022-11-01,00L,"NHS NORTHUMBERLAND",301,5092.84,0,0
2022-11-01,03N,"NHS SHEFFIELD",328,5260.97,0,0
2022-11-01,42D,"NHS NORTH YORKSHIRE",340,5868.8,0,0
2022-11-01,D9Y0V,"NHS HAMPSHIRE, SOUTHAMPTON AND ISLE OF WIGHT",342,8538.71,0,0
2022-11-01,16C,"NHS TEES VALLEY",418,7002.07,0,0
2022-11-01,15N,"NHS DEVON",538,9666.57,0,0
2022-11-01,06H,"NHS CAMBRIDGESHIRE AND PETERBOROUGH",563,9627.8,0,0
2022-12-01,09W,"NHS MEDWAY",0,0,0,0
2022-12-01,D4U1Y,"NHS FRIMLEY",1,13.33,0,0
2022-12-01,01J,"NHS KNOWSLEY",14,186.67,0,0
2022-12-01,01F,"NHS HALTON",15,382.17,0,0
2022-12-01,07G,"NHS THURROCK",15,239.97,0,0
2022-12-01,99G,"NHS SOUTHEND",17,266.61,0,0
2022-12-01,05V,"NHS STAFFORD AND SURROUNDS",22,528.74,0,0
2022-12-01,02G,"NHS WEST LANCASHIRE",24,749.14,0,0
2022-12-01,05D,"NHS EAST STAFFORDSHIRE",25,386.59,0,0
2022-12-01,03H,"NHS NORTH EAST LINCOLNSHIRE",26,346.62,0,0
2022-12-01,04Y,"NHS CANNOCK CHASE",30,802.46,0,0
2022-12-01,04C,"NHS LEICESTER CITY",31,466.58,0,0
2022-12-01,05Q,"NHS SOUTH EAST STAFFORDSHIRE AND SEISDON PENINSULA",31,559.87,0,0
2022-12-01,07H,"NHS WEST ESSEX",31,740.34,0,0
2022-12-01,99E,"NHS BASILDON AND BRENTWOOD",32,861.72,0,0
2022-12-01,01V,"NHS SOUTHPORT AND FORMBY",33,1337.51,0,0
2022-12-01,05G,"NHS NORTH STAFFORDSHIRE",33,506.59,0,0
2022-12-01,02Q,"NHS BASSETLAW",35,973.82,0,0
2022-12-01,05W,"NHS STOKE ON TRENT",35,1287.78,0,0
2022-12-01,02P,"NHS BARNSLEY",37,599.9,0,0
2022-12-01,10R,"NHS PORTSMOUTH",38,746.51,0,0
2022-12-01,99F,"NHS CASTLE POINT AND ROCHFORD",38,671.44,0,0
2022-12-01,01T,"NHS SOUTH SEFTON",39,613.24,0,0
2022-12-01,02T,"NHS CALDERDALE",39,746.49,0,0
2022-12-01,00N,"NHS SOUTH TYNESIDE",41,746.5,0,0
2022-12-01,12F,"NHS WIRRAL",42,995.07,0,0
2022-12-01,U2G6B,"NHS THAMES VALLEY ICB - U2G6B",46,848.8,0,0
2022-12-01,01X,"NHS ST HELENS",47,882.59,0,0
2022-12-01,04V,"NHS WEST LEICESTERSHIRE",47,786.51,0,0
2022-12-01,03W,"NHS EAST LEICESTERSHIRE AND RUTLAND",48,1063.45,0,0
2022-12-01,06T,"NHS NORTH EAST ESSEX",50,843.4,0,0
2022-12-01,06Q,"NHS MID ESSEX",55,1487.95,0,0
2022-12-01,00V,"NHS BURY",56,889.72,0,0
2022-12-01,00Y,"NHS OLDHAM",56,1349.03,0,0
2022-12-01,06L,"NHS IPSWICH AND EAST SUFFOLK",56,1670.51,0,0
2022-12-01,07K,"NHS WEST SUFFOLK",56,1250.91,0,0
2022-12-01,09D,"NHS BRIGHTON AND HOVE",56,1487.19,0,0
2022-12-01,03R,"NHS WAKEFIELD",60,1053.14,0,0
2022-12-01,02E,"NHS WARRINGTON",61,986.55,0,0
2022-12-01,03F,"NHS HULL",61,1054.83,0,0
2022-12-01,03K,"NHS NORTH LINCOLNSHIRE",64,959.69,0,0
2022-12-01,00Q,"NHS BLACKBURN WITH DARWEN",66,986.59,0,0
2022-12-01,01G,"NHS SALFORD",66,1334.65,0,0
2022-12-01,01D,"NHS HEYWOOD, MIDDLETON AND ROCHDALE",68,1352.76,0,0
2022-12-01,11X,"NHS SOMERSET",68,1325.98,0,0
2022-12-01,01E,"NHS GREATER PRESTON",69,1165.78,0,0
2022-12-01,02M,"NHS FYLDE AND WYRE",69,1106.49,0,0
2022-12-01,00P,"NHS SUNDERLAND",73,1413.02,0,0
2022-12-01,01Y,"NHS TAMESIDE AND GLOSSOP",74,1478.83,0,0
2022-12-01,02X,"NHS DONCASTER",75,1173.2,0,0
2022-12-01,03L,"NHS ROTHERHAM",77,1271.61,0,0
2022-12-01,00T,"NHS BOLTON",78,1489.22,0,0
2022-12-01,00R,"NHS BLACKPOOL",79,1106.66,0,0
2022-12-01,00X,"NHS CHORLEY AND SOUTH RIBBLE",81,1306.54,0,0
2022-12-01,03Q,"NHS VALE OF YORK",90,1519.77,0,0
2022-12-01,78H,"NHS NORTHAMPTONSHIRE",92,1476.92,0,0
2022-12-01,99A,"NHS LIVERPOOL",92,1483.38,0,0
2022-12-01,15A,"NHS BERKSHIRE WEST",99,1897.22,0,0
2022-12-01,01H,"NHS NORTH CUMBRIA",107,1866.23,0,0
2022-12-01,01A,"NHS EAST LANCASHIRE",113,1721.14,0,0
2022-12-01,02A,"NHS TRAFFORD",116,2612.1,0,0
2022-12-01,02Y,"NHS EAST RIDING OF YORKSHIRE",116,2081.07,0,0
2022-12-01,10Q,"NHS OXFORDSHIRE",119,2179.42,0,0
2022-12-01,M2L0M,"NHS SHROPSHIRE, TELFORD AND WREKIN",121,2283.94,0,0
2022-12-01,X2C4Y,"NHS KIRKLEES",122,2309.17,0,0
2022-12-01,11M,"NHS GLOUCESTERSHIRE",125,2374.14,0,0
2022-12-01,06N,"NHS HERTS VALLEYS",132,2567.33,0,0
2022-12-01,01K,"NHS MORECAMBE BAY",135,2307.59,0,0
2022-12-01,15F,"NHS LEEDS",136,2577.13,0,0
2022-12-01,01W,"NHS STOCKPORT",143,2388.51,0,0
2022-12-01,02H,"NHS WIGAN BOROUGH",150,2507.71,0,0
2022-12-01,92G,"NHS BATH AND NORTH EAST SOMERSET, SWINDON AND WILTSHIRE",152,2933.1,0,0
2022-12-01,72Q,"NHS SOUTH EAST LONDON",153,3248.3,0,0
2022-12-01,11N,"NHS CORNWALL AND THE ISLES OF SCILLY",155,2435.02,0,0
2022-12-01,B2M3M,"NHS COVENTRY AND WARWICKSHIRE",156,2586.02,0,0
2022-12-01,06K,"NHS EAST AND NORTH HERTFORDSHIRE",161,3143.76,0,0
2022-12-01,15C,"NHS BRISTOL, NORTH SOMERSET AND SOUTH GLOUCESTERSHIRE",168,3632.59,0,0
2022-12-01,99C,"NHS NORTH TYNESIDE",168,3239.34,0,0
2022-12-01,18C,"NHS HEREFORDSHIRE AND WORCESTERSHIRE",172,3364.57,0,0
2022-12-01,11J,"NHS DORSET",177,3647.48,0,0
2022-12-01,M1J4Y,"NHS BEDFORDSHIRE, LUTON AND MILTON KEYNES",179,3589.5,0,0
2022-12-01,36J,"NHS BRADFORD DISTRICT AND CRAVEN",191,3315.23,0,0
2022-12-01,14L,"NHS MANCHESTER",194,3408.44,0,0
2022-12-01,71E,"NHS LINCOLNSHIRE",195,3394.87,0,0
2022-12-01,15M,"NHS DERBY AND DERBYSHIRE",206,3774.01,0,0
2022-12-01,92A,"NHS SURREY HEARTLANDS",207,4336.04,0,0
2022-12-01,97R,"NHS EAST SUSSEX",212,4432.1,0,0
2022-12-01,13T,"NHS NEWCASTLE GATESHEAD",226,4172.55,0,0
2022-12-01,70F,"NHS WEST SUSSEX",237,4768.22,0,0
2022-12-01,A3A8R,"NHS NORTH EAST LONDON",242,4683.48,0,0
2022-12-01,14Y,"NHS BUCKINGHAMSHIRE",243,4422.9,0,0
2022-12-01,15E,"NHS BIRMINGHAM AND SOLIHULL",243,4499.02,0,0
2022-12-01,26A,"NHS NORFOLK AND WAVENEY",246,6863.34,0,0
2022-12-01,36L,"NHS SOUTH WEST LONDON",256,5465.91,0,0
2022-12-01,52R,"NHS NOTTINGHAM AND NOTTINGHAMSHIRE",256,4944.2,0,0
2022-12-01,W2U3Z,"NHS NORTH WEST LONDON",259,4978.16,0,0
2022-12-01,D2P2L,"NHS BLACK COUNTRY",268,5390.36,0,0
2022-12-01,00L,"NHS NORTHUMBERLAND",288,4734.2,0,0
2022-12-01,84H,"NHS COUNTY DURHAM",293,5317.69,0,0
2022-12-01,27D,"NHS CHESHIRE",299,5227.03,0,0
2022-12-01,93C,"NHS NORTH CENTRAL LONDON",301,5251.71,0,0
2022-12-01,91Q,"NHS KENT AND MEDWAY",316,6301.37,0,0
2022-12-01,03N,"NHS SHEFFIELD",357,5726.85,0,0
2022-12-01,D9Y0V,"NHS HAMPSHIRE, SOUTHAMPTON AND ISLE OF WIGHT",393,9499.51,0,0
2022-12-01,16C,"NHS TEES VALLEY",415,7152.86,0,0
2022-12-01,42D,"NHS NORTH YORKSHIRE",418,6657.62,0,0
2022-12-01,15N,"NHS DEVON",578,9903.52,0,0
2022-12-01,06H,"NHS CAMBRIDGESHIRE AND PETERBOROUGH",592,10765.54,0,0
2023-01-01,09W,"NHS MEDWAY",0,0,0,0
2023-01-01,D4U1Y,"NHS FRIMLEY",0,0,0,0
2023-01-01,01J,"NHS KNOWSLEY",13,173.69,0,0
2023-01-01,07G,"NHS THURROCK",16,645.24,0,0
2023-01-01,02G,"NHS WEST LANCASHIRE",19,347.35,0,0
2023-01-01,04Y,"NHS CANNOCK CHASE",19,415.49,0,0
2023-01-01,01F,"NHS HALTON",20,334.01,0,0
2023-01-01,05D,"NHS EAST STAFFORDSHIRE",20,325.51,0,0
2023-01-01,99G,"NHS SOUTHEND",21,387.41,0,0
2023-01-01,05V,"NHS STAFFORD AND SURROUNDS",22,759.75,0,0
2023-01-01,01V,"NHS SOUTHPORT AND FORMBY",25,1013.56,0,0
2023-01-01,02Q,"NHS BASSETLAW",26,594.85,0,0
2023-01-01,10R,"NHS PORTSMOUTH",27,627.8,0,0
2023-01-01,99E,"NHS BASILDON AND BRENTWOOD",29,1054.59,0,0
2023-01-01,02T,"NHS CALDERDALE",30,494.31,0,0
2023-01-01,03H,"NHS NORTH EAST LINCOLNSHIRE",32,427.61,0,0
2023-01-01,05Q,"NHS SOUTH EAST STAFFORDSHIRE AND SEISDON PENINSULA",32,641.18,0,0
2023-01-01,00N,"NHS SOUTH TYNESIDE",33,561.13,0,0
2023-01-01,04V,"NHS WEST LEICESTERSHIRE",33,547.72,0,0
2023-01-01,99F,"NHS CASTLE POINT AND ROCHFORD",34,627.88,0,0
2023-01-01,05G,"NHS NORTH STAFFORDSHIRE",36,574.48,0,0
2023-01-01,03W,"NHS EAST LEICESTERSHIRE AND RUTLAND",37,614.52,0,0
2023-01-01,U2G6B,"NHS THAMES VALLEY ICB - U2G6B",40,1101.8,0,0
2023-01-01,01T,"NHS SOUTH SEFTON",42,681.37,0,0
2023-01-01,04C,"NHS LEICESTER CITY",42,681.38,0,0
2023-01-01,05W,"NHS STOKE ON TRENT",42,1424.96,0,0
2023-01-01,07H,"NHS WEST ESSEX",42,1510.8,0,0
2023-01-01,12F,"NHS WIRRAL",44,904.6,0,0
2023-01-01,01X,"NHS ST HELENS",48,1004.68,0,0
2023-01-01,00V,"NHS BURY",49,959.74,0,0
2023-01-01,02P,"NHS BARNSLEY",49,841.67,0,0
2023-01-01,03F,"NHS HULL",51,870.04,0,0
2023-01-01,06Q,"NHS MID ESSEX",51,1204.6,0,0
2023-01-01,03K,"NHS NORTH LINCOLNSHIRE",54,801.54,0,0
2023-01-01,06L,"NHS IPSWICH AND EAST SUFFOLK",54,1584.76,0,0
2023-01-01,00Y,"NHS OLDHAM",56,1269.71,0,0
2023-01-01,11X,"NHS SOMERSET",57,981.15,0,0
2023-01-01,01Y,"NHS TAMESIDE AND GLOSSOP",61,1140.2,0,0
2023-01-01,06T,"NHS NORTH EAST ESSEX",61,1087.35,0,0
2023-01-01,01D,"NHS HEYWOOD, MIDDLETON AND ROCHDALE",63,1152.54,0,0
2023-01-01,01E,"NHS GREATER PRESTON",64,1095.51,0,0
2023-01-01,01G,"NHS SALFORD",65,1321.17,0,0
2023-01-01,00Q,"NHS BLACKBURN WITH DARWEN",66,1082.18,0,0
2023-01-01,02E,"NHS WARRINGTON",67,1189.04,0,0
2023-01-01,07K,"NHS WEST SUFFOLK",69,1449.14,0,0
2023-01-01,09D,"NHS BRIGHTON AND HOVE",69,1515.71,0,0
2023-01-01,02X,"NHS DONCASTER",70,1135.65,0,0
2023-01-01,00P,"NHS SUNDERLAND",75,1402.72,0,0
2023-01-01,99A,"NHS LIVERPOOL",77,1242.51,0,0
2023-01-01,03R,"NHS WAKEFIELD",78,1699.32,0,0
2023-01-01,02M,"NHS FYLDE AND WYRE",80,1215.9,0,0
2023-01-01,00R,"NHS BLACKPOOL",81,1202.56,0,0
2023-01-01,00T,"NHS BOLTON",82,1388.65,0,0
2023-01-01,03Q,"NHS VALE OF YORK",88,1502.29,0,0
2023-01-01,01H,"NHS NORTH CUMBRIA",89,1469.4,0,0
2023-01-01,03L,"NHS ROTHERHAM",93,1488.19,0,0
2023-01-01,15A,"NHS BERKSHIRE WEST",94,1585.41,0,0
2023-01-01,00X,"NHS CHORLEY AND SOUTH RIBBLE",96,1619.63,0,0
2023-01-01,02Y,"NHS EAST RIDING OF YORKSHIRE",98,1743.86,0,0
2023-01-01,78H,"NHS NORTHAMPTONSHIRE",103,1780.43,0,0
2023-01-01,M2L0M,"NHS SHROPSHIRE, TELFORD AND WREKIN",103,1847.95,0,0
2023-01-01,10Q,"NHS OXFORDSHIRE",107,2024.69,0,0
2023-01-01,02A,"NHS TRAFFORD",114,2757.87,0,0
2023-01-01,11M,"NHS GLOUCESTERSHIRE",118,2993.19,0,0
2023-01-01,X2C4Y,"NHS KIRKLEES",123,2460.93,0,0
2023-01-01,06N,"NHS HERTS VALLEYS",130,2798.18,0,0
2023-01-01,15F,"NHS LEEDS",132,2882.66,0,0
2023-01-01,01A,"NHS EAST LANCASHIRE",137,2004.17,0,0
2023-01-01,72Q,"NHS SOUTH EAST LONDON",144,3368.17,0,0
2023-01-01,01W,"NHS STOCKPORT",145,2433.84,0,0
2023-01-01,02H,"NHS WIGAN BOROUGH",149,2526.77,0,0
2023-01-01,01K,"NHS MORECAMBE BAY",150,2391.44,0,0
2023-01-01,92G,"NHS BATH AND NORTH EAST SOMERSET, SWINDON AND WILTSHIRE",153,2754.6,0,0
2023-01-01,15C,"NHS BRISTOL, NORTH SOMERSET AND SOUTH GLOUCESTERSHIRE",157,3295.99,0,0
2023-01-01,B2M3M,"NHS COVENTRY AND WARWICKSHIRE",159,2551.63,0,0
2023-01-01,99C,"NHS NORTH TYNESIDE",162,3152.79,0,0
2023-01-01,18C,"NHS HEREFORDSHIRE AND WORCESTERSHIRE",165,3369.32,0,0
2023-01-01,15M,"NHS DERBY AND DERBYSHIRE",168,3179.82,0,0
2023-01-01,36J,"NHS BRADFORD DISTRICT AND CRAVEN",172,3665.1,0,0
2023-01-01,11N,"NHS CORNWALL AND THE ISLES OF SCILLY",174,3392.74,0,0
2023-01-01,06K,"NHS EAST AND NORTH HERTFORDSHIRE",183,3420.38,0,0
2023-01-01,14L,"NHS MANCHESTER",186,3136.65,0,0
2023-01-01,11J,"NHS DORSET",192,3476.09,0,0
2023-01-01,13T,"NHS NEWCASTLE GATESHEAD",193,3526.92,0,0
2023-01-01,71E,"NHS LINCOLNSHIRE",196,3328.45,0,0
2023-01-01,14Y,"NHS BUCKINGHAMSHIRE",207,3639.69,0,0
2023-01-01,97R,"NHS EAST SUSSEX",210,4257.82,0,0
2023-01-01,M1J4Y,"NHS BEDFORDSHIRE, LUTON AND MILTON KEYNES",214,3943.08,0,0
2023-01-01,26A,"NHS NORFOLK AND WAVENEY",227,6953.06,0,0
2023-01-01,92A,"NHS SURREY HEARTLANDS",230,4582.26,0,0
2023-01-01,36L,"NHS SOUTH WEST LONDON",232,4669.02,0,0
2023-01-01,W2U3Z,"NHS NORTH WEST LONDON",244,5365.38,0,0
2023-01-01,70F,"NHS WEST SUSSEX",249,4736.63,0,0
2023-01-01,84H,"NHS COUNTY DURHAM",261,4628.42,0,0
2023-01-01,27D,"NHS CHESHIRE",278,4656.71,0,0
2023-01-01,A3A8R,"NHS NORTH EAST LONDON",283,5890.56,0,0
2023-01-01,00L,"NHS NORTHUMBERLAND",287,4662.66,0,0
2023-01-01,52R,"NHS NOTTINGHAM AND NOTTINGHAMSHIRE",289,6266.18,0,0
2023-01-01,D2P2L,"NHS BLACK COUNTRY",307,7306.05,0,0
2023-01-01,03N,"NHS SHEFFIELD",323,5419.87,0,0
2023-01-01,91Q,"NHS KENT AND MEDWAY",323,6021.87,0,0
2023-01-01,15E,"NHS BIRMINGHAM AND SOLIHULL",336,6719.04,0,0
2023-01-01,42D,"NHS NORTH YORKSHIRE",339,5451.68,0,0
2023-01-01,93C,"NHS NORTH CENTRAL LONDON",354,6251.65,0,0
2023-01-01,D9Y0V,"NHS HAMPSHIRE, SOUTHAMPTON AND ISLE OF WIGHT",377,8682.58,0,0
2023-01-01,16C,"NHS TEES VALLEY",459,7475.87,0,0
2023-01-01,06H,"NHS CAMBRIDGESHIRE AND PETERBOROUGH",650,10994.11,0,0
2023-01-01,15N,"NHS DEVON",715,12435.44,0,0
2023-02-01,09W,"NHS MEDWAY",0,0,0,0
2023-02-01,D4U1Y,"NHS FRIMLEY",1,13.37,0,0
2023-02-01,01J,"NHS KNOWSLEY",10,133.7,0,0
2023-02-01,99G,"NHS SOUTHEND",13,240.61,0,0
2023-02-01,02G,"NHS WEST LANCASHIRE",15,267.35,0,0
2023-02-01,07G,"NHS THURROCK",16,375.64,0,0
2023-02-01,01F,"NHS HALTON",20,472.43,0,0
2023-02-01,04Y,"NHS CANNOCK CHASE",20,617.55,0,0
2023-02-01,02Q,"NHS BASSETLAW",24,581.8,0,0
2023-02-01,05D,"NHS EAST STAFFORDSHIRE",24,374.28,0,0
2023-02-01,05V,"NHS STAFFORD AND SURROUNDS",24,530.23,0,0
2023-02-01,01V,"NHS SOUTHPORT AND FORMBY",25,1067.59,0,0
2023-02-01,04C,"NHS LEICESTER CITY",25,414.41,0,0
2023-02-01,01X,"NHS ST HELENS",27,549.43,0,0
2023-02-01,10R,"NHS PORTSMOUTH",27,588.11,0,0
2023-02-01,05W,"NHS STOKE ON TRENT",29,1032.44,0,0
2023-02-01,05G,"NHS NORTH STAFFORDSHIRE",32,534.68,0,0
2023-02-01,99F,"NHS CASTLE POINT AND ROCHFORD",32,548.09,0,0
2023-02-01,02T,"NHS CALDERDALE",35,628.27,0,0
2023-02-01,02P,"NHS BARNSLEY",36,601.56,0,0
2023-02-01,01T,"NHS SOUTH SEFTON",37,548.13,0,0
2023-02-01,04V,"NHS WEST LEICESTERSHIRE",38,1145.06,0,0
2023-02-01,00V,"NHS BURY",41,799.89,0,0
2023-02-01,05Q,"NHS SOUTH EAST STAFFORDSHIRE AND SEISDON PENINSULA",41,757.56,0,0
2023-02-01,06L,"NHS IPSWICH AND EAST SUFFOLK",41,1018.51,0,0
2023-02-01,07H,"NHS WEST ESSEX",41,1046.8,0,0
2023-02-01,00Q,"NHS BLACKBURN WITH DARWEN",43,721.87,0,0
2023-02-01,00N,"NHS SOUTH TYNESIDE",44,842.13,0,0
2023-02-01,03K,"NHS NORTH LINCOLNSHIRE",44,641.61,0,0
2023-02-01,U2G6B,"NHS THAMES VALLEY ICB - U2G6B",45,1120.26,0,0
2023-02-01,03W,"NHS EAST LEICESTERSHIRE AND RUTLAND",46,1066.4,0,0
2023-02-01,12F,"NHS WIRRAL",46,945.27,0,0
2023-02-01,03F,"NHS HULL",48,775.37,0,0
2023-02-01,06Q,"NHS MID ESSEX",51,1318.15,0,0
2023-02-01,01D,"NHS HEYWOOD, MIDDLETON AND ROCHDALE",53,1019.51,0,0
2023-02-01,00Y,"NHS OLDHAM",54,1180.67,0,0
2023-02-01,03H,"NHS NORTH EAST LINCOLNSHIRE",55,828.9,0,0
2023-02-01,06T,"NHS NORTH EAST ESSEX",56,1001.79,0,0
2023-02-01,07K,"NHS WEST SUFFOLK",58,1421.94,0,0
2023-02-01,02E,"NHS WARRINGTON",59,989.21,0,0
2023-02-01,02X,"NHS DONCASTER",59,935.78,0,0
2023-02-01,00P,"NHS SUNDERLAND",61,1082.77,0,0
2023-02-01,11X,"NHS SOMERSET",62,1089.1,0,0
2023-02-01,09D,"NHS BRIGHTON AND HOVE",63,1136.24,0,0
2023-02-01,00R,"NHS BLACKPOOL",64,895.8,0,0
2023-02-01,03R,"NHS WAKEFIELD",64,1379.51,0,0
2023-02-01,01E,"NHS GREATER PRESTON",66,1176.36,0,0
2023-02-01,02M,"NHS FYLDE AND WYRE",67,1113.17,0,0
2023-02-01,01G,"NHS SALFORD",68,1173.43,0,0
2023-02-01,00T,"NHS BOLTON",70,1199.28,0,0
2023-02-01,01Y,"NHS TAMESIDE AND GLOSSOP",70,1458.62,0,0
2023-02-01,99A,"NHS LIVERPOOL",70,1109.6,0,0
2023-02-01,00X,"NHS CHORLEY AND SOUTH RIBBLE",78,1283.39,0,0
2023-02-01,03Q,"NHS VALE OF YORK",83,1382.83,0,0
2023-02-01,15A,"NHS BERKSHIRE WEST",84,1417.01,0,0
2023-02-01,78H,"NHS NORTHAMPTONSHIRE",87,1351.18,0,0
2023-02-01,03L,"NHS ROTHERHAM",91,1328.5,0,0
2023-02-01,M2L0M,"NHS SHROPSHIRE, TELFORD AND WREKIN",93,1742.25,0,0
2023-02-01,02A,"NHS TRAFFORD",95,2309.62,0,0
2023-02-01,02Y,"NHS EAST RIDING OF YORKSHIRE",95,1571.3,0,0
2023-02-01,99E,"NHS BASILDON AND BRENTWOOD",98,2073.01,0,0
2023-02-01,10Q,"NHS OXFORDSHIRE",99,1831.2,0,0
2023-02-01,01A,"NHS EAST LANCASHIRE",100,1512,0,0
2023-02-01,X2C4Y,"NHS KIRKLEES",106,2074.86,0,0
2023-02-01,01H,"NHS NORTH CUMBRIA",110,1960.55,0,0
2023-02-01,11M,"NHS GLOUCESTERSHIRE",111,2144.9,0,0
2023-02-01,15F,"NHS LEEDS",114,2260.61,0,0
2023-02-01,99C,"NHS NORTH TYNESIDE",130,2553.07,0,0
2023-02-01,06K,"NHS EAST AND NORTH HERTFORDSHIRE",135,3265.4,0,0
2023-02-01,01K,"NHS MORECAMBE BAY",137,2125.51,0,0
2023-02-01,72Q,"NHS SOUTH EAST LONDON",137,2829.32,0,0
2023-02-01,15M,"NHS DERBY AND DERBYSHIRE",140,2695.65,0,0
2023-02-01,15C,"NHS BRISTOL, NORTH SOMERSET AND SOUTH GLOUCESTERSHIRE",141,2909.58,0,0
2023-02-01,01W,"NHS STOCKPORT",142,2421.84,0,0
2023-02-01,11N,"NHS CORNWALL AND THE ISLES OF SCILLY",144,2496.96,0,0
2023-02-01,92G,"NHS BATH AND NORTH EAST SOMERSET, SWINDON AND WILTSHIRE",144,2911.7,0,0
2023-02-01,B2M3M,"NHS COVENTRY AND WARWICKSHIRE",146,2380.8,0,0
2023-02-01,18C,"NHS HEREFORDSHIRE AND WORCESTERSHIRE",149,3186.85,0,0
2023-02-01,06N,"NHS HERTS VALLEYS",150,3007.52,0,0
2023-02-01,02H,"NHS WIGAN BOROUGH",158,2621.6,0,0
2023-02-01,36J,"NHS BRADFORD DISTRICT AND CRAVEN",161,3143.28,0,0
2023-02-01,11J,"NHS DORSET",165,3638.55,0,0
2023-02-01,71E,"NHS LINCOLNSHIRE",183,3207.23,0,0
2023-02-01,13T,"NHS NEWCASTLE GATESHEAD",184,3515.55,0,0
2023-02-01,M1J4Y,"NHS BEDFORDSHIRE, LUTON AND MILTON KEYNES",197,3761.01,0,0
2023-02-01,14L,"NHS MANCHESTER",199,3381.64,0,0
2023-02-01,14Y,"NHS BUCKINGHAMSHIRE",207,3864.68,0,0
2023-02-01,92A,"NHS SURREY HEARTLANDS",208,4721.48,0,0
2023-02-01,26A,"NHS NORFOLK AND WAVENEY",217,6213.58,0,0
2023-02-01,97R,"NHS EAST SUSSEX",223,5008.69,0,0
2023-02-01,70F,"NHS WEST SUSSEX",231,4712.82,0,0
2023-02-01,36L,"NHS SOUTH WEST LONDON",236,4770.44,0,0
2023-02-01,84H,"NHS COUNTY DURHAM",250,4400.1,0,0
2023-02-01,52R,"NHS NOTTINGHAM AND NOTTINGHAMSHIRE",259,5256.69,0,0
2023-02-01,A3A8R,"NHS NORTH EAST LONDON",264,5047.88,0,0
2023-02-01,W2U3Z,"NHS NORTH WEST LONDON",275,5660.39,0,0
2023-02-01,27D,"NHS CHESHIRE",277,4740.26,0,0
2023-02-01,15E,"NHS BIRMINGHAM AND SOLIHULL",281,5121.19,0,0
2023-02-01,00L,"NHS NORTHUMBERLAND",289,4852.43,0,0
2023-02-01,91Q,"NHS KENT AND MEDWAY",301,5112.57,0,0
2023-02-01,D2P2L,"NHS BLACK COUNTRY",302,6280.66,0,0
2023-02-01,03N,"NHS SHEFFIELD",334,5650.52,0,0
2023-02-01,D9Y0V,"NHS HAMPSHIRE, SOUTHAMPTON AND ISLE OF WIGHT",335,7704.84,0,0
2023-02-01,42D,"NHS NORTH YORKSHIRE",350,5870.64,0,0
2023-02-01,93C,"NHS NORTH CENTRAL LONDON",415,6973.16,0,0
2023-02-01,16C,"NHS TEES VALLEY",438,7032.3,0,0
2023-02-01,06H,"NHS CAMBRIDGESHIRE AND PETERBOROUGH",630,10205.57,0,0
2023-02-01,15N,"NHS DEVON",743,13100.1,0,0
2023-03-01,09W,"NHS MEDWAY",0,0,0,0
2023-03-01,D4U1Y,"NHS FRIMLEY",1,13.37,0,0
2023-03-01,01J,"NHS KNOWSLEY",13,173.81,0,0
2023-03-01,01F,"NHS HALTON",19,423.34,0,0
2023-03-01,05V,"NHS STAFFORD AND SURROUNDS",19,583.7,0,0
2023-03-01,07G,"NHS THURROCK",19,564.06,0,0
2023-03-01,99G,"NHS SOUTHEND",20,414.34,0,0
2023-03-01,04Y,"NHS CANNOCK CHASE",21,482.55,0,0
2023-03-01,02G,"NHS WEST LANCASHIRE",22,427.73,0,0
2023-03-01,05D,"NHS EAST STAFFORDSHIRE",23,387.64,0,0
2023-03-01,02Q,"NHS BASSETLAW",26,595.17,0,0
2023-03-01,10R,"NHS PORTSMOUTH",26,521.3,0,0
2023-03-01,99F,"NHS CASTLE POINT AND ROCHFORD",30,534.7,0,0
2023-03-01,01V,"NHS SOUTHPORT AND FORMBY",32,1301.01,0,0
2023-03-01,04V,"NHS WEST LEICESTERSHIRE",34,601.49,0,0
2023-03-01,02T,"NHS CALDERDALE",36,748.49,0,0
2023-03-01,03W,"NHS EAST LEICESTERSHIRE AND RUTLAND",37,695,0,0
2023-03-01,04C,"NHS LEICESTER CITY",37,614.92,0,0
2023-03-01,05G,"NHS NORTH STAFFORDSHIRE",38,628.27,0,0
2023-03-01,02P,"NHS BARNSLEY",40,655.03,0,0
2023-03-01,00N,"NHS SOUTH TYNESIDE",42,761.92,0,0
2023-03-01,05W,"NHS STOKE ON TRENT",42,1810.76,0,0
2023-03-01,05Q,"NHS SOUTH EAST STAFFORDSHIRE AND SEISDON PENINSULA",43,735.18,0,0
2023-03-01,01X,"NHS ST HELENS",44,884.97,0,0
2023-03-01,07H,"NHS WEST ESSEX",45,1524.31,0,0
2023-03-01,01T,"NHS SOUTH SEFTON",46,708.54,0,0
2023-03-01,U2G6B,"NHS THAMES VALLEY ICB - U2G6B",47,968.67,0,0
2023-03-01,06L,"NHS IPSWICH AND EAST SUFFOLK",48,1292.74,0,0
2023-03-01,12F,"NHS WIRRAL",49,834.8,0,0
2023-03-01,00Y,"NHS OLDHAM",51,1252.28,0,0
2023-03-01,00V,"NHS BURY",54,1022.18,0,0
2023-03-01,11X,"NHS SOMERSET",54,1174.9,0,0
2023-03-01,03K,"NHS NORTH LINCOLNSHIRE",57,868.76,0,0
2023-03-01,00Q,"NHS BLACKBURN WITH DARWEN",59,922.42,0,0
2023-03-01,02X,"NHS DONCASTER",63,975.91,0,0
2023-03-01,06T,"NHS NORTH EAST ESSEX",63,895.67,0,0
2023-03-01,03R,"NHS WAKEFIELD",64,1337.96,0,0
2023-03-01,03F,"NHS HULL",65,1069.43,0,0
2023-03-01,01Y,"NHS TAMESIDE AND GLOSSOP",67,1253.74,0,0
2023-03-01,00R,"NHS BLACKPOOL",74,1056.18,0,0
2023-03-01,01D,"NHS HEYWOOD, MIDDLETON AND ROCHDALE",74,1279.5,0,0
2023-03-01,00P,"NHS SUNDERLAND",75,1443.59,0,0
2023-03-01,01G,"NHS SALFORD",75,1452.29,0,0
2023-03-01,09D,"NHS BRIGHTON AND HOVE",75,1766.38,0,0
2023-03-01,07K,"NHS WEST SUFFOLK",76,1681.86,0,0
2023-03-01,06Q,"NHS MID ESSEX",77,1761.94,0,0
2023-03-01,00T,"NHS BOLTON",79,1461.92,0,0
2023-03-01,01E,"NHS GREATER PRESTON",79,1309.98,0,0
2023-03-01,02E,"NHS WARRINGTON",79,1456.97,0,0
2023-03-01,99E,"NHS BASILDON AND BRENTWOOD",80,1381.46,0,0
2023-03-01,00X,"NHS CHORLEY AND SOUTH RIBBLE",82,1363.52,0,0
2023-03-01,02M,"NHS FYLDE AND WYRE",83,1216.55,0,0
2023-03-01,03L,"NHS ROTHERHAM",95,1368.59,0,0
2023-03-01,99A,"NHS LIVERPOOL",95,1677.23,0,0
2023-03-01,01H,"NHS NORTH CUMBRIA",101,1750.92,0,0
2023-03-01,M2L0M,"NHS SHROPSHIRE, TELFORD AND WREKIN",102,1956.02,0,0
2023-03-01,02Y,"NHS EAST RIDING OF YORKSHIRE",104,2168.09,0,0
2023-03-01,03Q,"NHS VALE OF YORK",104,1764.38,0,0
2023-03-01,15A,"NHS BERKSHIRE WEST",106,1697.69,0,0
2023-03-01,10Q,"NHS OXFORDSHIRE",111,2209.94,0,0
2023-03-01,01A,"NHS EAST LANCASHIRE",113,1739.2,0,0
2023-03-01,78H,"NHS NORTHAMPTONSHIRE",113,1762.63,0,0
2023-03-01,02A,"NHS TRAFFORD",122,3465.04,0,0
2023-03-01,03H,"NHS NORTH EAST LINCOLNSHIRE",132,1804.91,0,0
2023-03-01,X2C4Y,"NHS KIRKLEES",133,2609.42,0,0
2023-03-01,11M,"NHS GLOUCESTERSHIRE",136,3387.38,0,0
2023-03-01,06N,"NHS HERTS VALLEYS",145,2835.29,0,0
2023-03-01,92G,"NHS BATH AND NORTH EAST SOMERSET, SWINDON AND WILTSHIRE",147,2712.52,0,0
2023-03-01,01K,"NHS MORECAMBE BAY",150,2406.08,0,0
2023-03-01,15F,"NHS LEEDS",151,3040.11,0,0
2023-03-01,01W,"NHS STOCKPORT",156,2515.37,0,0
2023-03-01,11N,"NHS CORNWALL AND THE ISLES OF SCILLY",157,2495.1,0,0
2023-03-01,02H,"NHS WIGAN BOROUGH",158,2541.59,0,0
2023-03-01,18C,"NHS HEREFORDSHIRE AND WORCESTERSHIRE",158,3371.23,0,0
2023-03-01,06K,"NHS EAST AND NORTH HERTFORDSHIRE",160,3043.82,0,0
2023-03-01,99C,"NHS NORTH TYNESIDE",161,3100.95,0,0
2023-03-01,71E,"NHS LINCOLNSHIRE",169,3063.7,0,0
2023-03-01,15M,"NHS DERBY AND DERBYSHIRE",176,3132.63,0,0
2023-03-01,B2M3M,"NHS COVENTRY AND WARWICKSHIRE",176,2887.23,0,0
2023-03-01,36J,"NHS BRADFORD DISTRICT AND CRAVEN",186,3994.13,0,0
2023-03-01,14Y,"NHS BUCKINGHAMSHIRE",188,3047.69,0,0
2023-03-01,14L,"NHS MANCHESTER",196,3359.87,0,0
2023-03-01,11J,"NHS DORSET",198,3621.54,0,0
2023-03-01,97R,"NHS EAST SUSSEX",198,4188.29,0,0
2023-03-01,15C,"NHS BRISTOL, NORTH SOMERSET AND SOUTH GLOUCESTERSHIRE",200,4041.95,0,0
2023-03-01,M1J4Y,"NHS BEDFORDSHIRE, LUTON AND MILTON KEYNES",213,4282.7,0,0
2023-03-01,13T,"NHS NEWCASTLE GATESHEAD",221,4010.06,0,0
2023-03-01,92A,"NHS SURREY HEARTLANDS",224,4769.17,0,0
2023-03-01,26A,"NHS NORFOLK AND WAVENEY",226,6913.59,0,0
2023-03-01,70F,"NHS WEST SUSSEX",245,4877.77,0,0
2023-03-01,36L,"NHS SOUTH WEST LONDON",256,4687.53,0,0
2023-03-01,84H,"NHS COUNTY DURHAM",267,4533.29,0,0
2023-03-01,52R,"NHS NOTTINGHAM AND NOTTINGHAMSHIRE",272,5619.61,0,0
2023-03-01,27D,"NHS CHESHIRE",306,4995.02,0,0
2023-03-01,D2P2L,"NHS BLACK COUNTRY",306,6402.87,0,0
2023-03-01,00L,"NHS NORTHUMBERLAND",307,4919.1,0,0
2023-03-01,W2U3Z,"NHS NORTH WEST LONDON",318,6510.99,0,0
2023-03-01,91Q,"NHS KENT AND MEDWAY",326,6152.88,0,0
2023-03-01,D9Y0V,"NHS HAMPSHIRE, SOUTHAMPTON AND ISLE OF WIGHT",378,8902.95,0,0
2023-03-01,15E,"NHS BIRMINGHAM AND SOLIHULL",381,7165.52,0,0
2023-03-01,72Q,"NHS SOUTH EAST LONDON",386,8606.73,0,0
2023-03-01,03N,"NHS SHEFFIELD",391,6584.62,0,0
2023-03-01,42D,"NHS NORTH YORKSHIRE",395,6905.87,0,0
2023-03-01,93C,"NHS NORTH CENTRAL LONDON",483,8183.44,0,0
2023-03-01,A3A8R,"NHS NORTH EAST LONDON",507,10303.66,0,0
2023-03-01,16C,"NHS TEES VALLEY",524,8237.82,0,0
2023-03-01,06H,"NHS CAMBRIDGESHIRE AND PETERBOROUGH",666,12057.79,0,0
2023-03-01,15N,"NHS DEVON",773,13639.38,0,0
2023-04-01,09W,"NHS MEDWAY",0,0,0,0
2023-04-01,D4U1Y,"NHS FRIMLEY",1,13.43,0,0
2023-04-01,01J,"NHS KNOWSLEY",12,161.16,0,0
2023-04-01,07G,"NHS THURROCK",13,459.08,0,0
2023-04-01,04Y,"NHS CANNOCK CHASE",17,335.58,0,0
2023-04-01,01F,"NHS HALTON",18,371.44,0,0
2023-04-01,05V,"NHS STAFFORD AND SURROUNDS",18,687.19,0,0
2023-04-01,10R,"NHS PORTSMOUTH",19,465.36,0,0
2023-04-01,99G,"NHS SOUTHEND",20,389.28,0,0
2023-04-01,02G,"NHS WEST LANCASHIRE",22,551.67,0,0
2023-04-01,05D,"NHS EAST STAFFORDSHIRE",22,362.39,0,0
2023-04-01,99F,"NHS CASTLE POINT AND ROCHFORD",25,469.83,0,0
2023-04-01,01V,"NHS SOUTHPORT AND FORMBY",29,1500.63,0,0
2023-04-01,05G,"NHS NORTH STAFFORDSHIRE",30,456.43,0,0
2023-04-01,07H,"NHS WEST ESSEX",30,834.24,0,0
2023-04-01,04C,"NHS LEICESTER CITY",31,577.24,0,0
2023-04-01,02Q,"NHS BASSETLAW",32,953.64,0,0
2023-04-01,U2G6B,"NHS THAMES VALLEY ICB - U2G6B",32,842.1,0,0
2023-04-01,00N,"NHS SOUTH TYNESIDE",33,577.25,0,0
2023-04-01,01X,"NHS ST HELENS",36,699.39,0,0
2023-04-01,05Q,"NHS SOUTH EAST STAFFORDSHIRE AND SEISDON PENINSULA",37,644.29,0,0
2023-04-01,05W,"NHS STOKE ON TRENT",37,1392.85,0,0
2023-04-01,02T,"NHS CALDERDALE",38,724.84,0,0
2023-04-01,00V,"NHS BURY",40,681.1,0,0
2023-04-01,12F,"NHS WIRRAL",41,757.77,0,0
2023-04-01,04V,"NHS WEST LEICESTERSHIRE",42,778.47,0,0
2023-04-01,01T,"NHS SOUTH SEFTON",43,657.85,0,0
2023-04-01,03W,"NHS EAST LEICESTERSHIRE AND RUTLAND",43,657.75,0,0
2023-04-01,03K,"NHS NORTH LINCOLNSHIRE",44,671.11,0,0
2023-04-01,06L,"NHS IPSWICH AND EAST SUFFOLK",45,1165.35,0,0
2023-04-01,02P,"NHS BARNSLEY",46,738.36,0,0
2023-04-01,00P,"NHS SUNDERLAND",49,859.14,0,0
2023-04-01,00Q,"NHS BLACKBURN WITH DARWEN",49,832.32,0,0
2023-04-01,00Y,"NHS OLDHAM",53,1231.85,0,0
2023-04-01,03F,"NHS HULL",54,1105.7,0,0
2023-04-01,02E,"NHS WARRINGTON",57,1116.3,0,0
2023-04-01,09D,"NHS BRIGHTON AND HOVE",58,1415.74,0,0
2023-04-01,01E,"NHS GREATER PRESTON",60,993.37,0,0
2023-04-01,02M,"NHS FYLDE AND WYRE",60,912.9,0,0
2023-04-01,06T,"NHS NORTH EAST ESSEX",61,1180.98,0,0
2023-04-01,07K,"NHS WEST SUFFOLK",61,1145.77,0,0
2023-04-01,11X,"NHS SOMERSET",62,1161.01,0,0
2023-04-01,99E,"NHS BASILDON AND BRENTWOOD",62,1754.29,0,0
2023-04-01,01G,"NHS SALFORD",64,1473.66,0,0
2023-04-01,03H,"NHS NORTH EAST LINCOLNSHIRE",66,939.79,0,0
2023-04-01,01D,"NHS HEYWOOD, MIDDLETON AND ROCHDALE",67,1132.58,0,0
2023-04-01,03R,"NHS WAKEFIELD",68,1290.01,0,0
2023-04-01,02X,"NHS DONCASTER",69,1100.84,0,0
2023-04-01,01Y,"NHS TAMESIDE AND GLOSSOP",70,1451.79,0,0
2023-04-01,06Q,"NHS MID ESSEX",70,1489.97,0,0
2023-04-01,99A,"NHS LIVERPOOL",70,1268.22,0,0
2023-04-01,15A,"NHS BERKSHIRE WEST",71,1181.35,0,0
2023-04-01,00T,"NHS BOLTON",72,1341.51,0,0
2023-04-01,00R,"NHS BLACKPOOL",73,1033.78,0,0
2023-04-01,03Q,"NHS VALE OF YORK",74,1227.51,0,0
2023-04-01,78H,"NHS NORTHAMPTONSHIRE",76,1206.26,0,0
2023-04-01,03L,"NHS ROTHERHAM",91,1275.45,0,0
2023-04-01,10Q,"NHS OXFORDSHIRE",91,1752.54,0,0
2023-04-01,00X,"NHS CHORLEY AND SOUTH RIBBLE",92,1652.51,0,0
2023-04-01,02Y,"NHS EAST RIDING OF YORKSHIRE",93,1558.32,0,0
2023-04-01,02A,"NHS TRAFFORD",94,2229.43,0,0
2023-04-01,M2L0M,"NHS SHROPSHIRE, TELFORD AND WREKIN",97,1843.4,0,0
2023-04-01,01H,"NHS NORTH CUMBRIA",103,1727.12,0,0
2023-04-01,X2C4Y,"NHS KIRKLEES",112,2164.1,0,0
2023-04-01,01A,"NHS EAST LANCASHIRE",114,1785.32,0,0
2023-04-01,06N,"NHS HERTS VALLEYS",118,2434.35,0,0
2023-04-01,01K,"NHS MORECAMBE BAY",119,1946.42,0,0
2023-04-01,11M,"NHS GLOUCESTERSHIRE",120,3053.49,0,0
2023-04-01,15F,"NHS LEEDS",128,2396.96,0,0
2023-04-01,99C,"NHS NORTH TYNESIDE",139,2764.99,0,0
2023-04-01,06K,"NHS EAST AND NORTH HERTFORDSHIRE",140,3253.9,0,0
2023-04-01,01W,"NHS STOCKPORT",142,2498.99,0,0
2023-04-01,18C,"NHS HEREFORDSHIRE AND WORCESTERSHIRE",142,3015.41,0,0
2023-04-01,92G,"NHS BATH AND NORTH EAST SOMERSET, SWINDON AND WILTSHIRE",142,2689.86,0,0
2023-04-01,11N,"NHS CORNWALL AND THE ISLES OF SCILLY",149,3049.71,0,0
2023-04-01,15C,"NHS BRISTOL, NORTH SOMERSET AND SOUTH GLOUCESTERSHIRE",156,3365.33,0,0
2023-04-01,36J,"NHS BRADFORD DISTRICT AND CRAVEN",162,3116.26,0,0
2023-04-01,11J,"NHS DORSET",168,3522.46,0,0
2023-04-01,14Y,"NHS BUCKINGHAMSHIRE",168,3184.14,0,0
2023-04-01,15M,"NHS DERBY AND DERBYSHIRE",168,3033.49,0,0
2023-04-01,02H,"NHS WIGAN BOROUGH",170,2671.53,0,0
2023-04-01,M1J4Y,"NHS BEDFORDSHIRE, LUTON AND MILTON KEYNES",171,3687.92,0,0
2023-04-01,71E,"NHS LINCOLNSHIRE",172,3167.54,0,0
2023-04-01,97R,"NHS EAST SUSSEX",176,3658.02,0,0
2023-04-01,14L,"NHS MANCHESTER",177,3173.01,0,0
2023-04-01,92A,"NHS SURREY HEARTLANDS",186,4102.49,0,0
2023-04-01,B2M3M,"NHS COVENTRY AND WARWICKSHIRE",197,3087.53,0,0
2023-04-01,70F,"NHS WEST SUSSEX",199,4204.54,0,0
2023-04-01,13T,"NHS NEWCASTLE GATESHEAD",214,4000.06,0,0
2023-04-01,26A,"NHS NORFOLK AND WAVENEY",228,7620.26,0,0
2023-04-01,36L,"NHS SOUTH WEST LONDON",233,5177.95,0,0
2023-04-01,52R,"NHS NOTTINGHAM AND NOTTINGHAMSHIRE",244,4737.55,0,0
2023-04-01,W2U3Z,"NHS NORTH WEST LONDON",247,4835.36,0,0
2023-04-01,72Q,"NHS SOUTH EAST LONDON",250,5117.14,0,0
2023-04-01,27D,"NHS CHESHIRE",257,4104.88,0,0
2023-04-01,84H,"NHS COUNTY DURHAM",260,4489.57,0,0
2023-04-01,00L,"NHS NORTHUMBERLAND",271,4550.31,0,0
2023-04-01,D2P2L,"NHS BLACK COUNTRY",276,5836.75,0,0
2023-04-01,03N,"NHS SHEFFIELD",290,4962.83,0,0
2023-04-01,91Q,"NHS KENT AND MEDWAY",295,5423.03,0,0
2023-04-01,42D,"NHS NORTH YORKSHIRE",321,5207.52,0,0
2023-04-01,D9Y0V,"NHS HAMPSHIRE, SOUTHAMPTON AND ISLE OF WIGHT",337,8213.22,0,0
2023-04-01,15E,"NHS BIRMINGHAM AND SOLIHULL",365,6502.53,0,0
2023-04-01,93C,"NHS NORTH CENTRAL LONDON",380,6856.63,0,0
2023-04-01,A3A8R,"NHS NORTH EAST LONDON",409,7689.55,0,0
2023-04-01,16C,"NHS TEES VALLEY",458,7766.14,0,0
2023-04-01,06H,"NHS CAMBRIDGESHIRE AND PETERBOROUGH",621,9870.42,0,0
2023-04-01,15N,"NHS DEVON",664,11517.95,0,0
2023-05-01,09W,"NHS MEDWAY",0,0,0,0
2023-05-01,D4U1Y,"NHS FRIMLEY",1,13.43,0,0
2023-05-01,07G,"NHS THURROCK",14,363.89,0,0
2023-05-01,01F,"NHS HALTON",15,344.69,0,0
2023-05-01,01J,"NHS KNOWSLEY",18,241.74,0,0
2023-05-01,02Q,"NHS BASSETLAW",19,503.86,0,0
2023-05-01,05D,"NHS EAST STAFFORDSHIRE",19,281.97,0,0
2023-05-01,05V,"NHS STAFFORD AND SURROUNDS",19,495.98,0,0
2023-05-01,10R,"NHS PORTSMOUTH",19,429.63,0,0
2023-05-01,02G,"NHS WEST LANCASHIRE",20,389.38,0,0
2023-05-01,99G,"NHS SOUTHEND",22,443.08,0,0
2023-05-01,04Y,"NHS CANNOCK CHASE",24,429.68,0,0
2023-05-01,01V,"NHS SOUTHPORT AND FORMBY",28,1420.63,0,0
2023-05-01,99F,"NHS CASTLE POINT AND ROCHFORD",31,510.27,0,0
2023-05-01,02T,"NHS CALDERDALE",32,577.39,0,0
2023-05-01,05Q,"NHS SOUTH EAST STAFFORDSHIRE AND SEISDON PENINSULA",32,563.95,0,0
2023-05-01,05W,"NHS STOKE ON TRENT",32,1457.37,0,0
2023-05-01,02P,"NHS BARNSLEY",33,537.12,0,0
2023-05-01,05G,"NHS NORTH STAFFORDSHIRE",35,553.57,0,0
2023-05-01,07H,"NHS WEST ESSEX",37,997.8,0,0
2023-05-01,04C,"NHS LEICESTER CITY",38,631.12,0,0
2023-05-01,01X,"NHS ST HELENS",39,644.57,0,0
2023-05-01,00N,"NHS SOUTH TYNESIDE",40,751.93,0,0
2023-05-01,04V,"NHS WEST LEICESTERSHIRE",40,1109.97,0,0
2023-05-01,06L,"NHS IPSWICH AND EAST SUFFOLK",43,1341.39,0,0
2023-05-01,00Y,"NHS OLDHAM",44,1048.65,0,0
2023-05-01,01T,"NHS SOUTH SEFTON",45,644.63,0,0
2023-05-01,03W,"NHS EAST LEICESTERSHIRE AND RUTLAND",45,792.1,0,0
2023-05-01,12F,"NHS WIRRAL",47,830.07,0,0
2023-05-01,00V,"NHS BURY",48,788.77,0,0
2023-05-01,U2G6B,"NHS THAMES VALLEY ICB - U2G6B",48,1120.4,0,0
2023-05-01,99E,"NHS BASILDON AND BRENTWOOD",49,1383.92,0,0
2023-05-01,03H,"NHS NORTH EAST LINCOLNSHIRE",50,698.39,0,0
2023-05-01,07K,"NHS WEST SUFFOLK",50,1073.3,0,0
2023-05-01,06Q,"NHS MID ESSEX",51,1496.67,0,0
2023-05-01,00Q,"NHS BLACKBURN WITH DARWEN",52,792.32,0,0
2023-05-01,02X,"NHS DONCASTER",52,846.01,0,0
2023-05-01,06T,"NHS NORTH EAST ESSEX",55,865.43,0,0
2023-05-01,03F,"NHS HULL",56,997.03,0,0
2023-05-01,02E,"NHS WARRINGTON",60,993.67,0,0
2023-05-01,09D,"NHS BRIGHTON AND HOVE",60,1364.07,0,0
2023-05-01,11X,"NHS SOMERSET",63,1219.2,0,0
2023-05-01,00P,"NHS SUNDERLAND",68,1329.28,0,0
2023-05-01,01E,"NHS GREATER PRESTON",68,1208.49,0,0
2023-05-01,01G,"NHS SALFORD",68,1700.22,0,0
2023-05-01,02M,"NHS FYLDE AND WYRE",68,1037.05,0,0
2023-05-01,00T,"NHS BOLTON",69,1435.92,0,0
2023-05-01,01D,"NHS HEYWOOD, MIDDLETON AND ROCHDALE",71,1087.76,0,0
2023-05-01,03K,"NHS NORTH LINCOLNSHIRE",71,1047.23,0,0
2023-05-01,01Y,"NHS TAMESIDE AND GLOSSOP",73,1392.64,0,0
2023-05-01,00R,"NHS BLACKPOOL",74,1047.57,0,0
2023-05-01,03R,"NHS WAKEFIELD",74,1370.99,0,0
2023-05-01,99A,"NHS LIVERPOOL",74,1128.02,0,0
2023-05-01,03Q,"NHS VALE OF YORK",76,1329.34,0,0
2023-05-01,00X,"NHS CHORLEY AND SOUTH RIBBLE",83,1383.16,0,0
2023-05-01,03L,"NHS ROTHERHAM",87,1299.13,0,0
2023-05-01,01H,"NHS NORTH CUMBRIA",89,1539.69,0,0
2023-05-01,X2C4Y,"NHS KIRKLEES",93,1802.21,0,0
2023-05-01,10Q,"NHS OXFORDSHIRE",94,1878.25,0,0
2023-05-01,02Y,"NHS EAST RIDING OF YORKSHIRE",95,1881.26,0,0
2023-05-01,M2L0M,"NHS SHROPSHIRE, TELFORD AND WREKIN",100,1952.34,0,0
2023-05-01,15A,"NHS BERKSHIRE WEST",101,1905.55,0,0
2023-05-01,78H,"NHS NORTHAMPTONSHIRE",103,1733.23,0,0
2023-05-01,02A,"NHS TRAFFORD",110,2589.7,0,0
2023-05-01,11M,"NHS GLOUCESTERSHIRE",121,2367.38,0,0
2023-05-01,01A,"NHS EAST LANCASHIRE",124,1881.41,0,0
2023-05-01,01K,"NHS MORECAMBE BAY",132,2108.29,0,0
2023-05-01,92G,"NHS BATH AND NORTH EAST SOMERSET, SWINDON AND WILTSHIRE",135,2487.52,0,0
2023-05-01,99C,"NHS NORTH TYNESIDE",140,2645.23,0,0
2023-05-01,15C,"NHS BRISTOL, NORTH SOMERSET AND SOUTH GLOUCESTERSHIRE",142,2651.27,0,0
2023-05-01,15F,"NHS LEEDS",146,2947.88,0,0
2023-05-01,06K,"NHS EAST AND NORTH HERTFORDSHIRE",151,2724.24,0,0
2023-05-01,15M,"NHS DERBY AND DERBYSHIRE",152,3115.65,0,0
2023-05-01,18C,"NHS HEREFORDSHIRE AND WORCESTERSHIRE",153,3320.82,0,0
2023-05-01,06N,"NHS HERTS VALLEYS",154,2954.03,0,0
2023-05-01,01W,"NHS STOCKPORT",156,2781.85,0,0
2023-05-01,11N,"NHS CORNWALL AND THE ISLES OF SCILLY",158,2647.06,0,0
2023-05-01,11J,"NHS DORSET",159,3269.34,0,0
2023-05-01,02H,"NHS WIGAN BOROUGH",165,2797.8,0,0
2023-05-01,36J,"NHS BRADFORD DISTRICT AND CRAVEN",165,3355.31,0,0
2023-05-01,71E,"NHS LINCOLNSHIRE",179,3260.56,0,0
2023-05-01,13T,"NHS NEWCASTLE GATESHEAD",185,3450.87,0,0
2023-05-01,92A,"NHS SURREY HEARTLANDS",193,4305.18,0,0
2023-05-01,M1J4Y,"NHS BEDFORDSHIRE, LUTON AND MILTON KEYNES",193,3629.71,0,0
2023-05-01,97R,"NHS EAST SUSSEX",195,4343.35,0,0
2023-05-01,14L,"NHS MANCHESTER",198,3365.13,0,0
2023-05-01,14Y,"NHS BUCKINGHAMSHIRE",200,3474.62,0,0
2023-05-01,B2M3M,"NHS COVENTRY AND WARWICKSHIRE",201,3575.82,0,0
2023-05-01,70F,"NHS WEST SUSSEX",208,4358.42,0,0
2023-05-01,36L,"NHS SOUTH WEST LONDON",218,4444.93,0,0
2023-05-01,26A,"NHS NORFOLK AND WAVENEY",239,6870.32,0,0
2023-05-01,00L,"NHS NORTHUMBERLAND",254,4337.2,0,0
2023-05-01,72Q,"NHS SOUTH EAST LONDON",259,5826.55,0,0
2023-05-01,52R,"NHS NOTTINGHAM AND NOTTINGHAMSHIRE",264,5250.03,0,0
2023-05-01,84H,"NHS COUNTY DURHAM",269,4212.17,0,0
2023-05-01,D2P2L,"NHS BLACK COUNTRY",271,6253.18,0,0
2023-05-01,W2U3Z,"NHS NORTH WEST LONDON",279,6204.61,0,0
2023-05-01,27D,"NHS CHESHIRE",300,5173.41,0,0
2023-05-01,15E,"NHS BIRMINGHAM AND SOLIHULL",304,5978.99,0,0
2023-05-01,91Q,"NHS KENT AND MEDWAY",319,5651.41,0,0
2023-05-01,03N,"NHS SHEFFIELD",325,5519.83,0,0
2023-05-01,D9Y0V,"NHS HAMPSHIRE, SOUTHAMPTON AND ISLE OF WIGHT",359,8694.48,0,0
2023-05-01,42D,"NHS NORTH YORKSHIRE",360,6222.65,0,0
2023-05-01,93C,"NHS NORTH CENTRAL LONDON",379,6498.59,0,0
2023-05-01,A3A8R,"NHS NORTH EAST LONDON",422,8199.73,0,0
2023-05-01,16C,"NHS TEES VALLEY",430,7287.48,0,0
2023-05-01,06H,"NHS CAMBRIDGESHIRE AND PETERBOROUGH",623,10843.6,0,0
2023-05-01,15N,"NHS DEVON",669,12040.92,0,0
2023-06-01,09W,"NHS MEDWAY",0,0,0,0
2023-06-01,D4U1Y,"NHS FRIMLEY",0,0,0,0
2023-06-01,07G,"NHS THURROCK",14,377.02,0,0
2023-06-01,01J,"NHS KNOWSLEY",15,201.3,0,0
2023-06-01,99G,"NHS SOUTHEND",17,322.01,0,0
2023-06-01,02G,"NHS WEST LANCASHIRE",18,322.02,0,0
2023-06-01,01F,"NHS HALTON",20,424.94,0,0
2023-06-01,05V,"NHS STAFFORD AND SURROUNDS",20,451.7,0,0
2023-06-01,10R,"NHS PORTSMOUTH",21,456.15,0,0
2023-06-01,04Y,"NHS CANNOCK CHASE",22,497.79,0,0
2023-06-01,02Q,"NHS BASSETLAW",23,583.97,0,0
2023-06-01,05D,"NHS EAST STAFFORDSHIRE",24,465.19,0,0
2023-06-01,00N,"NHS SOUTH TYNESIDE",31,509.89,0,0
2023-06-01,01X,"NHS ST HELENS",31,483.07,0,0
2023-06-01,04C,"NHS LEICESTER CITY",32,550.13,0,0
2023-06-01,99F,"NHS CASTLE POINT AND ROCHFORD",32,684.22,0,0
2023-06-01,01T,"NHS SOUTH SEFTON",33,496.5,0,0
2023-06-01,05W,"NHS STOKE ON TRENT",33,1095.38,0,0
2023-06-01,01V,"NHS SOUTHPORT AND FORMBY",35,1856.42,0,0
2023-06-01,07H,"NHS WEST ESSEX",35,1143.25,0,0
2023-06-01,02T,"NHS CALDERDALE",36,703.7,0,0
2023-06-01,02P,"NHS BARNSLEY",37,590.41,0,0
2023-06-01,05G,"NHS NORTH STAFFORDSHIRE",39,609.81,0,0
2023-06-01,05Q,"NHS SOUTH EAST STAFFORDSHIRE AND SEISDON PENINSULA",40,670.89,0,0
2023-06-01,03W,"NHS EAST LEICESTERSHIRE AND RUTLAND",43,684.25,0,0
2023-06-01,U2G6B,"NHS THAMES VALLEY ICB - U2G6B",44,875.71,0,0
2023-06-01,00V,"NHS BURY",45,965.22,0,0
2023-06-01,04V,"NHS WEST LEICESTERSHIRE",46,805,0,0
2023-06-01,00Q,"NHS BLACKBURN WITH DARWEN",50,778.28,0,0
2023-06-01,12F,"NHS WIRRAL",50,904.99,0,0
2023-06-01,03K,"NHS NORTH LINCOLNSHIRE",51,764.73,0,0
2023-06-01,03F,"NHS HULL",55,981.16,0,0
2023-06-01,06L,"NHS IPSWICH AND EAST SUFFOLK",55,1630.15,0,0
2023-06-01,00Y,"NHS OLDHAM",56,1273.25,0,0
2023-06-01,01E,"NHS GREATER PRESTON",57,939.25,0,0
2023-06-01,06T,"NHS NORTH EAST ESSEX",58,1004.47,0,0
2023-06-01,00R,"NHS BLACKPOOL",62,858.87,0,0
2023-06-01,02X,"NHS DONCASTER",62,966.13,0,0
2023-06-01,03H,"NHS NORTH EAST LINCOLNSHIRE",62,845.48,0,0
2023-06-01,06Q,"NHS MID ESSEX",63,1616.6,0,0
2023-06-01,02E,"NHS WARRINGTON",64,1100.26,0,0
2023-06-01,99E,"NHS BASILDON AND BRENTWOOD",65,1139.14,0,0
2023-06-01,00P,"NHS SUNDERLAND",67,1207.57,0,0
2023-06-01,01G,"NHS SALFORD",67,1649.62,0,0
2023-06-01,07K,"NHS WEST SUFFOLK",69,1443.86,0,0
2023-06-01,09D,"NHS BRIGHTON AND HOVE",69,1505.88,0,0
2023-06-01,11X,"NHS SOMERSET",71,1318.03,0,0
2023-06-01,01Y,"NHS TAMESIDE AND GLOSSOP",72,1505.92,0,0
2023-06-01,01D,"NHS HEYWOOD, MIDDLETON AND ROCHDALE",74,1425.01,0,0
2023-06-01,02M,"NHS FYLDE AND WYRE",75,1251.5,0,0
2023-06-01,03R,"NHS WAKEFIELD",75,1410.19,0,0
2023-06-01,15A,"NHS BERKSHIRE WEST",79,1328.38,0,0
2023-06-01,99A,"NHS LIVERPOOL",81,1301.58,0,0
2023-06-01,00T,"NHS BOLTON",82,1786.53,0,0
2023-06-01,03Q,"NHS VALE OF YORK",83,1414.83,0,0
2023-06-01,00X,"NHS CHORLEY AND SOUTH RIBBLE",85,1368.68,0,0
2023-06-01,03L,"NHS ROTHERHAM",96,1422.44,0,0
2023-06-01,02Y,"NHS EAST RIDING OF YORKSHIRE",99,1684.43,0,0
2023-06-01,02A,"NHS TRAFFORD",102,2677.38,0,0
2023-06-01,01H,"NHS NORTH CUMBRIA",104,1784.36,0,0
2023-06-01,78H,"NHS NORTHAMPTONSHIRE",104,1690.82,0,0
2023-06-01,M2L0M,"NHS SHROPSHIRE, TELFORD AND WREKIN",106,2020.05,0,0
2023-06-01,11M,"NHS GLOUCESTERSHIRE",111,2060.37,0,0
2023-06-01,10Q,"NHS OXFORDSHIRE",113,2263.94,0,0
2023-06-01,01A,"NHS EAST LANCASHIRE",121,2033.73,0,0
2023-06-01,01K,"NHS MORECAMBE BAY",125,1932.22,0,0
2023-06-01,X2C4Y,"NHS KIRKLEES",129,2530.3,0,0
2023-06-01,06N,"NHS HERTS VALLEYS",131,2549.18,0,0
2023-06-01,15F,"NHS LEEDS",138,2716.43,0,0
2023-06-01,15C,"NHS BRISTOL, NORTH SOMERSET AND SOUTH GLOUCESTERSHIRE",154,3153.31,0,0
2023-06-01,01W,"NHS STOCKPORT",156,2565.1,0,0
2023-06-01,99C,"NHS NORTH TYNESIDE",157,2924.93,0,0
2023-06-01,06K,"NHS EAST AND NORTH HERTFORDSHIRE",161,2905.57,0,0
2023-06-01,11N,"NHS CORNWALL AND THE ISLES OF SCILLY",162,2648,0,0
2023-06-01,18C,"NHS HEREFORDSHIRE AND WORCESTERSHIRE",170,3541.74,0,0
2023-06-01,02H,"NHS WIGAN BOROUGH",174,2879.16,0,0
2023-06-01,15M,"NHS DERBY AND DERBYSHIRE",174,3126.06,0,0
2023-06-01,92G,"NHS BATH AND NORTH EAST SOMERSET, SWINDON AND WILTSHIRE",175,3368.7,0,0
2023-06-01,11J,"NHS DORSET",177,3541.92,0,0
2023-06-01,71E,"NHS LINCOLNSHIRE",180,3402.36,0,0
2023-06-01,B2M3M,"NHS COVENTRY AND WARWICKSHIRE",187,2951.91,0,0
2023-06-01,36J,"NHS BRADFORD DISTRICT AND CRAVEN",190,3517.37,0,0
2023-06-01,97R,"NHS EAST SUSSEX",192,3760.67,0,0
2023-06-01,14Y,"NHS BUCKINGHAMSHIRE",199,3604.66,0,0
2023-06-01,92A,"NHS SURREY HEARTLANDS",206,4922.41,0,0
2023-06-01,13T,"NHS NEWCASTLE GATESHEAD",207,3984.81,0,0
2023-06-01,M1J4Y,"NHS BEDFORDSHIRE, LUTON AND MILTON KEYNES",212,4089.11,0,0
2023-06-01,14L,"NHS MANCHESTER",214,3900.94,0,0
2023-06-01,26A,"NHS NORFOLK AND WAVENEY",239,7147.4,0,0
2023-06-01,70F,"NHS WEST SUSSEX",240,4631.99,0,0
2023-06-01,36L,"NHS SOUTH WEST LONDON",259,5511.56,0,0
2023-06-01,W2U3Z,"NHS NORTH WEST LONDON",265,5489.25,0,0
2023-06-01,52R,"NHS NOTTINGHAM AND NOTTINGHAMSHIRE",267,5365.15,0,0
2023-06-01,72Q,"NHS SOUTH EAST LONDON",270,5590.28,0,0
2023-06-01,84H,"NHS COUNTY DURHAM",272,5103.37,0,0
2023-06-01,D2P2L,"NHS BLACK COUNTRY",273,5830.32,0,0
2023-06-01,00L,"NHS NORTHUMBERLAND",298,4897.32,0,0
2023-06-01,27D,"NHS CHESHIRE",313,5186.89,0,0
2023-06-01,91Q,"NHS KENT AND MEDWAY",329,6320.64,0,0
2023-06-01,42D,"NHS NORTH YORKSHIRE",338,5988.41,0,0
2023-06-01,15E,"NHS BIRMINGHAM AND SOLIHULL",348,6263.51,0,0
2023-06-01,D9Y0V,"NHS HAMPSHIRE, SOUTHAMPTON AND ISLE OF WIGHT",365,8517.5,0,0
2023-06-01,03N,"NHS SHEFFIELD",370,6072.57,0,0
2023-06-01,93C,"NHS NORTH CENTRAL LONDON",398,7025.73,0,0
2023-06-01,A3A8R,"NHS NORTH EAST LONDON",415,7759.75,0,0
2023-06-01,16C,"NHS TEES VALLEY",498,8171.56,0,0
2023-06-01,15N,"NHS DEVON",684,12225.4,0,0
2023-06-01,06H,"NHS CAMBRIDGESHIRE AND PETERBOROUGH",712,12211.28,0,0
2023-07-01,09W,"NHS MEDWAY",0,0,0,0
2023-07-01,D4U1Y,"NHS FRIMLEY",0,0,0,0
2023-07-01,01J,"NHS KNOWSLEY",10,133.6,0,0
2023-07-01,05V,"NHS STAFFORD AND SURROUNDS",15,455.42,0,0
2023-07-01,02G,"NHS WEST LANCASHIRE",16,307.22,0,0
2023-07-01,07G,"NHS THURROCK",18,523.62,0,0
2023-07-01,99G,"NHS SOUTHEND",19,420.05,0,0
2023-07-01,01F,"NHS HALTON",23,436.45,0,0
2023-07-01,04Y,"NHS CANNOCK CHASE",23,737.27,0,0
2023-07-01,05D,"NHS EAST STAFFORDSHIRE",25,374,0,0
2023-07-01,99F,"NHS CASTLE POINT AND ROCHFORD",25,387.41,0,0
2023-07-01,02Q,"NHS BASSETLAW",27,634.87,0,0
2023-07-01,10R,"NHS PORTSMOUTH",27,627.73,0,0
2023-07-01,04C,"NHS LEICESTER CITY",30,467.55,0,0
2023-07-01,07H,"NHS WEST ESSEX",30,976.56,0,0
2023-07-01,05W,"NHS STOKE ON TRENT",31,1314.86,0,0
2023-07-01,01V,"NHS SOUTHPORT AND FORMBY",32,1493.39,0,0
2023-07-01,00N,"NHS SOUTH TYNESIDE",35,641.16,0,0
2023-07-01,02P,"NHS BARNSLEY",35,614.46,0,0
2023-07-01,06L,"NHS IPSWICH AND EAST SUFFOLK",37,965.93,0,0
2023-07-01,00Q,"NHS BLACKBURN WITH DARWEN",38,574.45,0,0
2023-07-01,05Q,"NHS SOUTH EAST STAFFORDSHIRE AND SEISDON PENINSULA",38,667.91,0,0
2023-07-01,04V,"NHS WEST LEICESTERSHIRE",39,707.94,0,0
2023-07-01,00Y,"NHS OLDHAM",40,824.1,0,0
2023-07-01,01X,"NHS ST HELENS",40,682.67,0,0
2023-07-01,U2G6B,"NHS THAMES VALLEY ICB - U2G6B",40,1036.35,0,0
2023-07-01,02T,"NHS CALDERDALE",41,828.15,0,0
2023-07-01,12F,"NHS WIRRAL",41,957.08,0,0
2023-07-01,05G,"NHS NORTH STAFFORDSHIRE",45,826.8,0,0
2023-07-01,00V,"NHS BURY",48,708.08,0,0
2023-07-01,03F,"NHS HULL",49,819.8,0,0
2023-07-01,01T,"NHS SOUTH SEFTON",51,788.18,0,0
2023-07-01,99E,"NHS BASILDON AND BRENTWOOD",51,1104.01,0,0
2023-07-01,03W,"NHS EAST LEICESTERSHIRE AND RUTLAND",52,921.6,0,0
2023-07-01,03H,"NHS NORTH EAST LINCOLNSHIRE",54,748.21,0,0
2023-07-01,07K,"NHS WEST SUFFOLK",55,1006.64,0,0
2023-07-01,02E,"NHS WARRINGTON",57,988.51,0,0
2023-07-01,06T,"NHS NORTH EAST ESSEX",57,1245.01,0,0
2023-07-01,11X,"NHS SOMERSET",57,1205.77,0,0
2023-07-01,01D,"NHS HEYWOOD, MIDDLETON AND ROCHDALE",59,1020.17,0,0
2023-07-01,06Q,"NHS MID ESSEX",59,1370.68,0,0
2023-07-01,00P,"NHS SUNDERLAND",60,1295.57,0,0
2023-07-01,02X,"NHS DONCASTER",60,935.16,0,0
2023-07-01,03K,"NHS NORTH LINCOLNSHIRE",61,908.26,0,0
2023-07-01,02M,"NHS FYLDE AND WYRE",64,935.19,0,0
2023-07-01,09D,"NHS BRIGHTON AND HOVE",66,1314.99,0,0
2023-07-01,01E,"NHS GREATER PRESTON",68,1071.71,0,0
2023-07-01,01Y,"NHS TAMESIDE AND GLOSSOP",69,1352.38,0,0
2023-07-01,03R,"NHS WAKEFIELD",70,1485.37,0,0
2023-07-01,01G,"NHS SALFORD",72,1525.99,0,0
2023-07-01,00R,"NHS BLACKPOOL",76,1122.27,0,0
2023-07-01,03Q,"NHS VALE OF YORK",76,1229,0,0
2023-07-01,00T,"NHS BOLTON",77,1357.11,0,0
2023-07-01,03L,"NHS ROTHERHAM",77,1100.47,0,0
2023-07-01,02Y,"NHS EAST RIDING OF YORKSHIRE",84,1697.88,0,0
2023-07-01,99A,"NHS LIVERPOOL",85,1628.88,0,0
2023-07-01,00X,"NHS CHORLEY AND SOUTH RIBBLE",86,1362.66,0,0
2023-07-01,78H,"NHS NORTHAMPTONSHIRE",92,1467.44,0,0
2023-07-01,15A,"NHS BERKSHIRE WEST",94,1562.93,0,0
2023-07-01,M2L0M,"NHS SHROPSHIRE, TELFORD AND WREKIN",100,1927.89,0,0
2023-07-01,10Q,"NHS OXFORDSHIRE",103,2072.07,0,0
2023-07-01,11M,"NHS GLOUCESTERSHIRE",104,2865.23,0,0
2023-07-01,02A,"NHS TRAFFORD",106,2545.47,0,0
2023-07-01,01A,"NHS EAST LANCASHIRE",112,1576.41,0,0
2023-07-01,06N,"NHS HERTS VALLEYS",112,2288.61,0,0
2023-07-01,01H,"NHS NORTH CUMBRIA",117,2052.57,0,0
2023-07-01,92G,"NHS BATH AND NORTH EAST SOMERSET, SWINDON AND WILTSHIRE",117,2235.02,0,0
2023-07-01,X2C4Y,"NHS KIRKLEES",123,2401.86,0,0
2023-07-01,15F,"NHS LEEDS",127,2641.65,0,0
2023-07-01,01K,"NHS MORECAMBE BAY",133,2288.85,0,0
2023-07-01,18C,"NHS HEREFORDSHIRE AND WORCESTERSHIRE",141,3186.51,0,0
2023-07-01,99C,"NHS NORTH TYNESIDE",142,2858.48,0,0
2023-07-01,06K,"NHS EAST AND NORTH HERTFORDSHIRE",145,2849.83,0,0
2023-07-01,02H,"NHS WIGAN BOROUGH",148,2351.26,0,0
2023-07-01,15C,"NHS BRISTOL, NORTH SOMERSET AND SOUTH GLOUCESTERSHIRE",148,3036.71,0,0
2023-07-01,11N,"NHS CORNWALL AND THE ISLES OF SCILLY",159,2685.08,0,0
2023-07-01,15M,"NHS DERBY AND DERBYSHIRE",162,2947.52,0,0
2023-07-01,92A,"NHS SURREY HEARTLANDS",164,3256.32,0,0
2023-07-01,97R,"NHS EAST SUSSEX",172,3931.02,0,0
2023-07-01,01W,"NHS STOCKPORT",173,3076.86,0,0
2023-07-01,14L,"NHS MANCHESTER",180,2900.63,0,0
2023-07-01,11J,"NHS DORSET",181,3529.58,0,0
2023-07-01,36J,"NHS BRADFORD DISTRICT AND CRAVEN",181,3798.27,0,0
2023-07-01,14Y,"NHS BUCKINGHAMSHIRE",184,3066.49,0,0
2023-07-01,71E,"NHS LINCOLNSHIRE",186,3577.36,0,0
2023-07-01,B2M3M,"NHS COVENTRY AND WARWICKSHIRE",190,3168.71,0,0
2023-07-01,13T,"NHS NEWCASTLE GATESHEAD",192,3459.74,0,0
2023-07-01,M1J4Y,"NHS BEDFORDSHIRE, LUTON AND MILTON KEYNES",202,4055.84,0,0
2023-07-01,70F,"NHS WEST SUSSEX",220,4498.58,0,0
2023-07-01,36L,"NHS SOUTH WEST LONDON",221,4681.28,0,0
2023-07-01,72Q,"NHS SOUTH EAST LONDON",226,5139.94,0,0
2023-07-01,26A,"NHS NORFOLK AND WAVENEY",231,6578.42,0,0
2023-07-01,W2U3Z,"NHS NORTH WEST LONDON",240,4641.28,0,0
2023-07-01,84H,"NHS COUNTY DURHAM",249,4211.1,0,0
2023-07-01,00L,"NHS NORTHUMBERLAND",268,4421.64,0,0
2023-07-01,52R,"NHS NOTTINGHAM AND NOTTINGHAMSHIRE",269,5551.24,0,0
2023-07-01,D2P2L,"NHS BLACK COUNTRY",270,6026.82,0,0
2023-07-01,27D,"NHS CHESHIRE",284,4726.63,0,0
2023-07-01,91Q,"NHS KENT AND MEDWAY",294,5592.04,0,0
2023-07-01,03N,"NHS SHEFFIELD",311,5030.55,0,0
2023-07-01,15E,"NHS BIRMINGHAM AND SOLIHULL",313,6051.36,0,0
2023-07-01,D9Y0V,"NHS HAMPSHIRE, SOUTHAMPTON AND ISLE OF WIGHT",331,8278.84,0,0
2023-07-01,42D,"NHS NORTH YORKSHIRE",353,5790.86,0,0
2023-07-01,A3A8R,"NHS NORTH EAST LONDON",409,7941.63,0,0
2023-07-01,93C,"NHS NORTH CENTRAL LONDON",412,7306.22,0,0
2023-07-01,16C,"NHS TEES VALLEY",492,7748.11,0,0
2023-07-01,06H,"NHS CAMBRIDGESHIRE AND PETERBOROUGH",692,11582.12,0,0
2023-07-01,15N,"NHS DEVON",709,12679.4,0,0
2023-08-01,09W,"NHS MEDWAY",0,0,0,0
2023-08-01,D4U1Y,"NHS FRIMLEY",0,0,0,0
2023-08-01,01J,"NHS KNOWSLEY",11,146.96,0,0
2023-08-01,99G,"NHS SOUTHEND",12,280.44,0,0
2023-08-01,07G,"NHS THURROCK",15,388.67,0,0
2023-08-01,01F,"NHS HALTON",18,458.65,0,0
2023-08-01,02G,"NHS WEST LANCASHIRE",21,387.33,0,0
2023-08-01,05D,"NHS EAST STAFFORDSHIRE",21,347.23,0,0
2023-08-01,04Y,"NHS CANNOCK CHASE",23,657.11,0,0
2023-08-01,02Q,"NHS BASSETLAW",24,581.31,0,0
2023-08-01,10R,"NHS PORTSMOUTH",24,507.49,0,0
2023-08-01,05V,"NHS STAFFORD AND SURROUNDS",25,723.87,0,0
2023-08-01,04C,"NHS LEICESTER CITY",26,467.49,0,0
2023-08-01,02P,"NHS BARNSLEY",28,440.82,0,0
2023-08-01,05Q,"NHS SOUTH EAST STAFFORDSHIRE AND SEISDON PENINSULA",32,574.31,0,0
2023-08-01,01V,"NHS SOUTHPORT AND FORMBY",34,1047.09,0,0
2023-08-01,01T,"NHS SOUTH SEFTON",35,547.67,0,0
2023-08-01,07H,"NHS WEST ESSEX",35,808.06,0,0
2023-08-01,99F,"NHS CASTLE POINT AND ROCHFORD",35,654.45,0,0
2023-08-01,00N,"NHS SOUTH TYNESIDE",37,694.5,0,0
2023-08-01,U2G6B,"NHS THAMES VALLEY ICB - U2G6B",37,845.96,0,0
2023-08-01,03W,"NHS EAST LEICESTERSHIRE AND RUTLAND",38,614.39,0,0
2023-08-01,05W,"NHS STOKE ON TRENT",38,1402.4,0,0
2023-08-01,05G,"NHS NORTH STAFFORDSHIRE",39,706.48,0,0
2023-08-01,02T,"NHS CALDERDALE",41,828.03,0,0
2023-08-01,04V,"NHS WEST LEICESTERSHIRE",43,1117.41,0,0
2023-08-01,00Q,"NHS BLACKBURN WITH DARWEN",44,707.93,0,0
2023-08-01,00V,"NHS BURY",44,785.94,0,0
2023-08-01,01X,"NHS ST HELENS",48,869.57,0,0
2023-08-01,03F,"NHS HULL",49,896.53,0,0
2023-08-01,03H,"NHS NORTH EAST LINCOLNSHIRE",49,667.95,0,0
2023-08-01,06L,"NHS IPSWICH AND EAST SUFFOLK",49,1373.31,0,0
2023-08-01,06Q,"NHS MID ESSEX",49,1168.56,0,0
2023-08-01,02E,"NHS WARRINGTON",54,868.23,0,0
2023-08-01,02X,"NHS DONCASTER",55,868.24,0,0
2023-08-01,11X,"NHS SOMERSET",55,984.15,0,0
2023-08-01,00Y,"NHS OLDHAM",57,1314.55,0,0
2023-08-01,01E,"NHS GREATER PRESTON",60,1044.77,0,0
2023-08-01,12F,"NHS WIRRAL",60,1061.16,0,0
2023-08-01,01G,"NHS SALFORD",61,1406.09,0,0
2023-08-01,00R,"NHS BLACKPOOL",62,868.32,0,0
2023-08-01,03K,"NHS NORTH LINCOLNSHIRE",62,921.48,0,0
2023-08-01,07K,"NHS WEST SUFFOLK",64,1754.62,0,0
2023-08-01,00P,"NHS SUNDERLAND",65,1175.36,0,0
2023-08-01,09D,"NHS BRIGHTON AND HOVE",65,1215.36,0,0
2023-08-01,99E,"NHS BASILDON AND BRENTWOOD",66,1390.31,0,0
2023-08-01,00T,"NHS BOLTON",67,1369.86,0,0
2023-08-01,03R,"NHS WAKEFIELD",67,1418.42,0,0
2023-08-01,01Y,"NHS TAMESIDE AND GLOSSOP",69,1232.32,0,0
2023-08-01,15A,"NHS BERKSHIRE WEST",72,1162.08,0,0
2023-08-01,01D,"NHS HEYWOOD, MIDDLETON AND ROCHDALE",73,1171.33,0,0
2023-08-01,02M,"NHS FYLDE AND WYRE",74,1148.71,0,0
2023-08-01,99A,"NHS LIVERPOOL",76,1341.96,0,0
2023-08-01,10Q,"NHS OXFORDSHIRE",80,1451.35,0,0
2023-08-01,06T,"NHS NORTH EAST ESSEX",84,1406.05,0,0
2023-08-01,M2L0M,"NHS SHROPSHIRE, TELFORD AND WREKIN",86,1607.12,0,0
2023-08-01,03Q,"NHS VALE OF YORK",89,1581.87,0,0
2023-08-01,03L,"NHS ROTHERHAM",91,1327.42,0,0
2023-08-01,11M,"NHS GLOUCESTERSHIRE",96,2114.28,0,0
2023-08-01,78H,"NHS NORTHAMPTONSHIRE",97,1438.07,0,0
2023-08-01,00X,"NHS CHORLEY AND SOUTH RIBBLE",100,1831.15,0,0
2023-08-01,01H,"NHS NORTH CUMBRIA",102,1825.2,0,0
2023-08-01,01A,"NHS EAST LANCASHIRE",103,1837.35,0,0
2023-08-01,02A,"NHS TRAFFORD",104,2700.2,0,0
2023-08-01,02Y,"NHS EAST RIDING OF YORKSHIRE",105,2003.39,0,0
2023-08-01,X2C4Y,"NHS KIRKLEES",112,2238.24,0,0
2023-08-01,01K,"NHS MORECAMBE BAY",113,1843.15,0,0
2023-08-01,06N,"NHS HERTS VALLEYS",127,2564.15,0,0
2023-08-01,15F,"NHS LEEDS",128,2358.26,0,0
2023-08-01,99C,"NHS NORTH TYNESIDE",131,2444.08,0,0
2023-08-01,92G,"NHS BATH AND NORTH EAST SOMERSET, SWINDON AND WILTSHIRE",136,2540.2,0,0
2023-08-01,15C,"NHS BRISTOL, NORTH SOMERSET AND SOUTH GLOUCESTERSHIRE",144,2853.96,0,0
2023-08-01,11N,"NHS CORNWALL AND THE ISLES OF SCILLY",146,2817.4,0,0
2023-08-01,02H,"NHS WIGAN BOROUGH",149,2478.65,0,0
2023-08-01,01W,"NHS STOCKPORT",150,2553.33,0,0
2023-08-01,06K,"NHS EAST AND NORTH HERTFORDSHIRE",150,3068.49,0,0
2023-08-01,15M,"NHS DERBY AND DERBYSHIRE",161,3081.2,0,0
2023-08-01,11J,"NHS DORSET",165,3743.13,0,0
2023-08-01,18C,"NHS HEREFORDSHIRE AND WORCESTERSHIRE",169,3664.93,0,0
2023-08-01,M1J4Y,"NHS BEDFORDSHIRE, LUTON AND MILTON KEYNES",169,3495.7,0,0
2023-08-01,36J,"NHS BRADFORD DISTRICT AND CRAVEN",184,3770.94,0,0
2023-08-01,97R,"NHS EAST SUSSEX",191,3697.13,0,0
2023-08-01,13T,"NHS NEWCASTLE GATESHEAD",192,3699.47,0,0
2023-08-01,B2M3M,"NHS COVENTRY AND WARWICKSHIRE",192,3113.45,0,0
2023-08-01,92A,"NHS SURREY HEARTLANDS",194,4473.44,0,0
2023-08-01,14Y,"NHS BUCKINGHAMSHIRE",197,3737.94,0,0
2023-08-01,70F,"NHS WEST SUSSEX",197,4250.18,0,0
2023-08-01,14L,"NHS MANCHESTER",198,3371.19,0,0
2023-08-01,72Q,"NHS SOUTH EAST LONDON",199,4382.53,0,0
2023-08-01,71E,"NHS LINCOLNSHIRE",201,3746.88,0,0
2023-08-01,W2U3Z,"NHS NORTH WEST LONDON",205,4339.35,0,0
2023-08-01,26A,"NHS NORFOLK AND WAVENEY",224,6255.33,0,0
2023-08-01,36L,"NHS SOUTH WEST LONDON",232,5079.29,0,0
2023-08-01,52R,"NHS NOTTINGHAM AND NOTTINGHAMSHIRE",266,5492.14,0,0
2023-08-01,15E,"NHS BIRMINGHAM AND SOLIHULL",278,5321.81,0,0
2023-08-01,D2P2L,"NHS BLACK COUNTRY",280,5642.44,0,0
2023-08-01,00L,"NHS NORTHUMBERLAND",283,4581.06,0,0
2023-08-01,84H,"NHS COUNTY DURHAM",285,4699.91,0,0
2023-08-01,27D,"NHS CHESHIRE",288,4970.14,0,0
2023-08-01,91Q,"NHS KENT AND MEDWAY",313,5994.13,0,0
2023-08-01,03N,"NHS SHEFFIELD",317,5365.05,0,0
2023-08-01,D9Y0V,"NHS HAMPSHIRE, SOUTHAMPTON AND ISLE OF WIGHT",344,8602.6,0,0
2023-08-01,42D,"NHS NORTH YORKSHIRE",349,6057.14,0,0
2023-08-01,93C,"NHS NORTH CENTRAL LONDON",350,6040.01,0,0
2023-08-01,A3A8R,"NHS NORTH EAST LONDON",390,7368.02,0,0
2023-08-01,16C,"NHS TEES VALLEY",472,7429.88,0,0
2023-08-01,06H,"NHS CAMBRIDGESHIRE AND PETERBOROUGH",616,10042.16,0,0
2023-08-01,15N,"NHS DEVON",629,11266.51,0,0
2023-09-01,09W,"NHS MEDWAY",0,0,0,0
2023-09-01,D4U1Y,"NHS FRIMLEY",0,0,0,0
2023-09-01,99G,"NHS SOUTHEND",14,240.04,0,0
2023-09-01,01F,"NHS HALTON",17,342.32,0,0
2023-09-01,01J,"NHS KNOWSLEY",17,226.78,0,0
2023-09-01,07G,"NHS THURROCK",18,414.72,0,0
2023-09-01,02G,"NHS WEST LANCASHIRE",19,454.71,0,0
2023-09-01,01V,"NHS SOUTHPORT AND FORMBY",20,293.42,0,0
2023-09-01,05V,"NHS STAFFORD AND SURROUNDS",23,661.46,0,0
2023-09-01,04Y,"NHS CANNOCK CHASE",24,669.38,0,0
2023-09-01,10R,"NHS PORTSMOUTH",25,573.32,0,0
2023-09-01,02Q,"NHS BASSETLAW",27,880.68,0,0
2023-09-01,05D,"NHS EAST STAFFORDSHIRE",28,489.02,0,0
2023-09-01,07H,"NHS WEST ESSEX",28,963.4,0,0
2023-09-01,01X,"NHS ST HELENS",30,588.12,0,0
2023-09-01,04C,"NHS LEICESTER CITY",30,520.09,0,0
2023-09-01,00N,"NHS SOUTH TYNESIDE",32,600.06,0,0
2023-09-01,02P,"NHS BARNSLEY",32,560.1,0,0
2023-09-01,05G,"NHS NORTH STAFFORDSHIRE",32,595.69,0,0
2023-09-01,05W,"NHS STOKE ON TRENT",32,1266.64,0,0
2023-09-01,04V,"NHS WEST LEICESTERSHIRE",34,573.44,0,0
2023-09-01,99F,"NHS CASTLE POINT AND ROCHFORD",34,573.44,0,0
2023-09-01,02T,"NHS CALDERDALE",35,626.74,0,0
2023-09-01,05Q,"NHS SOUTH EAST STAFFORDSHIRE AND SEISDON PENINSULA",35,586.72,0,0
2023-09-01,01T,"NHS SOUTH SEFTON",44,693.51,0,0
2023-09-01,U2G6B,"NHS THAMES VALLEY ICB - U2G6B",45,773.47,0,0
2023-09-01,03W,"NHS EAST LEICESTERSHIRE AND RUTLAND",48,800.02,0,0
2023-09-01,00V,"NHS BURY",50,1006.35,0,0
2023-09-01,00Y,"NHS OLDHAM",50,1170.39,0,0
2023-09-01,11X,"NHS SOMERSET",50,963.23,0,0
2023-09-01,12F,"NHS WIRRAL",50,846.13,0,0
2023-09-01,06L,"NHS IPSWICH AND EAST SUFFOLK",51,1264.37,0,0
2023-09-01,00Q,"NHS BLACKBURN WITH DARWEN",52,800.19,0,0
2023-09-01,03H,"NHS NORTH EAST LINCOLNSHIRE",53,720.26,0,0
2023-09-01,02X,"NHS DONCASTER",54,866.86,0,0
2023-09-01,06Q,"NHS MID ESSEX",55,1456.97,0,0
2023-09-01,03F,"NHS HULL",56,1056.76,0,0
2023-09-01,06T,"NHS NORTH EAST ESSEX",56,906.84,0,0
2023-09-01,07K,"NHS WEST SUFFOLK",56,1166.41,0,0
2023-09-01,03K,"NHS NORTH LINCOLNSHIRE",57,853.4,0,0
2023-09-01,99E,"NHS BASILDON AND BRENTWOOD",61,1495.75,0,0
2023-09-01,01E,"NHS GREATER PRESTON",62,1069.78,0,0
2023-09-01,02M,"NHS FYLDE AND WYRE",63,973.54,0,0
2023-09-01,00P,"NHS SUNDERLAND",64,1213.42,0,0
2023-09-01,01G,"NHS SALFORD",65,1347.65,0,0
2023-09-01,09D,"NHS BRIGHTON AND HOVE",67,1259.42,0,0
2023-09-01,00R,"NHS BLACKPOOL",69,933.66,0,0
2023-09-01,00T,"NHS BOLTON",69,1183.04,0,0
2023-09-01,02E,"NHS WARRINGTON",69,1093.55,0,0
2023-09-01,01Y,"NHS TAMESIDE AND GLOSSOP",70,1365.26,0,0
2023-09-01,99A,"NHS LIVERPOOL",71,1000.38,0,0
2023-09-01,03R,"NHS WAKEFIELD",72,1468.14,0,0
2023-09-01,03Q,"NHS VALE OF YORK",74,1325.98,0,0
2023-09-01,00X,"NHS CHORLEY AND SOUTH RIBBLE",75,1266.86,0,0
2023-09-01,01D,"NHS HEYWOOD, MIDDLETON AND ROCHDALE",75,1394,0,0
2023-09-01,02Y,"NHS EAST RIDING OF YORKSHIRE",76,1192.71,0,0
2023-09-01,15A,"NHS BERKSHIRE WEST",83,1373.54,0,0
2023-09-01,03L,"NHS ROTHERHAM",84,1191.96,0,0
2023-09-01,78H,"NHS NORTHAMPTONSHIRE",84,1479.89,0,0
2023-09-01,M2L0M,"NHS SHROPSHIRE, TELFORD AND WREKIN",93,1831.28,0,0
2023-09-01,10Q,"NHS OXFORDSHIRE",106,2035.08,0,0
2023-09-01,11M,"NHS GLOUCESTERSHIRE",112,2333.46,0,0
2023-09-01,01H,"NHS NORTH CUMBRIA",113,1986.6,0,0
2023-09-01,02A,"NHS TRAFFORD",113,2972.19,0,0
2023-09-01,01A,"NHS EAST LANCASHIRE",120,1819.93,0,0
2023-09-01,06N,"NHS HERTS VALLEYS",121,2391.64,0,0
2023-09-01,01K,"NHS MORECAMBE BAY",122,2026.81,0,0
2023-09-01,X2C4Y,"NHS KIRKLEES",127,2639.46,0,0
2023-09-01,99C,"NHS NORTH TYNESIDE",129,2506.8,0,0
2023-09-01,01W,"NHS STOCKPORT",133,2215.92,0,0
2023-09-01,92G,"NHS BATH AND NORTH EAST SOMERSET, SWINDON AND WILTSHIRE",134,2274.02,0,0
2023-09-01,15F,"NHS LEEDS",136,2707.07,0,0
2023-09-01,18C,"NHS HEREFORDSHIRE AND WORCESTERSHIRE",140,3111.29,0,0
2023-09-01,11N,"NHS CORNWALL AND THE ISLES OF SCILLY",142,2539.93,0,0
2023-09-01,02H,"NHS WIGAN BOROUGH",147,2538.32,0,0
2023-09-01,11J,"NHS DORSET",157,2978.16,0,0
2023-09-01,71E,"NHS LINCOLNSHIRE",158,2831.22,0,0
2023-09-01,06K,"NHS EAST AND NORTH HERTFORDSHIRE",160,3071.81,0,0
2023-09-01,15C,"NHS BRISTOL, NORTH SOMERSET AND SOUTH GLOUCESTERSHIRE",161,3243.35,0,0
2023-09-01,92A,"NHS SURREY HEARTLANDS",162,3425.36,0,0
2023-09-01,B2M3M,"NHS COVENTRY AND WARWICKSHIRE",165,2655.25,0,0
2023-09-01,15M,"NHS DERBY AND DERBYSHIRE",172,3075.79,0,0
2023-09-01,36J,"NHS BRADFORD DISTRICT AND CRAVEN",174,3348.91,0,0
2023-09-01,14Y,"NHS BUCKINGHAMSHIRE",193,3567.46,0,0
2023-09-01,14L,"NHS MANCHESTER",197,3351.08,0,0
2023-09-01,72Q,"NHS SOUTH EAST LONDON",205,4526.73,0,0
2023-09-01,97R,"NHS EAST SUSSEX",206,4193.57,0,0
2023-09-01,M1J4Y,"NHS BEDFORDSHIRE, LUTON AND MILTON KEYNES",206,4143.17,0,0
2023-09-01,13T,"NHS NEWCASTLE GATESHEAD",211,4053.54,0,0
2023-09-01,36L,"NHS SOUTH WEST LONDON",216,4382.51,0,0
2023-09-01,70F,"NHS WEST SUSSEX",225,4379.68,0,0
2023-09-01,W2U3Z,"NHS NORTH WEST LONDON",235,4876.93,0,0
2023-09-01,26A,"NHS NORFOLK AND WAVENEY",238,6251.67,0,0
2023-09-01,00L,"NHS NORTHUMBERLAND",244,4133.61,0,0
2023-09-01,84H,"NHS COUNTY DURHAM",261,4231.9,0,0
2023-09-01,52R,"NHS NOTTINGHAM AND NOTTINGHAMSHIRE",265,5220.66,0,0
2023-09-01,27D,"NHS CHESHIRE",271,4735.34,0,0
2023-09-01,D2P2L,"NHS BLACK COUNTRY",283,5424.77,0,0
2023-09-01,15E,"NHS BIRMINGHAM AND SOLIHULL",301,5363.97,0,0
2023-09-01,91Q,"NHS KENT AND MEDWAY",301,5575.17,0,0
2023-09-01,03N,"NHS SHEFFIELD",314,5594.62,0,0
2023-09-01,D9Y0V,"NHS HAMPSHIRE, SOUTHAMPTON AND ISLE OF WIGHT",327,7923.03,0,0
2023-09-01,42D,"NHS NORTH YORKSHIRE",346,6046.4,0,0
2023-09-01,93C,"NHS NORTH CENTRAL LONDON",374,6435.8,0,0
2023-09-01,A3A8R,"NHS NORTH EAST LONDON",383,7684.74,0,0
2023-09-01,16C,"NHS TEES VALLEY",475,7352.07,0,0
2023-09-01,15N,"NHS DEVON",579,10416.61,0,0
2023-09-01,06H,"NHS CAMBRIDGESHIRE AND PETERBOROUGH",632,10593.82,0,0
2023-10-01,09W,"NHS MEDWAY",0,0,0,0
2023-10-01,D4U1Y,"NHS FRIMLEY",3,40.08,0,0
2023-10-01,02G,"NHS WEST LANCASHIRE",12,253.77,0,0
2023-10-01,01J,"NHS KNOWSLEY",13,173.68,0,0
2023-10-01,04Y,"NHS CANNOCK CHASE",19,455.48,0,0
2023-10-01,07G,"NHS THURROCK",19,550.32,0,0
2023-10-01,10R,"NHS PORTSMOUTH",19,414.04,0,0
2023-10-01,99G,"NHS SOUTHEND",20,400.7,0,0
2023-10-01,02Q,"NHS BASSETLAW",24,608.06,0,0
2023-10-01,05V,"NHS STAFFORD AND SURROUNDS",24,640.25,0,0
2023-10-01,99F,"NHS CASTLE POINT AND ROCHFORD",25,400.75,0,0
2023-10-01,01F,"NHS HALTON",26,476.49,0,0
2023-10-01,05G,"NHS NORTH STAFFORDSHIRE",27,516.54,0,0
2023-10-01,07H,"NHS WEST ESSEX",27,571.55,0,0
2023-10-01,05D,"NHS EAST STAFFORDSHIRE",28,414.05,0,0
2023-10-01,04C,"NHS LEICESTER CITY",30,534.29,0,0
2023-10-01,01V,"NHS SOUTHPORT AND FORMBY",31,507.6,0,0
2023-10-01,05W,"NHS STOKE ON TRENT",33,1276.8,0,0
2023-10-01,00N,"NHS SOUTH TYNESIDE",38,721.28,0,0
2023-10-01,00Y,"NHS OLDHAM",38,862.71,0,0
2023-10-01,01X,"NHS ST HELENS",39,736.03,0,0
2023-10-01,01T,"NHS SOUTH SEFTON",40,654.55,0,0
2023-10-01,05Q,"NHS SOUTH EAST STAFFORDSHIRE AND SEISDON PENINSULA",40,627.84,0,0
2023-10-01,02T,"NHS CALDERDALE",42,774.72,0,0
2023-10-01,03W,"NHS EAST LEICESTERSHIRE AND RUTLAND",42,694.53,0,0
2023-10-01,02P,"NHS BARNSLEY",43,681.28,0,0
2023-10-01,12F,"NHS WIRRAL",43,761.37,0,0
2023-10-01,U2G6B,"NHS THAMES VALLEY ICB - U2G6B",44,1074.7,0,0
2023-10-01,03K,"NHS NORTH LINCOLNSHIRE",45,667.85,0,0
2023-10-01,04V,"NHS WEST LEICESTERSHIRE",45,774.73,0,0
2023-10-01,07K,"NHS WEST SUFFOLK",48,1015.49,0,0
2023-10-01,00Q,"NHS BLACKBURN WITH DARWEN",53,841.58,0,0
2023-10-01,06L,"NHS IPSWICH AND EAST SUFFOLK",53,1401.6,0,0
2023-10-01,03H,"NHS NORTH EAST LINCOLNSHIRE",54,748.13,0,0
2023-10-01,09D,"NHS BRIGHTON AND HOVE",54,1104.22,0,0
2023-10-01,03F,"NHS HULL",55,950.06,0,0
2023-10-01,00V,"NHS BURY",58,994.79,0,0
2023-10-01,02E,"NHS WARRINGTON",59,948.43,0,0
2023-10-01,06Q,"NHS MID ESSEX",59,1322.14,0,0
2023-10-01,11X,"NHS SOMERSET",59,1043.44,0,0
2023-10-01,01E,"NHS GREATER PRESTON",60,1044.87,0,0
2023-10-01,01G,"NHS SALFORD",60,1157.7,0,0
2023-10-01,00P,"NHS SUNDERLAND",61,1148.7,0,0
2023-10-01,06T,"NHS NORTH EAST ESSEX",61,1051.45,0,0
2023-10-01,03R,"NHS WAKEFIELD",63,1163.47,0,0
2023-10-01,99E,"NHS BASILDON AND BRENTWOOD",63,1551.68,0,0
2023-10-01,00T,"NHS BOLTON",64,1318.45,0,0
2023-10-01,02X,"NHS DONCASTER",66,1028.61,0,0
2023-10-01,02M,"NHS FYLDE AND WYRE",68,1028.62,0,0
2023-10-01,00R,"NHS BLACKPOOL",77,1122.17,0,0
2023-10-01,01Y,"NHS TAMESIDE AND GLOSSOP",77,1379.36,0,0
2023-10-01,03Q,"NHS VALE OF YORK",82,1420.76,0,0
2023-10-01,99A,"NHS LIVERPOOL",84,1448.94,0,0
2023-10-01,15A,"NHS BERKSHIRE WEST",86,1464.95,0,0
2023-10-01,00X,"NHS CHORLEY AND SOUTH RIBBLE",88,1482.73,0,0
2023-10-01,01D,"NHS HEYWOOD, MIDDLETON AND ROCHDALE",91,1579.8,0,0
2023-10-01,03L,"NHS ROTHERHAM",92,1340.82,0,0
2023-10-01,02Y,"NHS EAST RIDING OF YORKSHIRE",96,1776.6,0,0
2023-10-01,06N,"NHS HERTS VALLEYS",97,2030.1,0,0
2023-10-01,10Q,"NHS OXFORDSHIRE",98,1635.56,0,0
2023-10-01,78H,"NHS NORTHAMPTONSHIRE",99,1511.04,0,0
2023-10-01,M2L0M,"NHS SHROPSHIRE, TELFORD AND WREKIN",102,1861.08,0,0
2023-10-01,02A,"NHS TRAFFORD",108,2598.13,0,0
2023-10-01,X2C4Y,"NHS KIRKLEES",108,2060.48,0,0
2023-10-01,01K,"NHS MORECAMBE BAY",112,1816.58,0,0
2023-10-01,01H,"NHS NORTH CUMBRIA",117,1973.34,0,0
2023-10-01,15F,"NHS LEEDS",121,2610.62,0,0
2023-10-01,01A,"NHS EAST LANCASHIRE",125,1808.28,0,0
2023-10-01,11M,"NHS GLOUCESTERSHIRE",127,2470.88,0,0
2023-10-01,02H,"NHS WIGAN BOROUGH",139,2180.44,0,0
2023-10-01,06K,"NHS EAST AND NORTH HERTFORDSHIRE",145,3213.33,0,0
2023-10-01,99C,"NHS NORTH TYNESIDE",146,2738.17,0,0
2023-10-01,92G,"NHS BATH AND NORTH EAST SOMERSET, SWINDON AND WILTSHIRE",147,2682.95,0,0
2023-10-01,11N,"NHS CORNWALL AND THE ISLES OF SCILLY",148,3158.48,0,0
2023-10-01,01W,"NHS STOCKPORT",149,2633.63,0,0
2023-10-01,15C,"NHS BRISTOL, NORTH SOMERSET AND SOUTH GLOUCESTERSHIRE",150,3223.87,0,0
2023-10-01,15M,"NHS DERBY AND DERBYSHIRE",157,2751.48,0,0
2023-10-01,18C,"NHS HEREFORDSHIRE AND WORCESTERSHIRE",159,2965.34,0,0
2023-10-01,11J,"NHS DORSET",164,3413.01,0,0
2023-10-01,71E,"NHS LINCOLNSHIRE",182,3382.6,0,0
2023-10-01,36J,"NHS BRADFORD DISTRICT AND CRAVEN",184,3974.37,0,0
2023-10-01,92A,"NHS SURREY HEARTLANDS",187,4000.56,0,0
2023-10-01,97R,"NHS EAST SUSSEX",188,3618.86,0,0
2023-10-01,M1J4Y,"NHS BEDFORDSHIRE, LUTON AND MILTON KEYNES",194,4425.83,0,0
2023-10-01,14L,"NHS MANCHESTER",197,3504.66,0,0
2023-10-01,B2M3M,"NHS COVENTRY AND WARWICKSHIRE",198,3207.23,0,0
2023-10-01,13T,"NHS NEWCASTLE GATESHEAD",208,3780.1,0,0
2023-10-01,14Y,"NHS BUCKINGHAMSHIRE",210,3784.49,0,0
2023-10-01,26A,"NHS NORFOLK AND WAVENEY",211,4838.15,0,0
2023-10-01,70F,"NHS WEST SUSSEX",212,4323.24,0,0
2023-10-01,72Q,"NHS SOUTH EAST LONDON",217,4694.5,0,0
2023-10-01,W2U3Z,"NHS NORTH WEST LONDON",222,4775.52,0,0
2023-10-01,36L,"NHS SOUTH WEST LONDON",240,5125.11,0,0
2023-10-01,52R,"NHS NOTTINGHAM AND NOTTINGHAMSHIRE",244,4716.98,0,0
2023-10-01,27D,"NHS CHESHIRE",262,4120.94,0,0
2023-10-01,91Q,"NHS KENT AND MEDWAY",273,4949.36,0,0
2023-10-01,D2P2L,"NHS BLACK COUNTRY",279,5451.88,0,0
2023-10-01,00L,"NHS NORTHUMBERLAND",281,4554.8,0,0
2023-10-01,84H,"NHS COUNTY DURHAM",300,4902.58,0,0
2023-10-01,03N,"NHS SHEFFIELD",320,5297.19,0,0
2023-10-01,15E,"NHS BIRMINGHAM AND SOLIHULL",325,6449.37,0,0
2023-10-01,D9Y0V,"NHS HAMPSHIRE, SOUTHAMPTON AND ISLE OF WIGHT",328,7808.61,0,0
2023-10-01,42D,"NHS NORTH YORKSHIRE",352,6027.53,0,0
2023-10-01,93C,"NHS NORTH CENTRAL LONDON",400,7150.07,0,0
2023-10-01,A3A8R,"NHS NORTH EAST LONDON",401,7657.89,0,0
2023-10-01,16C,"NHS TEES VALLEY",487,7870.49,0,0
2023-10-01,15N,"NHS DEVON",647,11140.65,0,0
2023-10-01,06H,"NHS CAMBRIDGESHIRE AND PETERBOROUGH",685,11603.37,0,0
2023-11-01,09W,"NHS MEDWAY",0,0,0,0
2023-11-01,D4U1Y,"NHS FRIMLEY",0,0,0,0
2023-11-01,07G,"NHS THURROCK",13,214.37,0,0
2023-11-01,01J,"NHS KNOWSLEY",14,187.6,0,0
2023-11-01,99G,"NHS SOUTHEND",19,424.3,0,0
2023-11-01,05D,"NHS EAST STAFFORDSHIRE",21,348.31,0,0
2023-11-01,05V,"NHS STAFFORD AND SURROUNDS",21,561.81,0,0
2023-11-01,01F,"NHS HALTON",24,491.29,0,0
2023-11-01,10R,"NHS PORTSMOUTH",24,509.06,0,0
2023-11-01,01V,"NHS SOUTHPORT AND FORMBY",25,478.76,0,0
2023-11-01,02G,"NHS WEST LANCASHIRE",25,482.29,0,0
2023-11-01,04Y,"NHS CANNOCK CHASE",26,565.65,0,0
2023-11-01,04V,"NHS WEST LEICESTERSHIRE",27,839.53,0,0
2023-11-01,07H,"NHS WEST ESSEX",28,875.57,0,0
2023-11-01,99F,"NHS CASTLE POINT AND ROCHFORD",30,554.22,0,0
2023-11-01,02Q,"NHS BASSETLAW",32,690.29,0,0
2023-11-01,05W,"NHS STOKE ON TRENT",34,1174.12,0,0
2023-11-01,05G,"NHS NORTH STAFFORDSHIRE",36,705.62,0,0
2023-11-01,04C,"NHS LEICESTER CITY",37,629.7,0,0
2023-11-01,00N,"NHS SOUTH TYNESIDE",38,763.61,0,0
2023-11-01,01X,"NHS ST HELENS",38,698.06,0,0
2023-11-01,02P,"NHS BARNSLEY",38,616.32,0,0
2023-11-01,05Q,"NHS SOUTH EAST STAFFORDSHIRE AND SEISDON PENINSULA",41,763.64,0,0
2023-11-01,01T,"NHS SOUTH SEFTON",42,589.59,0,0
2023-11-01,03W,"NHS EAST LEICESTERSHIRE AND RUTLAND",43,723.4,0,0
2023-11-01,00V,"NHS BURY",44,864.54,0,0
2023-11-01,12F,"NHS WIRRAL",44,777.06,0,0
2023-11-01,00Y,"NHS OLDHAM",46,956.97,0,0
2023-11-01,06L,"NHS IPSWICH AND EAST SUFFOLK",46,1203.35,0,0
2023-11-01,99E,"NHS BASILDON AND BRENTWOOD",48,1226.39,0,0
2023-11-01,02T,"NHS CALDERDALE",49,937.8,0,0
2023-11-01,00Q,"NHS BLACKBURN WITH DARWEN",51,803.92,0,0
2023-11-01,06T,"NHS NORTH EAST ESSEX",52,879.41,0,0
2023-11-01,U2G6B,"NHS THAMES VALLEY ICB - U2G6B",54,1195.87,0,0
2023-11-01,03H,"NHS NORTH EAST LINCOLNSHIRE",55,737.04,0,0
2023-11-01,00P,"NHS SUNDERLAND",57,1031.6,0,0
2023-11-01,03K,"NHS NORTH LINCOLNSHIRE",58,897.58,0,0
2023-11-01,01E,"NHS GREATER PRESTON",59,1021.23,0,0
2023-11-01,03F,"NHS HULL",59,1060.09,0,0
2023-11-01,07K,"NHS WEST SUFFOLK",60,1103.65,0,0
2023-11-01,02X,"NHS DONCASTER",61,897.76,0,0
2023-11-01,02E,"NHS WARRINGTON",63,1125.4,0,0
2023-11-01,11X,"NHS SOMERSET",64,1244.63,0,0
2023-11-01,00R,"NHS BLACKPOOL",69,951.43,0,0
2023-11-01,01Y,"NHS TAMESIDE AND GLOSSOP",69,1423.32,0,0
2023-11-01,06Q,"NHS MID ESSEX",70,1582.3,0,0
2023-11-01,01G,"NHS SALFORD",71,1569.89,0,0
2023-11-01,99A,"NHS LIVERPOOL",75,1179.08,0,0
2023-11-01,02M,"NHS FYLDE AND WYRE",76,1263.06,0,0
2023-11-01,01D,"NHS HEYWOOD, MIDDLETON AND ROCHDALE",77,1272.84,0,0
2023-11-01,09D,"NHS BRIGHTON AND HOVE",77,1572.09,0,0
2023-11-01,00T,"NHS BOLTON",78,1653.81,0,0
2023-11-01,03R,"NHS WAKEFIELD",78,1461.69,0,0
2023-11-01,M2L0M,"NHS SHROPSHIRE, TELFORD AND WREKIN",86,1719.33,0,0
2023-11-01,03L,"NHS ROTHERHAM",89,1322.98,0,0
2023-11-01,00X,"NHS CHORLEY AND SOUTH RIBBLE",91,1676.09,0,0
2023-11-01,78H,"NHS NORTHAMPTONSHIRE",93,1397.97,0,0
2023-11-01,02Y,"NHS EAST RIDING OF YORKSHIRE",97,1839.27,0,0
2023-11-01,15A,"NHS BERKSHIRE WEST",97,1723.87,0,0
2023-11-01,11M,"NHS GLOUCESTERSHIRE",100,2846.87,0,0
2023-11-01,10Q,"NHS OXFORDSHIRE",104,2163.79,0,0
2023-11-01,03Q,"NHS VALE OF YORK",108,1900.97,0,0
2023-11-01,01H,"NHS NORTH CUMBRIA",114,1907.49,0,0
2023-11-01,02A,"NHS TRAFFORD",120,2871.48,0,0
2023-11-01,06N,"NHS HERTS VALLEYS",127,2496.75,0,0
2023-11-01,01A,"NHS EAST LANCASHIRE",128,2231.66,0,0
2023-11-01,01K,"NHS MORECAMBE BAY",128,2400.82,0,0
2023-11-01,15C,"NHS BRISTOL, NORTH SOMERSET AND SOUTH GLOUCESTERSHIRE",131,2639.58,0,0
2023-11-01,15F,"NHS LEEDS",131,2697.34,0,0
2023-11-01,X2C4Y,"NHS KIRKLEES",139,2655.6,0,0
2023-11-01,99C,"NHS NORTH TYNESIDE",145,2773.22,0,0
2023-11-01,01W,"NHS STOCKPORT",147,2521.05,0,0
2023-11-01,15M,"NHS DERBY AND DERBYSHIRE",153,2992.06,0,0
2023-11-01,92G,"NHS BATH AND NORTH EAST SOMERSET, SWINDON AND WILTSHIRE",153,2721.5,0,0
2023-11-01,18C,"NHS HEREFORDSHIRE AND WORCESTERSHIRE",161,3581.43,0,0
2023-11-01,11N,"NHS CORNWALL AND THE ISLES OF SCILLY",162,2872.06,0,0
2023-11-01,06K,"NHS EAST AND NORTH HERTFORDSHIRE",173,3355.34,0,0
2023-11-01,11J,"NHS DORSET",175,3407.8,0,0
2023-11-01,36J,"NHS BRADFORD DISTRICT AND CRAVEN",178,3598.74,0,0
2023-11-01,B2M3M,"NHS COVENTRY AND WARWICKSHIRE",179,3070.77,0,0
2023-11-01,02H,"NHS WIGAN BOROUGH",180,3210.94,0,0
2023-11-01,71E,"NHS LINCOLNSHIRE",193,3489.48,0,0
2023-11-01,92A,"NHS SURREY HEARTLANDS",196,4567.98,0,0
2023-11-01,13T,"NHS NEWCASTLE GATESHEAD",201,3737.88,0,0
2023-11-01,72Q,"NHS SOUTH EAST LONDON",204,4662.4,0,0
2023-11-01,M1J4Y,"NHS BEDFORDSHIRE, LUTON AND MILTON KEYNES",209,3968.17,0,0
2023-11-01,14Y,"NHS BUCKINGHAMSHIRE",213,3813.69,0,0
2023-11-01,97R,"NHS EAST SUSSEX",213,4366.16,0,0
2023-11-01,70F,"NHS WEST SUSSEX",215,4160.65,0,0
2023-11-01,W2U3Z,"NHS NORTH WEST LONDON",230,4642.69,0,0
2023-11-01,14L,"NHS MANCHESTER",234,4170.32,0,0
2023-11-01,26A,"NHS NORFOLK AND WAVENEY",255,7454.92,0,0
2023-11-01,84H,"NHS COUNTY DURHAM",260,4126.71,0,0
2023-11-01,52R,"NHS NOTTINGHAM AND NOTTINGHAMSHIRE",264,5407.73,0,0
2023-11-01,00L,"NHS NORTHUMBERLAND",280,4863.23,0,0
2023-11-01,36L,"NHS SOUTH WEST LONDON",285,5467.67,0,0
2023-11-01,27D,"NHS CHESHIRE",290,5149.23,0,0
2023-11-01,91Q,"NHS KENT AND MEDWAY",294,5839.75,0,0
2023-11-01,D2P2L,"NHS BLACK COUNTRY",295,6107.24,0,0
2023-11-01,15E,"NHS BIRMINGHAM AND SOLIHULL",325,6166.94,0,0
2023-11-01,03N,"NHS SHEFFIELD",330,5288.24,0,0
2023-11-01,42D,"NHS NORTH YORKSHIRE",351,5466.43,0,0
2023-11-01,D9Y0V,"NHS HAMPSHIRE, SOUTHAMPTON AND ISLE OF WIGHT",363,8986.18,0,0
2023-11-01,A3A8R,"NHS NORTH EAST LONDON",393,7679.54,0,0
2023-11-01,93C,"NHS NORTH CENTRAL LONDON",422,7287.03,0,0
2023-11-01,16C,"NHS TEES VALLEY",509,8240.02,0,0
2023-11-01,15N,"NHS DEVON",689,11905.67,0,0
2023-11-01,06H,"NHS CAMBRIDGESHIRE AND PETERBOROUGH",732,12550.56,0,0
2023-12-01,09W,"NHS MEDWAY",0,0,0,0
2023-12-01,D4U1Y,"NHS FRIMLEY",1,13.41,0,0
2023-12-01,01J,"NHS KNOWSLEY",12,160.92,0,0
2023-12-01,07G,"NHS THURROCK",12,323.12,0,0
2023-12-01,05D,"NHS EAST STAFFORDSHIRE",16,254.71,0,0
2023-12-01,04Y,"NHS CANNOCK CHASE",18,281.58,0,0
2023-12-01,05V,"NHS STAFFORD AND SURROUNDS",19,535.4,0,0
2023-12-01,99G,"NHS SOUTHEND",20,421.61,0,0
2023-12-01,02G,"NHS WEST LANCASHIRE",22,442.42,0,0
2023-12-01,10R,"NHS PORTSMOUTH",23,563.02,0,0
2023-12-01,01F,"NHS HALTON",24,491.66,0,0
2023-12-01,02Q,"NHS BASSETLAW",28,912.31,0,0
2023-12-01,99F,"NHS CASTLE POINT AND ROCHFORD",28,482.68,0,0
2023-12-01,04C,"NHS LEICESTER CITY",29,536.29,0,0
2023-12-01,00N,"NHS SOUTH TYNESIDE",30,563.1,0,0
2023-12-01,05Q,"NHS SOUTH EAST STAFFORDSHIRE AND SEISDON PENINSULA",31,522.9,0,0
2023-12-01,05W,"NHS STOKE ON TRENT",33,1178.58,0,0
2023-12-01,01V,"NHS SOUTHPORT AND FORMBY",34,522.94,0,0
2023-12-01,01X,"NHS ST HELENS",34,618.14,0,0
2023-12-01,07H,"NHS WEST ESSEX",34,875.92,0,0
2023-12-01,02P,"NHS BARNSLEY",36,618.42,0,0
2023-12-01,02T,"NHS CALDERDALE",37,723.97,0,0
2023-12-01,05G,"NHS NORTH STAFFORDSHIRE",38,715.17,0,0
2023-12-01,01T,"NHS SOUTH SEFTON",39,630.19,0,0
2023-12-01,00Q,"NHS BLACKBURN WITH DARWEN",44,683.84,0,0
2023-12-01,03F,"NHS HULL",44,779.31,0,0
2023-12-01,04V,"NHS WEST LEICESTERSHIRE",44,753.81,0,0
2023-12-01,03K,"NHS NORTH LINCOLNSHIRE",46,723.87,0,0
2023-12-01,11X,"NHS SOMERSET",46,970.64,0,0
2023-12-01,U2G6B,"NHS THAMES VALLEY ICB - U2G6B",46,913.33,0,0
2023-12-01,03W,"NHS EAST LEICESTERSHIRE AND RUTLAND",49,989.2,0,0
2023-12-01,00Y,"NHS OLDHAM",50,1175.66,0,0
2023-12-01,06L,"NHS IPSWICH AND EAST SUFFOLK",50,1140.74,0,0
2023-12-01,12F,"NHS WIRRAL",50,804.5,0,0
2023-12-01,03H,"NHS NORTH EAST LINCOLNSHIRE",52,832.72,0,0
2023-12-01,99E,"NHS BASILDON AND BRENTWOOD",55,1078.35,0,0
2023-12-01,06Q,"NHS MID ESSEX",61,1334.81,0,0
2023-12-01,06T,"NHS NORTH EAST ESSEX",61,995.78,0,0
2023-12-01,09D,"NHS BRIGHTON AND HOVE",62,1476.56,0,0
2023-12-01,07K,"NHS WEST SUFFOLK",63,1444.43,0,0
2023-12-01,00R,"NHS BLACKPOOL",64,925.24,0,0
2023-12-01,00V,"NHS BURY",65,1058.72,0,0
2023-12-01,00P,"NHS SUNDERLAND",67,1260.26,0,0
2023-12-01,03R,"NHS WAKEFIELD",67,1179.85,0,0
2023-12-01,02E,"NHS WARRINGTON",68,1099.47,0,0
2023-12-01,02M,"NHS FYLDE AND WYRE",68,1045.87,0,0
2023-12-01,00T,"NHS BOLTON",70,1198.23,0,0
2023-12-01,03Q,"NHS VALE OF YORK",70,1139.65,0,0
2023-12-01,02X,"NHS DONCASTER",71,1045.9,0,0
2023-12-01,01Y,"NHS TAMESIDE AND GLOSSOP",72,1377.09,0,0
2023-12-01,01G,"NHS SALFORD",75,1901.74,0,0
2023-12-01,01D,"NHS HEYWOOD, MIDDLETON AND ROCHDALE",83,1287.24,0,0
2023-12-01,01E,"NHS GREATER PRESTON",84,1397.42,0,0
2023-12-01,03L,"NHS ROTHERHAM",85,1198.38,0,0
2023-12-01,02Y,"NHS EAST RIDING OF YORKSHIRE",87,1477.21,0,0
2023-12-01,00X,"NHS CHORLEY AND SOUTH RIBBLE",88,1407.88,0,0
2023-12-01,99A,"NHS LIVERPOOL",89,1421.29,0,0
2023-12-01,78H,"NHS NORTHAMPTONSHIRE",92,1549.67,0,0
2023-12-01,15A,"NHS BERKSHIRE WEST",102,2208.08,0,0
2023-12-01,M2L0M,"NHS SHROPSHIRE, TELFORD AND WREKIN",103,2015.48,0,0
2023-12-01,X2C4Y,"NHS KIRKLEES",109,2134.67,0,0
2023-12-01,10Q,"NHS OXFORDSHIRE",112,2029.86,0,0
2023-12-01,01H,"NHS NORTH CUMBRIA",117,1930.52,0,0
2023-12-01,01A,"NHS EAST LANCASHIRE",123,1972.31,0,0
2023-12-01,01K,"NHS MORECAMBE BAY",123,1997.7,0,0
2023-12-01,02A,"NHS TRAFFORD",123,3892.67,0,0
2023-12-01,11M,"NHS GLOUCESTERSHIRE",123,2612.74,0,0
2023-12-01,06K,"NHS EAST AND NORTH HERTFORDSHIRE",134,2993.74,0,0
2023-12-01,99C,"NHS NORTH TYNESIDE",144,2641.24,0,0
2023-12-01,11N,"NHS CORNWALL AND THE ISLES OF SCILLY",145,2567.88,0,0
2023-12-01,92G,"NHS BATH AND NORTH EAST SOMERSET, SWINDON AND WILTSHIRE",145,2602.76,0,0
2023-12-01,06N,"NHS HERTS VALLEYS",147,3114.64,0,0
2023-12-01,15F,"NHS LEEDS",152,3028.73,0,0
2023-12-01,02H,"NHS WIGAN BOROUGH",154,2743.42,0,0
2023-12-01,15C,"NHS BRISTOL, NORTH SOMERSET AND SOUTH GLOUCESTERSHIRE",157,3088.37,0,0
2023-12-01,18C,"NHS HEREFORDSHIRE AND WORCESTERSHIRE",170,3522.62,0,0
2023-12-01,01W,"NHS STOCKPORT",171,2871.53,0,0
2023-12-01,15M,"NHS DERBY AND DERBYSHIRE",175,3156.57,0,0
2023-12-01,71E,"NHS LINCOLNSHIRE",176,3424.89,0,0
2023-12-01,11J,"NHS DORSET",188,3660.02,0,0
2023-12-01,B2M3M,"NHS COVENTRY AND WARWICKSHIRE",192,3233.89,0,0
2023-12-01,13T,"NHS NEWCASTLE GATESHEAD",194,3512.73,0,0
2023-12-01,97R,"NHS EAST SUSSEX",197,3882.08,0,0
2023-12-01,14Y,"NHS BUCKINGHAMSHIRE",203,3785.15,0,0
2023-12-01,M1J4Y,"NHS BEDFORDSHIRE, LUTON AND MILTON KEYNES",205,4465.27,0,0
2023-12-01,36J,"NHS BRADFORD DISTRICT AND CRAVEN",207,3715.93,0,0
2023-12-01,92A,"NHS SURREY HEARTLANDS",208,4444.8,0,0
2023-12-01,26A,"NHS NORFOLK AND WAVENEY",231,5972.49,0,0
2023-12-01,14L,"NHS MANCHESTER",237,3709.82,0,0
2023-12-01,72Q,"NHS SOUTH EAST LONDON",243,5135.07,0,0
2023-12-01,70F,"NHS WEST SUSSEX",247,5135.4,0,0
2023-12-01,D2P2L,"NHS BLACK COUNTRY",251,4747.01,0,0
2023-12-01,W2U3Z,"NHS NORTH WEST LONDON",251,5412.92,0,0
2023-12-01,27D,"NHS CHESHIRE",258,4399.25,0,0
2023-12-01,00L,"NHS NORTHUMBERLAND",280,4464.67,0,0
2023-12-01,52R,"NHS NOTTINGHAM AND NOTTINGHAMSHIRE",285,5764.87,0,0
2023-12-01,36L,"NHS SOUTH WEST LONDON",288,6217.72,0,0
2023-12-01,84H,"NHS COUNTY DURHAM",292,4758.69,0,0
2023-12-01,15E,"NHS BIRMINGHAM AND SOLIHULL",295,5902.26,0,0
2023-12-01,91Q,"NHS KENT AND MEDWAY",313,5805.61,0,0
2023-12-01,03N,"NHS SHEFFIELD",358,5944.54,0,0
2023-12-01,D9Y0V,"NHS HAMPSHIRE, SOUTHAMPTON AND ISLE OF WIGHT",370,8645.36,0,0
2023-12-01,42D,"NHS NORTH YORKSHIRE",377,6185.9,0,0
2023-12-01,A3A8R,"NHS NORTH EAST LONDON",377,7272.31,0,0
2023-12-01,93C,"NHS NORTH CENTRAL LONDON",454,7759.98,0,0
2023-12-01,16C,"NHS TEES VALLEY",517,8247.36,0,0
2023-12-01,15N,"NHS DEVON",673,11405.65,0,0
2023-12-01,06H,"NHS CAMBRIDGESHIRE AND PETERBOROUGH",718,11975.77,0,0
2024-01-01,09W,"NHS MEDWAY",0,0,0,0
2024-01-01,D4U1Y,"NHS FRIMLEY",1,13.45,0,0
2024-01-01,01J,"NHS KNOWSLEY",7,94.15,0,0
2024-01-01,07G,"NHS THURROCK",15,364.33,0,0
2024-01-01,02G,"NHS WEST LANCASHIRE",17,295.78,0,0
2024-01-01,01F,"NHS HALTON",20,492.89,0,0
2024-01-01,05D,"NHS EAST STAFFORDSHIRE",21,322.64,0,0
2024-01-01,05V,"NHS STAFFORD AND SURROUNDS",23,728.55,0,0
2024-01-01,99G,"NHS SOUTHEND",23,483.9,0,0
2024-01-01,02Q,"NHS BASSETLAW",24,571.61,0,0
2024-01-01,04C,"NHS LEICESTER CITY",25,430.23,0,0
2024-01-01,04Y,"NHS CANNOCK CHASE",25,592.82,0,0
2024-01-01,02P,"NHS BARNSLEY",31,551.19,0,0
2024-01-01,01V,"NHS SOUTHPORT AND FORMBY",32,470.61,0,0
2024-01-01,05W,"NHS STOKE ON TRENT",33,1329.69,0,0
2024-01-01,07H,"NHS WEST ESSEX",34,962.72,0,0
2024-01-01,10R,"NHS PORTSMOUTH",34,718.43,0,0
2024-01-01,12F,"NHS WIRRAL",35,591.58,0,0
2024-01-01,02T,"NHS CALDERDALE",36,591.53,0,0
2024-01-01,01X,"NHS ST HELENS",37,551.26,0,0
2024-01-01,05Q,"NHS SOUTH EAST STAFFORDSHIRE AND SEISDON PENINSULA",38,658.71,0,0
2024-01-01,00N,"NHS SOUTH TYNESIDE",41,806.55,0,0
2024-01-01,01T,"NHS SOUTH SEFTON",41,645.35,0,0
2024-01-01,04V,"NHS WEST LEICESTERSHIRE",42,738,0,0
2024-01-01,05G,"NHS NORTH STAFFORDSHIRE",43,851.44,0,0
2024-01-01,00Q,"NHS BLACKBURN WITH DARWEN",44,793.13,0,0
2024-01-01,99F,"NHS CASTLE POINT AND ROCHFORD",44,766.28,0,0
2024-01-01,U2G6B,"NHS THAMES VALLEY ICB - U2G6B",49,1326.43,0,0
2024-01-01,03F,"NHS HULL",51,915.81,0,0
2024-01-01,06L,"NHS IPSWICH AND EAST SUFFOLK",51,1685.28,0,0
2024-01-01,00Y,"NHS OLDHAM",52,1133.6,0,0
2024-01-01,03K,"NHS NORTH LINCOLNSHIRE",52,793.12,0,0
2024-01-01,00P,"NHS SUNDERLAND",53,954.47,0,0
2024-01-01,09D,"NHS BRIGHTON AND HOVE",53,1120.35,0,0
2024-01-01,03H,"NHS NORTH EAST LINCOLNSHIRE",55,779.79,0,0
2024-01-01,03W,"NHS EAST LEICESTERSHIRE AND RUTLAND",56,954.33,0,0
2024-01-01,99E,"NHS BASILDON AND BRENTWOOD",56,1534.63,0,0
2024-01-01,06Q,"NHS MID ESSEX",57,1229.12,0,0
2024-01-01,02X,"NHS DONCASTER",60,914.3,0,0
2024-01-01,00R,"NHS BLACKPOOL",61,860.5,0,0
2024-01-01,02E,"NHS WARRINGTON",61,941.13,0,0
2024-01-01,11X,"NHS SOMERSET",64,1291.71,0,0
2024-01-01,01G,"NHS SALFORD",65,1225.18,0,0
2024-01-01,06T,"NHS NORTH EAST ESSEX",65,1160.73,0,0
2024-01-01,00V,"NHS BURY",67,1293.28,0,0
2024-01-01,01E,"NHS GREATER PRESTON",67,1148.69,0,0
2024-01-01,07K,"NHS WEST SUFFOLK",67,1453.86,0,0
2024-01-01,01Y,"NHS TAMESIDE AND GLOSSOP",68,1316.52,0,0
2024-01-01,03R,"NHS WAKEFIELD",70,1412.82,0,0
2024-01-01,01D,"NHS HEYWOOD, MIDDLETON AND ROCHDALE",76,1250.27,0,0
2024-01-01,78H,"NHS NORTHAMPTONSHIRE",77,1278.73,0,0
2024-01-01,00X,"NHS CHORLEY AND SOUTH RIBBLE",80,1317.46,0,0
2024-01-01,02M,"NHS FYLDE AND WYRE",80,1290.55,0,0
2024-01-01,02Y,"NHS EAST RIDING OF YORKSHIRE",83,1539.73,0,0
2024-01-01,00T,"NHS BOLTON",84,1745.03,0,0
2024-01-01,99A,"NHS LIVERPOOL",85,1485.21,0,0
2024-01-01,03Q,"NHS VALE OF YORK",87,1530.97,0,0
2024-01-01,03L,"NHS ROTHERHAM",88,1268.85,0,0
2024-01-01,15A,"NHS BERKSHIRE WEST",88,1674.72,0,0
2024-01-01,M2L0M,"NHS SHROPSHIRE, TELFORD AND WREKIN",91,1725.07,0,0
2024-01-01,10Q,"NHS OXFORDSHIRE",100,2005.56,0,0
2024-01-01,02A,"NHS TRAFFORD",107,2547.16,0,0
2024-01-01,01K,"NHS MORECAMBE BAY",116,1949.11,0,0
2024-01-01,11M,"NHS GLOUCESTERSHIRE",117,3032.59,0,0
2024-01-01,06N,"NHS HERTS VALLEYS",124,2419.54,0,0
2024-01-01,01A,"NHS EAST LANCASHIRE",130,1855.25,0,0
2024-01-01,01H,"NHS NORTH CUMBRIA",132,2244.68,0,0
2024-01-01,15F,"NHS LEEDS",145,2730.46,0,0
2024-01-01,99C,"NHS NORTH TYNESIDE",145,2742.21,0,0
2024-01-01,X2C4Y,"NHS KIRKLEES",147,2799.01,0,0
2024-01-01,92G,"NHS BATH AND NORTH EAST SOMERSET, SWINDON AND WILTSHIRE",152,2829.89,0,0
2024-01-01,01W,"NHS STOCKPORT",155,2623.65,0,0
2024-01-01,15C,"NHS BRISTOL, NORTH SOMERSET AND SOUTH GLOUCESTERSHIRE",155,3169.5,0,0
2024-01-01,06K,"NHS EAST AND NORTH HERTFORDSHIRE",159,3354.95,0,0
2024-01-01,18C,"NHS HEREFORDSHIRE AND WORCESTERSHIRE",159,3320.04,0,0
2024-01-01,02H,"NHS WIGAN BOROUGH",164,2958.86,0,0
2024-01-01,15M,"NHS DERBY AND DERBYSHIRE",164,3218.64,0,0
2024-01-01,11J,"NHS DORSET",168,3000.42,0,0
2024-01-01,92A,"NHS SURREY HEARTLANDS",177,4038.15,0,0
2024-01-01,M1J4Y,"NHS BEDFORDSHIRE, LUTON AND MILTON KEYNES",185,3831.36,0,0
2024-01-01,11N,"NHS CORNWALL AND THE ISLES OF SCILLY",186,3329.03,0,0
2024-01-01,B2M3M,"NHS COVENTRY AND WARWICKSHIRE",188,3112.85,0,0
2024-01-01,14Y,"NHS BUCKINGHAMSHIRE",189,3329.15,0,0
2024-01-01,71E,"NHS LINCOLNSHIRE",189,3540.84,0,0
2024-01-01,36J,"NHS BRADFORD DISTRICT AND CRAVEN",194,3970.17,0,0
2024-01-01,13T,"NHS NEWCASTLE GATESHEAD",210,4113.26,0,0
2024-01-01,72Q,"NHS SOUTH EAST LONDON",217,4706.74,0,0
2024-01-01,97R,"NHS EAST SUSSEX",222,4541.73,0,0
2024-01-01,14L,"NHS MANCHESTER",224,4032.17,0,0
2024-01-01,70F,"NHS WEST SUSSEX",230,4575.02,0,0
2024-01-01,26A,"NHS NORFOLK AND WAVENEY",236,6561.43,0,0
2024-01-01,W2U3Z,"NHS NORTH WEST LONDON",244,4953.61,0,0
2024-01-01,00L,"NHS NORTHUMBERLAND",273,4503.24,0,0
2024-01-01,52R,"NHS NOTTINGHAM AND NOTTINGHAMSHIRE",281,5397.23,0,0
2024-01-01,D2P2L,"NHS BLACK COUNTRY",287,5795.59,0,0
2024-01-01,84H,"NHS COUNTY DURHAM",297,4781.29,0,0
2024-01-01,27D,"NHS CHESHIRE",298,5094.71,0,0
2024-01-01,36L,"NHS SOUTH WEST LONDON",308,5981.28,0,0
2024-01-01,15E,"NHS BIRMINGHAM AND SOLIHULL",315,6019.48,0,0
2024-01-01,91Q,"NHS KENT AND MEDWAY",315,6210.42,0,0
2024-01-01,42D,"NHS NORTH YORKSHIRE",328,5167.68,0,0
2024-01-01,03N,"NHS SHEFFIELD",335,5597.28,0,0
2024-01-01,D9Y0V,"NHS HAMPSHIRE, SOUTHAMPTON AND ISLE OF WIGHT",347,9060.28,0,0
2024-01-01,A3A8R,"NHS NORTH EAST LONDON",356,6952.1,0,0
2024-01-01,93C,"NHS NORTH CENTRAL LONDON",486,8645.79,0,0
2024-01-01,16C,"NHS TEES VALLEY",540,8915.81,0,0
2024-01-01,15N,"NHS DEVON",675,12150.79,0,0
2024-01-01,06H,"NHS CAMBRIDGESHIRE AND PETERBOROUGH",736,12731.06,0,0
2024-02-01,09W,"NHS MEDWAY",0,0,0,0
2024-02-01,D4U1Y,"NHS FRIMLEY",1,13.44,0,0
2024-02-01,01J,"NHS KNOWSLEY",10,134.4,0,0
2024-02-01,02G,"NHS WEST LANCASHIRE",17,309.06,0,0
2024-02-01,04Y,"NHS CANNOCK CHASE",17,362.77,0,0
2024-02-01,05V,"NHS STAFFORD AND SURROUNDS",18,523.15,0,0
2024-02-01,07G,"NHS THURROCK",18,431.33,0,0
2024-02-01,99G,"NHS SOUTHEND",18,335.93,0,0
2024-02-01,05D,"NHS EAST STAFFORDSHIRE",21,335.93,0,0
2024-02-01,99F,"NHS CASTLE POINT AND ROCHFORD",22,389.69,0,0
2024-02-01,01F,"NHS HALTON",23,452.45,0,0
2024-02-01,04C,"NHS LEICESTER CITY",26,430.01,0,0
2024-02-01,02Q,"NHS BASSETLAW",27,638.58,0,0
2024-02-01,05G,"NHS NORTH STAFFORDSHIRE",27,462.89,0,0
2024-02-01,05W,"NHS STOKE ON TRENT",29,838.17,0,0
2024-02-01,10R,"NHS PORTSMOUTH",29,658.34,0,0
2024-02-01,01V,"NHS SOUTHPORT AND FORMBY",30,416.63,0,0
2024-02-01,00N,"NHS SOUTH TYNESIDE",31,550.94,0,0
2024-02-01,04V,"NHS WEST LEICESTERSHIRE",32,1012.27,0,0
2024-02-01,07H,"NHS WEST ESSEX",33,1112.84,0,0
2024-02-01,02T,"NHS CALDERDALE",36,725.57,0,0
2024-02-01,03W,"NHS EAST LEICESTERSHIRE AND RUTLAND",38,618.07,0,0
2024-02-01,12F,"NHS WIRRAL",39,618.16,0,0
2024-02-01,06L,"NHS IPSWICH AND EAST SUFFOLK",40,1118.88,0,0
2024-02-01,02P,"NHS BARNSLEY",41,658.48,0,0
2024-02-01,03H,"NHS NORTH EAST LINCOLNSHIRE",41,673.3,0,0
2024-02-01,01T,"NHS SOUTH SEFTON",45,698.81,0,0
2024-02-01,05Q,"NHS SOUTH EAST STAFFORDSHIRE AND SEISDON PENINSULA",45,765.94,0,0
2024-02-01,00Q,"NHS BLACKBURN WITH DARWEN",48,739.13,0,0
2024-02-01,03K,"NHS NORTH LINCOLNSHIRE",49,765.87,0,0
2024-02-01,00V,"NHS BURY",51,933.51,0,0
2024-02-01,06Q,"NHS MID ESSEX",51,1206.14,0,0
2024-02-01,00Y,"NHS OLDHAM",52,1231.99,0,0
2024-02-01,01X,"NHS ST HELENS",52,1262.43,0,0
2024-02-01,03F,"NHS HULL",52,915.42,0,0
2024-02-01,U2G6B,"NHS THAMES VALLEY ICB - U2G6B",52,963.07,0,0
2024-02-01,02E,"NHS WARRINGTON",54,980.89,0,0
2024-02-01,00P,"NHS SUNDERLAND",55,1061.49,0,0
2024-02-01,06T,"NHS NORTH EAST ESSEX",55,766.02,0,0
2024-02-01,11X,"NHS SOMERSET",57,1477.02,0,0
2024-02-01,02X,"NHS DONCASTER",58,927.23,0,0
2024-02-01,99E,"NHS BASILDON AND BRENTWOOD",60,1347.95,0,0
2024-02-01,09D,"NHS BRIGHTON AND HOVE",61,1161.58,0,0
2024-02-01,03R,"NHS WAKEFIELD",62,1304.66,0,0
2024-02-01,01Y,"NHS TAMESIDE AND GLOSSOP",63,1271.23,0,0
2024-02-01,03Q,"NHS VALE OF YORK",65,1155.51,0,0
2024-02-01,00R,"NHS BLACKPOOL",66,940.76,0,0
2024-02-01,02M,"NHS FYLDE AND WYRE",66,1061.59,0,0
2024-02-01,00T,"NHS BOLTON",67,1227.72,0,0
2024-02-01,01E,"NHS GREATER PRESTON",69,1155.61,0,0
2024-02-01,07K,"NHS WEST SUFFOLK",70,1322.89,0,0
2024-02-01,01D,"NHS HEYWOOD, MIDDLETON AND ROCHDALE",72,1236.25,0,0
2024-02-01,01G,"NHS SALFORD",72,1355.21,0,0
2024-02-01,02Y,"NHS EAST RIDING OF YORKSHIRE",74,1397.56,0,0
2024-02-01,99A,"NHS LIVERPOOL",76,1169.17,0,0
2024-02-01,03L,"NHS ROTHERHAM",78,1120.41,0,0
2024-02-01,00X,"NHS CHORLEY AND SOUTH RIBBLE",83,1492.94,0,0
2024-02-01,78H,"NHS NORTHAMPTONSHIRE",86,1276.57,0,0
2024-02-01,15A,"NHS BERKSHIRE WEST",88,1635.39,0,0
2024-02-01,M2L0M,"NHS SHROPSHIRE, TELFORD AND WREKIN",91,1821.43,0,0
2024-02-01,10Q,"NHS OXFORDSHIRE",99,1736.3,0,0
2024-02-01,01H,"NHS NORTH CUMBRIA",101,1598.91,0,0
2024-02-01,02A,"NHS TRAFFORD",101,2267.65,0,0
2024-02-01,92G,"NHS BATH AND NORTH EAST SOMERSET, SWINDON AND WILTSHIRE",106,1950.14,0,0
2024-02-01,01K,"NHS MORECAMBE BAY",107,1813.97,0,0
2024-02-01,11M,"NHS GLOUCESTERSHIRE",107,1997.51,0,0
2024-02-01,01A,"NHS EAST LANCASHIRE",111,1667.69,0,0
2024-02-01,06K,"NHS EAST AND NORTH HERTFORDSHIRE",113,2594.68,0,0
2024-02-01,X2C4Y,"NHS KIRKLEES",113,2198.12,0,0
2024-02-01,06N,"NHS HERTS VALLEYS",120,2356.32,0,0
2024-02-01,15C,"NHS BRISTOL, NORTH SOMERSET AND SOUTH GLOUCESTERSHIRE",131,2614.89,0,0
2024-02-01,99C,"NHS NORTH TYNESIDE",133,2343.03,0,0
2024-02-01,15F,"NHS LEEDS",138,2535.19,0,0
2024-02-01,02H,"NHS WIGAN BOROUGH",145,2782.54,0,0
2024-02-01,11J,"NHS DORSET",146,3242.23,0,0
2024-02-01,11N,"NHS CORNWALL AND THE ISLES OF SCILLY",152,2532.37,0,0
2024-02-01,15M,"NHS DERBY AND DERBYSHIRE",152,2606.78,0,0
2024-02-01,01W,"NHS STOCKPORT",156,2704.56,0,0
2024-02-01,18C,"NHS HEREFORDSHIRE AND WORCESTERSHIRE",159,3472.25,0,0
2024-02-01,71E,"NHS LINCOLNSHIRE",173,3433.67,0,0
2024-02-01,B2M3M,"NHS COVENTRY AND WARWICKSHIRE",174,2823.28,0,0
2024-02-01,36J,"NHS BRADFORD DISTRICT AND CRAVEN",176,3347.84,0,0
2024-02-01,92A,"NHS SURREY HEARTLANDS",179,3791.23,0,0
2024-02-01,M1J4Y,"NHS BEDFORDSHIRE, LUTON AND MILTON KEYNES",185,3580.38,0,0
2024-02-01,13T,"NHS NEWCASTLE GATESHEAD",192,3547.35,0,0
2024-02-01,97R,"NHS EAST SUSSEX",196,3766.55,0,0
2024-02-01,14Y,"NHS BUCKINGHAMSHIRE",199,3729.38,0,0
2024-02-01,26A,"NHS NORFOLK AND WAVENEY",208,6696.67,0,0
2024-02-01,W2U3Z,"NHS NORTH WEST LONDON",211,4487.05,0,0
2024-02-01,72Q,"NHS SOUTH EAST LONDON",212,4416.34,0,0
2024-02-01,14L,"NHS MANCHESTER",221,3856.66,0,0
2024-02-01,70F,"NHS WEST SUSSEX",221,4510.36,0,0
2024-02-01,27D,"NHS CHESHIRE",233,4194.64,0,0
2024-02-01,52R,"NHS NOTTINGHAM AND NOTTINGHAMSHIRE",238,4899.17,0,0
2024-02-01,00L,"NHS NORTHUMBERLAND",252,4165.46,0,0
2024-02-01,84H,"NHS COUNTY DURHAM",257,4285.4,0,0
2024-02-01,D2P2L,"NHS BLACK COUNTRY",259,5302.85,0,0
2024-02-01,15E,"NHS BIRMINGHAM AND SOLIHULL",261,5010.54,0,0
2024-02-01,36L,"NHS SOUTH WEST LONDON",265,5896.1,0,0
2024-02-01,91Q,"NHS KENT AND MEDWAY",283,5502.16,0,0
2024-02-01,42D,"NHS NORTH YORKSHIRE",284,4807.46,0,0
2024-02-01,03N,"NHS SHEFFIELD",297,4858.58,0,0
2024-02-01,D9Y0V,"NHS HAMPSHIRE, SOUTHAMPTON AND ISLE OF WIGHT",346,8457.24,0,0
2024-02-01,A3A8R,"NHS NORTH EAST LONDON",360,7253.58,0,0
2024-02-01,93C,"NHS NORTH CENTRAL LONDON",443,7662.21,0,0
2024-02-01,16C,"NHS TEES VALLEY",508,8273.95,0,0
2024-02-01,15N,"NHS DEVON",624,10754.91,0,0
2024-02-01,06H,"NHS CAMBRIDGESHIRE AND PETERBOROUGH",681,11494.08,0,0
2024-03-01,09W,"NHS MEDWAY",0,0,0,0
2024-03-01,D4U1Y,"NHS FRIMLEY",0,0,0,0
2024-03-01,01J,"NHS KNOWSLEY",7,93.94,0,0
2024-03-01,07G,"NHS THURROCK",12,323.36,0,0
2024-03-01,02G,"NHS WEST LANCASHIRE",14,314.59,0,0
2024-03-01,99G,"NHS SOUTHEND",14,254.93,0,0
2024-03-01,05D,"NHS EAST STAFFORDSHIRE",17,254.94,0,0
2024-03-01,04Y,"NHS CANNOCK CHASE",18,348.84,0,0
2024-03-01,01F,"NHS HALTON",19,424.95,0,0
2024-03-01,02Q,"NHS BASSETLAW",23,570.58,0,0
2024-03-01,U2G6B,"NHS THAMES VALLEY ICB - U2G6B",25,515.85,0,0
2024-03-01,05V,"NHS STAFFORD AND SURROUNDS",27,809.59,0,0
2024-03-01,07H,"NHS WEST ESSEX",27,652.13,0,0
2024-03-01,10R,"NHS PORTSMOUTH",28,657.37,0,0
2024-03-01,01V,"NHS SOUTHPORT AND FORMBY",29,509.87,0,0
2024-03-01,99F,"NHS CASTLE POINT AND ROCHFORD",29,518.91,0,0
2024-03-01,04C,"NHS LEICESTER CITY",31,576.94,0,0
2024-03-01,05Q,"NHS SOUTH EAST STAFFORDSHIRE AND SEISDON PENINSULA",31,590.34,0,0
2024-03-01,05G,"NHS NORTH STAFFORDSHIRE",32,659.02,0,0
2024-03-01,02P,"NHS BARNSLEY",36,617.21,0,0
2024-03-01,01X,"NHS ST HELENS",37,1083.11,0,0
2024-03-01,05W,"NHS STOKE ON TRENT",37,1034.61,0,0
2024-03-01,00N,"NHS SOUTH TYNESIDE",38,711.11,0,0
2024-03-01,01T,"NHS SOUTH SEFTON",40,590.45,0,0
2024-03-01,12F,"NHS WIRRAL",44,764.82,0,0
2024-03-01,00Q,"NHS BLACKBURN WITH DARWEN",45,724.59,0,0
2024-03-01,00Y,"NHS OLDHAM",45,998.62,0,0
2024-03-01,02T,"NHS CALDERDALE",46,885.52,0,0
2024-03-01,03K,"NHS NORTH LINCOLNSHIRE",46,724.48,0,0
2024-03-01,04V,"NHS WEST LEICESTERSHIRE",46,743.96,0,0
2024-03-01,06Q,"NHS MID ESSEX",46,1280.64,0,0
2024-03-01,03H,"NHS NORTH EAST LINCOLNSHIRE",48,657.63,0,0
2024-03-01,03W,"NHS EAST LEICESTERSHIRE AND RUTLAND",50,818.44,0,0
2024-03-01,06L,"NHS IPSWICH AND EAST SUFFOLK",50,1356.51,0,0
2024-03-01,99E,"NHS BASILDON AND BRENTWOOD",50,1238.64,0,0
2024-03-01,03F,"NHS HULL",52,1036.19,0,0
2024-03-01,09D,"NHS BRIGHTON AND HOVE",55,1258.36,0,0
2024-03-01,06T,"NHS NORTH EAST ESSEX",56,1002.5,0,0
2024-03-01,07K,"NHS WEST SUFFOLK",57,1369.98,0,0
2024-03-01,02E,"NHS WARRINGTON",58,939.28,0,0
2024-03-01,01G,"NHS SALFORD",59,1155.55,0,0
2024-03-01,03Q,"NHS VALE OF YORK",60,1052.54,0,0
2024-03-01,00V,"NHS BURY",61,1039.59,0,0
2024-03-01,01E,"NHS GREATER PRESTON",61,979.54,0,0
2024-03-01,00R,"NHS BLACKPOOL",62,858.92,0,0
2024-03-01,00P,"NHS SUNDERLAND",63,1180.71,0,0
2024-03-01,11X,"NHS SOMERSET",65,1852.68,0,0
2024-03-01,03R,"NHS WAKEFIELD",67,1356.5,0,0
2024-03-01,00X,"NHS CHORLEY AND SOUTH RIBBLE",68,1249.23,0,0
2024-03-01,02X,"NHS DONCASTER",68,1019.89,0,0
2024-03-01,01Y,"NHS TAMESIDE AND GLOSSOP",72,1378.17,0,0
2024-03-01,00T,"NHS BOLTON",74,1441.98,0,0
2024-03-01,02M,"NHS FYLDE AND WYRE",76,1194.24,0,0
2024-03-01,02Y,"NHS EAST RIDING OF YORKSHIRE",76,1302.83,0,0
2024-03-01,03L,"NHS ROTHERHAM",76,1100.42,0,0
2024-03-01,01D,"NHS HEYWOOD, MIDDLETON AND ROCHDALE",78,1274.78,0,0
2024-03-01,99A,"NHS LIVERPOOL",79,1348.15,0,0
2024-03-01,15A,"NHS BERKSHIRE WEST",82,1873.08,0,0
2024-03-01,02A,"NHS TRAFFORD",92,1963.27,0,0
2024-03-01,78H,"NHS NORTHAMPTONSHIRE",95,1532.9,0,0
2024-03-01,10Q,"NHS OXFORDSHIRE",97,1959.85,0,0
2024-03-01,11M,"NHS GLOUCESTERSHIRE",101,3104.33,0,0
2024-03-01,M2L0M,"NHS SHROPSHIRE, TELFORD AND WREKIN",102,1946.5,0,0
2024-03-01,01K,"NHS MORECAMBE BAY",109,1757.78,0,0
2024-03-01,06N,"NHS HERTS VALLEYS",109,2228.59,0,0
2024-03-01,X2C4Y,"NHS KIRKLEES",110,2069.26,0,0
2024-03-01,01A,"NHS EAST LANCASHIRE",115,1826.31,0,0
2024-03-01,01H,"NHS NORTH CUMBRIA",120,1977.2,0,0
2024-03-01,99C,"NHS NORTH TYNESIDE",121,2267.56,0,0
2024-03-01,15F,"NHS LEEDS",125,2363.35,0,0
2024-03-01,15C,"NHS BRISTOL, NORTH SOMERSET AND SOUTH GLOUCESTERSHIRE",129,2527.22,0,0
2024-03-01,11J,"NHS DORSET",131,2894.69,0,0
2024-03-01,92G,"NHS BATH AND NORTH EAST SOMERSET, SWINDON AND WILTSHIRE",131,2458,0,0
2024-03-01,18C,"NHS HEREFORDSHIRE AND WORCESTERSHIRE",143,3023.25,0,0
2024-03-01,11N,"NHS CORNWALL AND THE ISLES OF SCILLY",145,2576.64,0,0
2024-03-01,01W,"NHS STOCKPORT",146,2498.02,0,0
2024-03-01,15M,"NHS DERBY AND DERBYSHIRE",152,2799.7,0,0
2024-03-01,06K,"NHS EAST AND NORTH HERTFORDSHIRE",158,3224.68,0,0
2024-03-01,02H,"NHS WIGAN BOROUGH",160,2752.38,0,0
2024-03-01,92A,"NHS SURREY HEARTLANDS",164,3901.01,0,0
2024-03-01,71E,"NHS LINCOLNSHIRE",173,3086.45,0,0
2024-03-01,M1J4Y,"NHS BEDFORDSHIRE, LUTON AND MILTON KEYNES",175,3721.48,0,0
2024-03-01,72Q,"NHS SOUTH EAST LONDON",183,3960.05,0,0
2024-03-01,13T,"NHS NEWCASTLE GATESHEAD",184,3475.11,0,0
2024-03-01,14L,"NHS MANCHESTER",187,3082.71,0,0
2024-03-01,36J,"NHS BRADFORD DISTRICT AND CRAVEN",188,3457.47,0,0
2024-03-01,14Y,"NHS BUCKINGHAMSHIRE",192,3600.27,0,0
2024-03-01,B2M3M,"NHS COVENTRY AND WARWICKSHIRE",194,3141.27,0,0
2024-03-01,97R,"NHS EAST SUSSEX",206,3828.5,0,0
2024-03-01,70F,"NHS WEST SUSSEX",207,4292.55,0,0
2024-03-01,26A,"NHS NORFOLK AND WAVENEY",210,5366.89,0,0
2024-03-01,W2U3Z,"NHS NORTH WEST LONDON",222,4487.01,0,0
2024-03-01,36L,"NHS SOUTH WEST LONDON",245,5273.64,0,0
2024-03-01,52R,"NHS NOTTINGHAM AND NOTTINGHAMSHIRE",252,4864.17,0,0
2024-03-01,00L,"NHS NORTHUMBERLAND",257,4333.96,0,0
2024-03-01,D2P2L,"NHS BLACK COUNTRY",272,5547.31,0,0
2024-03-01,84H,"NHS COUNTY DURHAM",278,4465.64,0,0
2024-03-01,27D,"NHS CHESHIRE",279,5288.79,0,0
2024-03-01,91Q,"NHS KENT AND MEDWAY",301,6313.55,0,0
2024-03-01,03N,"NHS SHEFFIELD",304,5149.02,0,0
2024-03-01,15E,"NHS BIRMINGHAM AND SOLIHULL",306,6310.39,0,0
2024-03-01,42D,"NHS NORTH YORKSHIRE",306,4997.05,0,0
2024-03-01,D9Y0V,"NHS HAMPSHIRE, SOUTHAMPTON AND ISLE OF WIGHT",318,7140.48,0,0
2024-03-01,A3A8R,"NHS NORTH EAST LONDON",354,6915.93,0,0
2024-03-01,93C,"NHS NORTH CENTRAL LONDON",428,7399.35,0,0
2024-03-01,16C,"NHS TEES VALLEY",468,7829.43,0,0
2024-03-01,15N,"NHS DEVON",620,10816.54,0,0
2024-03-01,06H,"NHS CAMBRIDGESHIRE AND PETERBOROUGH",655,10730.17,0,0
2024-04-01,09W,"NHS MEDWAY",0,0,0,0
2024-04-01,D4U1Y,"NHS FRIMLEY",1,13.55,0,0
2024-04-01,07G,"NHS THURROCK",11,306.59,0,0
2024-04-01,01J,"NHS KNOWSLEY",13,176.15,0,0
2024-04-01,04C,"NHS LEICESTER CITY",20,338.7,0,0
2024-04-01,05D,"NHS EAST STAFFORDSHIRE",20,308.98,0,0
2024-04-01,05V,"NHS STAFFORD AND SURROUNDS",20,440.2,0,0
2024-04-01,01F,"NHS HALTON",21,406.73,0,0
2024-04-01,02G,"NHS WEST LANCASHIRE",23,636.61,0,0
2024-04-01,10R,"NHS PORTSMOUTH",24,541.82,0,0
2024-04-01,99G,"NHS SOUTHEND",25,483.39,0,0
2024-04-01,02P,"NHS BARNSLEY",26,447.08,0,0
2024-04-01,07H,"NHS WEST ESSEX",26,817.53,0,0
2024-04-01,99F,"NHS CASTLE POINT AND ROCHFORD",29,609.56,0,0
2024-04-01,01V,"NHS SOUTHPORT AND FORMBY",30,474.2,0,0
2024-04-01,04Y,"NHS CANNOCK CHASE",30,699.43,0,0
2024-04-01,00N,"NHS SOUTH TYNESIDE",31,609.6,0,0
2024-04-01,02Q,"NHS BASSETLAW",33,987.13,0,0
2024-04-01,03W,"NHS EAST LEICESTERSHIRE AND RUTLAND",33,819.64,0,0
2024-04-01,05Q,"NHS SOUTH EAST STAFFORDSHIRE AND SEISDON PENINSULA",34,703.86,0,0
2024-04-01,02T,"NHS CALDERDALE",36,690.89,0,0
2024-04-01,00Q,"NHS BLACKBURN WITH DARWEN",37,541.97,0,0
2024-04-01,05W,"NHS STOKE ON TRENT",37,1286.34,0,0
2024-04-01,01T,"NHS SOUTH SEFTON",39,582.61,0,0
2024-04-01,03K,"NHS NORTH LINCOLNSHIRE",41,610.9,0,0
2024-04-01,05G,"NHS NORTH STAFFORDSHIRE",41,802.44,0,0
2024-04-01,01X,"NHS ST HELENS",43,677.43,0,0
2024-04-01,06L,"NHS IPSWICH AND EAST SUFFOLK",43,1128.64,0,0
2024-04-01,04V,"NHS WEST LEICESTERSHIRE",44,729.28,0,0
2024-04-01,12F,"NHS WIRRAL",45,812.84,0,0
2024-04-01,03F,"NHS HULL",46,859.5,0,0
2024-04-01,U2G6B,"NHS THAMES VALLEY ICB - U2G6B",50,1107.11,0,0
2024-04-01,99E,"NHS BASILDON AND BRENTWOOD",53,1307.3,0,0
2024-04-01,00Y,"NHS OLDHAM",54,1449.9,0,0
2024-04-01,00P,"NHS SUNDERLAND",55,1016.03,0,0
2024-04-01,06T,"NHS NORTH EAST ESSEX",56,864.8,0,0
2024-04-01,06Q,"NHS MID ESSEX",57,1237.96,0,0
2024-04-01,01G,"NHS SALFORD",58,1287.46,0,0
2024-04-01,03Q,"NHS VALE OF YORK",58,1000.33,0,0
2024-04-01,03H,"NHS NORTH EAST LINCOLNSHIRE",60,839.2,0,0
2024-04-01,11X,"NHS SOMERSET",61,1552.29,0,0
2024-04-01,00V,"NHS BURY",63,1057.97,0,0
2024-04-01,02E,"NHS WARRINGTON",63,1069.4,0,0
2024-04-01,00R,"NHS BLACKPOOL",64,934.9,0,0
2024-04-01,01E,"NHS GREATER PRESTON",65,1162.41,0,0
2024-04-01,00T,"NHS BOLTON",68,1316.49,0,0
2024-04-01,01Y,"NHS TAMESIDE AND GLOSSOP",68,1196.8,0,0
2024-04-01,03R,"NHS WAKEFIELD",68,1389.45,0,0
2024-04-01,09D,"NHS BRIGHTON AND HOVE",68,1397.73,0,0
2024-04-01,01D,"NHS HEYWOOD, MIDDLETON AND ROCHDALE",69,1110.96,0,0
2024-04-01,02M,"NHS FYLDE AND WYRE",71,1065.96,0,0
2024-04-01,02Y,"NHS EAST RIDING OF YORKSHIRE",73,1412.83,0,0
2024-04-01,03L,"NHS ROTHERHAM",73,1077.77,0,0
2024-04-01,07K,"NHS WEST SUFFOLK",73,1660.23,0,0
2024-04-01,78H,"NHS NORTHAMPTONSHIRE",78,1282.61,0,0
2024-04-01,00X,"NHS CHORLEY AND SOUTH RIBBLE",79,1431.09,0,0
2024-04-01,99A,"NHS LIVERPOOL",83,1260.05,0,0
2024-04-01,02X,"NHS DONCASTER",87,1326.9,0,0
2024-04-01,02A,"NHS TRAFFORD",90,1995.84,0,0
2024-04-01,15A,"NHS BERKSHIRE WEST",94,2068.18,0,0
2024-04-01,M2L0M,"NHS SHROPSHIRE, TELFORD AND WREKIN",96,2059.06,0,0
2024-04-01,01K,"NHS MORECAMBE BAY",106,1773.34,0,0
2024-04-01,10Q,"NHS OXFORDSHIRE",108,2077.6,0,0
2024-04-01,11M,"NHS GLOUCESTERSHIRE",113,3173.58,0,0
2024-04-01,01H,"NHS NORTH CUMBRIA",115,1964.18,0,0
2024-04-01,X2C4Y,"NHS KIRKLEES",117,2341.38,0,0
2024-04-01,92G,"NHS BATH AND NORTH EAST SOMERSET, SWINDON AND WILTSHIRE",118,2101.73,0,0
2024-04-01,01A,"NHS EAST LANCASHIRE",119,1812.32,0,0
2024-04-01,06N,"NHS HERTS VALLEYS",131,2847.17,0,0
2024-04-01,99C,"NHS NORTH TYNESIDE",131,2492.6,0,0
2024-04-01,02H,"NHS WIGAN BOROUGH",133,2045.86,0,0
2024-04-01,15F,"NHS LEEDS",133,2907.83,0,0
2024-04-01,06K,"NHS EAST AND NORTH HERTFORDSHIRE",137,3246.36,0,0
2024-04-01,11J,"NHS DORSET",140,2829.8,0,0
2024-04-01,15C,"NHS BRISTOL, NORTH SOMERSET AND SOUTH GLOUCESTERSHIRE",144,3147.39,0,0
2024-04-01,18C,"NHS HEREFORDSHIRE AND WORCESTERSHIRE",146,2872.5,0,0
2024-04-01,01W,"NHS STOCKPORT",147,2420.18,0,0
2024-04-01,15M,"NHS DERBY AND DERBYSHIRE",155,3031.62,0,0
2024-04-01,11N,"NHS CORNWALL AND THE ISLES OF SCILLY",164,3019.86,0,0
2024-04-01,14Y,"NHS BUCKINGHAMSHIRE",165,3253.78,0,0
2024-04-01,36J,"NHS BRADFORD DISTRICT AND CRAVEN",167,3572.25,0,0
2024-04-01,M1J4Y,"NHS BEDFORDSHIRE, LUTON AND MILTON KEYNES",178,3872.24,0,0
2024-04-01,71E,"NHS LINCOLNSHIRE",179,3216.2,0,0
2024-04-01,92A,"NHS SURREY HEARTLANDS",195,4504.81,0,0
2024-04-01,B2M3M,"NHS COVENTRY AND WARWICKSHIRE",199,3417.25,0,0
2024-04-01,97R,"NHS EAST SUSSEX",203,4587.62,0,0
2024-04-01,13T,"NHS NEWCASTLE GATESHEAD",204,3698.37,0,0
2024-04-01,14L,"NHS MANCHESTER",204,3577.98,0,0
2024-04-01,72Q,"NHS SOUTH EAST LONDON",206,4534.14,0,0
2024-04-01,70F,"NHS WEST SUSSEX",224,4788.71,0,0
2024-04-01,W2U3Z,"NHS NORTH WEST LONDON",228,4989.88,0,0
2024-04-01,26A,"NHS NORFOLK AND WAVENEY",241,6949.76,0,0
2024-04-01,36L,"NHS SOUTH WEST LONDON",241,4739.25,0,0
2024-04-01,00L,"NHS NORTHUMBERLAND",252,4239.41,0,0
2024-04-01,84H,"NHS COUNTY DURHAM",254,4241.36,0,0
2024-04-01,52R,"NHS NOTTINGHAM AND NOTTINGHAMSHIRE",264,5549.69,0,0
2024-04-01,D2P2L,"NHS BLACK COUNTRY",265,5269.58,0,0
2024-04-01,27D,"NHS CHESHIRE",267,4501.67,0,0
2024-04-01,15E,"NHS BIRMINGHAM AND SOLIHULL",289,6110.62,0,0
2024-04-01,91Q,"NHS KENT AND MEDWAY",290,5781.56,0,0
2024-04-01,42D,"NHS NORTH YORKSHIRE",305,5069.75,0,0
2024-04-01,03N,"NHS SHEFFIELD",314,5525.28,0,0
2024-04-01,D9Y0V,"NHS HAMPSHIRE, SOUTHAMPTON AND ISLE OF WIGHT",352,8531.47,0,0
2024-04-01,A3A8R,"NHS NORTH EAST LONDON",353,7231.62,0,0
2024-04-01,93C,"NHS NORTH CENTRAL LONDON",476,8335.41,0,0
2024-04-01,16C,"NHS TEES VALLEY",498,8163.26,0,0
2024-04-01,15N,"NHS DEVON",606,10706.78,0,0
2024-04-01,06H,"NHS CAMBRIDGESHIRE AND PETERBOROUGH",679,12058,0,0
2024-05-01,09W,"NHS MEDWAY",0,0,0,0
2024-05-01,D4U1Y,"NHS FRIMLEY",0,0,0,0
2024-05-01,01J,"NHS KNOWSLEY",11,149.05,0,0
2024-05-01,07G,"NHS THURROCK",15,414.95,0,0
2024-05-01,99G,"NHS SOUTHEND",19,415.63,0,0
2024-05-01,01F,"NHS HALTON",20,501.82,0,0
2024-05-01,05D,"NHS EAST STAFFORDSHIRE",21,374.36,0,0
2024-05-01,05V,"NHS STAFFORD AND SURROUNDS",22,655.43,0,0
2024-05-01,02G,"NHS WEST LANCASHIRE",23,483.36,0,0
2024-05-01,07H,"NHS WEST ESSEX",23,554.31,0,0
2024-05-01,04Y,"NHS CANNOCK CHASE",24,433.52,0,0
2024-05-01,02Q,"NHS BASSETLAW",25,613.75,0,0
2024-05-01,05W,"NHS STOKE ON TRENT",28,905.24,0,0
2024-05-01,99F,"NHS CASTLE POINT AND ROCHFORD",29,501.26,0,0
2024-05-01,01V,"NHS SOUTHPORT AND FORMBY",30,447.12,0,0
2024-05-01,04C,"NHS LEICESTER CITY",31,712.98,0,0
2024-05-01,05Q,"NHS SOUTH EAST STAFFORDSHIRE AND SEISDON PENINSULA",32,541.03,0,0
2024-05-01,01X,"NHS ST HELENS",34,537.64,0,0
2024-05-01,10R,"NHS PORTSMOUTH",34,704.39,0,0
2024-05-01,00Q,"NHS BLACKBURN WITH DARWEN",36,582.58,0,0
2024-05-01,01T,"NHS SOUTH SEFTON",36,555.5,0,0
2024-05-01,04V,"NHS WEST LEICESTERSHIRE",39,1258.64,0,0
2024-05-01,U2G6B,"NHS THAMES VALLEY ICB - U2G6B",39,842.59,0,0
2024-05-01,00N,"NHS SOUTH TYNESIDE",40,772.16,0,0
2024-05-01,05G,"NHS NORTH STAFFORDSHIRE",40,913.03,0,0
2024-05-01,02T,"NHS CALDERDALE",41,826.33,0,0
2024-05-01,02P,"NHS BARNSLEY",43,730.7,0,0
2024-05-01,00Y,"NHS OLDHAM",45,1409.51,0,0
2024-05-01,12F,"NHS WIRRAL",45,1108.22,0,0
2024-05-01,03H,"NHS NORTH EAST LINCOLNSHIRE",46,649.5,0,0
2024-05-01,03W,"NHS EAST LEICESTERSHIRE AND RUTLAND",46,863.34,0,0
2024-05-01,06L,"NHS IPSWICH AND EAST SUFFOLK",48,1285.33,0,0
2024-05-01,00V,"NHS BURY",49,999.95,0,0
2024-05-01,03F,"NHS HULL",49,1167.12,0,0
2024-05-01,99E,"NHS BASILDON AND BRENTWOOD",50,1353.36,0,0
2024-05-01,06Q,"NHS MID ESSEX",51,1288.06,0,0
2024-05-01,02E,"NHS WARRINGTON",56,893.31,0,0
2024-05-01,03R,"NHS WAKEFIELD",57,1132.97,0,0
2024-05-01,06T,"NHS NORTH EAST ESSEX",59,1022.02,0,0
2024-05-01,00R,"NHS BLACKPOOL",63,894.27,0,0
2024-05-01,07K,"NHS WEST SUFFOLK",63,1435.59,0,0
2024-05-01,03K,"NHS NORTH LINCOLNSHIRE",65,991.47,0,0
2024-05-01,11X,"NHS SOMERSET",68,1605.44,0,0
2024-05-01,00P,"NHS SUNDERLAND",69,1259.87,0,0
2024-05-01,09D,"NHS BRIGHTON AND HOVE",70,1472.89,0,0
2024-05-01,99A,"NHS LIVERPOOL",71,1289.45,0,0
2024-05-01,02M,"NHS FYLDE AND WYRE",72,1108.34,0,0
2024-05-01,02Y,"NHS EAST RIDING OF YORKSHIRE",72,1107.03,0,0
2024-05-01,01G,"NHS SALFORD",73,1522.8,0,0
2024-05-01,01Y,"NHS TAMESIDE AND GLOSSOP",74,1489.23,0,0
2024-05-01,00T,"NHS BOLTON",76,1314.11,0,0
2024-05-01,01E,"NHS GREATER PRESTON",76,1256.43,0,0
2024-05-01,03L,"NHS ROTHERHAM",76,1196.36,0,0
2024-05-01,03Q,"NHS VALE OF YORK",77,1358.6,0,0
2024-05-01,78H,"NHS NORTHAMPTONSHIRE",77,1427.73,0,0
2024-05-01,01D,"NHS HEYWOOD, MIDDLETON AND ROCHDALE",79,1437.12,0,0
2024-05-01,02X,"NHS DONCASTER",84,1299.78,0,0
2024-05-01,00X,"NHS CHORLEY AND SOUTH RIBBLE",85,1552.08,0,0
2024-05-01,11M,"NHS GLOUCESTERSHIRE",95,2619.83,0,0
2024-05-01,M2L0M,"NHS SHROPSHIRE, TELFORD AND WREKIN",98,2178.98,0,0
2024-05-01,10Q,"NHS OXFORDSHIRE",103,2249.36,0,0
2024-05-01,01K,"NHS MORECAMBE BAY",107,1753.31,0,0
2024-05-01,15A,"NHS BERKSHIRE WEST",111,2074.32,0,0
2024-05-01,01A,"NHS EAST LANCASHIRE",112,1773.76,0,0
2024-05-01,02A,"NHS TRAFFORD",115,2369.69,0,0
2024-05-01,06N,"NHS HERTS VALLEYS",118,2544.28,0,0
2024-05-01,01H,"NHS NORTH CUMBRIA",120,1874.74,0,0
2024-05-01,11N,"NHS CORNWALL AND THE ISLES OF SCILLY",126,2103.02,0,0
2024-05-01,X2C4Y,"NHS KIRKLEES",130,2641.89,0,0
2024-05-01,06K,"NHS EAST AND NORTH HERTFORDSHIRE",133,2849.76,0,0
2024-05-01,99C,"NHS NORTH TYNESIDE",133,2600.91,0,0
2024-05-01,15C,"NHS BRISTOL, NORTH SOMERSET AND SOUTH GLOUCESTERSHIRE",142,2667.2,0,0
2024-05-01,92G,"NHS BATH AND NORTH EAST SOMERSET, SWINDON AND WILTSHIRE",142,2859.55,0,0
2024-05-01,15M,"NHS DERBY AND DERBYSHIRE",148,2690.07,0,0
2024-05-01,18C,"NHS HEREFORDSHIRE AND WORCESTERSHIRE",156,3320.79,0,0
2024-05-01,15F,"NHS LEEDS",160,3131.27,0,0
2024-05-01,02H,"NHS WIGAN BOROUGH",162,2827.46,0,0
2024-05-01,11J,"NHS DORSET",168,3488.87,0,0
2024-05-01,92A,"NHS SURREY HEARTLANDS",169,3685.68,0,0
2024-05-01,01W,"NHS STOCKPORT",170,3164.04,0,0
2024-05-01,B2M3M,"NHS COVENTRY AND WARWICKSHIRE",170,2797.32,0,0
2024-05-01,71E,"NHS LINCOLNSHIRE",178,3271.51,0,0
2024-05-01,72Q,"NHS SOUTH EAST LONDON",181,4088.91,0,0
2024-05-01,13T,"NHS NEWCASTLE GATESHEAD",184,3549.23,0,0
2024-05-01,36J,"NHS BRADFORD DISTRICT AND CRAVEN",188,3365.88,0,0
2024-05-01,M1J4Y,"NHS BEDFORDSHIRE, LUTON AND MILTON KEYNES",197,3809.25,0,0
2024-05-01,W2U3Z,"NHS NORTH WEST LONDON",200,4081.15,0,0
2024-05-01,14L,"NHS MANCHESTER",201,3252.81,0,0
2024-05-01,26A,"NHS NORFOLK AND WAVENEY",205,6136.06,0,0
2024-05-01,14Y,"NHS BUCKINGHAMSHIRE",208,3734.17,0,0
2024-05-01,97R,"NHS EAST SUSSEX",209,3867.84,0,0
2024-05-01,70F,"NHS WEST SUSSEX",229,4879.64,0,0
2024-05-01,52R,"NHS NOTTINGHAM AND NOTTINGHAMSHIRE",253,4846.04,0,0
2024-05-01,00L,"NHS NORTHUMBERLAND",260,4247.7,0,0
2024-05-01,36L,"NHS SOUTH WEST LONDON",260,5611.59,0,0
2024-05-01,27D,"NHS CHESHIRE",265,4649.2,0,0
2024-05-01,D2P2L,"NHS BLACK COUNTRY",268,5513.64,0,0
2024-05-01,84H,"NHS COUNTY DURHAM",288,4638.08,0,0
2024-05-01,91Q,"NHS KENT AND MEDWAY",294,6311.58,0,0
2024-05-01,D9Y0V,"NHS HAMPSHIRE, SOUTHAMPTON AND ISLE OF WIGHT",301,7578.84,0,0
2024-05-01,42D,"NHS NORTH YORKSHIRE",304,4762.14,0,0
2024-05-01,03N,"NHS SHEFFIELD",309,4904.95,0,0
2024-05-01,15E,"NHS BIRMINGHAM AND SOLIHULL",311,6310.68,0,0
2024-05-01,A3A8R,"NHS NORTH EAST LONDON",347,6912.01,0,0
2024-05-01,93C,"NHS NORTH CENTRAL LONDON",485,8594.46,0,0
2024-05-01,16C,"NHS TEES VALLEY",524,8310.7,0,0
2024-05-01,15N,"NHS DEVON",628,11296.54,0,0
2024-05-01,06H,"NHS CAMBRIDGESHIRE AND PETERBOROUGH",684,12330.17,0,0
2024-06-01,09W,"NHS MEDWAY",0,0,0,0
2024-06-01,D4U1Y,"NHS FRIMLEY",0,0,0,0
2024-06-01,01J,"NHS KNOWSLEY",8,108.4,0,0
2024-06-01,07G,"NHS THURROCK",14,554.64,0,0
2024-06-01,01F,"NHS HALTON",17,379.61,0,0
2024-06-01,05V,"NHS STAFFORD AND SURROUNDS",17,403.19,0,0
2024-06-01,05D,"NHS EAST STAFFORDSHIRE",18,280.12,0,0
2024-06-01,02G,"NHS WEST LANCASHIRE",19,375.01,0,0
2024-06-01,04Y,"NHS CANNOCK CHASE",21,392.86,0,0
2024-06-01,05Q,"NHS SOUTH EAST STAFFORDSHIRE AND SEISDON PENINSULA",21,337.83,0,0
2024-06-01,99G,"NHS SOUTHEND",22,406.42,0,0
2024-06-01,99F,"NHS CASTLE POINT AND ROCHFORD",27,508.63,0,0
2024-06-01,10R,"NHS PORTSMOUTH",28,636.63,0,0
2024-06-01,00N,"NHS SOUTH TYNESIDE",29,596.04,0,0
2024-06-01,04C,"NHS LEICESTER CITY",30,645.27,0,0
2024-06-01,07H,"NHS WEST ESSEX",30,629.1,0,0
2024-06-01,02Q,"NHS BASSETLAW",31,707.71,0,0
2024-06-01,99E,"NHS BASILDON AND BRENTWOOD",32,923.02,0,0
2024-06-01,02P,"NHS BARNSLEY",33,541.05,0,0
2024-06-01,00Q,"NHS BLACKBURN WITH DARWEN",34,514.86,0,0
2024-06-01,01T,"NHS SOUTH SEFTON",34,541.94,0,0
2024-06-01,01V,"NHS SOUTHPORT AND FORMBY",35,555.49,0,0
2024-06-01,03K,"NHS NORTH LINCOLNSHIRE",36,561.13,0,0
2024-06-01,03W,"NHS EAST LEICESTERSHIRE AND RUTLAND",36,649.28,0,0
2024-06-01,05G,"NHS NORTH STAFFORDSHIRE",36,622.75,0,0
2024-06-01,01X,"NHS ST HELENS",37,834.59,0,0
2024-06-01,05W,"NHS STOKE ON TRENT",37,1505.39,0,0
2024-06-01,12F,"NHS WIRRAL",39,718,0,0
2024-06-01,04V,"NHS WEST LEICESTERSHIRE",40,832.27,0,0
2024-06-01,03H,"NHS NORTH EAST LINCOLNSHIRE",42,698.68,0,0
2024-06-01,02T,"NHS CALDERDALE",45,826.37,0,0
2024-06-01,06L,"NHS IPSWICH AND EAST SUFFOLK",45,1278.28,0,0
2024-06-01,U2G6B,"NHS THAMES VALLEY ICB - U2G6B",47,1058.12,0,0
2024-06-01,00P,"NHS SUNDERLAND",51,934.74,0,0
2024-06-01,02E,"NHS WARRINGTON",53,937.63,0,0
2024-06-01,00V,"NHS BURY",54,1093.55,0,0
2024-06-01,03F,"NHS HULL",54,1071.29,0,0
2024-06-01,11X,"NHS SOMERSET",54,1606.23,0,0
2024-06-01,01E,"NHS GREATER PRESTON",56,946.58,0,0
2024-06-01,06T,"NHS NORTH EAST ESSEX",57,921.72,0,0
2024-06-01,06Q,"NHS MID ESSEX",58,1325.8,0,0
2024-06-01,00Y,"NHS OLDHAM",59,1300.99,0,0
2024-06-01,02M,"NHS FYLDE AND WYRE",59,1022.82,0,0
2024-06-01,09D,"NHS BRIGHTON AND HOVE",59,1151.48,0,0
2024-06-01,00T,"NHS BOLTON",60,961.94,0,0
2024-06-01,00R,"NHS BLACKPOOL",62,867.18,0,0
2024-06-01,03R,"NHS WAKEFIELD",63,1334.35,0,0
2024-06-01,07K,"NHS WEST SUFFOLK",63,1389.66,0,0
2024-06-01,01Y,"NHS TAMESIDE AND GLOSSOP",64,1294.94,0,0
2024-06-01,01D,"NHS HEYWOOD, MIDDLETON AND ROCHDALE",65,1083.84,0,0
2024-06-01,03Q,"NHS VALE OF YORK",68,1172.04,0,0
2024-06-01,00X,"NHS CHORLEY AND SOUTH RIBBLE",72,1172.54,0,0
2024-06-01,99A,"NHS LIVERPOOL",72,1151.62,0,0
2024-06-01,01G,"NHS SALFORD",76,2137.65,0,0
2024-06-01,02X,"NHS DONCASTER",76,1204.93,0,0
2024-06-01,03L,"NHS ROTHERHAM",79,1277.63,0,0
2024-06-01,78H,"NHS NORTHAMPTONSHIRE",82,1585.76,0,0
2024-06-01,02Y,"NHS EAST RIDING OF YORKSHIRE",83,1404.13,0,0
2024-06-01,15A,"NHS BERKSHIRE WEST",84,2355.99,0,0
2024-06-01,M2L0M,"NHS SHROPSHIRE, TELFORD AND WREKIN",92,2073.59,0,0
2024-06-01,01K,"NHS MORECAMBE BAY",94,1605.14,0,0
2024-06-01,02A,"NHS TRAFFORD",99,2036.58,0,0
2024-06-01,11M,"NHS GLOUCESTERSHIRE",100,1947.59,0,0
2024-06-01,X2C4Y,"NHS KIRKLEES",101,1959.98,0,0
2024-06-01,01A,"NHS EAST LANCASHIRE",106,1774.6,0,0
2024-06-01,01H,"NHS NORTH CUMBRIA",108,1837.57,0,0
2024-06-01,10Q,"NHS OXFORDSHIRE",110,2399.76,0,0
2024-06-01,15C,"NHS BRISTOL, NORTH SOMERSET AND SOUTH GLOUCESTERSHIRE",114,2635.76,0,0
2024-06-01,01W,"NHS STOCKPORT",118,1869.69,0,0
2024-06-01,06N,"NHS HERTS VALLEYS",119,2677.44,0,0
2024-06-01,92G,"NHS BATH AND NORTH EAST SOMERSET, SWINDON AND WILTSHIRE",131,2287.57,0,0
2024-06-01,06K,"NHS EAST AND NORTH HERTFORDSHIRE",132,3115.37,0,0
2024-06-01,99C,"NHS NORTH TYNESIDE",132,2506.15,0,0
2024-06-01,02H,"NHS WIGAN BOROUGH",134,2140.64,0,0
2024-06-01,15F,"NHS LEEDS",136,2413.11,0,0
2024-06-01,36J,"NHS BRADFORD DISTRICT AND CRAVEN",152,3553.84,0,0
2024-06-01,71E,"NHS LINCOLNSHIRE",152,2913.99,0,0
2024-06-01,15M,"NHS DERBY AND DERBYSHIRE",153,2955.1,0,0
2024-06-01,18C,"NHS HEREFORDSHIRE AND WORCESTERSHIRE",156,2952.32,0,0
2024-06-01,11J,"NHS DORSET",167,3247.81,0,0
2024-06-01,11N,"NHS CORNWALL AND THE ISLES OF SCILLY",168,3730.87,0,0
2024-06-01,M1J4Y,"NHS BEDFORDSHIRE, LUTON AND MILTON KEYNES",179,3860.55,0,0
2024-06-01,13T,"NHS NEWCASTLE GATESHEAD",180,3224.25,0,0
2024-06-01,92A,"NHS SURREY HEARTLANDS",183,3905.3,0,0
2024-06-01,14Y,"NHS BUCKINGHAMSHIRE",184,3412.89,0,0
2024-06-01,B2M3M,"NHS COVENTRY AND WARWICKSHIRE",197,3096.3,0,0
2024-06-01,72Q,"NHS SOUTH EAST LONDON",198,4273.7,0,0
2024-06-01,14L,"NHS MANCHESTER",200,3725.34,0,0
2024-06-01,97R,"NHS EAST SUSSEX",206,3983.09,0,0
2024-06-01,26A,"NHS NORFOLK AND WAVENEY",208,6078.86,0,0
2024-06-01,70F,"NHS WEST SUSSEX",214,5229.02,0,0
2024-06-01,W2U3Z,"NHS NORTH WEST LONDON",228,4596.04,0,0
2024-06-01,00L,"NHS NORTHUMBERLAND",245,4013.58,0,0
2024-06-01,36L,"NHS SOUTH WEST LONDON",249,5438.05,0,0
2024-06-01,27D,"NHS CHESHIRE",254,4339.77,0,0
2024-06-01,D2P2L,"NHS BLACK COUNTRY",261,5189.86,0,0
2024-06-01,52R,"NHS NOTTINGHAM AND NOTTINGHAMSHIRE",263,5501.67,0,0
2024-06-01,15E,"NHS BIRMINGHAM AND SOLIHULL",272,5328.1,0,0
2024-06-01,42D,"NHS NORTH YORKSHIRE",278,4718.74,0,0
2024-06-01,91Q,"NHS KENT AND MEDWAY",287,5494.94,0,0
2024-06-01,03N,"NHS SHEFFIELD",293,5448,0,0
2024-06-01,84H,"NHS COUNTY DURHAM",297,4881.28,0,0
2024-06-01,A3A8R,"NHS NORTH EAST LONDON",308,5835.95,0,0
2024-06-01,D9Y0V,"NHS HAMPSHIRE, SOUTHAMPTON AND ISLE OF WIGHT",312,7707.14,0,0
2024-06-01,93C,"NHS NORTH CENTRAL LONDON",460,8308.17,0,0
2024-06-01,16C,"NHS TEES VALLEY",493,8431.26,0,0
2024-06-01,15N,"NHS DEVON",590,11228.68,0,0
2024-06-01,06H,"NHS CAMBRIDGESHIRE AND PETERBOROUGH",651,11293.52,0,0
2024-07-01,09W,"NHS MEDWAY",0,0,0,0
2024-07-01,D4U1Y,"NHS FRIMLEY",0,0,0,0
2024-07-01,01J,"NHS KNOWSLEY",7,94.85,0,0
2024-07-01,05D,"NHS EAST STAFFORDSHIRE",16,241.24,0,0
2024-07-01,01F,"NHS HALTON",17,420.23,0,0
2024-07-01,07G,"NHS THURROCK",17,519.32,0,0
2024-07-01,02G,"NHS WEST LANCASHIRE",18,491.92,0,0
2024-07-01,99G,"NHS SOUTHEND",18,365.76,0,0
2024-07-01,05V,"NHS STAFFORD AND SURROUNDS",21,736.86,0,0
2024-07-01,04Y,"NHS CANNOCK CHASE",22,406.42,0,0
2024-07-01,05Q,"NHS SOUTH EAST STAFFORDSHIRE AND SEISDON PENINSULA",26,487.69,0,0
2024-07-01,01V,"NHS SOUTHPORT AND FORMBY",27,507.29,0,0
2024-07-01,07H,"NHS WEST ESSEX",27,772.19,0,0
2024-07-01,10R,"NHS PORTSMOUTH",27,609.55,0,0
2024-07-01,00N,"NHS SOUTH TYNESIDE",30,596.04,0,0
2024-07-01,99F,"NHS CASTLE POINT AND ROCHFORD",31,650.21,0,0
2024-07-01,02Q,"NHS BASSETLAW",32,706.84,0,0
2024-07-01,04C,"NHS LEICESTER CITY",34,740.09,0,0
2024-07-01,01T,"NHS SOUTH SEFTON",35,569.03,0,0
2024-07-01,02P,"NHS BARNSLEY",35,595.22,0,0
2024-07-01,05G,"NHS NORTH STAFFORDSHIRE",36,622.31,0,0
2024-07-01,05W,"NHS STOKE ON TRENT",36,1101.38,0,0
2024-07-01,00Q,"NHS BLACKBURN WITH DARWEN",37,596.13,0,0
2024-07-01,01X,"NHS ST HELENS",38,969.68,0,0
2024-07-01,03W,"NHS EAST LEICESTERSHIRE AND RUTLAND",41,695.65,0,0
2024-07-01,00Y,"NHS OLDHAM",42,949,0,0
2024-07-01,99E,"NHS BASILDON AND BRENTWOOD",42,1153.62,0,0
2024-07-01,04V,"NHS WEST LEICESTERSHIRE",44,815.25,0,0
2024-07-01,03F,"NHS HULL",45,832.42,0,0
2024-07-01,00R,"NHS BLACKPOOL",47,663.93,0,0
2024-07-01,02T,"NHS CALDERDALE",47,880.56,0,0
2024-07-01,12F,"NHS WIRRAL",47,880.55,0,0
2024-07-01,U2G6B,"NHS THAMES VALLEY ICB - U2G6B",47,1034.97,0,0
2024-07-01,02E,"NHS WARRINGTON",48,879.68,0,0
2024-07-01,06L,"NHS IPSWICH AND EAST SUFFOLK",48,1158.16,0,0
2024-07-01,03K,"NHS NORTH LINCOLNSHIRE",49,726.65,0,0
2024-07-01,06Q,"NHS MID ESSEX",49,1447,0,0
2024-07-01,00P,"NHS SUNDERLAND",51,1015.98,0,0
2024-07-01,00V,"NHS BURY",53,868.31,0,0
2024-07-01,03H,"NHS NORTH EAST LINCOLNSHIRE",53,744.35,0,0
2024-07-01,06T,"NHS NORTH EAST ESSEX",54,986.08,0,0
2024-07-01,01E,"NHS GREATER PRESTON",56,920.39,0,0
2024-07-01,11X,"NHS SOMERSET",57,1124.77,0,0
2024-07-01,03R,"NHS WAKEFIELD",58,1200.68,0,0
2024-07-01,00T,"NHS BOLTON",59,1181,0,0
2024-07-01,07K,"NHS WEST SUFFOLK",66,1481.99,0,0
2024-07-01,03Q,"NHS VALE OF YORK",69,1174.25,0,0
2024-07-01,01G,"NHS SALFORD",72,1749.25,0,0
2024-07-01,09D,"NHS BRIGHTON AND HOVE",72,1705.2,0,0
2024-07-01,99A,"NHS LIVERPOOL",78,1465.54,0,0
2024-07-01,01Y,"NHS TAMESIDE AND GLOSSOP",79,1570.52,0,0
2024-07-01,02M,"NHS FYLDE AND WYRE",79,1203.19,0,0
2024-07-01,01D,"NHS HEYWOOD, MIDDLETON AND ROCHDALE",80,1386.26,0,0
2024-07-01,00X,"NHS CHORLEY AND SOUTH RIBBLE",85,1327.77,0,0
2024-07-01,78H,"NHS NORTHAMPTONSHIRE",85,1552.43,0,0
2024-07-01,03L,"NHS ROTHERHAM",86,1351.56,0,0
2024-07-01,02X,"NHS DONCASTER",87,1380.16,0,0
2024-07-01,02Y,"NHS EAST RIDING OF YORKSHIRE",89,1611.57,0,0
2024-07-01,15A,"NHS BERKSHIRE WEST",91,2082.55,0,0
2024-07-01,02A,"NHS TRAFFORD",94,2364.5,0,0
2024-07-01,11M,"NHS GLOUCESTERSHIRE",105,2109.51,0,0
2024-07-01,M2L0M,"NHS SHROPSHIRE, TELFORD AND WREKIN",105,2745.13,0,0
2024-07-01,10Q,"NHS OXFORDSHIRE",110,2066.09,0,0
2024-07-01,01A,"NHS EAST LANCASHIRE",113,1603.56,0,0
2024-07-01,99C,"NHS NORTH TYNESIDE",113,2331.17,0,0
2024-07-01,06N,"NHS HERTS VALLEYS",115,2331.19,0,0
2024-07-01,01H,"NHS NORTH CUMBRIA",117,2036.29,0,0
2024-07-01,01K,"NHS MORECAMBE BAY",119,1976.57,0,0
2024-07-01,X2C4Y,"NHS KIRKLEES",123,2400.64,0,0
2024-07-01,06K,"NHS EAST AND NORTH HERTFORDSHIRE",134,2934.76,0,0
2024-07-01,11N,"NHS CORNWALL AND THE ISLES OF SCILLY",134,2324.34,0,0
2024-07-01,18C,"NHS HEREFORDSHIRE AND WORCESTERSHIRE",137,2733.62,0,0
2024-07-01,15F,"NHS LEEDS",139,2783.89,0,0
2024-07-01,92G,"NHS BATH AND NORTH EAST SOMERSET, SWINDON AND WILTSHIRE",139,2966.7,0,0
2024-07-01,02H,"NHS WIGAN BOROUGH",144,2814.38,0,0
2024-07-01,15C,"NHS BRISTOL, NORTH SOMERSET AND SOUTH GLOUCESTERSHIRE",144,2880.56,0,0
2024-07-01,11J,"NHS DORSET",154,3083.25,0,0
2024-07-01,01W,"NHS STOCKPORT",157,2987.89,0,0
2024-07-01,15M,"NHS DERBY AND DERBYSHIRE",165,3086.39,0,0
2024-07-01,71E,"NHS LINCOLNSHIRE",180,3157.48,0,0
2024-07-01,36J,"NHS BRADFORD DISTRICT AND CRAVEN",183,3870.28,0,0
2024-07-01,72Q,"NHS SOUTH EAST LONDON",187,4025.93,0,0
2024-07-01,M1J4Y,"NHS BEDFORDSHIRE, LUTON AND MILTON KEYNES",188,4405.23,0,0
2024-07-01,14Y,"NHS BUCKINGHAMSHIRE",199,3730.03,0,0
2024-07-01,92A,"NHS SURREY HEARTLANDS",200,4627.04,0,0
2024-07-01,14L,"NHS MANCHESTER",202,3429.26,0,0
2024-07-01,B2M3M,"NHS COVENTRY AND WARWICKSHIRE",204,3536.28,0,0
2024-07-01,13T,"NHS NEWCASTLE GATESHEAD",207,4067.68,0,0
2024-07-01,70F,"NHS WEST SUSSEX",207,4298.98,0,0
2024-07-01,97R,"NHS EAST SUSSEX",217,4297.96,0,0
2024-07-01,W2U3Z,"NHS NORTH WEST LONDON",220,4673.19,0,0
2024-07-01,26A,"NHS NORFOLK AND WAVENEY",221,5569.14,0,0
2024-07-01,27D,"NHS CHESHIRE",240,3828.61,0,0
2024-07-01,D2P2L,"NHS BLACK COUNTRY",248,5493.73,0,0
2024-07-01,52R,"NHS NOTTINGHAM AND NOTTINGHAMSHIRE",250,4775.36,0,0
2024-07-01,00L,"NHS NORTHUMBERLAND",252,4285.28,0,0
2024-07-01,84H,"NHS COUNTY DURHAM",262,4385.31,0,0
2024-07-01,36L,"NHS SOUTH WEST LONDON",276,5587.72,0,0
2024-07-01,91Q,"NHS KENT AND MEDWAY",276,5610.65,0,0
2024-07-01,15E,"NHS BIRMINGHAM AND SOLIHULL",288,6002.68,0,0
2024-07-01,42D,"NHS NORTH YORKSHIRE",299,4895.96,0,0
2024-07-01,03N,"NHS SHEFFIELD",315,5125.22,0,0
2024-07-01,A3A8R,"NHS NORTH EAST LONDON",322,6632.84,0,0
2024-07-01,D9Y0V,"NHS HAMPSHIRE, SOUTHAMPTON AND ISLE OF WIGHT",340,8332.67,0,0
2024-07-01,93C,"NHS NORTH CENTRAL LONDON",478,8527.69,0,0
2024-07-01,16C,"NHS TEES VALLEY",583,9335.05,0,0
2024-07-01,15N,"NHS DEVON",587,10539.43,0,0
2024-07-01,06H,"NHS CAMBRIDGESHIRE AND PETERBOROUGH",693,11614.02,0,0
2024-08-01,09W,"NHS MEDWAY",0,0,0,0
2024-08-01,D4U1Y,"NHS FRIMLEY",0,0,0,0
2024-08-01,01J,"NHS KNOWSLEY",9,121.95,0,0
2024-08-01,07G,"NHS THURROCK",14,474.04,0,0
2024-08-01,02G,"NHS WEST LANCASHIRE",18,375,0,0
2024-08-01,04Y,"NHS CANNOCK CHASE",18,343.29,0,0
2024-08-01,05D,"NHS EAST STAFFORDSHIRE",18,280.12,0,0
2024-08-01,05V,"NHS STAFFORD AND SURROUNDS",20,591.21,0,0
2024-08-01,99G,"NHS SOUTHEND",21,411.03,0,0
2024-08-01,01F,"NHS HALTON",22,460.9,0,0
2024-08-01,04C,"NHS LEICESTER CITY",26,514.77,0,0
2024-08-01,10R,"NHS PORTSMOUTH",26,609.54,0,0
2024-08-01,02Q,"NHS BASSETLAW",27,668.81,0,0
2024-08-01,05W,"NHS STOKE ON TRENT",28,891.7,0,0
2024-08-01,01X,"NHS ST HELENS",29,496.97,0,0
2024-08-01,00N,"NHS SOUTH TYNESIDE",33,663.78,0,0
2024-08-01,02T,"NHS CALDERDALE",33,569.01,0,0
2024-08-01,05Q,"NHS SOUTH EAST STAFFORDSHIRE AND SEISDON PENINSULA",33,636.7,0,0
2024-08-01,01T,"NHS SOUTH SEFTON",34,541.94,0,0
2024-08-01,99F,"NHS CASTLE POINT AND ROCHFORD",35,718.28,0,0
2024-08-01,01V,"NHS SOUTHPORT AND FORMBY",36,668.75,0,0
2024-08-01,04V,"NHS WEST LEICESTERSHIRE",36,1183.98,0,0
2024-08-01,02P,"NHS BARNSLEY",37,623.21,0,0
2024-08-01,03F,"NHS HULL",38,740.14,0,0
2024-08-01,03W,"NHS EAST LEICESTERSHIRE AND RUTLAND",38,732.27,0,0
2024-08-01,07H,"NHS WEST ESSEX",38,1181.99,0,0
2024-08-01,99E,"NHS BASILDON AND BRENTWOOD",39,1702.26,0,0
2024-08-01,00Q,"NHS BLACKBURN WITH DARWEN",41,663.87,0,0
2024-08-01,03K,"NHS NORTH LINCOLNSHIRE",42,665.98,0,0
2024-08-01,U2G6B,"NHS THAMES VALLEY ICB - U2G6B",42,944.22,0,0
2024-08-01,05G,"NHS NORTH STAFFORDSHIRE",43,901.16,0,0
2024-08-01,02E,"NHS WARRINGTON",44,702.75,0,0
2024-08-01,03H,"NHS NORTH EAST LINCOLNSHIRE",46,766.43,0,0
2024-08-01,00Y,"NHS OLDHAM",49,1135.66,0,0
2024-08-01,01E,"NHS GREATER PRESTON",50,892.36,0,0
2024-08-01,11X,"NHS SOMERSET",51,1324.71,0,0
2024-08-01,00V,"NHS BURY",52,1046.76,0,0
2024-08-01,06L,"NHS IPSWICH AND EAST SUFFOLK",53,1531.5,0,0
2024-08-01,06Q,"NHS MID ESSEX",53,1296.68,0,0
2024-08-01,12F,"NHS WIRRAL",53,975.39,0,0
2024-08-01,00R,"NHS BLACKPOOL",54,890.88,0,0
2024-08-01,99A,"NHS LIVERPOOL",54,812.94,0,0
2024-08-01,06T,"NHS NORTH EAST ESSEX",55,955.18,0,0
2024-08-01,00P,"NHS SUNDERLAND",56,1070.21,0,0
2024-08-01,03Q,"NHS VALE OF YORK",57,1006.8,0,0
2024-08-01,09D,"NHS BRIGHTON AND HOVE",61,1201.37,0,0
2024-08-01,01D,"NHS HEYWOOD, MIDDLETON AND ROCHDALE",64,1183.01,0,0
2024-08-01,01G,"NHS SALFORD",66,1582.72,0,0
2024-08-01,02M,"NHS FYLDE AND WYRE",66,969.36,0,0
2024-08-01,07K,"NHS WEST SUFFOLK",68,1517.89,0,0
2024-08-01,03L,"NHS ROTHERHAM",69,1080.59,0,0
2024-08-01,02X,"NHS DONCASTER",73,1204.01,0,0
2024-08-01,03R,"NHS WAKEFIELD",73,1524.91,0,0
2024-08-01,78H,"NHS NORTHAMPTONSHIRE",75,1349.21,0,0
2024-08-01,00T,"NHS BOLTON",77,1445.48,0,0
2024-08-01,01Y,"NHS TAMESIDE AND GLOSSOP",78,1484.33,0,0
2024-08-01,00X,"NHS CHORLEY AND SOUTH RIBBLE",85,1327.77,0,0
2024-08-01,02Y,"NHS EAST RIDING OF YORKSHIRE",86,1410.64,0,0
2024-08-01,M2L0M,"NHS SHROPSHIRE, TELFORD AND WREKIN",86,1780.65,0,0
2024-08-01,15A,"NHS BERKSHIRE WEST",93,2452.3,0,0
2024-08-01,11M,"NHS GLOUCESTERSHIRE",95,1825.15,0,0
2024-08-01,X2C4Y,"NHS KIRKLEES",100,2001.6,0,0
2024-08-01,10Q,"NHS OXFORDSHIRE",101,2387.09,0,0
2024-08-01,02A,"NHS TRAFFORD",102,2131.39,0,0
2024-08-01,92G,"NHS BATH AND NORTH EAST SOMERSET, SWINDON AND WILTSHIRE",102,1913.22,0,0
2024-08-01,01K,"NHS MORECAMBE BAY",103,1738.88,0,0
2024-08-01,06N,"NHS HERTS VALLEYS",106,2179.19,0,0
2024-08-01,15C,"NHS BRISTOL, NORTH SOMERSET AND SOUTH GLOUCESTERSHIRE",111,2459.19,0,0
2024-08-01,01A,"NHS EAST LANCASHIRE",113,1854.99,0,0
2024-08-01,15F,"NHS LEEDS",113,1973.56,0,0
2024-08-01,99C,"NHS NORTH TYNESIDE",113,2235.2,0,0
2024-08-01,06K,"NHS EAST AND NORTH HERTFORDSHIRE",122,2728.02,0,0
2024-08-01,01H,"NHS NORTH CUMBRIA",124,2081.42,0,0
2024-08-01,11N,"NHS CORNWALL AND THE ISLES OF SCILLY",137,2304.76,0,0
2024-08-01,15M,"NHS DERBY AND DERBYSHIRE",137,2557.54,0,0
2024-08-01,01W,"NHS STOCKPORT",138,2500.8,0,0
2024-08-01,02H,"NHS WIGAN BOROUGH",139,2421.05,0,0
2024-08-01,18C,"NHS HEREFORDSHIRE AND WORCESTERSHIRE",152,3133.29,0,0
2024-08-01,71E,"NHS LINCOLNSHIRE",153,2791.57,0,0
2024-08-01,11J,"NHS DORSET",157,3314.07,0,0
2024-08-01,14Y,"NHS BUCKINGHAMSHIRE",158,3377.2,0,0
2024-08-01,36J,"NHS BRADFORD DISTRICT AND CRAVEN",165,3676.71,0,0
2024-08-01,92A,"NHS SURREY HEARTLANDS",166,3823.17,0,0
2024-08-01,M1J4Y,"NHS BEDFORDSHIRE, LUTON AND MILTON KEYNES",174,3574.28,0,0
2024-08-01,B2M3M,"NHS COVENTRY AND WARWICKSHIRE",179,2838.85,0,0
2024-08-01,13T,"NHS NEWCASTLE GATESHEAD",182,3305.55,0,0
2024-08-01,26A,"NHS NORFOLK AND WAVENEY",195,4912.09,0,0
2024-08-01,14L,"NHS MANCHESTER",204,3589.11,0,0
2024-08-01,72Q,"NHS SOUTH EAST LONDON",205,4477.52,0,0
2024-08-01,97R,"NHS EAST SUSSEX",209,4033.17,0,0
2024-08-01,36L,"NHS SOUTH WEST LONDON",213,4699.3,0,0
2024-08-01,W2U3Z,"NHS NORTH WEST LONDON",216,4316.12,0,0
2024-08-01,70F,"NHS WEST SUSSEX",217,4181.01,0,0
2024-08-01,52R,"NHS NOTTINGHAM AND NOTTINGHAMSHIRE",238,4931.11,0,0
2024-08-01,00L,"NHS NORTHUMBERLAND",258,4488.43,0,0
2024-08-01,15E,"NHS BIRMINGHAM AND SOLIHULL",264,5349.22,0,0
2024-08-01,84H,"NHS COUNTY DURHAM",270,4463.35,0,0
2024-08-01,D2P2L,"NHS BLACK COUNTRY",273,5605.69,0,0
2024-08-01,91Q,"NHS KENT AND MEDWAY",276,5763.16,0,0
2024-08-01,03N,"NHS SHEFFIELD",283,4937.09,0,0
2024-08-01,D9Y0V,"NHS HAMPSHIRE, SOUTHAMPTON AND ISLE OF WIGHT",286,6802.51,0,0
2024-08-01,27D,"NHS CHESHIRE",287,5088.23,0,0
2024-08-01,42D,"NHS NORTH YORKSHIRE",287,4716.6,0,0
2024-08-01,A3A8R,"NHS NORTH EAST LONDON",325,6632.96,0,0
2024-08-01,93C,"NHS NORTH CENTRAL LONDON",461,8470.04,0,0
2024-08-01,16C,"NHS TEES VALLEY",472,7634,0,0
2024-08-01,15N,"NHS DEVON",599,10803.42,0,0
2024-08-01,06H,"NHS CAMBRIDGESHIRE AND PETERBOROUGH",615,10921.61,0,0
2024-09-01,09W,"NHS MEDWAY",0,0,0,0
2024-09-01,D4U1Y,"NHS FRIMLEY",1,13.55,0,0
2024-09-01,01J,"NHS KNOWSLEY",12,162.6,0,0
2024-09-01,07G,"NHS THURROCK",13,437.71,0,0
2024-09-01,05D,"NHS EAST STAFFORDSHIRE",15,212.39,0,0
2024-09-01,10R,"NHS PORTSMOUTH",16,379.27,0,0
2024-09-01,02G,"NHS WEST LANCASHIRE",18,388.54,0,0
2024-09-01,01F,"NHS HALTON",20,406.72,0,0
2024-09-01,05V,"NHS STAFFORD AND SURROUNDS",23,527.73,0,0
2024-09-01,99E,"NHS BASILDON AND BRENTWOOD",23,654.85,0,0
2024-09-01,99F,"NHS CASTLE POINT AND ROCHFORD",23,433.5,0,0
2024-09-01,99G,"NHS SOUTHEND",23,454.08,0,0
2024-09-01,04C,"NHS LEICESTER CITY",24,433.51,0,0
2024-09-01,04Y,"NHS CANNOCK CHASE",24,618.13,0,0
2024-09-01,02Q,"NHS BASSETLAW",26,628.18,0,0
2024-09-01,07H,"NHS WEST ESSEX",27,684.64,0,0
2024-09-01,00N,"NHS SOUTH TYNESIDE",28,555.42,0,0
2024-09-01,01V,"NHS SOUTHPORT AND FORMBY",28,474.18,0,0
2024-09-01,05Q,"NHS SOUTH EAST STAFFORDSHIRE AND SEISDON PENINSULA",28,527.46,0,0
2024-09-01,02P,"NHS BARNSLEY",33,569.01,0,0
2024-09-01,05W,"NHS STOKE ON TRENT",33,1201.39,0,0
2024-09-01,03W,"NHS EAST LEICESTERSHIRE AND RUTLAND",38,584.69,0,0
2024-09-01,00Q,"NHS BLACKBURN WITH DARWEN",39,596.15,0,0
2024-09-01,05G,"NHS NORTH STAFFORDSHIRE",39,739.01,0,0
2024-09-01,12F,"NHS WIRRAL",40,677.39,0,0
2024-09-01,04V,"NHS WEST LEICESTERSHIRE",41,641.63,0,0
2024-09-01,01T,"NHS SOUTH SEFTON",42,623.26,0,0
2024-09-01,06L,"NHS IPSWICH AND EAST SUFFOLK",43,1146.04,0,0
2024-09-01,03F,"NHS HULL",45,987.39,0,0
2024-09-01,01X,"NHS ST HELENS",46,1177.49,0,0
2024-09-01,00Y,"NHS OLDHAM",47,1115.05,0,0
2024-09-01,02T,"NHS CALDERDALE",47,975.33,0,0
2024-09-01,U2G6B,"NHS THAMES VALLEY ICB - U2G6B",47,1162.33,0,0
2024-09-01,03H,"NHS NORTH EAST LINCOLNSHIRE",49,818.86,0,0
2024-09-01,03K,"NHS NORTH LINCOLNSHIRE",50,743.77,0,0
2024-09-01,03R,"NHS WAKEFIELD",51,906.81,0,0
2024-09-01,06Q,"NHS MID ESSEX",51,1256.97,0,0
2024-09-01,00V,"NHS BURY",53,895.39,0,0
2024-09-01,11X,"NHS SOMERSET",53,1227.99,0,0
2024-09-01,02E,"NHS WARRINGTON",54,1007.11,0,0
2024-09-01,09D,"NHS BRIGHTON AND HOVE",54,1352.99,0,0
2024-09-01,00R,"NHS BLACKPOOL",57,826.51,0,0
2024-09-01,03Q,"NHS VALE OF YORK",57,1007.25,0,0
2024-09-01,00P,"NHS SUNDERLAND",59,1192.09,0,0
2024-09-01,01E,"NHS GREATER PRESTON",60,1109.99,0,0
2024-09-01,01Y,"NHS TAMESIDE AND GLOSSOP",60,1106.57,0,0
2024-09-01,02M,"NHS FYLDE AND WYRE",62,918.7,0,0
2024-09-01,00T,"NHS BOLTON",63,1131.82,0,0
2024-09-01,06T,"NHS NORTH EAST ESSEX",63,1048.26,0,0
2024-09-01,07K,"NHS WEST SUFFOLK",63,1143.35,0,0
2024-09-01,01D,"NHS HEYWOOD, MIDDLETON AND ROCHDALE",69,1220.39,0,0
2024-09-01,02Y,"NHS EAST RIDING OF YORKSHIRE",69,1486.55,0,0
2024-09-01,01G,"NHS SALFORD",71,1423.95,0,0
2024-09-01,99A,"NHS LIVERPOOL",71,1138.07,0,0
2024-09-01,03L,"NHS ROTHERHAM",73,989.15,0,0
2024-09-01,02X,"NHS DONCASTER",74,1163.41,0,0
2024-09-01,78H,"NHS NORTHAMPTONSHIRE",79,1398.85,0,0
2024-09-01,00X,"NHS CHORLEY AND SOUTH RIBBLE",84,1368.38,0,0
2024-09-01,11M,"NHS GLOUCESTERSHIRE",87,1684,0,0
2024-09-01,15A,"NHS BERKSHIRE WEST",90,2149.27,0,0
2024-09-01,01A,"NHS EAST LANCASHIRE",91,1518.95,0,0
2024-09-01,10Q,"NHS OXFORDSHIRE",97,1767.13,0,0
2024-09-01,M2L0M,"NHS SHROPSHIRE, TELFORD AND WREKIN",97,2924.99,0,0
2024-09-01,02A,"NHS TRAFFORD",99,2499.95,0,0
2024-09-01,X2C4Y,"NHS KIRKLEES",105,2074,0,0
2024-09-01,01K,"NHS MORECAMBE BAY",108,1795.18,0,0
2024-09-01,01H,"NHS NORTH CUMBRIA",109,1816.97,0,0
2024-09-01,06N,"NHS HERTS VALLEYS",109,2413.96,0,0
2024-09-01,15C,"NHS BRISTOL, NORTH SOMERSET AND SOUTH GLOUCESTERSHIRE",112,2421.14,0,0
2024-09-01,06K,"NHS EAST AND NORTH HERTFORDSHIRE",121,2638,0,0
2024-09-01,92G,"NHS BATH AND NORTH EAST SOMERSET, SWINDON AND WILTSHIRE",128,2391.84,0,0
2024-09-01,99C,"NHS NORTH TYNESIDE",130,2573.85,0,0
2024-09-01,01W,"NHS STOCKPORT",134,2316.13,0,0
2024-09-01,11N,"NHS CORNWALL AND THE ISLES OF SCILLY",144,2721.05,0,0
2024-09-01,11J,"NHS DORSET",145,3140.52,0,0
2024-09-01,15F,"NHS LEEDS",146,2624.69,0,0
2024-09-01,15M,"NHS DERBY AND DERBYSHIRE",146,2698.64,0,0
2024-09-01,18C,"NHS HEREFORDSHIRE AND WORCESTERSHIRE",147,3031.5,0,0
2024-09-01,02H,"NHS WIGAN BOROUGH",153,2753.81,0,0
2024-09-01,92A,"NHS SURREY HEARTLANDS",161,3366.77,0,0
2024-09-01,36J,"NHS BRADFORD DISTRICT AND CRAVEN",164,3642.57,0,0
2024-09-01,M1J4Y,"NHS BEDFORDSHIRE, LUTON AND MILTON KEYNES",166,3756.07,0,0
2024-09-01,14Y,"NHS BUCKINGHAMSHIRE",169,3209.18,0,0
2024-09-01,71E,"NHS LINCOLNSHIRE",169,3286.5,0,0
2024-09-01,13T,"NHS NEWCASTLE GATESHEAD",175,3075.28,0,0
2024-09-01,B2M3M,"NHS COVENTRY AND WARWICKSHIRE",176,2951.75,0,0
2024-09-01,14L,"NHS MANCHESTER",181,3112.25,0,0
2024-09-01,72Q,"NHS SOUTH EAST LONDON",191,4116.41,0,0
2024-09-01,W2U3Z,"NHS NORTH WEST LONDON",206,4762.27,0,0
2024-09-01,26A,"NHS NORFOLK AND WAVENEY",210,6147.07,0,0
2024-09-01,70F,"NHS WEST SUSSEX",217,4417.58,0,0
2024-09-01,97R,"NHS EAST SUSSEX",217,4497.74,0,0
2024-09-01,52R,"NHS NOTTINGHAM AND NOTTINGHAMSHIRE",219,4795.73,0,0
2024-09-01,D2P2L,"NHS BLACK COUNTRY",224,4665.76,0,0
2024-09-01,00L,"NHS NORTHUMBERLAND",230,3703.23,0,0
2024-09-01,84H,"NHS COUNTY DURHAM",238,3730.59,0,0
2024-09-01,36L,"NHS SOUTH WEST LONDON",241,5167.67,0,0
2024-09-01,42D,"NHS NORTH YORKSHIRE",259,4024.86,0,0
2024-09-01,27D,"NHS CHESHIRE",262,4726.91,0,0
2024-09-01,91Q,"NHS KENT AND MEDWAY",267,5331.54,0,0
2024-09-01,A3A8R,"NHS NORTH EAST LONDON",285,5611.69,0,0
2024-09-01,15E,"NHS BIRMINGHAM AND SOLIHULL",289,5508.4,0,0
2024-09-01,03N,"NHS SHEFFIELD",290,4941.89,0,0
2024-09-01,D9Y0V,"NHS HAMPSHIRE, SOUTHAMPTON AND ISLE OF WIGHT",304,7326.63,0,0
2024-09-01,93C,"NHS NORTH CENTRAL LONDON",416,7350.41,0,0
2024-09-01,16C,"NHS TEES VALLEY",555,9358.87,0,0
2024-09-01,15N,"NHS DEVON",559,10024.49,0,0
2024-09-01,06H,"NHS CAMBRIDGESHIRE AND PETERBOROUGH",599,10102.35,0,0
2024-10-01,09W,"NHS MEDWAY",0,0,0,0
2024-10-01,D4U1Y,"NHS FRIMLEY",0,0,0,0
2024-10-01,01J,"NHS KNOWSLEY",10,135.5,0,0
2024-10-01,07G,"NHS THURROCK",14,397.1,0,0
2024-10-01,05D,"NHS EAST STAFFORDSHIRE",18,376.06,0,0
2024-10-01,05V,"NHS STAFFORD AND SURROUNDS",19,501.82,0,0
2024-10-01,99G,"NHS SOUTHEND",19,447.53,0,0
2024-10-01,01F,"NHS HALTON",20,433.8,0,0
2024-10-01,02G,"NHS WEST LANCASHIRE",20,429.18,0,0
2024-10-01,04Y,"NHS CANNOCK CHASE",24,447.05,0,0
2024-10-01,02Q,"NHS BASSETLAW",25,362.27,0,0
2024-10-01,05Q,"NHS SOUTH EAST STAFFORDSHIRE AND SEISDON PENINSULA",26,527.41,0,0
2024-10-01,02T,"NHS CALDERDALE",28,501.26,0,0
2024-10-01,00N,"NHS SOUTH TYNESIDE",31,609.6,0,0
2024-10-01,01V,"NHS SOUTHPORT AND FORMBY",31,601.01,0,0
2024-10-01,10R,"NHS PORTSMOUTH",31,831.17,0,0
2024-10-01,07H,"NHS WEST ESSEX",33,970.92,0,0
2024-10-01,02P,"NHS BARNSLEY",34,554.59,0,0
2024-10-01,05G,"NHS NORTH STAFFORDSHIRE",34,567.24,0,0
2024-10-01,05W,"NHS STOKE ON TRENT",35,1072.41,0,0
2024-10-01,04C,"NHS LEICESTER CITY",36,663.8,0,0
2024-10-01,12F,"NHS WIRRAL",36,636.73,0,0
2024-10-01,99E,"NHS BASILDON AND BRENTWOOD",36,867.87,0,0
2024-10-01,00Q,"NHS BLACKBURN WITH DARWEN",37,528.43,0,0
2024-10-01,99F,"NHS CASTLE POINT AND ROCHFORD",37,874.62,0,0
2024-10-01,U2G6B,"NHS THAMES VALLEY ICB - U2G6B",37,964.09,0,0
2024-10-01,01T,"NHS SOUTH SEFTON",39,623.23,0,0
2024-10-01,04V,"NHS WEST LEICESTERSHIRE",41,1437.09,0,0
2024-10-01,03F,"NHS HULL",42,805.31,0,0
2024-10-01,06L,"NHS IPSWICH AND EAST SUFFOLK",43,1329.87,0,0
2024-10-01,00Y,"NHS OLDHAM",46,1018.68,0,0
2024-10-01,03K,"NHS NORTH LINCOLNSHIRE",47,713.86,0,0
2024-10-01,01X,"NHS ST HELENS",48,813.21,0,0
2024-10-01,03W,"NHS EAST LEICESTERSHIRE AND RUTLAND",50,772.49,0,0
2024-10-01,06Q,"NHS MID ESSEX",50,1089.23,0,0
2024-10-01,03H,"NHS NORTH EAST LINCOLNSHIRE",51,820.63,0,0
2024-10-01,11X,"NHS SOMERSET",51,1134.13,0,0
2024-10-01,06T,"NHS NORTH EAST ESSEX",52,755.2,0,0
2024-10-01,00R,"NHS BLACKPOOL",56,812.96,0,0
2024-10-01,02E,"NHS WARRINGTON",56,974.53,0,0
2024-10-01,09D,"NHS BRIGHTON AND HOVE",60,1328.16,0,0
2024-10-01,00V,"NHS BURY",61,1194.21,0,0
2024-10-01,01G,"NHS SALFORD",63,1711.32,0,0
2024-10-01,03R,"NHS WAKEFIELD",65,1306.4,0,0
2024-10-01,00P,"NHS SUNDERLAND",66,1178.63,0,0
2024-10-01,01E,"NHS GREATER PRESTON",71,1190.43,0,0
2024-10-01,01Y,"NHS TAMESIDE AND GLOSSOP",71,1367.35,0,0
2024-10-01,03L,"NHS ROTHERHAM",73,1016.23,0,0
2024-10-01,07K,"NHS WEST SUFFOLK",73,1569.48,0,0
2024-10-01,02M,"NHS FYLDE AND WYRE",75,1214.01,0,0
2024-10-01,00T,"NHS BOLTON",77,1526.71,0,0
2024-10-01,02X,"NHS DONCASTER",79,1246.46,0,0
2024-10-01,03Q,"NHS VALE OF YORK",81,1451.95,0,0
2024-10-01,99A,"NHS LIVERPOOL",81,1327.73,0,0
2024-10-01,00X,"NHS CHORLEY AND SOUTH RIBBLE",84,1436.4,0,0
2024-10-01,01D,"NHS HEYWOOD, MIDDLETON AND ROCHDALE",85,1413.42,0,0
2024-10-01,02Y,"NHS EAST RIDING OF YORKSHIRE",85,1728.47,0,0
2024-10-01,15A,"NHS BERKSHIRE WEST",88,1639.47,0,0
2024-10-01,78H,"NHS NORTHAMPTONSHIRE",92,1610.29,0,0
2024-10-01,11M,"NHS GLOUCESTERSHIRE",96,2368.79,0,0
2024-10-01,M2L0M,"NHS SHROPSHIRE, TELFORD AND WREKIN",96,2271.44,0,0
2024-10-01,10Q,"NHS OXFORDSHIRE",98,2200.35,0,0
2024-10-01,02A,"NHS TRAFFORD",107,2923.44,0,0
2024-10-01,99C,"NHS NORTH TYNESIDE",117,2412.47,0,0
2024-10-01,01A,"NHS EAST LANCASHIRE",119,1699.22,0,0
2024-10-01,01K,"NHS MORECAMBE BAY",119,2023.28,0,0
2024-10-01,01H,"NHS NORTH CUMBRIA",122,1910.78,0,0
2024-10-01,15C,"NHS BRISTOL, NORTH SOMERSET AND SOUTH GLOUCESTERSHIRE",129,2671.81,0,0
2024-10-01,X2C4Y,"NHS KIRKLEES",130,2507.27,0,0
2024-10-01,06K,"NHS EAST AND NORTH HERTFORDSHIRE",131,2701.26,0,0
2024-10-01,92G,"NHS BATH AND NORTH EAST SOMERSET, SWINDON AND WILTSHIRE",135,2696.21,0,0
2024-10-01,01W,"NHS STOCKPORT",136,2744.49,0,0
2024-10-01,15F,"NHS LEEDS",138,2605.87,0,0
2024-10-01,02H,"NHS WIGAN BOROUGH",139,2461.68,0,0
2024-10-01,06N,"NHS HERTS VALLEYS",145,2941.37,0,0
2024-10-01,11N,"NHS CORNWALL AND THE ISLES OF SCILLY",151,2655.19,0,0
2024-10-01,18C,"NHS HEREFORDSHIRE AND WORCESTERSHIRE",160,3362.96,0,0
2024-10-01,11J,"NHS DORSET",170,3541.69,0,0
2024-10-01,36J,"NHS BRADFORD DISTRICT AND CRAVEN",171,3566.02,0,0
2024-10-01,B2M3M,"NHS COVENTRY AND WARWICKSHIRE",173,2786.76,0,0
2024-10-01,71E,"NHS LINCOLNSHIRE",175,3252.68,0,0
2024-10-01,13T,"NHS NEWCASTLE GATESHEAD",177,3224.27,0,0
2024-10-01,15M,"NHS DERBY AND DERBYSHIRE",179,3575.49,0,0
2024-10-01,M1J4Y,"NHS BEDFORDSHIRE, LUTON AND MILTON KEYNES",180,3795.28,0,0
2024-10-01,72Q,"NHS SOUTH EAST LONDON",187,4152.63,0,0
2024-10-01,92A,"NHS SURREY HEARTLANDS",189,4053.13,0,0
2024-10-01,14L,"NHS MANCHESTER",194,3705.44,0,0
2024-10-01,14Y,"NHS BUCKINGHAMSHIRE",212,4465.14,0,0
2024-10-01,70F,"NHS WEST SUSSEX",221,5050.05,0,0
2024-10-01,26A,"NHS NORFOLK AND WAVENEY",222,6164.06,0,0
2024-10-01,52R,"NHS NOTTINGHAM AND NOTTINGHAMSHIRE",229,4173.2,0,0
2024-10-01,97R,"NHS EAST SUSSEX",246,4770.92,0,0
2024-10-01,91Q,"NHS KENT AND MEDWAY",248,4544.02,0,0
2024-10-01,27D,"NHS CHESHIRE",256,4428.38,0,0
2024-10-01,00L,"NHS NORTHUMBERLAND",257,4354.65,0,0
2024-10-01,W2U3Z,"NHS NORTH WEST LONDON",257,5477.32,0,0
2024-10-01,36L,"NHS SOUTH WEST LONDON",265,5389.19,0,0
2024-10-01,42D,"NHS NORTH YORKSHIRE",274,4585.44,0,0
2024-10-01,15E,"NHS BIRMINGHAM AND SOLIHULL",294,5766.25,0,0
2024-10-01,84H,"NHS COUNTY DURHAM",295,5438.65,0,0
2024-10-01,03N,"NHS SHEFFIELD",304,4880.18,0,0
2024-10-01,D2P2L,"NHS BLACK COUNTRY",312,5884.34,0,0
2024-10-01,D9Y0V,"NHS HAMPSHIRE, SOUTHAMPTON AND ISLE OF WIGHT",316,7550.63,0,0
2024-10-01,A3A8R,"NHS NORTH EAST LONDON",328,6419.95,0,0
2024-10-01,93C,"NHS NORTH CENTRAL LONDON",491,8842.6,0,0
2024-10-01,16C,"NHS TEES VALLEY",573,9476.69,0,0
2024-10-01,15N,"NHS DEVON",584,10493.82,0,0
2024-10-01,06H,"NHS CAMBRIDGESHIRE AND PETERBOROUGH",702,11998.31,0,0
2024-11-01,09W,"NHS MEDWAY",0,0,0,0
2024-11-01,D4U1Y,"NHS FRIMLEY",0,0,0,0
2024-11-01,01J,"NHS KNOWSLEY",10,135.5,0,0
2024-11-01,07G,"NHS THURROCK",14,460.5,0,0
2024-11-01,05D,"NHS EAST STAFFORDSHIRE",16,241.21,0,0
2024-11-01,01F,"NHS HALTON",17,379.6,0,0
2024-11-01,02G,"NHS WEST LANCASHIRE",17,464.82,0,0
2024-11-01,99G,"NHS SOUTHEND",20,490.34,0,0
2024-11-01,04Y,"NHS CANNOCK CHASE",22,447.01,0,0
2024-11-01,01V,"NHS SOUTHPORT AND FORMBY",23,433.48,0,0
2024-11-01,05V,"NHS STAFFORD AND SURROUNDS",23,499.74,0,0
2024-11-01,02Q,"NHS BASSETLAW",26,391.14,0,0
2024-11-01,99F,"NHS CASTLE POINT AND ROCHFORD",27,474.16,0,0
2024-11-01,05Q,"NHS SOUTH EAST STAFFORDSHIRE AND SEISDON PENINSULA",28,459.74,0,0
2024-11-01,00Q,"NHS BLACKBURN WITH DARWEN",31,487.75,0,0
2024-11-01,00N,"NHS SOUTH TYNESIDE",32,636.65,0,0
2024-11-01,02P,"NHS BARNSLEY",32,541.01,0,0
2024-11-01,04C,"NHS LEICESTER CITY",33,650.56,0,0
2024-11-01,07H,"NHS WEST ESSEX",33,997.55,0,0
2024-11-01,05W,"NHS STOKE ON TRENT",34,1077.01,0,0
2024-11-01,10R,"NHS PORTSMOUTH",34,799.14,0,0
2024-11-01,99E,"NHS BASILDON AND BRENTWOOD",35,1177.88,0,0
2024-11-01,01T,"NHS SOUTH SEFTON",36,528.42,0,0
2024-11-01,05G,"NHS NORTH STAFFORDSHIRE",36,677.39,0,0
2024-11-01,03H,"NHS NORTH EAST LINCOLNSHIRE",39,683.34,0,0
2024-11-01,03F,"NHS HULL",40,677.39,0,0
2024-11-01,12F,"NHS WIRRAL",40,758.62,0,0
2024-11-01,U2G6B,"NHS THAMES VALLEY ICB - U2G6B",41,1037.4,0,0
2024-11-01,01X,"NHS ST HELENS",43,848.84,0,0
2024-11-01,03W,"NHS EAST LEICESTERSHIRE AND RUTLAND",43,760.67,0,0
2024-11-01,04V,"NHS WEST LEICESTERSHIRE",43,855.08,0,0
2024-11-01,11X,"NHS SOMERSET",45,1160.33,0,0
2024-11-01,03K,"NHS NORTH LINCOLNSHIRE",46,718.35,0,0
2024-11-01,00P,"NHS SUNDERLAND",48,867.02,0,0
2024-11-01,02T,"NHS CALDERDALE",48,921.16,0,0
2024-11-01,00Y,"NHS OLDHAM",50,1261.16,0,0
2024-11-01,02E,"NHS WARRINGTON",51,960.91,0,0
2024-11-01,00R,"NHS BLACKPOOL",52,758.75,0,0
2024-11-01,00V,"NHS BURY",52,1339.16,0,0
2024-11-01,06T,"NHS NORTH EAST ESSEX",53,879.15,0,0
2024-11-01,06L,"NHS IPSWICH AND EAST SUFFOLK",58,1521.42,0,0
2024-11-01,06Q,"NHS MID ESSEX",59,1206.87,0,0
2024-11-01,03Q,"NHS VALE OF YORK",62,1077.57,0,0
2024-11-01,07K,"NHS WEST SUFFOLK",64,1375.66,0,0
2024-11-01,01E,"NHS GREATER PRESTON",65,1163.26,0,0
2024-11-01,01G,"NHS SALFORD",65,1699.62,0,0
2024-11-01,02M,"NHS FYLDE AND WYRE",65,972.85,0,0
2024-11-01,99A,"NHS LIVERPOOL",67,1097.38,0,0
2024-11-01,03L,"NHS ROTHERHAM",68,948.48,0,0
2024-11-01,00T,"NHS BOLTON",69,1287.82,0,0
2024-11-01,03R,"NHS WAKEFIELD",70,1414.75,0,0
2024-11-01,09D,"NHS BRIGHTON AND HOVE",73,1513.14,0,0
2024-11-01,01Y,"NHS TAMESIDE AND GLOSSOP",75,1549.51,0,0
2024-11-01,00X,"NHS CHORLEY AND SOUTH RIBBLE",76,1192.26,0,0
2024-11-01,02X,"NHS DONCASTER",76,1150.75,0,0
2024-11-01,01D,"NHS HEYWOOD, MIDDLETON AND ROCHDALE",78,1399.73,0,0
2024-11-01,02Y,"NHS EAST RIDING OF YORKSHIRE",83,2003.14,0,0
2024-11-01,78H,"NHS NORTHAMPTONSHIRE",85,1498.03,0,0
2024-11-01,M2L0M,"NHS SHROPSHIRE, TELFORD AND WREKIN",85,1904.96,0,0
2024-11-01,15A,"NHS BERKSHIRE WEST",87,1740.8,0,0
2024-11-01,01A,"NHS EAST LANCASHIRE",90,1537.12,0,0
2024-11-01,02A,"NHS TRAFFORD",93,2328.86,0,0
2024-11-01,11M,"NHS GLOUCESTERSHIRE",95,1800.52,0,0
2024-11-01,99C,"NHS NORTH TYNESIDE",99,1991.23,0,0
2024-11-01,06N,"NHS HERTS VALLEYS",103,2225.15,0,0
2024-11-01,10Q,"NHS OXFORDSHIRE",107,2118.42,0,0
2024-11-01,X2C4Y,"NHS KIRKLEES",110,2103.42,0,0
2024-11-01,01K,"NHS MORECAMBE BAY",115,1941.12,0,0
2024-11-01,92G,"NHS BATH AND NORTH EAST SOMERSET, SWINDON AND WILTSHIRE",116,2232.06,0,0
2024-11-01,15F,"NHS LEEDS",120,2280.92,0,0
2024-11-01,01H,"NHS NORTH CUMBRIA",129,2151.92,0,0
2024-11-01,15C,"NHS BRISTOL, NORTH SOMERSET AND SOUTH GLOUCESTERSHIRE",131,2905.85,0,0
2024-11-01,11N,"NHS CORNWALL AND THE ISLES OF SCILLY",132,3055.27,0,0
2024-11-01,11J,"NHS DORSET",143,2787.87,0,0
2024-11-01,02H,"NHS WIGAN BOROUGH",148,2858.04,0,0
2024-11-01,06K,"NHS EAST AND NORTH HERTFORDSHIRE",149,3318.01,0,0
2024-11-01,18C,"NHS HEREFORDSHIRE AND WORCESTERSHIRE",149,2850.61,0,0
2024-11-01,01W,"NHS STOCKPORT",150,2505.82,0,0
2024-11-01,15M,"NHS DERBY AND DERBYSHIRE",151,2812.46,0,0
2024-11-01,92A,"NHS SURREY HEARTLANDS",163,4202.52,0,0
2024-11-01,71E,"NHS LINCOLNSHIRE",164,3085.97,0,0
2024-11-01,36J,"NHS BRADFORD DISTRICT AND CRAVEN",180,3817.24,0,0
2024-11-01,M1J4Y,"NHS BEDFORDSHIRE, LUTON AND MILTON KEYNES",180,4346.19,0,0
2024-11-01,13T,"NHS NEWCASTLE GATESHEAD",185,3495.03,0,0
2024-11-01,B2M3M,"NHS COVENTRY AND WARWICKSHIRE",187,3314.21,0,0
2024-11-01,14L,"NHS MANCHESTER",194,3606.25,0,0
2024-11-01,14Y,"NHS BUCKINGHAMSHIRE",196,3866.76,0,0
2024-11-01,72Q,"NHS SOUTH EAST LONDON",196,4166.23,0,0
2024-11-01,70F,"NHS WEST SUSSEX",205,4124.52,0,0
2024-11-01,26A,"NHS NORFOLK AND WAVENEY",217,5901.78,0,0
2024-11-01,97R,"NHS EAST SUSSEX",219,4004.29,0,0
2024-11-01,52R,"NHS NOTTINGHAM AND NOTTINGHAMSHIRE",227,5175.25,0,0
2024-11-01,W2U3Z,"NHS NORTH WEST LONDON",231,4818.74,0,0
2024-11-01,00L,"NHS NORTHUMBERLAND",232,3743.33,0,0
2024-11-01,36L,"NHS SOUTH WEST LONDON",238,5148.82,0,0
2024-11-01,D2P2L,"NHS BLACK COUNTRY",238,5182.44,0,0
2024-11-01,27D,"NHS CHESHIRE",250,4580.12,0,0
2024-11-01,91Q,"NHS KENT AND MEDWAY",259,5329.73,0,0
2024-11-01,84H,"NHS COUNTY DURHAM",260,4149.17,0,0
2024-11-01,42D,"NHS NORTH YORKSHIRE",266,4367.91,0,0
2024-11-01,15E,"NHS BIRMINGHAM AND SOLIHULL",270,5319.93,0,0
2024-11-01,03N,"NHS SHEFFIELD",301,5015.02,0,0
2024-11-01,A3A8R,"NHS NORTH EAST LONDON",313,6168.47,0,0
2024-11-01,D9Y0V,"NHS HAMPSHIRE, SOUTHAMPTON AND ISLE OF WIGHT",327,7970.47,0,0
2024-11-01,93C,"NHS NORTH CENTRAL LONDON",450,8092.19,0,0
2024-11-01,16C,"NHS TEES VALLEY",527,8497.24,0,0
2024-11-01,15N,"NHS DEVON",570,10007.87,0,0
2024-11-01,06H,"NHS CAMBRIDGESHIRE AND PETERBOROUGH",636,11132.76,0,0
2024-12-01,09W,"NHS MEDWAY",0,0,0,0
2024-12-01,D4U1Y,"NHS FRIMLEY",1,13.55,0,0
2024-12-01,07G,"NHS THURROCK",9,342.89,0,0
2024-12-01,01J,"NHS KNOWSLEY",13,176.15,0,0
2024-12-01,99G,"NHS SOUTHEND",17,318.62,0,0
2024-12-01,02G,"NHS WEST LANCASHIRE",18,402.06,0,0
2024-12-01,04Y,"NHS CANNOCK CHASE",20,509.77,0,0
2024-12-01,05V,"NHS STAFFORD AND SURROUNDS",20,552.34,0,0
2024-12-01,05D,"NHS EAST STAFFORDSHIRE",22,333.41,0,0
2024-12-01,04C,"NHS LEICESTER CITY",23,474.1,0,0
2024-12-01,01F,"NHS HALTON",27,596.32,0,0
2024-12-01,99E,"NHS BASILDON AND BRENTWOOD",27,661.65,0,0
2024-12-01,01V,"NHS SOUTHPORT AND FORMBY",29,546.83,0,0
2024-12-01,05Q,"NHS SOUTH EAST STAFFORDSHIRE AND SEISDON PENINSULA",29,527.44,0,0
2024-12-01,07H,"NHS WEST ESSEX",29,1054.17,0,0
2024-12-01,00N,"NHS SOUTH TYNESIDE",30,555.42,0,0
2024-12-01,02Q,"NHS BASSETLAW",30,430.05,0,0
2024-12-01,05W,"NHS STOKE ON TRENT",33,1149.3,0,0
2024-12-01,10R,"NHS PORTSMOUTH",34,853.61,0,0
2024-12-01,U2G6B,"NHS THAMES VALLEY ICB - U2G6B",34,808.74,0,0
2024-12-01,05G,"NHS NORTH STAFFORDSHIRE",35,724.16,0,0
2024-12-01,99F,"NHS CASTLE POINT AND ROCHFORD",35,980.08,0,0
2024-12-01,02P,"NHS BARNSLEY",36,608.76,0,0
2024-12-01,04V,"NHS WEST LEICESTERSHIRE",36,869.56,0,0
2024-12-01,01X,"NHS ST HELENS",38,794.63,0,0
2024-12-01,02T,"NHS CALDERDALE",41,799.24,0,0
2024-12-01,03W,"NHS EAST LEICESTERSHIRE AND RUTLAND",42,642.38,0,0
2024-12-01,00Y,"NHS OLDHAM",45,989.73,0,0
2024-12-01,01T,"NHS SOUTH SEFTON",45,650.36,0,0
2024-12-01,00V,"NHS BURY",46,1053.69,0,0
2024-12-01,06L,"NHS IPSWICH AND EAST SUFFOLK",46,1163,0,0
2024-12-01,03F,"NHS HULL",48,913.66,0,0
2024-12-01,00Q,"NHS BLACKBURN WITH DARWEN",49,785.79,0,0
2024-12-01,03H,"NHS NORTH EAST LINCOLNSHIRE",50,847.69,0,0
2024-12-01,12F,"NHS WIRRAL",51,894.12,0,0
2024-12-01,02E,"NHS WARRINGTON",52,1000.66,0,0
2024-12-01,03K,"NHS NORTH LINCOLNSHIRE",52,810.58,0,0
2024-12-01,03R,"NHS WAKEFIELD",53,1049.05,0,0
2024-12-01,06Q,"NHS MID ESSEX",53,1275.35,0,0
2024-12-01,06T,"NHS NORTH EAST ESSEX",55,882.74,0,0
2024-12-01,09D,"NHS BRIGHTON AND HOVE",55,1124.66,0,0
2024-12-01,00P,"NHS SUNDERLAND",58,1110.82,0,0
2024-12-01,01G,"NHS SALFORD",62,1571.26,0,0
2024-12-01,07K,"NHS WEST SUFFOLK",62,1417.33,0,0
2024-12-01,11X,"NHS SOMERSET",63,1270.01,0,0
2024-12-01,01Y,"NHS TAMESIDE AND GLOSSOP",64,1209.41,0,0
2024-12-01,01E,"NHS GREATER PRESTON",65,1104.69,0,0
2024-12-01,00R,"NHS BLACKPOOL",69,989.1,0,0
2024-12-01,03L,"NHS ROTHERHAM",71,1121.23,0,0
2024-12-01,03Q,"NHS VALE OF YORK",72,1237.94,0,0
2024-12-01,01D,"NHS HEYWOOD, MIDDLETON AND ROCHDALE",75,1273.45,0,0
2024-12-01,99A,"NHS LIVERPOOL",76,1465.5,0,0
2024-12-01,02M,"NHS FYLDE AND WYRE",77,1189.62,0,0
2024-12-01,00T,"NHS BOLTON",78,1567.31,0,0
2024-12-01,02X,"NHS DONCASTER",80,1244.7,0,0
2024-12-01,02Y,"NHS EAST RIDING OF YORKSHIRE",80,1379.56,0,0
2024-12-01,02A,"NHS TRAFFORD",81,1846.44,0,0
2024-12-01,00X,"NHS CHORLEY AND SOUTH RIBBLE",87,1477.91,0,0
2024-12-01,10Q,"NHS OXFORDSHIRE",91,2157.43,0,0
2024-12-01,78H,"NHS NORTHAMPTONSHIRE",94,1866.54,0,0
2024-12-01,01K,"NHS MORECAMBE BAY",102,1744.41,0,0
2024-12-01,01A,"NHS EAST LANCASHIRE",105,1588.16,0,0
2024-12-01,M2L0M,"NHS SHROPSHIRE, TELFORD AND WREKIN",105,2350.25,0,0
2024-12-01,15A,"NHS BERKSHIRE WEST",108,2609.61,0,0
2024-12-01,99C,"NHS NORTH TYNESIDE",113,2221.54,0,0
2024-12-01,01H,"NHS NORTH CUMBRIA",115,1884.61,0,0
2024-12-01,11N,"NHS CORNWALL AND THE ISLES OF SCILLY",115,2572.19,0,0
2024-12-01,11M,"NHS GLOUCESTERSHIRE",117,2411.3,0,0
2024-12-01,X2C4Y,"NHS KIRKLEES",117,2326.65,0,0
2024-12-01,06N,"NHS HERTS VALLEYS",122,2551.57,0,0
2024-12-01,15C,"NHS BRISTOL, NORTH SOMERSET AND SOUTH GLOUCESTERSHIRE",125,2770.38,0,0
2024-12-01,02H,"NHS WIGAN BOROUGH",126,2194.65,0,0
2024-12-01,92G,"NHS BATH AND NORTH EAST SOMERSET, SWINDON AND WILTSHIRE",130,2468,0,0
2024-12-01,15F,"NHS LEEDS",133,2752.51,0,0
2024-12-01,01W,"NHS STOCKPORT",137,2431.47,0,0
2024-12-01,06K,"NHS EAST AND NORTH HERTFORDSHIRE",139,2906.52,0,0
2024-12-01,18C,"NHS HEREFORDSHIRE AND WORCESTERSHIRE",151,3146.74,0,0
2024-12-01,11J,"NHS DORSET",154,3339.37,0,0
2024-12-01,15M,"NHS DERBY AND DERBYSHIRE",162,3247.2,0,0
2024-12-01,36J,"NHS BRADFORD DISTRICT AND CRAVEN",164,3345.56,0,0
2024-12-01,71E,"NHS LINCOLNSHIRE",168,3462.69,0,0
2024-12-01,M1J4Y,"NHS BEDFORDSHIRE, LUTON AND MILTON KEYNES",170,4134.94,0,0
2024-12-01,B2M3M,"NHS COVENTRY AND WARWICKSHIRE",175,2797.43,0,0
2024-12-01,14Y,"NHS BUCKINGHAMSHIRE",177,3689.16,0,0
2024-12-01,14L,"NHS MANCHESTER",180,3338.91,0,0
2024-12-01,72Q,"NHS SOUTH EAST LONDON",182,3949.08,0,0
2024-12-01,13T,"NHS NEWCASTLE GATESHEAD",187,3332.58,0,0
2024-12-01,92A,"NHS SURREY HEARTLANDS",191,3945.57,0,0
2024-12-01,70F,"NHS WEST SUSSEX",226,4349.16,0,0
2024-12-01,W2U3Z,"NHS NORTH WEST LONDON",226,5067.29,0,0
2024-12-01,26A,"NHS NORFOLK AND WAVENEY",227,5950.93,0,0
2024-12-01,52R,"NHS NOTTINGHAM AND NOTTINGHAMSHIRE",238,4786.27,0,0
2024-12-01,00L,"NHS NORTHUMBERLAND",242,4002.53,0,0
2024-12-01,97R,"NHS EAST SUSSEX",244,4739.29,0,0
2024-12-01,36L,"NHS SOUTH WEST LONDON",262,5718.36,0,0
2024-12-01,D2P2L,"NHS BLACK COUNTRY",271,5170.15,0,0
2024-12-01,15E,"NHS BIRMINGHAM AND SOLIHULL",272,5624.72,0,0
2024-12-01,27D,"NHS CHESHIRE",273,4849.39,0,0
2024-12-01,42D,"NHS NORTH YORKSHIRE",273,4555.58,0,0
2024-12-01,03N,"NHS SHEFFIELD",274,4467.15,0,0
2024-12-01,91Q,"NHS KENT AND MEDWAY",288,5403.51,0,0
2024-12-01,84H,"NHS COUNTY DURHAM",302,4878.66,0,0
2024-12-01,A3A8R,"NHS NORTH EAST LONDON",315,6321.91,0,0
2024-12-01,D9Y0V,"NHS HAMPSHIRE, SOUTHAMPTON AND ISLE OF WIGHT",320,8004.32,0,0
2024-12-01,93C,"NHS NORTH CENTRAL LONDON",472,8386.4,0,0
2024-12-01,15N,"NHS DEVON",574,10768.48,0,0
2024-12-01,16C,"NHS TEES VALLEY",581,9177.58,0,0
2024-12-01,06H,"NHS CAMBRIDGESHIRE AND PETERBOROUGH",648,11107.15,0,0
2025-01-01,09W,"NHS MEDWAY",0,0,0,0
2025-01-01,D4U1Y,"NHS FRIMLEY",1,13.55,0,0
2025-01-01,01J,"NHS KNOWSLEY",4,54.2,0,0
2025-01-01,07G,"NHS THURROCK",15,566.43,0,0
2025-01-01,02G,"NHS WEST LANCASHIRE",16,347.89,0,0
2025-01-01,99G,"NHS SOUTHEND",16,318.6,0,0
2025-01-01,01F,"NHS HALTON",17,366.05,0,0
2025-01-01,10R,"NHS PORTSMOUTH",24,501.19,0,0
2025-01-01,04Y,"NHS CANNOCK CHASE",26,528.28,0,0
2025-01-01,05V,"NHS STAFFORD AND SURROUNDS",27,553.95,0,0
2025-01-01,05D,"NHS EAST STAFFORDSHIRE",28,560.22,0,0
2025-01-01,00N,"NHS SOUTH TYNESIDE",29,582.47,0,0
2025-01-01,99F,"NHS CASTLE POINT AND ROCHFORD",29,706.79,0,0
2025-01-01,04C,"NHS LEICESTER CITY",30,514.8,0,0
2025-01-01,01V,"NHS SOUTHPORT AND FORMBY",32,501.29,0,0
2025-01-01,01T,"NHS SOUTH SEFTON",34,541.93,0,0
2025-01-01,02P,"NHS BARNSLEY",35,554.61,0,0
2025-01-01,02Q,"NHS BASSETLAW",35,496.92,0,0
2025-01-01,05G,"NHS NORTH STAFFORDSHIRE",35,630.21,0,0
2025-01-01,12F,"NHS WIRRAL",35,636.71,0,0
2025-01-01,05Q,"NHS SOUTH EAST STAFFORDSHIRE AND SEISDON PENINSULA",36,743.24,0,0
2025-01-01,07H,"NHS WEST ESSEX",36,811.3,0,0
2025-01-01,00Q,"NHS BLACKBURN WITH DARWEN",37,528.43,0,0
2025-01-01,99E,"NHS BASILDON AND BRENTWOOD",37,1201.82,0,0
2025-01-01,03K,"NHS NORTH LINCOLNSHIRE",38,599.09,0,0
2025-01-01,02T,"NHS CALDERDALE",39,717.97,0,0
2025-01-01,05W,"NHS STOKE ON TRENT",39,1176.47,0,0
2025-01-01,03F,"NHS HULL",43,906.14,0,0
2025-01-01,03W,"NHS EAST LEICESTERSHIRE AND RUTLAND",43,961.91,0,0
2025-01-01,02E,"NHS WARRINGTON",44,771.32,0,0
2025-01-01,01X,"NHS ST HELENS",45,1118.68,0,0
2025-01-01,06L,"NHS IPSWICH AND EAST SUFFOLK",45,1355.74,0,0
2025-01-01,03H,"NHS NORTH EAST LINCOLNSHIRE",46,636.83,0,0
2025-01-01,06Q,"NHS MID ESSEX",46,851.34,0,0
2025-01-01,04V,"NHS WEST LEICESTERSHIRE",47,924.46,0,0
2025-01-01,U2G6B,"NHS THAMES VALLEY ICB - U2G6B",48,973.75,0,0
2025-01-01,11X,"NHS SOMERSET",50,1134.47,0,0
2025-01-01,00V,"NHS BURY",51,916.28,0,0
2025-01-01,06T,"NHS NORTH EAST ESSEX",54,938.96,0,0
2025-01-01,00P,"NHS SUNDERLAND",55,1016.01,0,0
2025-01-01,00Y,"NHS OLDHAM",55,1442.16,0,0
2025-01-01,07K,"NHS WEST SUFFOLK",58,1274.75,0,0
2025-01-01,01E,"NHS GREATER PRESTON",60,1015.18,0,0
2025-01-01,00R,"NHS BLACKPOOL",61,894.23,0,0
2025-01-01,03Q,"NHS VALE OF YORK",63,1132.21,0,0
2025-01-01,01Y,"NHS TAMESIDE AND GLOSSOP",64,1209.09,0,0
2025-01-01,02M,"NHS FYLDE AND WYRE",66,1010.83,0,0
2025-01-01,01G,"NHS SALFORD",68,1674.66,0,0
2025-01-01,11M,"NHS GLOUCESTERSHIRE",69,1347.57,0,0
2025-01-01,99A,"NHS LIVERPOOL",70,1138.02,0,0
2025-01-01,03R,"NHS WAKEFIELD",71,1338.42,0,0
2025-01-01,09D,"NHS BRIGHTON AND HOVE",72,1691.59,0,0
2025-01-01,03L,"NHS ROTHERHAM",73,1161.86,0,0
2025-01-01,00T,"NHS BOLTON",76,1472.52,0,0
2025-01-01,78H,"NHS NORTHAMPTONSHIRE",77,1176.54,0,0
2025-01-01,01D,"NHS HEYWOOD, MIDDLETON AND ROCHDALE",81,1345.63,0,0
2025-01-01,02X,"NHS DONCASTER",83,1300.64,0,0
2025-01-01,15A,"NHS BERKSHIRE WEST",84,1665.61,0,0
2025-01-01,M2L0M,"NHS SHROPSHIRE, TELFORD AND WREKIN",86,1788.52,0,0
2025-01-01,02Y,"NHS EAST RIDING OF YORKSHIRE",87,1768.22,0,0
2025-01-01,06N,"NHS HERTS VALLEYS",95,1876.76,0,0
2025-01-01,00X,"NHS CHORLEY AND SOUTH RIBBLE",96,1674.93,0,0
2025-01-01,02A,"NHS TRAFFORD",100,2734.69,0,0
2025-01-01,92G,"NHS BATH AND NORTH EAST SOMERSET, SWINDON AND WILTSHIRE",106,1987.43,0,0
2025-01-01,X2C4Y,"NHS KIRKLEES",107,2090.75,0,0
2025-01-01,10Q,"NHS OXFORDSHIRE",109,2104.67,0,0
2025-01-01,01A,"NHS EAST LANCASHIRE",111,1757.53,0,0
2025-01-01,01K,"NHS MORECAMBE BAY",111,1756.83,0,0
2025-01-01,01H,"NHS NORTH CUMBRIA",112,1794.22,0,0
2025-01-01,99C,"NHS NORTH TYNESIDE",118,2248.69,0,0
2025-01-01,11N,"NHS CORNWALL AND THE ISLES OF SCILLY",121,2352.42,0,0
2025-01-01,15F,"NHS LEEDS",123,2310.65,0,0
2025-01-01,15C,"NHS BRISTOL, NORTH SOMERSET AND SOUTH GLOUCESTERSHIRE",126,2637.79,0,0
2025-01-01,15M,"NHS DERBY AND DERBYSHIRE",143,2847.48,0,0
2025-01-01,02H,"NHS WIGAN BOROUGH",145,2461.69,0,0
2025-01-01,06K,"NHS EAST AND NORTH HERTFORDSHIRE",150,3050.36,0,0
2025-01-01,18C,"NHS HEREFORDSHIRE AND WORCESTERSHIRE",152,3213,0,0
2025-01-01,36J,"NHS BRADFORD DISTRICT AND CRAVEN",154,3521.21,0,0
2025-01-01,71E,"NHS LINCOLNSHIRE",155,2601.02,0,0
2025-01-01,01W,"NHS STOCKPORT",163,2887.12,0,0
2025-01-01,11J,"NHS DORSET",169,3526.88,0,0
2025-01-01,M1J4Y,"NHS BEDFORDSHIRE, LUTON AND MILTON KEYNES",173,3436.09,0,0
2025-01-01,13T,"NHS NEWCASTLE GATESHEAD",176,3291.82,0,0
2025-01-01,B2M3M,"NHS COVENTRY AND WARWICKSHIRE",177,3206.48,0,0
2025-01-01,92A,"NHS SURREY HEARTLANDS",179,3731.54,0,0
2025-01-01,14L,"NHS MANCHESTER",186,3507.12,0,0
2025-01-01,14Y,"NHS BUCKINGHAMSHIRE",189,3872.61,0,0
2025-01-01,72Q,"NHS SOUTH EAST LONDON",202,4173,0,0
2025-01-01,26A,"NHS NORFOLK AND WAVENEY",213,5857.67,0,0
2025-01-01,00L,"NHS NORTHUMBERLAND",225,3799.22,0,0
2025-01-01,W2U3Z,"NHS NORTH WEST LONDON",228,5308.3,0,0
2025-01-01,97R,"NHS EAST SUSSEX",230,4536.63,0,0
2025-01-01,70F,"NHS WEST SUSSEX",233,4570.43,0,0
2025-01-01,36L,"NHS SOUTH WEST LONDON",236,4894.58,0,0
2025-01-01,52R,"NHS NOTTINGHAM AND NOTTINGHAMSHIRE",236,4824.94,0,0
2025-01-01,27D,"NHS CHESHIRE",239,4114.88,0,0
2025-01-01,D2P2L,"NHS BLACK COUNTRY",248,5298.59,0,0
2025-01-01,91Q,"NHS KENT AND MEDWAY",261,4891.38,0,0
2025-01-01,42D,"NHS NORTH YORKSHIRE",267,4318.46,0,0
2025-01-01,15E,"NHS BIRMINGHAM AND SOLIHULL",268,5201.11,0,0
2025-01-01,03N,"NHS SHEFFIELD",271,4247.25,0,0
2025-01-01,84H,"NHS COUNTY DURHAM",294,4927.43,0,0
2025-01-01,D9Y0V,"NHS HAMPSHIRE, SOUTHAMPTON AND ISLE OF WIGHT",326,8444.35,0,0
2025-01-01,A3A8R,"NHS NORTH EAST LONDON",330,6589.91,0,0
2025-01-01,93C,"NHS NORTH CENTRAL LONDON",466,8158.76,0,0
2025-01-01,16C,"NHS TEES VALLEY",516,8569.16,0,0
2025-01-01,15N,"NHS DEVON",561,10655.91,0,0
2025-01-01,06H,"NHS CAMBRIDGESHIRE AND PETERBOROUGH",603,11017.05,0,0
2025-02-01,09W,"NHS MEDWAY",0,0,0,0
2025-02-01,D4U1Y,"NHS FRIMLEY",1,13.55,0,0
2025-02-01,01J,"NHS KNOWSLEY",5,67.75,0,0
2025-02-01,07G,"NHS THURROCK",12,469.18,0,0
2025-02-01,04Y,"NHS CANNOCK CHASE",14,374.31,0,0
2025-02-01,99G,"NHS SOUTHEND",14,332.11,0,0
2025-02-01,01F,"NHS HALTON",17,461.16,0,0
2025-02-01,02G,"NHS WEST LANCASHIRE",18,298.05,0,0
2025-02-01,01V,"NHS SOUTHPORT AND FORMBY",20,411.34,0,0
2025-02-01,02Q,"NHS BASSETLAW",20,294.55,0,0
2025-02-01,05D,"NHS EAST STAFFORDSHIRE",20,409.04,0,0
2025-02-01,05V,"NHS STAFFORD AND SURROUNDS",21,472.66,0,0
2025-02-01,99F,"NHS CASTLE POINT AND ROCHFORD",22,481.48,0,0
2025-02-01,05Q,"NHS SOUTH EAST STAFFORDSHIRE AND SEISDON PENINSULA",25,501.19,0,0
2025-02-01,07H,"NHS WEST ESSEX",26,849.34,0,0
2025-02-01,04C,"NHS LEICESTER CITY",27,487.71,0,0
2025-02-01,04V,"NHS WEST LEICESTERSHIRE",27,1044.33,0,0
2025-02-01,12F,"NHS WIRRAL",27,501.23,0,0
2025-02-01,10R,"NHS PORTSMOUTH",28,555.38,0,0
2025-02-01,00N,"NHS SOUTH TYNESIDE",29,541.85,0,0
2025-02-01,99E,"NHS BASILDON AND BRENTWOOD",29,1031.94,0,0
2025-02-01,01X,"NHS ST HELENS",32,672.7,0,0
2025-02-01,01T,"NHS SOUTH SEFTON",33,501.3,0,0
2025-02-01,05G,"NHS NORTH STAFFORDSHIRE",33,649.8,0,0
2025-02-01,02P,"NHS BARNSLEY",36,741.74,0,0
2025-02-01,02T,"NHS CALDERDALE",36,690.87,0,0
2025-02-01,05W,"NHS STOKE ON TRENT",36,1229.96,0,0
2025-02-01,03H,"NHS NORTH EAST LINCOLNSHIRE",38,658.01,0,0
2025-02-01,03K,"NHS NORTH LINCOLNSHIRE",38,545.85,0,0
2025-02-01,03F,"NHS HULL",39,696.96,0,0
2025-02-01,02E,"NHS WARRINGTON",41,811.87,0,0
2025-02-01,U2G6B,"NHS THAMES VALLEY ICB - U2G6B",41,1008.69,0,0
2025-02-01,00V,"NHS BURY",42,780.79,0,0
2025-02-01,03W,"NHS EAST LEICESTERSHIRE AND RUTLAND",42,709.25,0,0
2025-02-01,00Q,"NHS BLACKBURN WITH DARWEN",43,690.95,0,0
2025-02-01,00Y,"NHS OLDHAM",44,876.46,0,0
2025-02-01,03R,"NHS WAKEFIELD",44,852.52,0,0
2025-02-01,09D,"NHS BRIGHTON AND HOVE",45,1165.77,0,0
2025-02-01,06L,"NHS IPSWICH AND EAST SUFFOLK",46,1284.45,0,0
2025-02-01,11X,"NHS SOMERSET",47,1160.99,0,0
2025-02-01,06Q,"NHS MID ESSEX",48,1018.92,0,0
2025-02-01,01G,"NHS SALFORD",50,1757.01,0,0
2025-02-01,01E,"NHS GREATER PRESTON",51,921.19,0,0
2025-02-01,00R,"NHS BLACKPOOL",53,758.76,0,0
2025-02-01,00T,"NHS BOLTON",53,1016.86,0,0
2025-02-01,06T,"NHS NORTH EAST ESSEX",53,770.54,0,0
2025-02-01,07K,"NHS WEST SUFFOLK",55,1024.65,0,0
2025-02-01,00P,"NHS SUNDERLAND",56,1151.4,0,0
2025-02-01,03Q,"NHS VALE OF YORK",58,942.17,0,0
2025-02-01,00X,"NHS CHORLEY AND SOUTH RIBBLE",59,948.36,0,0
2025-02-01,99A,"NHS LIVERPOOL",59,975.46,0,0
2025-02-01,01D,"NHS HEYWOOD, MIDDLETON AND ROCHDALE",61,1029.6,0,0
2025-02-01,02Y,"NHS EAST RIDING OF YORKSHIRE",62,1054.97,0,0
2025-02-01,02M,"NHS FYLDE AND WYRE",63,994.88,0,0
2025-02-01,01Y,"NHS TAMESIDE AND GLOSSOP",65,1319.25,0,0
2025-02-01,03L,"NHS ROTHERHAM",68,989.07,0,0
2025-02-01,M2L0M,"NHS SHROPSHIRE, TELFORD AND WREKIN",68,1399.24,0,0
2025-02-01,02X,"NHS DONCASTER",70,1028.84,0,0
2025-02-01,78H,"NHS NORTHAMPTONSHIRE",75,1263.76,0,0
2025-02-01,11M,"NHS GLOUCESTERSHIRE",78,1781.45,0,0
2025-02-01,10Q,"NHS OXFORDSHIRE",81,1741.55,0,0
2025-02-01,01K,"NHS MORECAMBE BAY",82,1426.38,0,0
2025-02-01,01A,"NHS EAST LANCASHIRE",83,1252.12,0,0
2025-02-01,15A,"NHS BERKSHIRE WEST",83,1640.63,0,0
2025-02-01,02A,"NHS TRAFFORD",84,2132.73,0,0
2025-02-01,99C,"NHS NORTH TYNESIDE",89,1720.37,0,0
2025-02-01,01H,"NHS NORTH CUMBRIA",98,1553.97,0,0
2025-02-01,15C,"NHS BRISTOL, NORTH SOMERSET AND SOUTH GLOUCESTERSHIRE",100,2244.68,0,0
2025-02-01,92G,"NHS BATH AND NORTH EAST SOMERSET, SWINDON AND WILTSHIRE",102,2036.96,0,0
2025-02-01,X2C4Y,"NHS KIRKLEES",106,2154.96,0,0
2025-02-01,02H,"NHS WIGAN BOROUGH",108,1666.46,0,0
2025-02-01,15F,"NHS LEEDS",108,2048.13,0,0
2025-02-01,06N,"NHS HERTS VALLEYS",111,2488.06,0,0
2025-02-01,11J,"NHS DORSET",111,1940.26,0,0
2025-02-01,01W,"NHS STOCKPORT",114,2169.03,0,0
2025-02-01,06K,"NHS EAST AND NORTH HERTFORDSHIRE",122,2717.11,0,0
2025-02-01,11N,"NHS CORNWALL AND THE ISLES OF SCILLY",123,2432.83,0,0
2025-02-01,18C,"NHS HEREFORDSHIRE AND WORCESTERSHIRE",127,2589.51,0,0
2025-02-01,15M,"NHS DERBY AND DERBYSHIRE",132,2642.54,0,0
2025-02-01,36J,"NHS BRADFORD DISTRICT AND CRAVEN",142,2857.94,0,0
2025-02-01,71E,"NHS LINCOLNSHIRE",146,3035.89,0,0
2025-02-01,13T,"NHS NEWCASTLE GATESHEAD",149,2695.83,0,0
2025-02-01,92A,"NHS SURREY HEARTLANDS",149,3352.81,0,0
2025-02-01,B2M3M,"NHS COVENTRY AND WARWICKSHIRE",150,2576.39,0,0
2025-02-01,14L,"NHS MANCHESTER",155,3002.28,0,0
2025-02-01,72Q,"NHS SOUTH EAST LONDON",159,3441.76,0,0
2025-02-01,M1J4Y,"NHS BEDFORDSHIRE, LUTON AND MILTON KEYNES",159,3568.71,0,0
2025-02-01,14Y,"NHS BUCKINGHAMSHIRE",167,4180.41,0,0
2025-02-01,26A,"NHS NORFOLK AND WAVENEY",168,4736.61,0,0
2025-02-01,52R,"NHS NOTTINGHAM AND NOTTINGHAMSHIRE",181,3910.96,0,0
2025-02-01,W2U3Z,"NHS NORTH WEST LONDON",187,3804.01,0,0
2025-02-01,70F,"NHS WEST SUSSEX",189,3951.37,0,0
2025-02-01,15E,"NHS BIRMINGHAM AND SOLIHULL",201,4316.78,0,0
2025-02-01,97R,"NHS EAST SUSSEX",204,3921.74,0,0
2025-02-01,D2P2L,"NHS BLACK COUNTRY",215,4405.23,0,0
2025-02-01,42D,"NHS NORTH YORKSHIRE",218,3628.66,0,0
2025-02-01,36L,"NHS SOUTH WEST LONDON",221,5460.89,0,0
2025-02-01,03N,"NHS SHEFFIELD",222,3742.38,0,0
2025-02-01,00L,"NHS NORTHUMBERLAND",225,3527.66,0,0
2025-02-01,27D,"NHS CHESHIRE",226,3718.3,0,0
2025-02-01,84H,"NHS COUNTY DURHAM",251,4332.16,0,0
2025-02-01,D9Y0V,"NHS HAMPSHIRE, SOUTHAMPTON AND ISLE OF WIGHT",259,6275.93,0,0
2025-02-01,91Q,"NHS KENT AND MEDWAY",263,4806.59,0,0
2025-02-01,A3A8R,"NHS NORTH EAST LONDON",291,5826.96,0,0
2025-02-01,93C,"NHS NORTH CENTRAL LONDON",393,6983.64,0,0
2025-02-01,16C,"NHS TEES VALLEY",437,7186.87,0,0
2025-02-01,15N,"NHS DEVON",479,8869.05,0,0
2025-02-01,06H,"NHS CAMBRIDGESHIRE AND PETERBOROUGH",519,8919.66,0,0
2025-03-01,09W,"NHS MEDWAY",0,0,0,0
2025-03-01,D4U1Y,"NHS FRIMLEY",1,31.71,0,0
2025-03-01,01J,"NHS KNOWSLEY",8,108.4,0,0
2025-03-01,07G,"NHS THURROCK",9,248.75,0,0
2025-03-01,01F,"NHS HALTON",16,338.97,0,0
2025-03-01,05D,"NHS EAST STAFFORDSHIRE",17,465.23,0,0
2025-03-01,99G,"NHS SOUTHEND",17,372.76,0,0
2025-03-01,05V,"NHS STAFFORD AND SURROUNDS",18,420.22,0,0
2025-03-01,02G,"NHS WEST LANCASHIRE",19,442.68,0,0
2025-03-01,04Y,"NHS CANNOCK CHASE",19,352.22,0,0
2025-03-01,05G,"NHS NORTH STAFFORDSHIRE",23,446.15,0,0
2025-03-01,05W,"NHS STOKE ON TRENT",23,926.51,0,0
2025-03-01,99F,"NHS CASTLE POINT AND ROCHFORD",23,529.49,0,0
2025-03-01,05Q,"NHS SOUTH EAST STAFFORDSHIRE AND SEISDON PENINSULA",25,445.27,0,0
2025-03-01,10R,"NHS PORTSMOUTH",25,690.72,0,0
2025-03-01,01V,"NHS SOUTHPORT AND FORMBY",27,406.46,0,0
2025-03-01,07H,"NHS WEST ESSEX",27,921.11,0,0
2025-03-01,02P,"NHS BARNSLEY",30,486.85,0,0
2025-03-01,04C,"NHS LEICESTER CITY",30,541.88,0,0
2025-03-01,00N,"NHS SOUTH TYNESIDE",31,596.05,0,0
2025-03-01,02Q,"NHS BASSETLAW",32,470.69,0,0
2025-03-01,03W,"NHS EAST LEICESTERSHIRE AND RUTLAND",32,535.74,0,0
2025-03-01,99E,"NHS BASILDON AND BRENTWOOD",32,1118.71,0,0
2025-03-01,02T,"NHS CALDERDALE",37,636.73,0,0
2025-03-01,03K,"NHS NORTH LINCOLNSHIRE",37,582.93,0,0
2025-03-01,12F,"NHS WIRRAL",37,717.98,0,0
2025-03-01,00V,"NHS BURY",38,884.3,0,0
2025-03-01,01T,"NHS SOUTH SEFTON",40,650.3,0,0
2025-03-01,01X,"NHS ST HELENS",40,956.8,0,0
2025-03-01,04V,"NHS WEST LEICESTERSHIRE",41,755.09,0,0
2025-03-01,U2G6B,"NHS THAMES VALLEY ICB - U2G6B",41,905,0,0
2025-03-01,11X,"NHS SOMERSET",42,895.56,0,0
2025-03-01,00Q,"NHS BLACKBURN WITH DARWEN",43,650.34,0,0
2025-03-01,03F,"NHS HULL",43,805.31,0,0
2025-03-01,03H,"NHS NORTH EAST LINCOLNSHIRE",43,607.08,0,0
2025-03-01,01E,"NHS GREATER PRESTON",44,770.41,0,0
2025-03-01,09D,"NHS BRIGHTON AND HOVE",46,812.84,0,0
2025-03-01,00Y,"NHS OLDHAM",47,898.39,0,0
2025-03-01,03Q,"NHS VALE OF YORK",48,887.88,0,0
2025-03-01,01D,"NHS HEYWOOD, MIDDLETON AND ROCHDALE",50,803.75,0,0
2025-03-01,03L,"NHS ROTHERHAM",51,718.13,0,0
2025-03-01,06L,"NHS IPSWICH AND EAST SUFFOLK",51,1573.85,0,0
2025-03-01,00R,"NHS BLACKPOOL",53,772.3,0,0
2025-03-01,06Q,"NHS MID ESSEX",53,1288.33,0,0
2025-03-01,01G,"NHS SALFORD",54,1348,0,0
2025-03-01,06T,"NHS NORTH EAST ESSEX",55,864.44,0,0
2025-03-01,00P,"NHS SUNDERLAND",56,988.96,0,0
2025-03-01,02E,"NHS WARRINGTON",56,1080.18,0,0
2025-03-01,99A,"NHS LIVERPOOL",56,1086.2,0,0
2025-03-01,00T,"NHS BOLTON",58,1009.87,0,0
2025-03-01,02X,"NHS DONCASTER",60,933.95,0,0
2025-03-01,02Y,"NHS EAST RIDING OF YORKSHIRE",63,1142.77,0,0
2025-03-01,03R,"NHS WAKEFIELD",64,1164.14,0,0
2025-03-01,07K,"NHS WEST SUFFOLK",67,1521.43,0,0
2025-03-01,15A,"NHS BERKSHIRE WEST",68,1412.37,0,0
2025-03-01,78H,"NHS NORTHAMPTONSHIRE",68,1019.14,0,0
2025-03-01,02M,"NHS FYLDE AND WYRE",69,1092.09,0,0
2025-03-01,01Y,"NHS TAMESIDE AND GLOSSOP",74,1531.64,0,0
2025-03-01,00X,"NHS CHORLEY AND SOUTH RIBBLE",81,1278.15,0,0
2025-03-01,M2L0M,"NHS SHROPSHIRE, TELFORD AND WREKIN",81,1848.21,0,0
2025-03-01,01A,"NHS EAST LANCASHIRE",84,1379.01,0,0
2025-03-01,11M,"NHS GLOUCESTERSHIRE",85,1948.21,0,0
2025-03-01,02A,"NHS TRAFFORD",87,1675.42,0,0
2025-03-01,06N,"NHS HERTS VALLEYS",90,1705.96,0,0
2025-03-01,99C,"NHS NORTH TYNESIDE",95,1977.62,0,0
2025-03-01,01K,"NHS MORECAMBE BAY",97,1643.97,0,0
2025-03-01,01W,"NHS STOCKPORT",104,2033.51,0,0
2025-03-01,10Q,"NHS OXFORDSHIRE",105,1926.85,0,0
2025-03-01,15C,"NHS BRISTOL, NORTH SOMERSET AND SOUTH GLOUCESTERSHIRE",106,2301.99,0,0
2025-03-01,92G,"NHS BATH AND NORTH EAST SOMERSET, SWINDON AND WILTSHIRE",106,1916.31,0,0
2025-03-01,01H,"NHS NORTH CUMBRIA",112,1898.13,0,0
2025-03-01,06K,"NHS EAST AND NORTH HERTFORDSHIRE",118,2527.76,0,0
2025-03-01,X2C4Y,"NHS KIRKLEES",118,2226.63,0,0
2025-03-01,11J,"NHS DORSET",119,2403.35,0,0
2025-03-01,15F,"NHS LEEDS",120,2186.59,0,0
2025-03-01,02H,"NHS WIGAN BOROUGH",121,2032.14,0,0
2025-03-01,11N,"NHS CORNWALL AND THE ISLES OF SCILLY",129,2457.19,0,0
2025-03-01,15M,"NHS DERBY AND DERBYSHIRE",134,2725.85,0,0
2025-03-01,13T,"NHS NEWCASTLE GATESHEAD",135,2546.7,0,0
2025-03-01,71E,"NHS LINCOLNSHIRE",138,2597.99,0,0
2025-03-01,M1J4Y,"NHS BEDFORDSHIRE, LUTON AND MILTON KEYNES",140,3255.81,0,0
2025-03-01,18C,"NHS HEREFORDSHIRE AND WORCESTERSHIRE",143,2765.76,0,0
2025-03-01,36J,"NHS BRADFORD DISTRICT AND CRAVEN",148,2794.08,0,0
2025-03-01,B2M3M,"NHS COVENTRY AND WARWICKSHIRE",160,2942.25,0,0
2025-03-01,14Y,"NHS BUCKINGHAMSHIRE",162,3801.32,0,0
2025-03-01,72Q,"NHS SOUTH EAST LONDON",166,3615.06,0,0
2025-03-01,14L,"NHS MANCHESTER",170,3021.45,0,0
2025-03-01,92A,"NHS SURREY HEARTLANDS",175,3897.15,0,0
2025-03-01,26A,"NHS NORFOLK AND WAVENEY",197,4908.58,0,0
2025-03-01,70F,"NHS WEST SUSSEX",197,3927.44,0,0
2025-03-01,52R,"NHS NOTTINGHAM AND NOTTINGHAMSHIRE",202,3920.49,0,0
2025-03-01,W2U3Z,"NHS NORTH WEST LONDON",204,4475.01,0,0
2025-03-01,00L,"NHS NORTHUMBERLAND",206,3326.04,0,0
2025-03-01,36L,"NHS SOUTH WEST LONDON",212,4476.9,0,0
2025-03-01,27D,"NHS CHESHIRE",217,3583.19,0,0
2025-03-01,42D,"NHS NORTH YORKSHIRE",223,3706.87,0,0
2025-03-01,D2P2L,"NHS BLACK COUNTRY",230,4897.12,0,0
2025-03-01,97R,"NHS EAST SUSSEX",238,4588.68,0,0
2025-03-01,84H,"NHS COUNTY DURHAM",240,4057.72,0,0
2025-03-01,15E,"NHS BIRMINGHAM AND SOLIHULL",243,4975.38,0,0
2025-03-01,03N,"NHS SHEFFIELD",252,4068.11,0,0
2025-03-01,D9Y0V,"NHS HAMPSHIRE, SOUTHAMPTON AND ISLE OF WIGHT",265,6473.3,0,0
2025-03-01,91Q,"NHS KENT AND MEDWAY",271,5299.53,0,0
2025-03-01,A3A8R,"NHS NORTH EAST LONDON",282,5546.77,0,0
2025-03-01,93C,"NHS NORTH CENTRAL LONDON",380,6902.08,0,0
2025-03-01,16C,"NHS TEES VALLEY",458,7359.52,0,0
2025-03-01,06H,"NHS CAMBRIDGESHIRE AND PETERBOROUGH",494,8806.56,0,0
2025-03-01,15N,"NHS DEVON",533,9704.1,0,0
2025-04-01,09W,"NHS MEDWAY",0,0,0,0
2025-04-01,D4U1Y,"NHS FRIMLEY",0,0,0,0
2025-04-01,01J,"NHS KNOWSLEY",4,54.2,0,0
2025-04-01,07G,"NHS THURROCK",7,352.11,0,0
2025-04-01,05D,"NHS EAST STAFFORDSHIRE",13,187.93,0,0
2025-04-01,05V,"NHS STAFFORD AND SURROUNDS",14,280.98,0,0
2025-04-01,01F,"NHS HALTON",15,352.51,0,0
2025-04-01,04Y,"NHS CANNOCK CHASE",17,338.66,0,0
2025-04-01,02G,"NHS WEST LANCASHIRE",21,555.35,0,0
2025-04-01,10R,"NHS PORTSMOUTH",21,487.63,0,0
2025-04-01,02Q,"NHS BASSETLAW",22,363.15,0,0
2025-04-01,99F,"NHS CASTLE POINT AND ROCHFORD",22,447.04,0,0
2025-04-01,99G,"NHS SOUTHEND",22,426.99,0,0
2025-04-01,00N,"NHS SOUTH TYNESIDE",23,460.58,0,0
2025-04-01,04C,"NHS LEICESTER CITY",25,474.14,0,0
2025-04-01,07H,"NHS WEST ESSEX",25,714.77,0,0
2025-04-01,01V,"NHS SOUTHPORT AND FORMBY",26,533.25,0,0
2025-04-01,01T,"NHS SOUTH SEFTON",28,420.02,0,0
2025-04-01,05Q,"NHS SOUTH EAST STAFFORDSHIRE AND SEISDON PENINSULA",28,512.15,0,0
2025-04-01,05G,"NHS NORTH STAFFORDSHIRE",31,542.34,0,0
2025-04-01,04V,"NHS WEST LEICESTERSHIRE",32,652.78,0,0
2025-04-01,01X,"NHS ST HELENS",33,686.26,0,0
2025-04-01,03F,"NHS HULL",33,642.74,0,0
2025-04-01,05W,"NHS STOKE ON TRENT",33,1117.95,0,0
2025-04-01,00Y,"NHS OLDHAM",35,610.87,0,0
2025-04-01,03K,"NHS NORTH LINCOLNSHIRE",35,553.18,0,0
2025-04-01,99E,"NHS BASILDON AND BRENTWOOD",35,1250.21,0,0
2025-04-01,02T,"NHS CALDERDALE",37,678.07,0,0
2025-04-01,03W,"NHS EAST LEICESTERSHIRE AND RUTLAND",37,603.5,0,0
2025-04-01,02P,"NHS BARNSLEY",38,608.79,0,0
2025-04-01,11X,"NHS SOMERSET",38,968.6,0,0
2025-04-01,U2G6B,"NHS THAMES VALLEY ICB - U2G6B",38,1103,0,0
2025-04-01,03H,"NHS NORTH EAST LINCOLNSHIRE",39,671.57,0,0
2025-04-01,12F,"NHS WIRRAL",39,731.54,0,0
2025-04-01,06L,"NHS IPSWICH AND EAST SUFFOLK",44,1040.69,0,0
2025-04-01,00Q,"NHS BLACKBURN WITH DARWEN",45,704.53,0,0
2025-04-01,00R,"NHS BLACKPOOL",46,623.3,0,0
2025-04-01,02E,"NHS WARRINGTON",46,825.5,0,0
2025-04-01,06Q,"NHS MID ESSEX",47,1038.83,0,0
2025-04-01,07K,"NHS WEST SUFFOLK",47,1003.54,0,0
2025-04-01,03Q,"NHS VALE OF YORK",48,781.4,0,0
2025-04-01,06T,"NHS NORTH EAST ESSEX",48,797.02,0,0
2025-04-01,03L,"NHS ROTHERHAM",50,731.66,0,0
2025-04-01,00V,"NHS BURY",51,1004.55,0,0
2025-04-01,00P,"NHS SUNDERLAND",55,1043.12,0,0
2025-04-01,09D,"NHS BRIGHTON AND HOVE",56,1287.48,0,0
2025-04-01,01Y,"NHS TAMESIDE AND GLOSSOP",57,1105,0,0
2025-04-01,00X,"NHS CHORLEY AND SOUTH RIBBLE",58,962.24,0,0
2025-04-01,01G,"NHS SALFORD",58,1949.18,0,0
2025-04-01,02M,"NHS FYLDE AND WYRE",58,875.39,0,0
2025-04-01,00T,"NHS BOLTON",59,1227.76,0,0
2025-04-01,01E,"NHS GREATER PRESTON",60,1185.6,0,0
2025-04-01,03R,"NHS WAKEFIELD",64,1175.95,0,0
2025-04-01,02X,"NHS DONCASTER",67,1071.73,0,0
2025-04-01,11M,"NHS GLOUCESTERSHIRE",67,1396.27,0,0
2025-04-01,99A,"NHS LIVERPOOL",68,1070.34,0,0
2025-04-01,01D,"NHS HEYWOOD, MIDDLETON AND ROCHDALE",69,1138.03,0,0
2025-04-01,02Y,"NHS EAST RIDING OF YORKSHIRE",70,1585.61,0,0
2025-04-01,78H,"NHS NORTHAMPTONSHIRE",78,1163.04,0,0
2025-04-01,99C,"NHS NORTH TYNESIDE",81,1544.34,0,0
2025-04-01,M2L0M,"NHS SHROPSHIRE, TELFORD AND WREKIN",81,1802.01,0,0
2025-04-01,10Q,"NHS OXFORDSHIRE",82,1784.29,0,0
2025-04-01,15A,"NHS BERKSHIRE WEST",85,1790.7,0,0
2025-04-01,01A,"NHS EAST LANCASHIRE",89,1332.53,0,0
2025-04-01,01K,"NHS MORECAMBE BAY",92,1528.29,0,0
2025-04-01,01H,"NHS NORTH CUMBRIA",95,1524.25,0,0
2025-04-01,02A,"NHS TRAFFORD",98,2468.25,0,0
2025-04-01,01W,"NHS STOCKPORT",101,1904.67,0,0
2025-04-01,02H,"NHS WIGAN BOROUGH",102,1743.7,0,0
2025-04-01,92G,"NHS BATH AND NORTH EAST SOMERSET, SWINDON AND WILTSHIRE",103,1986.27,0,0
2025-04-01,15F,"NHS LEEDS",105,2218.32,0,0
2025-04-01,X2C4Y,"NHS KIRKLEES",109,2075.57,0,0
2025-04-01,06N,"NHS HERTS VALLEYS",111,2289.32,0,0
2025-04-01,15C,"NHS BRISTOL, NORTH SOMERSET AND SOUTH GLOUCESTERSHIRE",113,2434.09,0,0
2025-04-01,06K,"NHS EAST AND NORTH HERTFORDSHIRE",119,2732.56,0,0
2025-04-01,11N,"NHS CORNWALL AND THE ISLES OF SCILLY",122,2139.12,0,0
2025-04-01,18C,"NHS HEREFORDSHIRE AND WORCESTERSHIRE",127,2707.21,0,0
2025-04-01,11J,"NHS DORSET",135,3024.23,0,0
2025-04-01,15M,"NHS DERBY AND DERBYSHIRE",135,2655.31,0,0
2025-04-01,14L,"NHS MANCHESTER",139,2742.03,0,0
2025-04-01,36J,"NHS BRADFORD DISTRICT AND CRAVEN",144,3572.16,0,0
2025-04-01,M1J4Y,"NHS BEDFORDSHIRE, LUTON AND MILTON KEYNES",149,3747.43,0,0
2025-04-01,13T,"NHS NEWCASTLE GATESHEAD",155,2926.13,0,0
2025-04-01,71E,"NHS LINCOLNSHIRE",155,2834.62,0,0
2025-04-01,B2M3M,"NHS COVENTRY AND WARWICKSHIRE",158,2792.83,0,0
2025-04-01,72Q,"NHS SOUTH EAST LONDON",161,3481.63,0,0
2025-04-01,14Y,"NHS BUCKINGHAMSHIRE",165,3609.07,0,0
2025-04-01,92A,"NHS SURREY HEARTLANDS",167,3591.99,0,0
2025-04-01,70F,"NHS WEST SUSSEX",172,3771,0,0
2025-04-01,26A,"NHS NORFOLK AND WAVENEY",186,5357.89,0,0
2025-04-01,52R,"NHS NOTTINGHAM AND NOTTINGHAMSHIRE",191,3839.18,0,0
2025-04-01,97R,"NHS EAST SUSSEX",204,4217.46,0,0
2025-04-01,36L,"NHS SOUTH WEST LONDON",207,4523.25,0,0
2025-04-01,00L,"NHS NORTHUMBERLAND",215,3624.13,0,0
2025-04-01,03N,"NHS SHEFFIELD",217,3953.77,0,0
2025-04-01,W2U3Z,"NHS NORTH WEST LONDON",219,4624.53,0,0
2025-04-01,27D,"NHS CHESHIRE",226,3781.91,0,0
2025-04-01,D2P2L,"NHS BLACK COUNTRY",228,4314.09,0,0
2025-04-01,84H,"NHS COUNTY DURHAM",235,3890.47,0,0
2025-04-01,42D,"NHS NORTH YORKSHIRE",236,3848.13,0,0
2025-04-01,91Q,"NHS KENT AND MEDWAY",240,4944.82,0,0
2025-04-01,15E,"NHS BIRMINGHAM AND SOLIHULL",243,5207.25,0,0
2025-04-01,D9Y0V,"NHS HAMPSHIRE, SOUTHAMPTON AND ISLE OF WIGHT",262,7160.75,0,0
2025-04-01,A3A8R,"NHS NORTH EAST LONDON",267,5265.37,0,0
2025-04-01,93C,"NHS NORTH CENTRAL LONDON",407,7595.21,0,0
2025-04-01,16C,"NHS TEES VALLEY",441,7235.21,0,0
2025-04-01,06H,"NHS CAMBRIDGESHIRE AND PETERBOROUGH",456,8182.18,0,0
2025-04-01,15N,"NHS DEVON",457,8522.04,0,0
2025-05-01,09W,"NHS MEDWAY",0,0,0,0
2025-05-01,D4U1Y,"NHS FRIMLEY",0,0,0,0
2025-05-01,01J,"NHS KNOWSLEY",6,81.3,0,0
2025-05-01,07G,"NHS THURROCK",16,690.16,0,0
2025-05-01,99G,"NHS SOUTHEND",17,372.78,0,0
2025-05-01,01F,"NHS HALTON",18,501.8,0,0
2025-05-01,02G,"NHS WEST LANCASHIRE",19,559.62,0,0
2025-05-01,05V,"NHS STAFFORD AND SURROUNDS",19,529.79,0,0
2025-05-01,04Y,"NHS CANNOCK CHASE",21,447.02,0,0
2025-05-01,05D,"NHS EAST STAFFORDSHIRE",21,436.97,0,0
2025-05-01,99F,"NHS CASTLE POINT AND ROCHFORD",23,392.89,0,0
2025-05-01,05Q,"NHS SOUTH EAST STAFFORDSHIRE AND SEISDON PENINSULA",24,446.17,0,0
2025-05-01,01V,"NHS SOUTHPORT AND FORMBY",25,392.91,0,0
2025-05-01,02Q,"NHS BASSETLAW",25,346.99,0,0
2025-05-01,04C,"NHS LEICESTER CITY",26,528.64,0,0
2025-05-01,02P,"NHS BARNSLEY",27,513.9,0,0
2025-05-01,10R,"NHS PORTSMOUTH",27,609.55,0,0
2025-05-01,05W,"NHS STOKE ON TRENT",28,1006.85,0,0
2025-05-01,03H,"NHS NORTH EAST LINCOLNSHIRE",29,534.31,0,0
2025-05-01,99E,"NHS BASILDON AND BRENTWOOD",30,937.74,0,0
2025-05-01,00N,"NHS SOUTH TYNESIDE",32,663.76,0,0
2025-05-01,05G,"NHS NORTH STAFFORDSHIRE",32,671.76,0,0
2025-05-01,07H,"NHS WEST ESSEX",33,755.2,0,0
2025-05-01,U2G6B,"NHS THAMES VALLEY ICB - U2G6B",33,718.26,0,0
2025-05-01,01X,"NHS ST HELENS",34,708.72,0,0
2025-05-01,01T,"NHS SOUTH SEFTON",36,582.58,0,0
2025-05-01,03F,"NHS HULL",36,555.5,0,0
2025-05-01,03K,"NHS NORTH LINCOLNSHIRE",38,609.15,0,0
2025-05-01,00V,"NHS BURY",40,883.8,0,0
2025-05-01,02T,"NHS CALDERDALE",40,799.95,0,0
2025-05-01,00Q,"NHS BLACKBURN WITH DARWEN",42,636.8,0,0
2025-05-01,02E,"NHS WARRINGTON",42,785.73,0,0
2025-05-01,11X,"NHS SOMERSET",42,964.02,0,0
2025-05-01,06Q,"NHS MID ESSEX",43,1150.54,0,0
2025-05-01,01E,"NHS GREATER PRESTON",44,883.15,0,0
2025-05-01,03W,"NHS EAST LEICESTERSHIRE AND RUTLAND",44,787.83,0,0
2025-05-01,04V,"NHS WEST LEICESTERSHIRE",45,1176.7,0,0
2025-05-01,12F,"NHS WIRRAL",45,839.91,0,0
2025-05-01,09D,"NHS BRIGHTON AND HOVE",47,1179.41,0,0
2025-05-01,00P,"NHS SUNDERLAND",48,961.8,0,0
2025-05-01,00Y,"NHS OLDHAM",49,1074.55,0,0
2025-05-01,01G,"NHS SALFORD",49,1277.65,0,0
2025-05-01,00R,"NHS BLACKPOOL",50,758.74,0,0
2025-05-01,03R,"NHS WAKEFIELD",52,1041.3,0,0
2025-05-01,07K,"NHS WEST SUFFOLK",53,1241.99,0,0
2025-05-01,06L,"NHS IPSWICH AND EAST SUFFOLK",54,1689.17,0,0
2025-05-01,06T,"NHS NORTH EAST ESSEX",54,822.95,0,0
2025-05-01,01Y,"NHS TAMESIDE AND GLOSSOP",56,1128.1,0,0
2025-05-01,03Q,"NHS VALE OF YORK",56,985,0,0
2025-05-01,03L,"NHS ROTHERHAM",60,958.64,0,0
2025-05-01,00T,"NHS BOLTON",61,1104.36,0,0
2025-05-01,02Y,"NHS EAST RIDING OF YORKSHIRE",63,1078.5,0,0
2025-05-01,01D,"NHS HEYWOOD, MIDDLETON AND ROCHDALE",64,934.9,0,0
2025-05-01,02M,"NHS FYLDE AND WYRE",64,1012.59,0,0
2025-05-01,99A,"NHS LIVERPOOL",64,1056.76,0,0
2025-05-01,00X,"NHS CHORLEY AND SOUTH RIBBLE",68,1371.87,0,0
2025-05-01,02X,"NHS DONCASTER",72,1095.7,0,0
2025-05-01,78H,"NHS NORTHAMPTONSHIRE",72,1089.85,0,0
2025-05-01,15A,"NHS BERKSHIRE WEST",73,1865.03,0,0
2025-05-01,11M,"NHS GLOUCESTERSHIRE",76,1491.99,0,0
2025-05-01,02A,"NHS TRAFFORD",77,2043.12,0,0
2025-05-01,10Q,"NHS OXFORDSHIRE",84,1660.96,0,0
2025-05-01,11N,"NHS CORNWALL AND THE ISLES OF SCILLY",89,2500.66,0,0
2025-05-01,M2L0M,"NHS SHROPSHIRE, TELFORD AND WREKIN",90,1904.59,0,0
2025-05-01,01H,"NHS NORTH CUMBRIA",91,1568.29,0,0
2025-05-01,01K,"NHS MORECAMBE BAY",97,1660.22,0,0
2025-05-01,99C,"NHS NORTH TYNESIDE",99,1923.63,0,0
2025-05-01,01A,"NHS EAST LANCASHIRE",101,1645.31,0,0
2025-05-01,06N,"NHS HERTS VALLEYS",104,2339.7,0,0
2025-05-01,X2C4Y,"NHS KIRKLEES",108,2050.23,0,0
2025-05-01,92G,"NHS BATH AND NORTH EAST SOMERSET, SWINDON AND WILTSHIRE",113,2287.11,0,0
2025-05-01,15C,"NHS BRISTOL, NORTH SOMERSET AND SOUTH GLOUCESTERSHIRE",120,2287.89,0,0
2025-05-01,02H,"NHS WIGAN BOROUGH",123,2190.71,0,0
2025-05-01,06K,"NHS EAST AND NORTH HERTFORDSHIRE",123,2474.56,0,0
2025-05-01,15F,"NHS LEEDS",126,2306.38,0,0
2025-05-01,01W,"NHS STOCKPORT",131,2147.66,0,0
2025-05-01,11J,"NHS DORSET",139,2796.67,0,0
2025-05-01,18C,"NHS HEREFORDSHIRE AND WORCESTERSHIRE",142,2904.99,0,0
2025-05-01,13T,"NHS NEWCASTLE GATESHEAD",148,2722.96,0,0
2025-05-01,B2M3M,"NHS COVENTRY AND WARWICKSHIRE",149,2967.49,0,0
2025-05-01,15M,"NHS DERBY AND DERBYSHIRE",150,3081.57,0,0
2025-05-01,36J,"NHS BRADFORD DISTRICT AND CRAVEN",150,3733.5,0,0
2025-05-01,72Q,"NHS SOUTH EAST LONDON",150,3497.81,0,0
2025-05-01,14L,"NHS MANCHESTER",156,2969.02,0,0
2025-05-01,71E,"NHS LINCOLNSHIRE",158,2877.75,0,0
2025-05-01,M1J4Y,"NHS BEDFORDSHIRE, LUTON AND MILTON KEYNES",158,3634.36,0,0
2025-05-01,14Y,"NHS BUCKINGHAMSHIRE",165,3596.19,0,0
2025-05-01,92A,"NHS SURREY HEARTLANDS",166,3593.22,0,0
2025-05-01,26A,"NHS NORFOLK AND WAVENEY",170,4824.89,0,0
2025-05-01,97R,"NHS EAST SUSSEX",183,3692.88,0,0
2025-05-01,W2U3Z,"NHS NORTH WEST LONDON",183,4292.43,0,0
2025-05-01,70F,"NHS WEST SUSSEX",192,7679.84,0,0
2025-05-01,36L,"NHS SOUTH WEST LONDON",203,4219.95,0,0
2025-05-01,52R,"NHS NOTTINGHAM AND NOTTINGHAMSHIRE",205,4256.06,0,0
2025-05-01,00L,"NHS NORTHUMBERLAND",214,3514.9,0,0
2025-05-01,27D,"NHS CHESHIRE",225,4111.56,0,0
2025-05-01,42D,"NHS NORTH YORKSHIRE",225,3593.8,0,0
2025-05-01,15E,"NHS BIRMINGHAM AND SOLIHULL",227,4426.04,0,0
2025-05-01,D2P2L,"NHS BLACK COUNTRY",237,5077.58,0,0
2025-05-01,D9Y0V,"NHS HAMPSHIRE, SOUTHAMPTON AND ISLE OF WIGHT",239,6216.38,0,0
2025-05-01,91Q,"NHS KENT AND MEDWAY",242,4626.11,0,0
2025-05-01,84H,"NHS COUNTY DURHAM",247,4283.56,0,0
2025-05-01,03N,"NHS SHEFFIELD",254,4048.14,0,0
2025-05-01,A3A8R,"NHS NORTH EAST LONDON",292,6177.76,0,0
2025-05-01,93C,"NHS NORTH CENTRAL LONDON",382,6897.96,0,0
2025-05-01,16C,"NHS TEES VALLEY",435,7145.41,0,0
2025-05-01,06H,"NHS CAMBRIDGESHIRE AND PETERBOROUGH",492,9118.07,0,0
2025-05-01,15N,"NHS DEVON",499,9085.3,0,0
2025-06-01,09W,"NHS MEDWAY",0,0,0,0
2025-06-01,D4U1Y,"NHS FRIMLEY",0,0,0,0
2025-06-01,01J,"NHS KNOWSLEY",5,67.75,0,0
2025-06-01,01F,"NHS HALTON",12,189.68,0,0
2025-06-01,07G,"NHS THURROCK",13,500.89,0,0
2025-06-01,04Y,"NHS CANNOCK CHASE",14,428.48,0,0
2025-06-01,05D,"NHS EAST STAFFORDSHIRE",17,354.82,0,0
2025-06-01,99G,"NHS SOUTHEND",17,318.62,0,0
2025-06-01,00N,"NHS SOUTH TYNESIDE",19,298.07,0,0
2025-06-01,01V,"NHS SOUTHPORT AND FORMBY",19,424.87,0,0
2025-06-01,02G,"NHS WEST LANCASHIRE",19,361.47,0,0
2025-06-01,05V,"NHS STAFFORD AND SURROUNDS",20,451.08,0,0
2025-06-01,10R,"NHS PORTSMOUTH",20,460.55,0,0
2025-06-01,04C,"NHS LEICESTER CITY",24,419.97,0,0
2025-06-01,07H,"NHS WEST ESSEX",24,722.02,0,0
2025-06-01,99F,"NHS CASTLE POINT AND ROCHFORD",24,581.88,0,0
2025-06-01,99E,"NHS BASILDON AND BRENTWOOD",26,654.55,0,0
2025-06-01,00Q,"NHS BLACKBURN WITH DARWEN",28,433.56,0,0
2025-06-01,01T,"NHS SOUTH SEFTON",28,420.02,0,0
2025-06-01,05Q,"NHS SOUTH EAST STAFFORDSHIRE AND SEISDON PENINSULA",28,541,0,0
2025-06-01,02T,"NHS CALDERDALE",30,569.68,0,0
2025-06-01,02Q,"NHS BASSETLAW",31,457.15,0,0
2025-06-01,04V,"NHS WEST LEICESTERSHIRE",31,602.77,0,0
2025-06-01,05G,"NHS NORTH STAFFORDSHIRE",31,582.95,0,0
2025-06-01,03W,"NHS EAST LEICESTERSHIRE AND RUTLAND",32,535.77,0,0
2025-06-01,01X,"NHS ST HELENS",33,699.8,0,0
2025-06-01,12F,"NHS WIRRAL",35,690.88,0,0
2025-06-01,00Y,"NHS OLDHAM",36,781.95,0,0
2025-06-01,03H,"NHS NORTH EAST LINCOLNSHIRE",36,487.81,0,0
2025-06-01,05W,"NHS STOKE ON TRENT",37,1126.92,0,0
2025-06-01,03F,"NHS HULL",38,751.11,0,0
2025-06-01,00V,"NHS BURY",40,947.34,0,0
2025-06-01,02P,"NHS BARNSLEY",40,662.97,0,0
2025-06-01,06L,"NHS IPSWICH AND EAST SUFFOLK",40,1163.29,0,0
2025-06-01,00R,"NHS BLACKPOOL",41,555.55,0,0
2025-06-01,U2G6B,"NHS THAMES VALLEY ICB - U2G6B",41,1098.42,0,0
2025-06-01,06T,"NHS NORTH EAST ESSEX",42,822.69,0,0
2025-06-01,03K,"NHS NORTH LINCOLNSHIRE",44,679.52,0,0
2025-06-01,06Q,"NHS MID ESSEX",44,952.07,0,0
2025-06-01,07K,"NHS WEST SUFFOLK",44,779.66,0,0
2025-06-01,11X,"NHS SOMERSET",44,967.15,0,0
2025-06-01,09D,"NHS BRIGHTON AND HOVE",46,1056.89,0,0
2025-06-01,01E,"NHS GREATER PRESTON",48,942.66,0,0
2025-06-01,03Q,"NHS VALE OF YORK",49,847.73,0,0
2025-06-01,00P,"NHS SUNDERLAND",50,880.6,0,0
2025-06-01,02M,"NHS FYLDE AND WYRE",50,848.23,0,0
2025-06-01,00T,"NHS BOLTON",51,1230.13,0,0
2025-06-01,02E,"NHS WARRINGTON",53,1015.13,0,0
2025-06-01,01G,"NHS SALFORD",54,1567.78,0,0
2025-06-01,01D,"NHS HEYWOOD, MIDDLETON AND ROCHDALE",56,975.42,0,0
2025-06-01,03R,"NHS WAKEFIELD",58,1094.66,0,0
2025-06-01,99A,"NHS LIVERPOOL",58,1029.61,0,0
2025-06-01,78H,"NHS NORTHAMPTONSHIRE",61,891.04,0,0
2025-06-01,03L,"NHS ROTHERHAM",62,894.26,0,0
2025-06-01,01Y,"NHS TAMESIDE AND GLOSSOP",63,1378.37,0,0
2025-06-01,M2L0M,"NHS SHROPSHIRE, TELFORD AND WREKIN",65,1554.42,0,0
2025-06-01,11M,"NHS GLOUCESTERSHIRE",70,1417.76,0,0
2025-06-01,02X,"NHS DONCASTER",72,1097.45,0,0
2025-06-01,02Y,"NHS EAST RIDING OF YORKSHIRE",73,1755.99,0,0
2025-06-01,00X,"NHS CHORLEY AND SOUTH RIBBLE",75,1440.29,0,0
2025-06-01,01A,"NHS EAST LANCASHIRE",81,1245.93,0,0
2025-06-01,02A,"NHS TRAFFORD",82,2091.67,0,0
2025-06-01,06N,"NHS HERTS VALLEYS",84,1678.89,0,0
2025-06-01,01H,"NHS NORTH CUMBRIA",89,1530.32,0,0
2025-06-01,01K,"NHS MORECAMBE BAY",90,1484.11,0,0
2025-06-01,15A,"NHS BERKSHIRE WEST",90,2465.47,0,0
2025-06-01,10Q,"NHS OXFORDSHIRE",92,1921.35,0,0
2025-06-01,99C,"NHS NORTH TYNESIDE",92,1788.17,0,0
2025-06-01,15F,"NHS LEEDS",96,1886.63,0,0
2025-06-01,01W,"NHS STOCKPORT",102,1956.73,0,0
2025-06-01,11N,"NHS CORNWALL AND THE ISLES OF SCILLY",102,1807.66,0,0
2025-06-01,06K,"NHS EAST AND NORTH HERTFORDSHIRE",105,2275.63,0,0
2025-06-01,X2C4Y,"NHS KIRKLEES",105,1984.49,0,0
2025-06-01,15C,"NHS BRISTOL, NORTH SOMERSET AND SOUTH GLOUCESTERSHIRE",107,2311.46,0,0
2025-06-01,02H,"NHS WIGAN BOROUGH",109,1756.99,0,0
2025-06-01,92G,"NHS BATH AND NORTH EAST SOMERSET, SWINDON AND WILTSHIRE",109,2247.13,0,0
2025-06-01,18C,"NHS HEREFORDSHIRE AND WORCESTERSHIRE",116,2333.81,0,0
2025-06-01,11J,"NHS DORSET",121,2934.12,0,0
2025-06-01,15M,"NHS DERBY AND DERBYSHIRE",127,2508,0,0
2025-06-01,36J,"NHS BRADFORD DISTRICT AND CRAVEN",130,2797.32,0,0
2025-06-01,14Y,"NHS BUCKINGHAMSHIRE",140,3122.28,0,0
2025-06-01,M1J4Y,"NHS BEDFORDSHIRE, LUTON AND MILTON KEYNES",145,3320.14,0,0
2025-06-01,71E,"NHS LINCOLNSHIRE",146,2929.45,0,0
2025-06-01,13T,"NHS NEWCASTLE GATESHEAD",149,2939.61,0,0
2025-06-01,92A,"NHS SURREY HEARTLANDS",149,3552.52,0,0
2025-06-01,14L,"NHS MANCHESTER",150,3100.66,0,0
2025-06-01,72Q,"NHS SOUTH EAST LONDON",150,3325.77,0,0
2025-06-01,B2M3M,"NHS COVENTRY AND WARWICKSHIRE",156,2961.25,0,0
2025-06-01,70F,"NHS WEST SUSSEX",164,3515.76,0,0
2025-06-01,26A,"NHS NORFOLK AND WAVENEY",178,4446.17,0,0
2025-06-01,97R,"NHS EAST SUSSEX",180,3302.08,0,0
2025-06-01,36L,"NHS SOUTH WEST LONDON",194,4541.78,0,0
2025-06-01,W2U3Z,"NHS NORTH WEST LONDON",201,4514.55,0,0
2025-06-01,52R,"NHS NOTTINGHAM AND NOTTINGHAMSHIRE",203,3918.23,0,0
2025-06-01,27D,"NHS CHESHIRE",205,3772.04,0,0
2025-06-01,00L,"NHS NORTHUMBERLAND",209,3369.45,0,0
2025-06-01,03N,"NHS SHEFFIELD",213,3357.26,0,0
2025-06-01,D2P2L,"NHS BLACK COUNTRY",213,4472.11,0,0
2025-06-01,15E,"NHS BIRMINGHAM AND SOLIHULL",214,4355.21,0,0
2025-06-01,42D,"NHS NORTH YORKSHIRE",233,3754,0,0
2025-06-01,84H,"NHS COUNTY DURHAM",236,4078.59,0,0
2025-06-01,A3A8R,"NHS NORTH EAST LONDON",238,5494.08,0,0
2025-06-01,91Q,"NHS KENT AND MEDWAY",241,4791.89,0,0
2025-06-01,D9Y0V,"NHS HAMPSHIRE, SOUTHAMPTON AND ISLE OF WIGHT",243,6106.3,0,0
2025-06-01,93C,"NHS NORTH CENTRAL LONDON",352,6186.23,0,0
2025-06-01,16C,"NHS TEES VALLEY",443,7539.21,0,0
2025-06-01,15N,"NHS DEVON",465,8841.79,0,0
2025-06-01,06H,"NHS CAMBRIDGESHIRE AND PETERBOROUGH",484,8297.6,0,0
2025-07-01,09W,"NHS MEDWAY",0,0,0,0
2025-07-01,D4U1Y,"NHS FRIMLEY",0,0,0,0
2025-07-01,01J,"NHS KNOWSLEY",8,108.4,0,0
2025-07-01,07G,"NHS THURROCK",10,374.8,0,0
2025-07-01,01F,"NHS HALTON",18,393.16,0,0
2025-07-01,05V,"NHS STAFFORD AND SURROUNDS",18,462.79,0,0
2025-07-01,99G,"NHS SOUTHEND",18,474.6,0,0
2025-07-01,02G,"NHS WEST LANCASHIRE",19,415.63,0,0
2025-07-01,04Y,"NHS CANNOCK CHASE",20,392.85,0,0
2025-07-01,01V,"NHS SOUTHPORT AND FORMBY",21,325.17,0,0
2025-07-01,04C,"NHS LEICESTER CITY",23,406.43,0,0
2025-07-01,05Q,"NHS SOUTH EAST STAFFORDSHIRE AND SEISDON PENINSULA",24,405.56,0,0
2025-07-01,10R,"NHS PORTSMOUTH",24,501.2,0,0
2025-07-01,05D,"NHS EAST STAFFORDSHIRE",25,474.99,0,0
2025-07-01,99F,"NHS CASTLE POINT AND ROCHFORD",25,555.37,0,0
2025-07-01,02Q,"NHS BASSETLAW",28,391.18,0,0
2025-07-01,00N,"NHS SOUTH TYNESIDE",30,609.59,0,0
2025-07-01,01T,"NHS SOUTH SEFTON",30,460.66,0,0
2025-07-01,04V,"NHS WEST LEICESTERSHIRE",30,1288.18,0,0
2025-07-01,05G,"NHS NORTH STAFFORDSHIRE",30,513.06,0,0
2025-07-01,03F,"NHS HULL",31,749.6,0,0
2025-07-01,03W,"NHS EAST LEICESTERSHIRE AND RUTLAND",32,493.36,0,0
2025-07-01,99E,"NHS BASILDON AND BRENTWOOD",33,1384.36,0,0
2025-07-01,U2G6B,"NHS THAMES VALLEY ICB - U2G6B",33,876.77,0,0
2025-07-01,03H,"NHS NORTH EAST LINCOLNSHIRE",34,498.68,0,0
2025-07-01,03K,"NHS NORTH LINCOLNSHIRE",35,541.36,0,0
2025-07-01,05W,"NHS STOKE ON TRENT",35,1233.12,0,0
2025-07-01,12F,"NHS WIRRAL",35,609.64,0,0
2025-07-01,01X,"NHS ST HELENS",36,628.15,0,0
2025-07-01,02P,"NHS BARNSLEY",36,595.24,0,0
2025-07-01,02T,"NHS CALDERDALE",36,717.98,0,0
2025-07-01,11X,"NHS SOMERSET",40,1008.79,0,0
2025-07-01,00V,"NHS BURY",41,945.36,0,0
2025-07-01,02E,"NHS WARRINGTON",41,744.23,0,0
2025-07-01,06L,"NHS IPSWICH AND EAST SUFFOLK",41,1422.9,0,0
2025-07-01,07H,"NHS WEST ESSEX",41,1245.21,0,0
2025-07-01,00R,"NHS BLACKPOOL",43,636.81,0,0
2025-07-01,00Q,"NHS BLACKBURN WITH DARWEN",47,691.01,0,0
2025-07-01,03R,"NHS WAKEFIELD",48,811.12,0,0
2025-07-01,03L,"NHS ROTHERHAM",49,691.03,0,0
2025-07-01,06Q,"NHS MID ESSEX",49,960.93,0,0
2025-07-01,06T,"NHS NORTH EAST ESSEX",49,715.47,0,0
2025-07-01,09D,"NHS BRIGHTON AND HOVE",49,1056.93,0,0
2025-07-01,00P,"NHS SUNDERLAND",51,1002.46,0,0
2025-07-01,02M,"NHS FYLDE AND WYRE",51,725.48,0,0
2025-07-01,00Y,"NHS OLDHAM",52,1019.68,0,0
2025-07-01,01G,"NHS SALFORD",52,1165.6,0,0
2025-07-01,03Q,"NHS VALE OF YORK",52,934.32,0,0
2025-07-01,01D,"NHS HEYWOOD, MIDDLETON AND ROCHDALE",54,888.02,0,0
2025-07-01,01E,"NHS GREATER PRESTON",57,1014.3,0,0
2025-07-01,01Y,"NHS TAMESIDE AND GLOSSOP",57,1145.95,0,0
2025-07-01,00T,"NHS BOLTON",58,1038.85,0,0
2025-07-01,07K,"NHS WEST SUFFOLK",61,1341.28,0,0
2025-07-01,78H,"NHS NORTHAMPTONSHIRE",61,961.51,0,0
2025-07-01,99A,"NHS LIVERPOOL",63,1043.21,0,0
2025-07-01,02Y,"NHS EAST RIDING OF YORKSHIRE",66,1252.34,0,0
2025-07-01,02X,"NHS DONCASTER",67,1055.91,0,0
2025-07-01,00X,"NHS CHORLEY AND SOUTH RIBBLE",74,1309.18,0,0
2025-07-01,M2L0M,"NHS SHROPSHIRE, TELFORD AND WREKIN",80,1955.69,0,0
2025-07-01,01K,"NHS MORECAMBE BAY",81,1373.95,0,0
2025-07-01,10Q,"NHS OXFORDSHIRE",83,1702.54,0,0
2025-07-01,02A,"NHS TRAFFORD",84,2337.33,0,0
2025-07-01,15A,"NHS BERKSHIRE WEST",84,1991.56,0,0
2025-07-01,11M,"NHS GLOUCESTERSHIRE",87,2538.17,0,0
2025-07-01,01H,"NHS NORTH CUMBRIA",96,1628.1,0,0
2025-07-01,06N,"NHS HERTS VALLEYS",96,1868.02,0,0
2025-07-01,15C,"NHS BRISTOL, NORTH SOMERSET AND SOUTH GLOUCESTERSHIRE",98,2071.35,0,0
2025-07-01,99C,"NHS NORTH TYNESIDE",100,1977.82,0,0
2025-07-01,01A,"NHS EAST LANCASHIRE",102,1667.1,0,0
2025-07-01,11N,"NHS CORNWALL AND THE ISLES OF SCILLY",105,2818.3,0,0
2025-07-01,X2C4Y,"NHS KIRKLEES",105,2059.33,0,0
2025-07-01,92G,"NHS BATH AND NORTH EAST SOMERSET, SWINDON AND WILTSHIRE",108,2231.25,0,0
2025-07-01,11J,"NHS DORSET",109,2486.42,0,0
2025-07-01,02H,"NHS WIGAN BOROUGH",113,1937.34,0,0
2025-07-01,01W,"NHS STOCKPORT",114,2292.17,0,0
2025-07-01,18C,"NHS HEREFORDSHIRE AND WORCESTERSHIRE",114,2334.72,0,0
2025-07-01,06K,"NHS EAST AND NORTH HERTFORDSHIRE",118,2281.59,0,0
2025-07-01,15F,"NHS LEEDS",118,2532.39,0,0
2025-07-01,13T,"NHS NEWCASTLE GATESHEAD",126,2127.04,0,0
2025-07-01,36J,"NHS BRADFORD DISTRICT AND CRAVEN",129,2929.21,0,0
2025-07-01,71E,"NHS LINCOLNSHIRE",133,2235.61,0,0
2025-07-01,14Y,"NHS BUCKINGHAMSHIRE",150,3976.62,0,0
2025-07-01,15M,"NHS DERBY AND DERBYSHIRE",151,3012.88,0,0
2025-07-01,92A,"NHS SURREY HEARTLANDS",152,3535.51,0,0
2025-07-01,B2M3M,"NHS COVENTRY AND WARWICKSHIRE",153,2825.52,0,0
2025-07-01,M1J4Y,"NHS BEDFORDSHIRE, LUTON AND MILTON KEYNES",155,3375.65,0,0
2025-07-01,72Q,"NHS SOUTH EAST LONDON",161,3353.32,0,0
2025-07-01,14L,"NHS MANCHESTER",162,3208.54,0,0
2025-07-01,W2U3Z,"NHS NORTH WEST LONDON",165,3757.15,0,0
2025-07-01,70F,"NHS WEST SUSSEX",173,3809.75,0,0
2025-07-01,26A,"NHS NORFOLK AND WAVENEY",174,5129.53,0,0
2025-07-01,97R,"NHS EAST SUSSEX",174,3478.36,0,0
2025-07-01,52R,"NHS NOTTINGHAM AND NOTTINGHAMSHIRE",180,3943.86,0,0
2025-07-01,00L,"NHS NORTHUMBERLAND",193,3150.89,0,0
2025-07-01,36L,"NHS SOUTH WEST LONDON",196,4987.31,0,0
2025-07-01,27D,"NHS CHESHIRE",197,3513.47,0,0
2025-07-01,42D,"NHS NORTH YORKSHIRE",220,3599.83,0,0
2025-07-01,03N,"NHS SHEFFIELD",221,3682.24,0,0
2025-07-01,D2P2L,"NHS BLACK COUNTRY",229,4919.32,0,0
2025-07-01,15E,"NHS BIRMINGHAM AND SOLIHULL",230,4616.82,0,0
2025-07-01,84H,"NHS COUNTY DURHAM",234,3889.58,0,0
2025-07-01,91Q,"NHS KENT AND MEDWAY",235,4262.91,0,0
2025-07-01,D9Y0V,"NHS HAMPSHIRE, SOUTHAMPTON AND ISLE OF WIGHT",235,6273.84,0,0
2025-07-01,A3A8R,"NHS NORTH EAST LONDON",262,5217.67,0,0
2025-07-01,93C,"NHS NORTH CENTRAL LONDON",360,6911.47,0,0
2025-07-01,16C,"NHS TEES VALLEY",424,7090.39,0,0
2025-07-01,15N,"NHS DEVON",452,8698.62,0,0
2025-07-01,06H,"NHS CAMBRIDGESHIRE AND PETERBOROUGH",494,9113.75,0,0
2025-08-01,09W,"NHS MEDWAY",0,0,0,0
2025-08-01,D4U1Y,"NHS FRIMLEY",0,0,0,0
2025-08-01,01J,"NHS KNOWSLEY",8,135.48,0,0
2025-08-01,04Y,"NHS CANNOCK CHASE",8,135.48,0,0
2025-08-01,07G,"NHS THURROCK",10,365.14,0,0
2025-08-01,01F,"NHS HALTON",12,298.32,0,0
2025-08-01,99F,"NHS CASTLE POINT AND ROCHFORD",15,311.57,0,0
2025-08-01,02G,"NHS WEST LANCASHIRE",16,478.36,0,0
2025-08-01,05D,"NHS EAST STAFFORDSHIRE",17,368.36,0,0
2025-08-01,99G,"NHS SOUTHEND",17,345.7,0,0
2025-08-01,05V,"NHS STAFFORD AND SURROUNDS",20,514.48,0,0
2025-08-01,01V,"NHS SOUTHPORT AND FORMBY",21,338.71,0,0
2025-08-01,02Q,"NHS BASSETLAW",23,336.09,0,0
2025-08-01,10R,"NHS PORTSMOUTH",23,555.35,0,0
2025-08-01,05W,"NHS STOKE ON TRENT",25,1093.9,0,0
2025-08-01,02T,"NHS CALDERDALE",26,487.7,0,0
2025-08-01,00N,"NHS SOUTH TYNESIDE",27,555.4,0,0
2025-08-01,03K,"NHS NORTH LINCOLNSHIRE",27,468.01,0,0
2025-08-01,04C,"NHS LEICESTER CITY",27,460.62,0,0
2025-08-01,03W,"NHS EAST LEICESTERSHIRE AND RUTLAND",28,469.77,0,0
2025-08-01,04V,"NHS WEST LEICESTERSHIRE",28,468.12,0,0
2025-08-01,05Q,"NHS SOUTH EAST STAFFORDSHIRE AND SEISDON PENINSULA",29,555.43,0,0
2025-08-01,12F,"NHS WIRRAL",29,568.96,0,0
2025-08-01,01X,"NHS ST HELENS",30,601.33,0,0
2025-08-01,07H,"NHS WEST ESSEX",30,897.03,0,0
2025-08-01,99E,"NHS BASILDON AND BRENTWOOD",30,1133.4,0,0
2025-08-01,00Y,"NHS OLDHAM",31,853.31,0,0
2025-08-01,01T,"NHS SOUTH SEFTON",31,474.21,0,0
2025-08-01,02P,"NHS BARNSLEY",31,541.91,0,0
2025-08-01,05G,"NHS NORTH STAFFORDSHIRE",31,574.92,0,0
2025-08-01,00V,"NHS BURY",34,740.97,0,0
2025-08-01,03H,"NHS NORTH EAST LINCOLNSHIRE",34,591.17,0,0
2025-08-01,U2G6B,"NHS THAMES VALLEY ICB - U2G6B",35,736.44,0,0
2025-08-01,03F,"NHS HULL",36,696.94,0,0
2025-08-01,06L,"NHS IPSWICH AND EAST SUFFOLK",37,911.07,0,0
2025-08-01,00Q,"NHS BLACKBURN WITH DARWEN",38,569.06,0,0
2025-08-01,06Q,"NHS MID ESSEX",38,976.79,0,0
2025-08-01,09D,"NHS BRIGHTON AND HOVE",38,762.68,0,0
2025-08-01,00P,"NHS SUNDERLAND",39,704.47,0,0
2025-08-01,06T,"NHS NORTH EAST ESSEX",39,540.23,0,0
2025-08-01,01D,"NHS HEYWOOD, MIDDLETON AND ROCHDALE",41,791.65,0,0
2025-08-01,01G,"NHS SALFORD",41,1124.26,0,0
2025-08-01,02E,"NHS WARRINGTON",44,907.6,0,0
2025-08-01,03R,"NHS WAKEFIELD",44,756.04,0,0
2025-08-01,01E,"NHS GREATER PRESTON",45,839.04,0,0
2025-08-01,00T,"NHS BOLTON",46,868.23,0,0
2025-08-01,01Y,"NHS TAMESIDE AND GLOSSOP",48,930.76,0,0
2025-08-01,03Q,"NHS VALE OF YORK",49,846.9,0,0
2025-08-01,11X,"NHS SOMERSET",49,1125.47,0,0
2025-08-01,00X,"NHS CHORLEY AND SOUTH RIBBLE",50,849.22,0,0
2025-08-01,00R,"NHS BLACKPOOL",54,772.32,0,0
2025-08-01,02Y,"NHS EAST RIDING OF YORKSHIRE",55,1113.01,0,0
2025-08-01,99A,"NHS LIVERPOOL",55,1140.67,0,0
2025-08-01,02X,"NHS DONCASTER",56,894.2,0,0
2025-08-01,03L,"NHS ROTHERHAM",56,1060.34,0,0
2025-08-01,11M,"NHS GLOUCESTERSHIRE",59,1071.47,0,0
2025-08-01,07K,"NHS WEST SUFFOLK",60,1370.05,0,0
2025-08-01,M2L0M,"NHS SHROPSHIRE, TELFORD AND WREKIN",60,1295.26,0,0
2025-08-01,02M,"NHS FYLDE AND WYRE",66,1008.23,0,0
2025-08-01,78H,"NHS NORTHAMPTONSHIRE",68,1300.96,0,0
2025-08-01,15A,"NHS BERKSHIRE WEST",75,1796.07,0,0
2025-08-01,02A,"NHS TRAFFORD",81,2009.09,0,0
2025-08-01,01A,"NHS EAST LANCASHIRE",83,1184.42,0,0
2025-08-01,01H,"NHS NORTH CUMBRIA",84,1381.36,0,0
2025-08-01,15C,"NHS BRISTOL, NORTH SOMERSET AND SOUTH GLOUCESTERSHIRE",84,1843.57,0,0
2025-08-01,99C,"NHS NORTH TYNESIDE",86,1720.41,0,0
2025-08-01,06N,"NHS HERTS VALLEYS",87,1890.63,0,0
2025-08-01,X2C4Y,"NHS KIRKLEES",88,1694.49,0,0
2025-08-01,01K,"NHS MORECAMBE BAY",89,1540.05,0,0
2025-08-01,10Q,"NHS OXFORDSHIRE",89,1822.02,0,0
2025-08-01,92G,"NHS BATH AND NORTH EAST SOMERSET, SWINDON AND WILTSHIRE",91,1774.62,0,0
2025-08-01,01W,"NHS STOCKPORT",92,1857.46,0,0
2025-08-01,11N,"NHS CORNWALL AND THE ISLES OF SCILLY",101,2228.53,0,0
2025-08-01,18C,"NHS HEREFORDSHIRE AND WORCESTERSHIRE",101,1995.89,0,0
2025-08-01,06K,"NHS EAST AND NORTH HERTFORDSHIRE",105,1931.44,0,0
2025-08-01,02H,"NHS WIGAN BOROUGH",106,2101.03,0,0
2025-08-01,15F,"NHS LEEDS",106,2116.11,0,0
2025-08-01,36J,"NHS BRADFORD DISTRICT AND CRAVEN",107,2365.58,0,0
2025-08-01,M1J4Y,"NHS BEDFORDSHIRE, LUTON AND MILTON KEYNES",112,2635.82,0,0
2025-08-01,15M,"NHS DERBY AND DERBYSHIRE",115,2471.29,0,0
2025-08-01,11J,"NHS DORSET",116,2462.7,0,0
2025-08-01,13T,"NHS NEWCASTLE GATESHEAD",122,2302.99,0,0
2025-08-01,71E,"NHS LINCOLNSHIRE",126,2594.88,0,0
2025-08-01,72Q,"NHS SOUTH EAST LONDON",128,2676,0,0
2025-08-01,92A,"NHS SURREY HEARTLANDS",133,3110.37,0,0
2025-08-01,14Y,"NHS BUCKINGHAMSHIRE",142,3066.29,0,0
2025-08-01,14L,"NHS MANCHESTER",147,2751.71,0,0
2025-08-01,70F,"NHS WEST SUSSEX",156,3205.86,0,0
2025-08-01,36L,"NHS SOUTH WEST LONDON",157,3377.73,0,0
2025-08-01,B2M3M,"NHS COVENTRY AND WARWICKSHIRE",157,2775.49,0,0
2025-08-01,97R,"NHS EAST SUSSEX",162,3359.1,0,0
2025-08-01,52R,"NHS NOTTINGHAM AND NOTTINGHAMSHIRE",164,3434.15,0,0
2025-08-01,W2U3Z,"NHS NORTH WEST LONDON",164,3512.44,0,0
2025-08-01,26A,"NHS NORFOLK AND WAVENEY",165,4322.02,0,0
2025-08-01,15E,"NHS BIRMINGHAM AND SOLIHULL",169,3685.73,0,0
2025-08-01,84H,"NHS COUNTY DURHAM",181,2877.75,0,0
2025-08-01,00L,"NHS NORTHUMBERLAND",184,2973.03,0,0
2025-08-01,D2P2L,"NHS BLACK COUNTRY",192,3974.9,0,0
2025-08-01,03N,"NHS SHEFFIELD",197,3710.3,0,0
2025-08-01,42D,"NHS NORTH YORKSHIRE",197,3280.63,0,0
2025-08-01,27D,"NHS CHESHIRE",201,3644.97,0,0
2025-08-01,91Q,"NHS KENT AND MEDWAY",218,4112.99,0,0
2025-08-01,A3A8R,"NHS NORTH EAST LONDON",233,4877.91,0,0
2025-08-01,D9Y0V,"NHS HAMPSHIRE, SOUTHAMPTON AND ISLE OF WIGHT",237,6690.48,0,0
2025-08-01,93C,"NHS NORTH CENTRAL LONDON",293,5300.58,0,0
2025-08-01,16C,"NHS TEES VALLEY",360,6357.93,0,0
2025-08-01,15N,"NHS DEVON",407,8051.03,0,0
2025-08-01,06H,"NHS CAMBRIDGESHIRE AND PETERBOROUGH",434,7855.45,0,0
2025-09-01,09W,"NHS MEDWAY",0,0,0,0
2025-09-01,D4U1Y,"NHS FRIMLEY",0,0,0,0
2025-09-01,01J,"NHS KNOWSLEY",7,94.85,0,0
2025-09-01,01F,"NHS HALTON",12,271.24,0,0
2025-09-01,99G,"NHS SOUTHEND",12,277.95,0,0
2025-09-01,02G,"NHS WEST LANCASHIRE",15,334.34,0,0
2025-09-01,07G,"NHS THURROCK",16,635.46,0,0
2025-09-01,01V,"NHS SOUTHPORT AND FORMBY",17,357.15,0,0
2025-09-01,04Y,"NHS CANNOCK CHASE",18,442.06,0,0
2025-09-01,05D,"NHS EAST STAFFORDSHIRE",18,369.24,0,0
2025-09-01,04C,"NHS LEICESTER CITY",21,352.25,0,0
2025-09-01,07H,"NHS WEST ESSEX",21,906.97,0,0
2025-09-01,05Q,"NHS SOUTH EAST STAFFORDSHIRE AND SEISDON PENINSULA",23,392.89,0,0
2025-09-01,05V,"NHS STAFFORD AND SURROUNDS",23,658.27,0,0
2025-09-01,03K,"NHS NORTH LINCOLNSHIRE",24,370.56,0,0
2025-09-01,04V,"NHS WEST LEICESTERSHIRE",25,548.69,0,0
2025-09-01,05G,"NHS NORTH STAFFORDSHIRE",25,457.07,0,0
2025-09-01,10R,"NHS PORTSMOUTH",25,514.77,0,0
2025-09-01,00N,"NHS SOUTH TYNESIDE",26,474.16,0,0
2025-09-01,02P,"NHS BARNSLEY",26,432.66,0,0
2025-09-01,99F,"NHS CASTLE POINT AND ROCHFORD",26,570.16,0,0
2025-09-01,02Q,"NHS BASSETLAW",27,390.29,0,0
2025-09-01,03W,"NHS EAST LEICESTERSHIRE AND RUTLAND",29,808.57,0,0
2025-09-01,03F,"NHS HULL",30,575.02,0,0
2025-09-01,01T,"NHS SOUTH SEFTON",31,474.21,0,0
2025-09-01,99E,"NHS BASILDON AND BRENTWOOD",31,729.36,0,0
2025-09-01,U2G6B,"NHS THAMES VALLEY ICB - U2G6B",31,781.97,0,0
2025-09-01,12F,"NHS WIRRAL",34,569.02,0,0
2025-09-01,00Q,"NHS BLACKBURN WITH DARWEN",36,569.04,0,0
2025-09-01,01X,"NHS ST HELENS",36,927.03,0,0
2025-09-01,03H,"NHS NORTH EAST LINCOLNSHIRE",37,526.68,0,0
2025-09-01,05W,"NHS STOKE ON TRENT",37,1005.38,0,0
2025-09-01,02T,"NHS CALDERDALE",38,785.71,0,0
2025-09-01,00V,"NHS BURY",39,901.96,0,0
2025-09-01,02E,"NHS WARRINGTON",39,797.48,0,0
2025-09-01,01E,"NHS GREATER PRESTON",41,728.92,0,0
2025-09-01,00Y,"NHS OLDHAM",42,807.88,0,0
2025-09-01,06L,"NHS IPSWICH AND EAST SUFFOLK",43,1234.81,0,0
2025-09-01,09D,"NHS BRIGHTON AND HOVE",46,1020.9,0,0
2025-09-01,11X,"NHS SOMERSET",46,936.11,0,0
2025-09-01,00R,"NHS BLACKPOOL",47,691.02,0,0
2025-09-01,01G,"NHS SALFORD",47,1466.84,0,0
2025-09-01,06Q,"NHS MID ESSEX",48,1242.91,0,0
2025-09-01,01Y,"NHS TAMESIDE AND GLOSSOP",49,966.77,0,0
2025-09-01,00P,"NHS SUNDERLAND",52,1002.48,0,0
2025-09-01,02M,"NHS FYLDE AND WYRE",53,953.28,0,0
2025-09-01,99A,"NHS LIVERPOOL",53,880.63,0,0
2025-09-01,03L,"NHS ROTHERHAM",54,785.86,0,0
2025-09-01,06T,"NHS NORTH EAST ESSEX",54,795,0,0
2025-09-01,78H,"NHS NORTHAMPTONSHIRE",54,921.05,0,0
2025-09-01,01D,"NHS HEYWOOD, MIDDLETON AND ROCHDALE",55,880.65,0,0
2025-09-01,03Q,"NHS VALE OF YORK",57,1024.32,0,0
2025-09-01,00T,"NHS BOLTON",59,1104.71,0,0
2025-09-01,03R,"NHS WAKEFIELD",59,1177.69,0,0
2025-09-01,07K,"NHS WEST SUFFOLK",59,1548.06,0,0
2025-09-01,02X,"NHS DONCASTER",61,933.11,0,0
2025-09-01,02Y,"NHS EAST RIDING OF YORKSHIRE",61,1199.51,0,0
2025-09-01,11M,"NHS GLOUCESTERSHIRE",64,1137.45,0,0
2025-09-01,00X,"NHS CHORLEY AND SOUTH RIBBLE",67,1097.74,0,0
2025-09-01,M2L0M,"NHS SHROPSHIRE, TELFORD AND WREKIN",76,1637.76,0,0
2025-09-01,15A,"NHS BERKSHIRE WEST",77,1677.68,0,0
2025-09-01,02A,"NHS TRAFFORD",82,2242.01,0,0
2025-09-01,01K,"NHS MORECAMBE BAY",83,1321.61,0,0
2025-09-01,15C,"NHS BRISTOL, NORTH SOMERSET AND SOUTH GLOUCESTERSHIRE",83,1863.29,0,0
2025-09-01,10Q,"NHS OXFORDSHIRE",84,1860.18,0,0
2025-09-01,06N,"NHS HERTS VALLEYS",86,1938.97,0,0
2025-09-01,01A,"NHS EAST LANCASHIRE",88,1291,0,0
2025-09-01,01H,"NHS NORTH CUMBRIA",94,1580.13,0,0
2025-09-01,99C,"NHS NORTH TYNESIDE",97,1883.03,0,0
2025-09-01,01W,"NHS STOCKPORT",99,1767.69,0,0
2025-09-01,02H,"NHS WIGAN BOROUGH",99,1756.26,0,0
2025-09-01,92G,"NHS BATH AND NORTH EAST SOMERSET, SWINDON AND WILTSHIRE",100,2241.62,0,0
2025-09-01,15F,"NHS LEEDS",105,2312,0,0
2025-09-01,18C,"NHS HEREFORDSHIRE AND WORCESTERSHIRE",110,2268.11,0,0
2025-09-01,06K,"NHS EAST AND NORTH HERTFORDSHIRE",112,2167.98,0,0
2025-09-01,X2C4Y,"NHS KIRKLEES",112,2252.5,0,0
2025-09-01,11N,"NHS CORNWALL AND THE ISLES OF SCILLY",114,2494.97,0,0
2025-09-01,11J,"NHS DORSET",115,2706.33,0,0
2025-09-01,M1J4Y,"NHS BEDFORDSHIRE, LUTON AND MILTON KEYNES",123,2696.43,0,0
2025-09-01,71E,"NHS LINCOLNSHIRE",125,2371.26,0,0
2025-09-01,72Q,"NHS SOUTH EAST LONDON",125,2710.09,0,0
2025-09-01,36J,"NHS BRADFORD DISTRICT AND CRAVEN",127,2749.53,0,0
2025-09-01,13T,"NHS NEWCASTLE GATESHEAD",134,2533.29,0,0
2025-09-01,B2M3M,"NHS COVENTRY AND WARWICKSHIRE",138,2450.01,0,0
2025-09-01,14Y,"NHS BUCKINGHAMSHIRE",139,3795.96,0,0
2025-09-01,15M,"NHS DERBY AND DERBYSHIRE",141,2747.45,0,0
2025-09-01,14L,"NHS MANCHESTER",150,3522.96,0,0
2025-09-01,92A,"NHS SURREY HEARTLANDS",150,3482.9,0,0
2025-09-01,52R,"NHS NOTTINGHAM AND NOTTINGHAMSHIRE",165,3473.3,0,0
2025-09-01,W2U3Z,"NHS NORTH WEST LONDON",165,3765.5,0,0
2025-09-01,70F,"NHS WEST SUSSEX",175,3726.51,0,0
2025-09-01,00L,"NHS NORTHUMBERLAND",182,3045.12,0,0
2025-09-01,27D,"NHS CHESHIRE",182,3250.91,0,0
2025-09-01,26A,"NHS NORFOLK AND WAVENEY",183,4703.8,0,0
2025-09-01,36L,"NHS SOUTH WEST LONDON",187,4104.91,0,0
2025-09-01,97R,"NHS EAST SUSSEX",191,3580.04,0,0
2025-09-01,03N,"NHS SHEFFIELD",192,3153.03,0,0
2025-09-01,42D,"NHS NORTH YORKSHIRE",199,3253.87,0,0
2025-09-01,D2P2L,"NHS BLACK COUNTRY",199,4613.49,0,0
2025-09-01,15E,"NHS BIRMINGHAM AND SOLIHULL",208,4076.39,0,0
2025-09-01,D9Y0V,"NHS HAMPSHIRE, SOUTHAMPTON AND ISLE OF WIGHT",226,5978.7,0,0
2025-09-01,84H,"NHS COUNTY DURHAM",238,4300.91,0,0
2025-09-01,91Q,"NHS KENT AND MEDWAY",240,4628.11,0,0
2025-09-01,A3A8R,"NHS NORTH EAST LONDON",274,6231.8,0,0
2025-09-01,93C,"NHS NORTH CENTRAL LONDON",347,6269.32,0,0
2025-09-01,16C,"NHS TEES VALLEY",387,6562.34,0,0
2025-09-01,15N,"NHS DEVON",433,7975.33,0,0
2025-09-01,06H,"NHS CAMBRIDGESHIRE AND PETERBOROUGH",441,8189.54,0,0
2025-10-01,09W,"NHS MEDWAY",0,0,0,0
2025-10-01,D4U1Y,"NHS FRIMLEY",0,0,0,0
2025-10-01,01J,"NHS KNOWSLEY",6,81.3,0,0
2025-10-01,07G,"NHS THURROCK",10,351.6,0,0
2025-10-01,02G,"NHS WEST LANCASHIRE",13,243.85,0,0
2025-10-01,01F,"NHS HALTON",17,420.55,0,0
2025-10-01,04Y,"NHS CANNOCK CHASE",18,338.68,0,0
2025-10-01,99F,"NHS CASTLE POINT AND ROCHFORD",20,352.24,0,0
2025-10-01,99G,"NHS SOUTHEND",20,434,0,0
2025-10-01,02Q,"NHS BASSETLAW",23,350.49,0,0
2025-10-01,05Q,"NHS SOUTH EAST STAFFORDSHIRE AND SEISDON PENINSULA",23,433.51,0,0
2025-10-01,05D,"NHS EAST STAFFORDSHIRE",24,461.31,0,0
2025-10-01,05V,"NHS STAFFORD AND SURROUNDS",24,527.73,0,0
2025-10-01,04C,"NHS LEICESTER CITY",25,487.69,0,0
2025-10-01,10R,"NHS PORTSMOUTH",25,514.77,0,0
2025-10-01,00N,"NHS SOUTH TYNESIDE",27,514.79,0,0
2025-10-01,01T,"NHS SOUTH SEFTON",27,420.01,0,0
2025-10-01,07H,"NHS WEST ESSEX",27,800.07,0,0
2025-10-01,01V,"NHS SOUTHPORT AND FORMBY",28,501.26,0,0
2025-10-01,02P,"NHS BARNSLEY",28,501.26,0,0
2025-10-01,05W,"NHS STOKE ON TRENT",28,1272.4,0,0
2025-10-01,03H,"NHS NORTH EAST LINCOLNSHIRE",29,523.42,0,0
2025-10-01,05G,"NHS NORTH STAFFORDSHIRE",29,571.12,0,0
2025-10-01,00V,"NHS BURY",30,721.23,0,0
2025-10-01,99E,"NHS BASILDON AND BRENTWOOD",30,1127.66,0,0
2025-10-01,03W,"NHS EAST LEICESTERSHIRE AND RUTLAND",31,481.52,0,0
2025-10-01,U2G6B,"NHS THAMES VALLEY ICB - U2G6B",31,912.18,0,0
2025-10-01,03K,"NHS NORTH LINCOLNSHIRE",33,543.93,0,0
2025-10-01,04V,"NHS WEST LEICESTERSHIRE",33,575.58,0,0
2025-10-01,11X,"NHS SOMERSET",34,882.41,0,0
2025-10-01,00Y,"NHS OLDHAM",35,569.03,0,0
2025-10-01,03F,"NHS HULL",36,696.95,0,0
2025-10-01,12F,"NHS WIRRAL",37,704.45,0,0
2025-10-01,01X,"NHS ST HELENS",38,796.59,0,0
2025-10-01,00R,"NHS BLACKPOOL",39,541.99,0,0
2025-10-01,02T,"NHS CALDERDALE",39,772.18,0,0
2025-10-01,00P,"NHS SUNDERLAND",45,880.54,0,0
2025-10-01,06Q,"NHS MID ESSEX",45,786.54,0,0
2025-10-01,00Q,"NHS BLACKBURN WITH DARWEN",46,745.16,0,0
2025-10-01,01D,"NHS HEYWOOD, MIDDLETON AND ROCHDALE",47,718.09,0,0
2025-10-01,06L,"NHS IPSWICH AND EAST SUFFOLK",48,1156.37,0,0
2025-10-01,06T,"NHS NORTH EAST ESSEX",52,769.64,0,0
2025-10-01,07K,"NHS WEST SUFFOLK",53,1004,0,0
2025-10-01,02X,"NHS DONCASTER",55,893.3,0,0
2025-10-01,03R,"NHS WAKEFIELD",55,1026.93,0,0
2025-10-01,00T,"NHS BOLTON",56,1246.92,0,0
2025-10-01,03Q,"NHS VALE OF YORK",56,1008.43,0,0
2025-10-01,99A,"NHS LIVERPOOL",56,961.9,0,0
2025-10-01,02E,"NHS WARRINGTON",57,988.1,0,0
2025-10-01,02M,"NHS FYLDE AND WYRE",57,877.12,0,0
2025-10-01,03L,"NHS ROTHERHAM",57,840.05,0,0
2025-10-01,01E,"NHS GREATER PRESTON",58,1117,0,0
2025-10-01,02Y,"NHS EAST RIDING OF YORKSHIRE",58,1344.73,0,0
2025-10-01,09D,"NHS BRIGHTON AND HOVE",60,1654.08,0,0
2025-10-01,01G,"NHS SALFORD",62,1974.64,0,0
2025-10-01,00X,"NHS CHORLEY AND SOUTH RIBBLE",63,1106.62,0,0
2025-10-01,78H,"NHS NORTHAMPTONSHIRE",63,952.2,0,0
2025-10-01,01Y,"NHS TAMESIDE AND GLOSSOP",69,1322.09,0,0
2025-10-01,M2L0M,"NHS SHROPSHIRE, TELFORD AND WREKIN",75,1647.71,0,0
2025-10-01,01H,"NHS NORTH CUMBRIA",78,1272,0,0
2025-10-01,02A,"NHS TRAFFORD",84,2168.24,0,0
2025-10-01,10Q,"NHS OXFORDSHIRE",84,1808.09,0,0
2025-10-01,01A,"NHS EAST LANCASHIRE",85,1224.98,0,0
2025-10-01,99C,"NHS NORTH TYNESIDE",87,1693.37,0,0
2025-10-01,01K,"NHS MORECAMBE BAY",89,1577.97,0,0
2025-10-01,11M,"NHS GLOUCESTERSHIRE",89,1763.73,0,0
2025-10-01,15A,"NHS BERKSHIRE WEST",89,1808.8,0,0
2025-10-01,92G,"NHS BATH AND NORTH EAST SOMERSET, SWINDON AND WILTSHIRE",89,2079.09,0,0
2025-10-01,06N,"NHS HERTS VALLEYS",101,2121.86,0,0
2025-10-01,15C,"NHS BRISTOL, NORTH SOMERSET AND SOUTH GLOUCESTERSHIRE",105,2260.98,0,0
2025-10-01,X2C4Y,"NHS KIRKLEES",105,2059.32,0,0
2025-10-01,02H,"NHS WIGAN BOROUGH",107,1774.82,0,0
2025-10-01,01W,"NHS STOCKPORT",110,2232.54,0,0
2025-10-01,06K,"NHS EAST AND NORTH HERTFORDSHIRE",111,2372.22,0,0
2025-10-01,36J,"NHS BRADFORD DISTRICT AND CRAVEN",114,3254.63,0,0
2025-10-01,18C,"NHS HEREFORDSHIRE AND WORCESTERSHIRE",120,2755.72,0,0
2025-10-01,11N,"NHS CORNWALL AND THE ISLES OF SCILLY",121,2962.46,0,0
2025-10-01,11J,"NHS DORSET",126,2517.12,0,0
2025-10-01,15F,"NHS LEEDS",127,2506.35,0,0
2025-10-01,72Q,"NHS SOUTH EAST LONDON",130,2789.29,0,0
2025-10-01,13T,"NHS NEWCASTLE GATESHEAD",137,2506.28,0,0
2025-10-01,71E,"NHS LINCOLNSHIRE",139,2821.11,0,0
2025-10-01,14L,"NHS MANCHESTER",140,2898.79,0,0
2025-10-01,14Y,"NHS BUCKINGHAMSHIRE",141,3462.35,0,0
2025-10-01,M1J4Y,"NHS BEDFORDSHIRE, LUTON AND MILTON KEYNES",143,3646.43,0,0
2025-10-01,15M,"NHS DERBY AND DERBYSHIRE",147,3143.04,0,0
2025-10-01,92A,"NHS SURREY HEARTLANDS",149,3254.87,0,0
2025-10-01,B2M3M,"NHS COVENTRY AND WARWICKSHIRE",149,2829.59,0,0
2025-10-01,26A,"NHS NORFOLK AND WAVENEY",179,5193.86,0,0
2025-10-01,70F,"NHS WEST SUSSEX",179,3709.23,0,0
2025-10-01,52R,"NHS NOTTINGHAM AND NOTTINGHAMSHIRE",183,3600.24,0,0
2025-10-01,03N,"NHS SHEFFIELD",185,3257.87,0,0
2025-10-01,97R,"NHS EAST SUSSEX",185,3501.68,0,0
2025-10-01,D2P2L,"NHS BLACK COUNTRY",195,4367.93,0,0
2025-10-01,W2U3Z,"NHS NORTH WEST LONDON",197,3955.64,0,0
2025-10-01,00L,"NHS NORTHUMBERLAND",199,3200.51,0,0
2025-10-01,27D,"NHS CHESHIRE",200,3737.97,0,0
2025-10-01,36L,"NHS SOUTH WEST LONDON",200,4687.03,0,0
2025-10-01,42D,"NHS NORTH YORKSHIRE",209,3377.87,0,0
2025-10-01,84H,"NHS COUNTY DURHAM",213,3489.94,0,0
2025-10-01,91Q,"NHS KENT AND MEDWAY",215,3934.14,0,0
2025-10-01,15E,"NHS BIRMINGHAM AND SOLIHULL",226,4737.2,0,0
2025-10-01,A3A8R,"NHS NORTH EAST LONDON",247,5197.52,0,0
2025-10-01,D9Y0V,"NHS HAMPSHIRE, SOUTHAMPTON AND ISLE OF WIGHT",247,6343.55,0,0
2025-10-01,93C,"NHS NORTH CENTRAL LONDON",308,5866.71,0,0
2025-10-01,16C,"NHS TEES VALLEY",363,6054.43,0,0
2025-10-01,15N,"NHS DEVON",469,8672.92,0,0
2025-10-01,06H,"NHS CAMBRIDGESHIRE AND PETERBOROUGH",497,8253.55,0,0
2025-11-01,09W,"NHS MEDWAY",0,0,0,0
2025-11-01,D4U1Y,"NHS FRIMLEY",0,0,0,0
2025-11-01,01J,"NHS KNOWSLEY",7,121.93,0,0
2025-11-01,07G,"NHS THURROCK",7,324.49,0,0
2025-11-01,01F,"NHS HALTON",15,338.98,0,0
2025-11-01,05D,"NHS EAST STAFFORDSHIRE",15,308.34,0,0
2025-11-01,04Y,"NHS CANNOCK CHASE",17,352.21,0,0
2025-11-01,99G,"NHS SOUTHEND",17,332.16,0,0
2025-11-01,02G,"NHS WEST LANCASHIRE",19,402.09,0,0
2025-11-01,12F,"NHS WIRRAL",19,311.62,0,0
2025-11-01,03K,"NHS NORTH LINCOLNSHIRE",20,356.98,0,0
2025-11-01,02Q,"NHS BASSETLAW",21,308.98,0,0
2025-11-01,05V,"NHS STAFFORD AND SURROUNDS",23,603.02,0,0
2025-11-01,01V,"NHS SOUTHPORT AND FORMBY",24,460.62,0,0
2025-11-01,01X,"NHS ST HELENS",25,510.81,0,0
2025-11-01,05W,"NHS STOKE ON TRENT",25,745.27,0,0
2025-11-01,00N,"NHS SOUTH TYNESIDE",26,568.95,0,0
2025-11-01,99F,"NHS CASTLE POINT AND ROCHFORD",26,609.57,0,0
2025-11-01,04C,"NHS LEICESTER CITY",27,487.71,0,0
2025-11-01,05Q,"NHS SOUTH EAST STAFFORDSHIRE AND SEISDON PENINSULA",27,447.13,0,0
2025-11-01,10R,"NHS PORTSMOUTH",27,555.44,0,0
2025-11-01,99E,"NHS BASILDON AND BRENTWOOD",27,848.79,0,0
2025-11-01,02P,"NHS BARNSLEY",28,472.42,0,0
2025-11-01,05G,"NHS NORTH STAFFORDSHIRE",28,546,0,0
2025-11-01,07H,"NHS WEST ESSEX",28,809.28,0,0
2025-11-01,03W,"NHS EAST LEICESTERSHIRE AND RUTLAND",29,426.48,0,0
2025-11-01,01T,"NHS SOUTH SEFTON",30,474.21,0,0
2025-11-01,03F,"NHS HULL",30,582.43,0,0
2025-11-01,04V,"NHS WEST LEICESTERSHIRE",31,989.65,0,0
2025-11-01,00V,"NHS BURY",35,658.54,0,0
2025-11-01,02T,"NHS CALDERDALE",35,717.99,0,0
2025-11-01,03H,"NHS NORTH EAST LINCOLNSHIRE",35,474.3,0,0
2025-11-01,U2G6B,"NHS THAMES VALLEY ICB - U2G6B",35,908.18,0,0
2025-11-01,00Q,"NHS BLACKBURN WITH DARWEN",38,609.72,0,0
2025-11-01,78H,"NHS NORTHAMPTONSHIRE",38,572.87,0,0
2025-11-01,00Y,"NHS OLDHAM",39,782.02,0,0
2025-11-01,06L,"NHS IPSWICH AND EAST SUFFOLK",39,1001.71,0,0
2025-11-01,06T,"NHS NORTH EAST ESSEX",40,553.81,0,0
2025-11-01,09D,"NHS BRIGHTON AND HOVE",44,826.41,0,0
2025-11-01,01G,"NHS SALFORD",45,1489.6,0,0
2025-11-01,02E,"NHS WARRINGTON",45,1089.97,0,0
2025-11-01,11X,"NHS SOMERSET",45,1056.06,0,0
2025-11-01,00P,"NHS SUNDERLAND",46,839.97,0,0
2025-11-01,03L,"NHS ROTHERHAM",47,848.57,0,0
2025-11-01,03Q,"NHS VALE OF YORK",47,838.65,0,0
2025-11-01,00R,"NHS BLACKPOOL",49,718.18,0,0
2025-11-01,01E,"NHS GREATER PRESTON",49,991.91,0,0
2025-11-01,00T,"NHS BOLTON",52,1125.05,0,0
2025-11-01,02Y,"NHS EAST RIDING OF YORKSHIRE",52,939.58,0,0
2025-11-01,06Q,"NHS MID ESSEX",52,1207.93,0,0
2025-11-01,99A,"NHS LIVERPOOL",52,1127.11,0,0
2025-11-01,07K,"NHS WEST SUFFOLK",53,1233.1,0,0
2025-11-01,03R,"NHS WAKEFIELD",54,1028.73,0,0
2025-11-01,02M,"NHS FYLDE AND WYRE",57,875.43,0,0
2025-11-01,01D,"NHS HEYWOOD, MIDDLETON AND ROCHDALE",58,894.27,0,0
2025-11-01,00X,"NHS CHORLEY AND SOUTH RIBBLE",59,1088.16,0,0
2025-11-01,01Y,"NHS TAMESIDE AND GLOSSOP",59,1170.06,0,0
2025-11-01,02X,"NHS DONCASTER",60,962.02,0,0
2025-11-01,15A,"NHS BERKSHIRE WEST",67,1461.54,0,0
2025-11-01,11M,"NHS GLOUCESTERSHIRE",68,1368.81,0,0
2025-11-01,99C,"NHS NORTH TYNESIDE",74,1530.85,0,0
2025-11-01,M2L0M,"NHS SHROPSHIRE, TELFORD AND WREKIN",74,1506.7,0,0
2025-11-01,10Q,"NHS OXFORDSHIRE",79,1829.73,0,0
2025-11-01,02A,"NHS TRAFFORD",80,2176.08,0,0
2025-11-01,01H,"NHS NORTH CUMBRIA",81,1339.82,0,0
2025-11-01,92G,"NHS BATH AND NORTH EAST SOMERSET, SWINDON AND WILTSHIRE",84,1772.39,0,0
2025-11-01,01K,"NHS MORECAMBE BAY",85,1390.3,0,0
2025-11-01,06N,"NHS HERTS VALLEYS",90,2005.54,0,0
2025-11-01,01A,"NHS EAST LANCASHIRE",96,1529.31,0,0
2025-11-01,15C,"NHS BRISTOL, NORTH SOMERSET AND SOUTH GLOUCESTERSHIRE",96,1874.49,0,0
2025-11-01,01W,"NHS STOCKPORT",98,1984.1,0,0
2025-11-01,11N,"NHS CORNWALL AND THE ISLES OF SCILLY",99,1991.87,0,0
2025-11-01,15F,"NHS LEEDS",99,2163.18,0,0
2025-11-01,X2C4Y,"NHS KIRKLEES",99,1803.85,0,0
2025-11-01,02H,"NHS WIGAN BOROUGH",109,1747.84,0,0
2025-11-01,11J,"NHS DORSET",109,2188,0,0
2025-11-01,18C,"NHS HEREFORDSHIRE AND WORCESTERSHIRE",110,2260.26,0,0
2025-11-01,71E,"NHS LINCOLNSHIRE",110,2181.06,0,0
2025-11-01,06K,"NHS EAST AND NORTH HERTFORDSHIRE",112,2092.34,0,0
2025-11-01,36J,"NHS BRADFORD DISTRICT AND CRAVEN",118,2546.43,0,0
2025-11-01,M1J4Y,"NHS BEDFORDSHIRE, LUTON AND MILTON KEYNES",118,2881.59,0,0
2025-11-01,13T,"NHS NEWCASTLE GATESHEAD",120,2330.21,0,0
2025-11-01,15M,"NHS DERBY AND DERBYSHIRE",129,2649.81,0,0
2025-11-01,92A,"NHS SURREY HEARTLANDS",129,2867.15,0,0
2025-11-01,72Q,"NHS SOUTH EAST LONDON",132,2804.46,0,0
2025-11-01,B2M3M,"NHS COVENTRY AND WARWICKSHIRE",133,2467.39,0,0
2025-11-01,14L,"NHS MANCHESTER",138,2777.58,0,0
2025-11-01,70F,"NHS WEST SUSSEX",138,2891.25,0,0
2025-11-01,14Y,"NHS BUCKINGHAMSHIRE",149,3459.47,0,0
2025-11-01,26A,"NHS NORFOLK AND WAVENEY",164,3854.06,0,0
2025-11-01,52R,"NHS NOTTINGHAM AND NOTTINGHAMSHIRE",165,3388.24,0,0
2025-11-01,97R,"NHS EAST SUSSEX",169,3333.74,0,0
2025-11-01,15E,"NHS BIRMINGHAM AND SOLIHULL",177,3543.7,0,0
2025-11-01,36L,"NHS SOUTH WEST LONDON",177,4195.7,0,0
2025-11-01,27D,"NHS CHESHIRE",178,3228.59,0,0
2025-11-01,00L,"NHS NORTHUMBERLAND",180,2923.39,0,0
2025-11-01,D2P2L,"NHS BLACK COUNTRY",182,4124.13,0,0
2025-11-01,W2U3Z,"NHS NORTH WEST LONDON",183,3977.46,0,0
2025-11-01,42D,"NHS NORTH YORKSHIRE",198,3309.01,0,0
2025-11-01,84H,"NHS COUNTY DURHAM",207,3786.28,0,0
2025-11-01,03N,"NHS SHEFFIELD",214,3658.41,0,0
2025-11-01,91Q,"NHS KENT AND MEDWAY",215,4105.54,0,0
2025-11-01,A3A8R,"NHS NORTH EAST LONDON",225,4468.1,0,0
2025-11-01,D9Y0V,"NHS HAMPSHIRE, SOUTHAMPTON AND ISLE OF WIGHT",231,6446.13,0,0
2025-11-01,93C,"NHS NORTH CENTRAL LONDON",304,5704.61,0,0
2025-11-01,16C,"NHS TEES VALLEY",347,5771.6,0,0
2025-11-01,06H,"NHS CAMBRIDGESHIRE AND PETERBOROUGH",395,7343.74,0,0
2025-11-01,15N,"NHS DEVON",410,7343.42,0,0
2025-12-01,09W,"NHS MEDWAY",0,0,0,0
2025-12-01,D4U1Y,"NHS FRIMLEY",2,61.56,0,0
2025-12-01,01J,"NHS KNOWSLEY",10,135.5,0,0
2025-12-01,07G,"NHS THURROCK",12,495.62,0,0
2025-12-01,99G,"NHS SOUTHEND",13,250.9,0,0
2025-12-01,01F,"NHS HALTON",15,325.45,0,0
2025-12-01,04Y,"NHS CANNOCK CHASE",15,428.5,0,0
2025-12-01,02G,"NHS WEST LANCASHIRE",17,347.92,0,0
2025-12-01,99F,"NHS CASTLE POINT AND ROCHFORD",18,379.3,0,0
2025-12-01,05D,"NHS EAST STAFFORDSHIRE",19,295.4,0,0
2025-12-01,00N,"NHS SOUTH TYNESIDE",22,379.36,0,0
2025-12-01,05V,"NHS STAFFORD AND SURROUNDS",22,551.52,0,0
2025-12-01,01V,"NHS SOUTHPORT AND FORMBY",26,533.29,0,0
2025-12-01,02Q,"NHS BASSETLAW",26,364.09,0,0
2025-12-01,07H,"NHS WEST ESSEX",26,663.05,0,0
2025-12-01,04C,"NHS LEICESTER CITY",27,514.79,0,0
2025-12-01,04V,"NHS WEST LEICESTERSHIRE",27,409.31,0,0
2025-12-01,05G,"NHS NORTH STAFFORDSHIRE",27,536.65,0,0
2025-12-01,05W,"NHS STOKE ON TRENT",29,960.39,0,0
2025-12-01,12F,"NHS WIRRAL",29,487.74,0,0
2025-12-01,03K,"NHS NORTH LINCOLNSHIRE",30,455.38,0,0
2025-12-01,03F,"NHS HULL",31,675.88,0,0
2025-12-01,05Q,"NHS SOUTH EAST STAFFORDSHIRE AND SEISDON PENINSULA",31,596.1,0,0
2025-12-01,10R,"NHS PORTSMOUTH",31,636.71,0,0
2025-12-01,02T,"NHS CALDERDALE",32,596.11,0,0
2025-12-01,03W,"NHS EAST LEICESTERSHIRE AND RUTLAND",32,543.02,0,0
2025-12-01,99E,"NHS BASILDON AND BRENTWOOD",32,1245.81,0,0
2025-12-01,01X,"NHS ST HELENS",33,768.51,0,0
2025-12-01,00P,"NHS SUNDERLAND",34,663.82,0,0
2025-12-01,01T,"NHS SOUTH SEFTON",35,637.09,0,0
2025-12-01,02P,"NHS BARNSLEY",37,607.93,0,0
2025-12-01,U2G6B,"NHS THAMES VALLEY ICB - U2G6B",37,1095.52,0,0
2025-12-01,00Q,"NHS BLACKBURN WITH DARWEN",38,569.11,0,0
2025-12-01,03H,"NHS NORTH EAST LINCOLNSHIRE",39,686.04,0,0
2025-12-01,02E,"NHS WARRINGTON",40,741.63,0,0
2025-12-01,11X,"NHS SOMERSET",40,1064.35,0,0
2025-12-01,06L,"NHS IPSWICH AND EAST SUFFOLK",42,897.29,0,0
2025-12-01,00V,"NHS BURY",44,900.62,0,0
2025-12-01,06Q,"NHS MID ESSEX",44,957.86,0,0
2025-12-01,00Y,"NHS OLDHAM",45,883.05,0,0
2025-12-01,03R,"NHS WAKEFIELD",45,784.01,0,0
2025-12-01,01E,"NHS GREATER PRESTON",46,883.27,0,0
2025-12-01,01G,"NHS SALFORD",46,1263.4,0,0
2025-12-01,06T,"NHS NORTH EAST ESSEX",49,806.86,0,0
2025-12-01,01D,"NHS HEYWOOD, MIDDLETON AND ROCHDALE",50,840.05,0,0
2025-12-01,09D,"NHS BRIGHTON AND HOVE",50,1056.99,0,0
2025-12-01,02M,"NHS FYLDE AND WYRE",51,754.36,0,0
2025-12-01,00R,"NHS BLACKPOOL",52,718.24,0,0
2025-12-01,00T,"NHS BOLTON",53,1342.93,0,0
2025-12-01,00X,"NHS CHORLEY AND SOUTH RIBBLE",54,970.54,0,0
2025-12-01,78H,"NHS NORTHAMPTONSHIRE",55,848.5,0,0
2025-12-01,03L,"NHS ROTHERHAM",57,813.04,0,0
2025-12-01,99A,"NHS LIVERPOOL",59,1235.51,0,0
2025-12-01,07K,"NHS WEST SUFFOLK",60,1529.38,0,0
2025-12-01,02X,"NHS DONCASTER",61,962.01,0,0
2025-12-01,03Q,"NHS VALE OF YORK",61,982.03,0,0
2025-12-01,02Y,"NHS EAST RIDING OF YORKSHIRE",62,1279.71,0,0
2025-12-01,01Y,"NHS TAMESIDE AND GLOSSOP",63,1327.93,0,0
2025-12-01,11M,"NHS GLOUCESTERSHIRE",64,1333.81,0,0
2025-12-01,01A,"NHS EAST LANCASHIRE",69,1175.53,0,0
2025-12-01,01H,"NHS NORTH CUMBRIA",76,1228.85,0,0
2025-12-01,02A,"NHS TRAFFORD",78,1886.61,0,0
2025-12-01,M2L0M,"NHS SHROPSHIRE, TELFORD AND WREKIN",78,1685.12,0,0
2025-12-01,10Q,"NHS OXFORDSHIRE",81,1696.57,0,0
2025-12-01,15A,"NHS BERKSHIRE WEST",88,1896.01,0,0
2025-12-01,99C,"NHS NORTH TYNESIDE",88,1734.14,0,0
2025-12-01,06N,"NHS HERTS VALLEYS",89,1868.62,0,0
2025-12-01,92G,"NHS BATH AND NORTH EAST SOMERSET, SWINDON AND WILTSHIRE",92,2153.84,0,0
2025-12-01,01K,"NHS MORECAMBE BAY",98,1660.33,0,0
2025-12-01,02H,"NHS WIGAN BOROUGH",100,2008.71,0,0
2025-12-01,15C,"NHS BRISTOL, NORTH SOMERSET AND SOUTH GLOUCESTERSHIRE",101,2143.78,0,0
2025-12-01,X2C4Y,"NHS KIRKLEES",108,2231.98,0,0
2025-12-01,06K,"NHS EAST AND NORTH HERTFORDSHIRE",115,2289.04,0,0
2025-12-01,15F,"NHS LEEDS",116,2564.15,0,0
2025-12-01,01W,"NHS STOCKPORT",118,2291.12,0,0
2025-12-01,11N,"NHS CORNWALL AND THE ISLES OF SCILLY",118,2715.93,0,0
2025-12-01,36J,"NHS BRADFORD DISTRICT AND CRAVEN",125,3064.75,0,0
2025-12-01,11J,"NHS DORSET",126,2491.13,0,0
2025-12-01,18C,"NHS HEREFORDSHIRE AND WORCESTERSHIRE",130,2671.5,0,0
2025-12-01,71E,"NHS LINCOLNSHIRE",132,2696.99,0,0
2025-12-01,14Y,"NHS BUCKINGHAMSHIRE",135,3631.42,0,0
2025-12-01,M1J4Y,"NHS BEDFORDSHIRE, LUTON AND MILTON KEYNES",135,2966.62,0,0
2025-12-01,14L,"NHS MANCHESTER",137,3129.9,0,0
2025-12-01,13T,"NHS NEWCASTLE GATESHEAD",140,2696.03,0,0
2025-12-01,15M,"NHS DERBY AND DERBYSHIRE",140,2816.35,0,0
2025-12-01,92A,"NHS SURREY HEARTLANDS",145,3174.43,0,0
2025-12-01,72Q,"NHS SOUTH EAST LONDON",148,3197.89,0,0
2025-12-01,B2M3M,"NHS COVENTRY AND WARWICKSHIRE",171,3320.45,0,0
2025-12-01,26A,"NHS NORFOLK AND WAVENEY",172,5079.45,0,0
2025-12-01,97R,"NHS EAST SUSSEX",177,3483.34,0,0
2025-12-01,00L,"NHS NORTHUMBERLAND",181,2979.42,0,0
2025-12-01,D2P2L,"NHS BLACK COUNTRY",187,3984.07,0,0
2025-12-01,27D,"NHS CHESHIRE",191,3744.13,0,0
2025-12-01,70F,"NHS WEST SUSSEX",191,3994.61,0,0
2025-12-01,W2U3Z,"NHS NORTH WEST LONDON",201,4419.27,0,0
2025-12-01,36L,"NHS SOUTH WEST LONDON",202,5184.27,0,0
2025-12-01,42D,"NHS NORTH YORKSHIRE",202,3254.55,0,0
2025-12-01,52R,"NHS NOTTINGHAM AND NOTTINGHAMSHIRE",202,3731.44,0,0
2025-12-01,84H,"NHS COUNTY DURHAM",207,3275.32,0,0
2025-12-01,15E,"NHS BIRMINGHAM AND SOLIHULL",208,4332.3,0,0
2025-12-01,03N,"NHS SHEFFIELD",211,3693.85,0,0
2025-12-01,A3A8R,"NHS NORTH EAST LONDON",229,4528.56,0,0
2025-12-01,D9Y0V,"NHS HAMPSHIRE, SOUTHAMPTON AND ISLE OF WIGHT",231,6426.13,0,0
2025-12-01,91Q,"NHS KENT AND MEDWAY",249,4960.81,0,0
2025-12-01,93C,"NHS NORTH CENTRAL LONDON",333,6160.56,0,0
2025-12-01,16C,"NHS TEES VALLEY",373,6284.92,0,0
2025-12-01,15N,"NHS DEVON",459,8771.08,0,0
2025-12-01,06H,"NHS CAMBRIDGESHIRE AND PETERBOROUGH",467,7704.86,0,0
2026-01-01,09W,"NHS MEDWAY",0,0,0,0
2026-01-01,D4U1Y,"NHS FRIMLEY",0,0,0,0
2026-01-01,01J,"NHS KNOWSLEY",5,81.29,0,0
2026-01-01,07G,"NHS THURROCK",7,310.95,0,0
2026-01-01,02G,"NHS WEST LANCASHIRE",13,266.63,0,0
2026-01-01,04Y,"NHS CANNOCK CHASE",15,274.7,0,0
2026-01-01,04C,"NHS LEICESTER CITY",16,394.04,0,0
2026-01-01,01F,"NHS HALTON",17,366.09,0,0
2026-01-01,99G,"NHS SOUTHEND",17,420.44,0,0
2026-01-01,99F,"NHS CASTLE POINT AND ROCHFORD",18,394.06,0,0
2026-01-01,05D,"NHS EAST STAFFORDSHIRE",19,349.06,0,0
2026-01-01,05V,"NHS STAFFORD AND SURROUNDS",20,603.32,0,0
2026-01-01,01V,"NHS SOUTHPORT AND FORMBY",21,392.88,0,0
2026-01-01,03W,"NHS EAST LEICESTERSHIRE AND RUTLAND",22,361.4,0,0
2026-01-01,07H,"NHS WEST ESSEX",22,857.75,0,0
2026-01-01,10R,"NHS PORTSMOUTH",22,460.61,0,0
2026-01-01,02P,"NHS BARNSLEY",23,364.05,0,0
2026-01-01,02Q,"NHS BASSETLAW",23,336.12,0,0
2026-01-01,00N,"NHS SOUTH TYNESIDE",24,447.06,0,0
2026-01-01,00Q,"NHS BLACKBURN WITH DARWEN",26,420.02,0,0
2026-01-01,05Q,"NHS SOUTH EAST STAFFORDSHIRE AND SEISDON PENINSULA",26,487.73,0,0
2026-01-01,02T,"NHS CALDERDALE",27,474.19,0,0
2026-01-01,12F,"NHS WIRRAL",27,447.09,0,0
2026-01-01,05W,"NHS STOKE ON TRENT",29,1010.96,0,0
2026-01-01,99E,"NHS BASILDON AND BRENTWOOD",29,910.34,0,0
2026-01-01,01T,"NHS SOUTH SEFTON",30,582.86,0,0
2026-01-01,03F,"NHS HULL",30,669.82,0,0
2026-01-01,03K,"NHS NORTH LINCOLNSHIRE",30,468.06,0,0
2026-01-01,00V,"NHS BURY",31,659.72,0,0
2026-01-01,05G,"NHS NORTH STAFFORDSHIRE",31,663.32,0,0
2026-01-01,U2G6B,"NHS THAMES VALLEY ICB - U2G6B",31,718.26,0,0
2026-01-01,04V,"NHS WEST LEICESTERSHIRE",32,702.33,0,0
2026-01-01,00Y,"NHS OLDHAM",34,501.36,0,0
2026-01-01,01X,"NHS ST HELENS",34,778.41,0,0
2026-01-01,03H,"NHS NORTH EAST LINCOLNSHIRE",34,604.76,0,0
2026-01-01,09D,"NHS BRIGHTON AND HOVE",35,749.69,0,0
2026-01-01,00P,"NHS SUNDERLAND",37,677.39,0,0
2026-01-01,01G,"NHS SALFORD",40,1525.47,0,0
2026-01-01,00R,"NHS BLACKPOOL",41,596.22,0,0
2026-01-01,03Q,"NHS VALE OF YORK",41,753.42,0,0
2026-01-01,02E,"NHS WARRINGTON",43,811.1,0,0
2026-01-01,06L,"NHS IPSWICH AND EAST SUFFOLK",43,899.14,0,0
2026-01-01,11X,"NHS SOMERSET",43,1073.97,0,0
2026-01-01,07K,"NHS WEST SUFFOLK",44,991.74,0,0
2026-01-01,01E,"NHS GREATER PRESTON",46,843.5,0,0
2026-01-01,02M,"NHS FYLDE AND WYRE",46,713.71,0,0
2026-01-01,03L,"NHS ROTHERHAM",48,974.53,0,0
2026-01-01,06Q,"NHS MID ESSEX",48,1392.41,0,0
2026-01-01,03R,"NHS WAKEFIELD",51,1026.05,0,0
2026-01-01,00T,"NHS BOLTON",52,1288.74,0,0
2026-01-01,00X,"NHS CHORLEY AND SOUTH RIBBLE",52,889.91,0,0
2026-01-01,99A,"NHS LIVERPOOL",53,894.52,0,0
2026-01-01,02Y,"NHS EAST RIDING OF YORKSHIRE",54,1253.16,0,0
2026-01-01,06T,"NHS NORTH EAST ESSEX",55,816,0,0
2026-01-01,01Y,"NHS TAMESIDE AND GLOSSOP",56,1441.37,0,0
2026-01-01,02X,"NHS DONCASTER",58,920.5,0,0
2026-01-01,01D,"NHS HEYWOOD, MIDDLETON AND ROCHDALE",59,948.45,0,0
2026-01-01,01H,"NHS NORTH CUMBRIA",62,1071.5,0,0
2026-01-01,78H,"NHS NORTHAMPTONSHIRE",62,912.54,0,0
2026-01-01,10Q,"NHS OXFORDSHIRE",63,1272.94,0,0
2026-01-01,M2L0M,"NHS SHROPSHIRE, TELFORD AND WREKIN",65,1588.73,0,0
2026-01-01,01A,"NHS EAST LANCASHIRE",75,1188.81,0,0
2026-01-01,01K,"NHS MORECAMBE BAY",81,1335.21,0,0
2026-01-01,06N,"NHS HERTS VALLEYS",81,1841.44,0,0
2026-01-01,11M,"NHS GLOUCESTERSHIRE",82,1574.78,0,0
2026-01-01,99C,"NHS NORTH TYNESIDE",84,1720.58,0,0
2026-01-01,15A,"NHS BERKSHIRE WEST",85,2087.62,0,0
2026-01-01,11N,"NHS CORNWALL AND THE ISLES OF SCILLY",86,2067.37,0,0
2026-01-01,02A,"NHS TRAFFORD",87,2090.13,0,0
2026-01-01,X2C4Y,"NHS KIRKLEES",87,1579.91,0,0
2026-01-01,01W,"NHS STOCKPORT",91,1821.57,0,0
2026-01-01,92G,"NHS BATH AND NORTH EAST SOMERSET, SWINDON AND WILTSHIRE",94,2002.13,0,0
2026-01-01,02H,"NHS WIGAN BOROUGH",98,1911.52,0,0
2026-01-01,15F,"NHS LEEDS",101,1872.92,0,0
2026-01-01,06K,"NHS EAST AND NORTH HERTFORDSHIRE",102,1888.26,0,0
2026-01-01,15C,"NHS BRISTOL, NORTH SOMERSET AND SOUTH GLOUCESTERSHIRE",104,2167.57,0,0
2026-01-01,18C,"NHS HEREFORDSHIRE AND WORCESTERSHIRE",105,2302.52,0,0
2026-01-01,36J,"NHS BRADFORD DISTRICT AND CRAVEN",111,2486.72,0,0
2026-01-01,11J,"NHS DORSET",120,2983.09,0,0
2026-01-01,15M,"NHS DERBY AND DERBYSHIRE",126,2622.9,0,0
2026-01-01,72Q,"NHS SOUTH EAST LONDON",127,2870.92,0,0
2026-01-01,M1J4Y,"NHS BEDFORDSHIRE, LUTON AND MILTON KEYNES",128,3126.19,0,0
2026-01-01,14L,"NHS MANCHESTER",131,3362.76,0,0
2026-01-01,B2M3M,"NHS COVENTRY AND WARWICKSHIRE",134,2350.61,0,0
2026-01-01,13T,"NHS NEWCASTLE GATESHEAD",139,2668.95,0,0
2026-01-01,71E,"NHS LINCOLNSHIRE",140,2754.56,0,0
2026-01-01,14Y,"NHS BUCKINGHAMSHIRE",141,3364.11,0,0
2026-01-01,00L,"NHS NORTHUMBERLAND",154,2501.62,0,0
2026-01-01,70F,"NHS WEST SUSSEX",155,3010.23,0,0
2026-01-01,97R,"NHS EAST SUSSEX",155,2926.18,0,0
2026-01-01,52R,"NHS NOTTINGHAM AND NOTTINGHAMSHIRE",162,3044.93,0,0
2026-01-01,26A,"NHS NORFOLK AND WAVENEY",165,4529.11,0,0
2026-01-01,92A,"NHS SURREY HEARTLANDS",165,3942.92,0,0
2026-01-01,D2P2L,"NHS BLACK COUNTRY",174,4008.73,0,0
2026-01-01,W2U3Z,"NHS NORTH WEST LONDON",174,3850.53,0,0
2026-01-01,36L,"NHS SOUTH WEST LONDON",184,3499.38,0,0
2026-01-01,03N,"NHS SHEFFIELD",187,3393.48,0,0
2026-01-01,15E,"NHS BIRMINGHAM AND SOLIHULL",187,3795.34,0,0
2026-01-01,27D,"NHS CHESHIRE",192,3619.87,0,0
2026-01-01,42D,"NHS NORTH YORKSHIRE",198,3429.24,0,0
2026-01-01,84H,"NHS COUNTY DURHAM",206,3819.37,0,0
2026-01-01,91Q,"NHS KENT AND MEDWAY",228,4725.73,0,0
2026-01-01,A3A8R,"NHS NORTH EAST LONDON",234,4868.3,0,0
2026-01-01,D9Y0V,"NHS HAMPSHIRE, SOUTHAMPTON AND ISLE OF WIGHT",239,6228.64,0,0
2026-01-01,93C,"NHS NORTH CENTRAL LONDON",285,5173.3,0,0
2026-01-01,16C,"NHS TEES VALLEY",309,5019.45,0,0
2026-01-01,15N,"NHS DEVON",417,7997.82,0,0
2026-01-01,06H,"NHS CAMBRIDGESHIRE AND PETERBOROUGH",431,8008.57,0,0
2026-02-01,09W,"NHS MEDWAY",0,0,0,0
2026-02-01,D4U1Y,"NHS FRIMLEY",0,0,0,0
2026-02-01,01J,"NHS KNOWSLEY",6,81.3,0,0
2026-02-01,07G,"NHS THURROCK",6,225.3,0,0
2026-02-01,01F,"NHS HALTON",10,244.14,0,0
2026-02-01,99G,"NHS SOUTHEND",12,203.23,0,0
2026-02-01,02G,"NHS WEST LANCASHIRE",15,451.27,0,0
2026-02-01,05D,"NHS EAST STAFFORDSHIRE",16,214.16,0,0
2026-02-01,99F,"NHS CASTLE POINT AND ROCHFORD",16,298.04,0,0
2026-02-01,00N,"NHS SOUTH TYNESIDE",17,338.67,0,0
2026-02-01,01V,"NHS SOUTHPORT AND FORMBY",17,257.44,0,0
2026-02-01,04Y,"NHS CANNOCK CHASE",17,428.51,0,0
2026-02-01,05V,"NHS STAFFORD AND SURROUNDS",18,525.27,0,0
2026-02-01,00V,"NHS BURY",19,415,0,0
2026-02-01,03K,"NHS NORTH LINCOLNSHIRE",19,332.55,0,0
2026-02-01,02P,"NHS BARNSLEY",20,311.63,0,0
2026-02-01,99E,"NHS BASILDON AND BRENTWOOD",20,477.5,0,0
2026-02-01,02Q,"NHS BASSETLAW",21,324.31,0,0
2026-02-01,05W,"NHS STOKE ON TRENT",21,659.37,0,0
2026-02-01,10R,"NHS PORTSMOUTH",22,460.6,0,0
2026-02-01,04C,"NHS LEICESTER CITY",24,474.15,0,0
2026-02-01,05G,"NHS NORTH STAFFORDSHIRE",24,461.92,0,0
2026-02-01,07H,"NHS WEST ESSEX",24,583.19,0,0
2026-02-01,03H,"NHS NORTH EAST LINCOLNSHIRE",25,469.25,0,0
2026-02-01,05Q,"NHS SOUTH EAST STAFFORDSHIRE AND SEISDON PENINSULA",25,501.25,0,0
2026-02-01,12F,"NHS WIRRAL",25,419.99,0,0
2026-02-01,03W,"NHS EAST LEICESTERSHIRE AND RUTLAND",26,616.82,0,0
2026-02-01,00Y,"NHS OLDHAM",27,639.1,0,0
2026-02-01,01T,"NHS SOUTH SEFTON",27,420.02,0,0
2026-02-01,01X,"NHS ST HELENS",27,552.45,0,0
2026-02-01,03F,"NHS HULL",27,460.65,0,0
2026-02-01,04V,"NHS WEST LEICESTERSHIRE",29,956.18,0,0
2026-02-01,00R,"NHS BLACKPOOL",32,474.25,0,0
2026-02-01,00P,"NHS SUNDERLAND",33,596.1,0,0
2026-02-01,06L,"NHS IPSWICH AND EAST SUFFOLK",34,816.04,0,0
2026-02-01,02T,"NHS CALDERDALE",35,623.22,0,0
2026-02-01,09D,"NHS BRIGHTON AND HOVE",36,953.75,0,0
2026-02-01,U2G6B,"NHS THAMES VALLEY ICB - U2G6B",36,1270.18,0,0
2026-02-01,00T,"NHS BOLTON",37,989.48,0,0
2026-02-01,02E,"NHS WARRINGTON",37,690.05,0,0
2026-02-01,00Q,"NHS BLACKBURN WITH DARWEN",38,596.15,0,0
2026-02-01,02Y,"NHS EAST RIDING OF YORKSHIRE",39,925.51,0,0
2026-02-01,06T,"NHS NORTH EAST ESSEX",40,628.88,0,0
2026-02-01,06Q,"NHS MID ESSEX",41,999.73,0,0
2026-02-01,01Y,"NHS TAMESIDE AND GLOSSOP",42,947.83,0,0
2026-02-01,01E,"NHS GREATER PRESTON",43,797.02,0,0
2026-02-01,01G,"NHS SALFORD",43,1546.46,0,0
2026-02-01,99A,"NHS LIVERPOOL",43,677.45,0,0
2026-02-01,03Q,"NHS VALE OF YORK",45,726.37,0,0
2026-02-01,11X,"NHS SOMERSET",45,1093.41,0,0
2026-02-01,03R,"NHS WAKEFIELD",46,849.98,0,0
2026-02-01,02X,"NHS DONCASTER",47,772.27,0,0
2026-02-01,03L,"NHS ROTHERHAM",47,691.03,0,0
2026-02-01,02M,"NHS FYLDE AND WYRE",48,726.39,0,0
2026-02-01,01D,"NHS HEYWOOD, MIDDLETON AND ROCHDALE",49,772.33,0,0
2026-02-01,02A,"NHS TRAFFORD",51,1438.54,0,0
2026-02-01,00X,"NHS CHORLEY AND SOUTH RIBBLE",53,948.05,0,0
2026-02-01,78H,"NHS NORTHAMPTONSHIRE",54,825.98,0,0
2026-02-01,07K,"NHS WEST SUFFOLK",55,1283.9,0,0
2026-02-01,15A,"NHS BERKSHIRE WEST",60,1324.55,0,0
2026-02-01,01K,"NHS MORECAMBE BAY",63,1104.83,0,0
2026-02-01,M2L0M,"NHS SHROPSHIRE, TELFORD AND WREKIN",64,1428.1,0,0
2026-02-01,11M,"NHS GLOUCESTERSHIRE",65,1511.62,0,0
2026-02-01,01A,"NHS EAST LANCASHIRE",67,996.54,0,0
2026-02-01,10Q,"NHS OXFORDSHIRE",68,1558.98,0,0
2026-02-01,06N,"NHS HERTS VALLEYS",69,1538.46,0,0
2026-02-01,99C,"NHS NORTH TYNESIDE",69,1341.21,0,0
2026-02-01,92G,"NHS BATH AND NORTH EAST SOMERSET, SWINDON AND WILTSHIRE",71,1533.02,0,0
2026-02-01,01H,"NHS NORTH CUMBRIA",73,1181.8,0,0
2026-02-01,15F,"NHS LEEDS",75,1472.33,0,0
2026-02-01,11J,"NHS DORSET",83,1484.45,0,0
2026-02-01,15C,"NHS BRISTOL, NORTH SOMERSET AND SOUTH GLOUCESTERSHIRE",83,1855.63,0,0
2026-02-01,06K,"NHS EAST AND NORTH HERTFORDSHIRE",84,1760.32,0,0
2026-02-01,11N,"NHS CORNWALL AND THE ISLES OF SCILLY",84,1811.6,0,0
2026-02-01,02H,"NHS WIGAN BOROUGH",85,1382.02,0,0
2026-02-01,X2C4Y,"NHS KIRKLEES",86,1616.79,0,0
2026-02-01,18C,"NHS HEREFORDSHIRE AND WORCESTERSHIRE",91,1757.12,0,0
2026-02-01,36J,"NHS BRADFORD DISTRICT AND CRAVEN",97,2441.57,0,0
2026-02-01,01W,"NHS STOCKPORT",102,2116.52,0,0
2026-02-01,72Q,"NHS SOUTH EAST LONDON",104,2303.51,0,0
2026-02-01,13T,"NHS NEWCASTLE GATESHEAD",106,2032.18,0,0
2026-02-01,14L,"NHS MANCHESTER",107,2603.96,0,0
2026-02-01,71E,"NHS LINCOLNSHIRE",107,2456.96,0,0
2026-02-01,M1J4Y,"NHS BEDFORDSHIRE, LUTON AND MILTON KEYNES",109,2273.62,0,0
2026-02-01,15M,"NHS DERBY AND DERBYSHIRE",110,2250.67,0,0
2026-02-01,B2M3M,"NHS COVENTRY AND WARWICKSHIRE",115,2299.25,0,0
2026-02-01,92A,"NHS SURREY HEARTLANDS",122,2651.09,0,0
2026-02-01,14Y,"NHS BUCKINGHAMSHIRE",125,2942.76,0,0
2026-02-01,97R,"NHS EAST SUSSEX",136,2409.61,0,0
2026-02-01,52R,"NHS NOTTINGHAM AND NOTTINGHAMSHIRE",143,3142.5,0,0
2026-02-01,70F,"NHS WEST SUSSEX",143,3209.58,0,0
2026-02-01,26A,"NHS NORFOLK AND WAVENEY",148,3871.61,0,0
2026-02-01,27D,"NHS CHESHIRE",153,2944.98,0,0
2026-02-01,W2U3Z,"NHS NORTH WEST LONDON",154,3794.91,0,0
2026-02-01,42D,"NHS NORTH YORKSHIRE",157,2609.52,0,0
2026-02-01,36L,"NHS SOUTH WEST LONDON",158,4035.05,0,0
2026-02-01,03N,"NHS SHEFFIELD",160,2563.55,0,0
2026-02-01,00L,"NHS NORTHUMBERLAND",161,2776.1,0,0
2026-02-01,D2P2L,"NHS BLACK COUNTRY",173,3883.97,0,0
2026-02-01,15E,"NHS BIRMINGHAM AND SOLIHULL",178,3442.58,0,0
2026-02-01,84H,"NHS COUNTY DURHAM",181,2876.68,0,0
2026-02-01,A3A8R,"NHS NORTH EAST LONDON",186,3542.4,0,0
2026-02-01,91Q,"NHS KENT AND MEDWAY",187,3443.01,0,0
2026-02-01,D9Y0V,"NHS HAMPSHIRE, SOUTHAMPTON AND ISLE OF WIGHT",214,6117.5,0,0
2026-02-01,93C,"NHS NORTH CENTRAL LONDON",253,4969.13,0,0
2026-02-01,16C,"NHS TEES VALLEY",277,4622.02,0,0
2026-02-01,15N,"NHS DEVON",368,7072.59,0,0
2026-02-01,06H,"NHS CAMBRIDGESHIRE AND PETERBOROUGH",387,6797.01,0,0
2026-03-01,09W,"NHS MEDWAY",0,0,0,0
2026-03-01,D4U1Y,"NHS FRIMLEY",0,0,0,0
2026-03-01,01J,"NHS KNOWSLEY",9,135.49,0,0
2026-03-01,07G,"NHS THURROCK",9,265.95,0,0
2026-03-01,04Y,"NHS CANNOCK CHASE",10,216.74,0,0
2026-03-01,99G,"NHS SOUTHEND",12,291.49,0,0
2026-03-01,01F,"NHS HALTON",13,298.35,0,0
2026-03-01,01V,"NHS SOUTHPORT AND FORMBY",14,230.32,0,0
2026-03-01,02G,"NHS WEST LANCASHIRE",14,216.78,0,0
2026-03-01,05D,"NHS EAST STAFFORDSHIRE",16,240.37,0,0
2026-03-01,05G,"NHS NORTH STAFFORDSHIRE",17,415.58,0,0
2026-03-01,99E,"NHS BASILDON AND BRENTWOOD",18,714.5,0,0
2026-03-01,00N,"NHS SOUTH TYNESIDE",20,352.25,0,0
2026-03-01,04C,"NHS LEICESTER CITY",21,487.98,0,0
2026-03-01,10R,"NHS PORTSMOUTH",22,379.35,0,0
2026-03-01,03K,"NHS NORTH LINCOLNSHIRE",23,385.01,0,0
2026-03-01,05V,"NHS STAFFORD AND SURROUNDS",23,596.78,0,0
2026-03-01,05W,"NHS STOKE ON TRENT",25,1118.56,0,0
2026-03-01,12F,"NHS WIRRAL",25,406.45,0,0
2026-03-01,01T,"NHS SOUTH SEFTON",26,406.48,0,0
2026-03-01,03W,"NHS EAST LEICESTERSHIRE AND RUTLAND",26,458.87,0,0
2026-03-01,99F,"NHS CASTLE POINT AND ROCHFORD",26,568.96,0,0
2026-03-01,05Q,"NHS SOUTH EAST STAFFORDSHIRE AND SEISDON PENINSULA",27,528.36,0,0
2026-03-01,07H,"NHS WEST ESSEX",27,949.96,0,0
2026-03-01,00Q,"NHS BLACKBURN WITH DARWEN",29,420.07,0,0
2026-03-01,00Y,"NHS OLDHAM",29,632.98,0,0
2026-03-01,U2G6B,"NHS THAMES VALLEY ICB - U2G6B",29,963.25,0,0
2026-03-01,03F,"NHS HULL",30,635.25,0,0
2026-03-01,02P,"NHS BARNSLEY",31,554.58,0,0
2026-03-01,02Q,"NHS BASSETLAW",31,457.2,0,0
2026-03-01,02T,"NHS CALDERDALE",31,596.1,0,0
2026-03-01,04V,"NHS WEST LEICESTERSHIRE",31,723.2,0,0
2026-03-01,00V,"NHS BURY",32,834.34,0,0
2026-03-01,01X,"NHS ST HELENS",32,699.8,0,0
2026-03-01,03H,"NHS NORTH EAST LINCOLNSHIRE",32,576.75,0,0
2026-03-01,11X,"NHS SOMERSET",36,761.33,0,0
2026-03-01,00P,"NHS SUNDERLAND",37,758.62,0,0
2026-03-01,02E,"NHS WARRINGTON",39,798.41,0,0
2026-03-01,09D,"NHS BRIGHTON AND HOVE",39,894.37,0,0
2026-03-01,01G,"NHS SALFORD",40,1150.68,0,0
2026-03-01,01D,"NHS HEYWOOD, MIDDLETON AND ROCHDALE",42,650.38,0,0
2026-03-01,06T,"NHS NORTH EAST ESSEX",42,621.54,0,0
2026-03-01,03Q,"NHS VALE OF YORK",43,780.55,0,0
2026-03-01,02M,"NHS FYLDE AND WYRE",44,648.65,0,0
2026-03-01,06L,"NHS IPSWICH AND EAST SUFFOLK",44,811.63,0,0
2026-03-01,00R,"NHS BLACKPOOL",45,684.89,0,0
2026-03-01,00T,"NHS BOLTON",45,1267.21,0,0
2026-03-01,01Y,"NHS TAMESIDE AND GLOSSOP",47,1043.99,0,0
2026-03-01,99A,"NHS LIVERPOOL",48,1290.18,0,0
2026-03-01,01E,"NHS GREATER PRESTON",50,1100.26,0,0
2026-03-01,03R,"NHS WAKEFIELD",50,960.11,0,0
2026-03-01,07K,"NHS WEST SUFFOLK",52,1041.82,0,0
2026-03-01,00X,"NHS CHORLEY AND SOUTH RIBBLE",53,835.78,0,0
2026-03-01,06Q,"NHS MID ESSEX",53,1199.45,0,0
2026-03-01,03L,"NHS ROTHERHAM",54,956.97,0,0
2026-03-01,02Y,"NHS EAST RIDING OF YORKSHIRE",56,990.16,0,0
2026-03-01,78H,"NHS NORTHAMPTONSHIRE",56,875.61,0,0
2026-03-01,M2L0M,"NHS SHROPSHIRE, TELFORD AND WREKIN",57,1168.64,0,0
2026-03-01,02X,"NHS DONCASTER",66,1029.79,0,0
2026-03-01,01H,"NHS NORTH CUMBRIA",69,1262.94,0,0
2026-03-01,10Q,"NHS OXFORDSHIRE",69,1448.34,0,0
2026-03-01,11M,"NHS GLOUCESTERSHIRE",70,1287.68,0,0
2026-03-01,02A,"NHS TRAFFORD",71,1841.29,0,0
2026-03-01,99C,"NHS NORTH TYNESIDE",74,1503.81,0,0
2026-03-01,01K,"NHS MORECAMBE BAY",78,1378.42,0,0
2026-03-01,01A,"NHS EAST LANCASHIRE",79,1373.44,0,0
2026-03-01,15A,"NHS BERKSHIRE WEST",79,2118.48,0,0
2026-03-01,11N,"NHS CORNWALL AND THE ISLES OF SCILLY",81,1920.24,0,0
2026-03-01,15C,"NHS BRISTOL, NORTH SOMERSET AND SOUTH GLOUCESTERSHIRE",83,1692.22,0,0
2026-03-01,X2C4Y,"NHS KIRKLEES",83,1642.09,0,0
2026-03-01,06N,"NHS HERTS VALLEYS",87,1950.48,0,0
2026-03-01,92G,"NHS BATH AND NORTH EAST SOMERSET, SWINDON AND WILTSHIRE",87,1856.65,0,0
2026-03-01,06K,"NHS EAST AND NORTH HERTFORDSHIRE",89,1799.27,0,0
2026-03-01,01W,"NHS STOCKPORT",99,2020.11,0,0
2026-03-01,02H,"NHS WIGAN BOROUGH",99,1838.56,0,0
2026-03-01,36J,"NHS BRADFORD DISTRICT AND CRAVEN",100,2338.53,0,0
2026-03-01,18C,"NHS HEREFORDSHIRE AND WORCESTERSHIRE",105,2101.63,0,0
2026-03-01,11J,"NHS DORSET",106,2271.01,0,0
2026-03-01,15F,"NHS LEEDS",109,2090.85,0,0
2026-03-01,71E,"NHS LINCOLNSHIRE",109,2189.3,0,0
2026-03-01,92A,"NHS SURREY HEARTLANDS",117,2645.86,0,0
2026-03-01,72Q,"NHS SOUTH EAST LONDON",119,2551.74,0,0
2026-03-01,M1J4Y,"NHS BEDFORDSHIRE, LUTON AND MILTON KEYNES",121,3107.09,0,0
2026-03-01,15M,"NHS DERBY AND DERBYSHIRE",122,2448.46,0,0
2026-03-01,14L,"NHS MANCHESTER",124,2725.04,0,0
2026-03-01,13T,"NHS NEWCASTLE GATESHEAD",125,2276.12,0,0
2026-03-01,97R,"NHS EAST SUSSEX",125,2496.77,0,0
2026-03-01,B2M3M,"NHS COVENTRY AND WARWICKSHIRE",131,2327.83,0,0
2026-03-01,14Y,"NHS BUCKINGHAMSHIRE",134,2985.11,0,0
2026-03-01,00L,"NHS NORTHUMBERLAND",143,2223.37,0,0
2026-03-01,52R,"NHS NOTTINGHAM AND NOTTINGHAMSHIRE",153,2900.63,0,0
2026-03-01,D2P2L,"NHS BLACK COUNTRY",155,3380.46,0,0
2026-03-01,70F,"NHS WEST SUSSEX",162,3645.89,0,0
2026-03-01,26A,"NHS NORFOLK AND WAVENEY",164,3725.41,0,0
2026-03-01,42D,"NHS NORTH YORKSHIRE",170,2821.25,0,0
2026-03-01,W2U3Z,"NHS NORTH WEST LONDON",171,3969.29,0,0
2026-03-01,03N,"NHS SHEFFIELD",177,3013.35,0,0
2026-03-01,36L,"NHS SOUTH WEST LONDON",177,4213.82,0,0
2026-03-01,84H,"NHS COUNTY DURHAM",184,3435.44,0,0
2026-03-01,15E,"NHS BIRMINGHAM AND SOLIHULL",193,4415.59,0,0
2026-03-01,27D,"NHS CHESHIRE",195,3659.59,0,0
2026-03-01,D9Y0V,"NHS HAMPSHIRE, SOUTHAMPTON AND ISLE OF WIGHT",206,5307.18,0,0
2026-03-01,A3A8R,"NHS NORTH EAST LONDON",215,4618.88,0,0
2026-03-01,91Q,"NHS KENT AND MEDWAY",233,4921.02,0,0
2026-03-01,93C,"NHS NORTH CENTRAL LONDON",282,5396.2,0,0
2026-03-01,16C,"NHS TEES VALLEY",324,5239.37,0,0
2026-03-01,06H,"NHS CAMBRIDGESHIRE AND PETERBOROUGH",411,7341.65,0,0
2026-03-01,15N,"NHS DEVON",419,7871.05,0,0
2026-04-01,09W,"NHS MEDWAY",0,0,0,0
2026-04-01,D4U1Y,"NHS FRIMLEY",0,0,0,0
2026-04-01,01J,"NHS KNOWSLEY",4,54.2,0,0
2026-04-01,07G,"NHS THURROCK",9,279.5,0,0
2026-04-01,02G,"NHS WEST LANCASHIRE",14,307.26,0,0
2026-04-01,10R,"NHS PORTSMOUTH",14,298.02,0,0
2026-04-01,05D,"NHS EAST STAFFORDSHIRE",15,242.99,0,0
2026-04-01,05V,"NHS STAFFORD AND SURROUNDS",16,487.48,0,0
2026-04-01,99G,"NHS SOUTHEND",16,359.24,0,0
2026-04-01,01F,"NHS HALTON",17,393.17,0,0
2026-04-01,00V,"NHS BURY",18,387.55,0,0
2026-04-01,00N,"NHS SOUTH TYNESIDE",19,392.85,0,0
2026-04-01,04Y,"NHS CANNOCK CHASE",19,338.7,0,0
2026-04-01,01V,"NHS SOUTHPORT AND FORMBY",20,438.45,0,0
2026-04-01,12F,"NHS WIRRAL",21,379.33,0,0
2026-04-01,99F,"NHS CASTLE POINT AND ROCHFORD",21,419.96,0,0
2026-04-01,05G,"NHS NORTH STAFFORDSHIRE",22,416.45,0,0
2026-04-01,05Q,"NHS SOUTH EAST STAFFORDSHIRE AND SEISDON PENINSULA",22,447.06,0,0
2026-04-01,07H,"NHS WEST ESSEX",22,539.79,0,0
2026-04-01,02T,"NHS CALDERDALE",24,406.46,0,0
2026-04-01,02Q,"NHS BASSETLAW",25,349.67,0,0
2026-04-01,05W,"NHS STOKE ON TRENT",25,937.88,0,0
2026-04-01,99E,"NHS BASILDON AND BRENTWOOD",25,806.6,0,0
2026-04-01,00P,"NHS SUNDERLAND",26,487.71,0,0
2026-04-01,03F,"NHS HULL",26,460.65,0,0
2026-04-01,04C,"NHS LEICESTER CITY",26,501.24,0,0
2026-04-01,03H,"NHS NORTH EAST LINCOLNSHIRE",27,496.35,0,0
2026-04-01,01T,"NHS SOUTH SEFTON",28,433.58,0,0
2026-04-01,03K,"NHS NORTH LINCOLNSHIRE",28,423.02,0,0
2026-04-01,00Y,"NHS OLDHAM",29,535.75,0,0
2026-04-01,04V,"NHS WEST LEICESTERSHIRE",29,561.01,0,0
2026-04-01,01X,"NHS ST HELENS",30,605.66,0,0
2026-04-01,02P,"NHS BARNSLEY",31,526.63,0,0
2026-04-01,03W,"NHS EAST LEICESTERSHIRE AND RUTLAND",31,556.99,0,0
2026-04-01,06Q,"NHS MID ESSEX",33,622.24,0,0
2026-04-01,11X,"NHS SOMERSET",33,687.32,0,0
2026-04-01,01D,"NHS HEYWOOD, MIDDLETON AND ROCHDALE",34,528.42,0,0
2026-04-01,02E,"NHS WARRINGTON",35,700.94,0,0
2026-04-01,00R,"NHS BLACKPOOL",37,528.49,0,0
2026-04-01,06L,"NHS IPSWICH AND EAST SUFFOLK",37,1092.79,0,0
2026-04-01,06T,"NHS NORTH EAST ESSEX",38,762.83,0,0
2026-04-01,U2G6B,"NHS THAMES VALLEY ICB - U2G6B",38,1044.27,0,0
2026-04-01,01Y,"NHS TAMESIDE AND GLOSSOP",40,1241.18,0,0
2026-04-01,03L,"NHS ROTHERHAM",40,590.02,0,0
2026-04-01,07K,"NHS WEST SUFFOLK",40,953.65,0,0
2026-04-01,03Q,"NHS VALE OF YORK",41,715.45,0,0
2026-04-01,01G,"NHS SALFORD",43,1496.65,0,0
2026-04-01,02M,"NHS FYLDE AND WYRE",46,741.72,0,0
2026-04-01,99A,"NHS LIVERPOOL",46,937.17,0,0
2026-04-01,09D,"NHS BRIGHTON AND HOVE",47,1088.98,0,0
2026-04-01,02X,"NHS DONCASTER",48,798.51,0,0
2026-04-01,02Y,"NHS EAST RIDING OF YORKSHIRE",48,1138.71,0,0
2026-04-01,00Q,"NHS BLACKBURN WITH DARWEN",49,718.17,0,0
2026-04-01,01E,"NHS GREATER PRESTON",49,811.2,0,0
2026-04-01,00T,"NHS BOLTON",50,1323.21,0,0
2026-04-01,78H,"NHS NORTHAMPTONSHIRE",50,751.72,0,0
2026-04-01,03R,"NHS WAKEFIELD",51,889.77,0,0
2026-04-01,00X,"NHS CHORLEY AND SOUTH RIBBLE",52,840.07,0,0
2026-04-01,11M,"NHS GLOUCESTERSHIRE",57,1243.4,0,0
2026-04-01,15A,"NHS BERKSHIRE WEST",58,1250.2,0,0
2026-04-01,02A,"NHS TRAFFORD",61,1692.09,0,0
2026-04-01,01H,"NHS NORTH CUMBRIA",63,1004.74,0,0
2026-04-01,99C,"NHS NORTH TYNESIDE",68,1300.62,0,0
2026-04-01,M2L0M,"NHS SHROPSHIRE, TELFORD AND WREKIN",68,1524.15,0,0
2026-04-01,01A,"NHS EAST LANCASHIRE",70,1181.16,0,0
2026-04-01,06N,"NHS HERTS VALLEYS",70,1656.32,0,0
2026-04-01,01K,"NHS MORECAMBE BAY",72,1160.85,0,0
2026-04-01,10Q,"NHS OXFORDSHIRE",74,1682.99,0,0
2026-04-01,15F,"NHS LEEDS",77,1523.56,0,0
2026-04-01,15C,"NHS BRISTOL, NORTH SOMERSET AND SOUTH GLOUCESTERSHIRE",79,1806.95,0,0
2026-04-01,11N,"NHS CORNWALL AND THE ISLES OF SCILLY",86,1973.15,0,0
2026-04-01,X2C4Y,"NHS KIRKLEES",89,1763.11,0,0
2026-04-01,92G,"NHS BATH AND NORTH EAST SOMERSET, SWINDON AND WILTSHIRE",90,1959.23,0,0
2026-04-01,02H,"NHS WIGAN BOROUGH",92,1617.22,0,0
2026-04-01,06K,"NHS EAST AND NORTH HERTFORDSHIRE",93,1735.63,0,0
2026-04-01,18C,"NHS HEREFORDSHIRE AND WORCESTERSHIRE",94,2140.84,0,0
2026-04-01,01W,"NHS STOCKPORT",95,1943.46,0,0
2026-04-01,36J,"NHS BRADFORD DISTRICT AND CRAVEN",96,2357.84,0,0
2026-04-01,13T,"NHS NEWCASTLE GATESHEAD",104,2045.66,0,0
2026-04-01,M1J4Y,"NHS BEDFORDSHIRE, LUTON AND MILTON KEYNES",110,2484.56,0,0
2026-04-01,14L,"NHS MANCHESTER",111,2412.46,0,0
2026-04-01,11J,"NHS DORSET",114,2887.74,0,0
2026-04-01,72Q,"NHS SOUTH EAST LONDON",114,2456.89,0,0
2026-04-01,14Y,"NHS BUCKINGHAMSHIRE",121,3170.35,0,0
2026-04-01,15M,"NHS DERBY AND DERBYSHIRE",124,2575.6,0,0
2026-04-01,71E,"NHS LINCOLNSHIRE",124,2261.55,0,0
2026-04-01,92A,"NHS SURREY HEARTLANDS",125,2863.17,0,0
2026-04-01,97R,"NHS EAST SUSSEX",125,2789.96,0,0
2026-04-01,B2M3M,"NHS COVENTRY AND WARWICKSHIRE",133,2373.22,0,0
2026-04-01,03N,"NHS SHEFFIELD",139,2778.33,0,0
2026-04-01,70F,"NHS WEST SUSSEX",144,2961.77,0,0
2026-04-01,00L,"NHS NORTHUMBERLAND",148,2477.17,0,0
2026-04-01,26A,"NHS NORFOLK AND WAVENEY",148,4602.3,0,0
2026-04-01,52R,"NHS NOTTINGHAM AND NOTTINGHAMSHIRE",152,3182.79,0,0
2026-04-01,15E,"NHS BIRMINGHAM AND SOLIHULL",155,3068.51,0,0
2026-04-01,D2P2L,"NHS BLACK COUNTRY",158,3674.9,0,0
2026-04-01,36L,"NHS SOUTH WEST LONDON",163,3761.36,0,0
2026-04-01,W2U3Z,"NHS NORTH WEST LONDON",165,3620.88,0,0
2026-04-01,84H,"NHS COUNTY DURHAM",167,2884.32,0,0
2026-04-01,42D,"NHS NORTH YORKSHIRE",176,3036.5,0,0
2026-04-01,27D,"NHS CHESHIRE",183,3565.42,0,0
2026-04-01,91Q,"NHS KENT AND MEDWAY",192,3438.14,0,0
2026-04-01,A3A8R,"NHS NORTH EAST LONDON",214,4147.72,0,0
2026-04-01,D9Y0V,"NHS HAMPSHIRE, SOUTHAMPTON AND ISLE OF WIGHT",227,6431.19,0,0
2026-04-01,16C,"NHS TEES VALLEY",268,4578.34,0,0
2026-04-01,93C,"NHS NORTH CENTRAL LONDON",268,5101.84,0,0
2026-04-01,06H,"NHS CAMBRIDGESHIRE AND PETERBOROUGH",359,6458.36,0,0
2026-04-01,15N,"NHS DEVON",377,7381.62,0,0
2026-05-01,09W,"NHS MEDWAY",0,0,0,0
2026-05-01,D4U1Y,"NHS FRIMLEY",0,0,0,0
2026-05-01,01J,"NHS KNOWSLEY",7,108.39,0,0
2026-05-01,07G,"NHS THURROCK",7,225.31,0,0
2026-05-01,02G,"NHS WEST LANCASHIRE",12,230.31,0,0
2026-05-01,01V,"NHS SOUTHPORT AND FORMBY",14,216.79,0,0
2026-05-01,01F,"NHS HALTON",15,338.97,0,0
2026-05-01,05V,"NHS STAFFORD AND SURROUNDS",15,311.9,0,0
2026-05-01,04Y,"NHS CANNOCK CHASE",17,442.06,0,0
2026-05-01,05D,"NHS EAST STAFFORDSHIRE",17,255.69,0,0
2026-05-01,99F,"NHS CASTLE POINT AND ROCHFORD",17,434.67,0,0
2026-05-01,99G,"NHS SOUTHEND",17,332.18,0,0
2026-05-01,03K,"NHS NORTH LINCOLNSHIRE",18,333.41,0,0
2026-05-01,04C,"NHS LEICESTER CITY",18,365.77,0,0
2026-05-01,10R,"NHS PORTSMOUTH",18,447.02,0,0
2026-05-01,04V,"NHS WEST LEICESTERSHIRE",22,866.82,0,0
2026-05-01,09D,"NHS BRIGHTON AND HOVE",22,392.88,0,0
2026-05-01,03W,"NHS EAST LEICESTERSHIRE AND RUTLAND",23,375.83,0,0
2026-05-01,05G,"NHS NORTH STAFFORDSHIRE",23,391.14,0,0
2026-05-01,00N,"NHS SOUTH TYNESIDE",24,460.6,0,0
2026-05-01,02Q,"NHS BASSETLAW",24,364.09,0,0
2026-05-01,05W,"NHS STOKE ON TRENT",24,790.51,0,0
2026-05-01,05Q,"NHS SOUTH EAST STAFFORDSHIRE AND SEISDON PENINSULA",25,459.76,0,0
2026-05-01,11X,"NHS SOMERSET",27,620.13,0,0
2026-05-01,01X,"NHS ST HELENS",28,785.3,0,0
2026-05-01,02T,"NHS CALDERDALE",29,573.62,0,0
2026-05-01,03H,"NHS NORTH EAST LINCOLNSHIRE",29,523.45,0,0
2026-05-01,07H,"NHS WEST ESSEX",29,1004.76,0,0
2026-05-01,00Y,"NHS OLDHAM",30,756.05,0,0
2026-05-01,01T,"NHS SOUTH SEFTON",30,487.78,0,0
2026-05-01,02P,"NHS BARNSLEY",31,513.96,0,0
2026-05-01,00P,"NHS SUNDERLAND",32,650.26,0,0
2026-05-01,03F,"NHS HULL",32,683.38,0,0
2026-05-01,99E,"NHS BASILDON AND BRENTWOOD",32,1257.55,0,0
2026-05-01,U2G6B,"NHS THAMES VALLEY ICB - U2G6B",32,772.76,0,0
2026-05-01,00Q,"NHS BLACKBURN WITH DARWEN",33,474.26,0,0
2026-05-01,06L,"NHS IPSWICH AND EAST SUFFOLK",33,1034.53,0,0
2026-05-01,00R,"NHS BLACKPOOL",34,460.75,0,0
2026-05-01,00V,"NHS BURY",35,754.88,0,0
2026-05-01,12F,"NHS WIRRAL",36,704.46,0,0
2026-05-01,00T,"NHS BOLTON",38,900.87,0,0
2026-05-01,01D,"NHS HEYWOOD, MIDDLETON AND ROCHDALE",39,636.82,0,0
2026-05-01,01G,"NHS SALFORD",39,1332.84,0,0
2026-05-01,02M,"NHS FYLDE AND WYRE",39,581.78,0,0
2026-05-01,06T,"NHS NORTH EAST ESSEX",39,709.59,0,0
2026-05-01,03L,"NHS ROTHERHAM",40,701.19,0,0
2026-05-01,03Q,"NHS VALE OF YORK",41,744.72,0,0
2026-05-01,02E,"NHS WARRINGTON",42,825.5,0,0
2026-05-01,01E,"NHS GREATER PRESTON",43,837.63,0,0
2026-05-01,02Y,"NHS EAST RIDING OF YORKSHIRE",45,849.04,0,0
2026-05-01,01Y,"NHS TAMESIDE AND GLOSSOP",46,988.59,0,0
2026-05-01,06Q,"NHS MID ESSEX",46,1017.56,0,0
2026-05-01,03R,"NHS WAKEFIELD",47,838.24,0,0
2026-05-01,02X,"NHS DONCASTER",48,799.4,0,0
2026-05-01,99A,"NHS LIVERPOOL",49,976.02,0,0
2026-05-01,00X,"NHS CHORLEY AND SOUTH RIBBLE",50,1069.57,0,0
2026-05-01,07K,"NHS WEST SUFFOLK",51,921.49,0,0
2026-05-01,78H,"NHS NORTHAMPTONSHIRE",53,802.57,0,0
2026-05-01,M2L0M,"NHS SHROPSHIRE, TELFORD AND WREKIN",58,1378.03,0,0
2026-05-01,01K,"NHS MORECAMBE BAY",63,1082.16,0,0
2026-05-01,02A,"NHS TRAFFORD",65,1691.01,0,0
2026-05-01,11M,"NHS GLOUCESTERSHIRE",65,1234.02,0,0
2026-05-01,15A,"NHS BERKSHIRE WEST",65,1565.07,0,0
2026-05-01,01H,"NHS NORTH CUMBRIA",66,1058.91,0,0
2026-05-01,01A,"NHS EAST LANCASHIRE",68,1182.91,0,0
2026-05-01,06N,"NHS HERTS VALLEYS",71,1563.68,0,0
2026-05-01,92G,"NHS BATH AND NORTH EAST SOMERSET, SWINDON AND WILTSHIRE",74,1544.85,0,0
2026-05-01,99C,"NHS NORTH TYNESIDE",76,1422.58,0,0
2026-05-01,15C,"NHS BRISTOL, NORTH SOMERSET AND SOUTH GLOUCESTERSHIRE",77,1677.28,0,0
2026-05-01,X2C4Y,"NHS KIRKLEES",81,1615.01,0,0
2026-05-01,11N,"NHS CORNWALL AND THE ISLES OF SCILLY",82,2191.66,0,0
2026-05-01,15F,"NHS LEEDS",83,1554.78,0,0
2026-05-01,01W,"NHS STOCKPORT",85,1830.4,0,0
2026-05-01,18C,"NHS HEREFORDSHIRE AND WORCESTERSHIRE",85,1918.16,0,0
2026-05-01,10Q,"NHS OXFORDSHIRE",86,1539.71,0,0
2026-05-01,36J,"NHS BRADFORD DISTRICT AND CRAVEN",88,2594.14,0,0
2026-05-01,06K,"NHS EAST AND NORTH HERTFORDSHIRE",92,1917.3,0,0
2026-05-01,02H,"NHS WIGAN BOROUGH",97,1793.63,0,0
2026-05-01,M1J4Y,"NHS BEDFORDSHIRE, LUTON AND MILTON KEYNES",98,2326.83,0,0
2026-05-01,14L,"NHS MANCHESTER",99,2436.92,0,0
2026-05-01,B2M3M,"NHS COVENTRY AND WARWICKSHIRE",110,2009.15,0,0
2026-05-01,15M,"NHS DERBY AND DERBYSHIRE",111,2396.01,0,0
2026-05-01,11J,"NHS DORSET",113,2353.2,0,0
2026-05-01,00L,"NHS NORTHUMBERLAND",114,1898.1,0,0
2026-05-01,13T,"NHS NEWCASTLE GATESHEAD",114,2181.22,0,0
2026-05-01,72Q,"NHS SOUTH EAST LONDON",114,2398.12,0,0
2026-05-01,71E,"NHS LINCOLNSHIRE",116,2418.38,0,0
2026-05-01,92A,"NHS SURREY HEARTLANDS",122,3071.29,0,0
2026-05-01,52R,"NHS NOTTINGHAM AND NOTTINGHAMSHIRE",129,2632.11,0,0
2026-05-01,14Y,"NHS BUCKINGHAMSHIRE",130,3383.05,0,0
2026-05-01,70F,"NHS WEST SUSSEX",134,2783.32,0,0
2026-05-01,97R,"NHS EAST SUSSEX",141,2512.81,0,0
2026-05-01,D2P2L,"NHS BLACK COUNTRY",147,3088.66,0,0
2026-05-01,36L,"NHS SOUTH WEST LONDON",153,3934.94,0,0
2026-05-01,26A,"NHS NORFOLK AND WAVENEY",156,4557.43,0,0
2026-05-01,15E,"NHS BIRMINGHAM AND SOLIHULL",158,3058.63,0,0
2026-05-01,42D,"NHS NORTH YORKSHIRE",159,2664.73,0,0
2026-05-01,84H,"NHS COUNTY DURHAM",162,3064.77,0,0
2026-05-01,27D,"NHS CHESHIRE",164,3242.31,0,0
2026-05-01,W2U3Z,"NHS NORTH WEST LONDON",165,3535.31,0,0
2026-05-01,03N,"NHS SHEFFIELD",168,2928.64,0,0
2026-05-01,D9Y0V,"NHS HAMPSHIRE, SOUTHAMPTON AND ISLE OF WIGHT",188,5349.63,0,0
2026-05-01,91Q,"NHS KENT AND MEDWAY",202,4420.84,0,0
2026-05-01,A3A8R,"NHS NORTH EAST LONDON",216,4271.18,0,0
2026-05-01,93C,"NHS NORTH CENTRAL LONDON",244,4699.52,0,0
2026-05-01,16C,"NHS TEES VALLEY",247,4495.15,0,0
2026-05-01,15N,"NHS DEVON",333,6300.55,0,0
2026-05-01,06H,"NHS CAMBRIDGESHIRE AND PETERBOROUGH",339,5922.67,0,0
2026-06-01,09W,"NHS MEDWAY",0,0,0,0
2026-06-01,D4U1Y,"NHS FRIMLEY",0,0,0,0
2026-06-01,01J,"NHS KNOWSLEY",7,108.4,0,0
2026-06-01,07G,"NHS THURROCK",7,238.86,0,0
2026-06-01,01F,"NHS HALTON",10,244.16,0,0
2026-06-01,02G,"NHS WEST LANCASHIRE",13,230.33,0,0
2026-06-01,10R,"NHS PORTSMOUTH",13,270.97,0,0
2026-06-01,99G,"NHS SOUTHEND",13,264.46,0,0
2026-06-01,05D,"NHS EAST STAFFORDSHIRE",14,216.81,0,0
2026-06-01,01T,"NHS SOUTH SEFTON",15,243.89,0,0
2026-06-01,02Q,"NHS BASSETLAW",15,202.39,0,0
2026-06-01,04Y,"NHS CANNOCK CHASE",15,311.59,0,0
2026-06-01,04C,"NHS LEICESTER CITY",17,284.54,0,0
2026-06-01,00N,"NHS SOUTH TYNESIDE",18,284.56,0,0
2026-06-01,05G,"NHS NORTH STAFFORDSHIRE",18,406.82,0,0
2026-06-01,99E,"NHS BASILDON AND BRENTWOOD",20,988.98,0,0
2026-06-01,05W,"NHS STOKE ON TRENT",21,831.44,0,0
2026-06-01,03K,"NHS NORTH LINCOLNSHIRE",22,384.98,0,0
2026-06-01,05V,"NHS STAFFORD AND SURROUNDS",22,602.28,0,0
2026-06-01,02P,"NHS BARNSLEY",23,405.6,0,0
2026-06-01,99F,"NHS CASTLE POINT AND ROCHFORD",23,433.57,0,0
2026-06-01,01V,"NHS SOUTHPORT AND FORMBY",24,392.94,0,0
2026-06-01,04V,"NHS WEST LEICESTERSHIRE",24,553.38,0,0
2026-06-01,01X,"NHS ST HELENS",26,573.27,0,0
2026-06-01,12F,"NHS WIRRAL",26,433.6,0,0
2026-06-01,03F,"NHS HULL",28,621.7,0,0
2026-06-01,03H,"NHS NORTH EAST LINCOLNSHIRE",29,536.99,0,0
2026-06-01,05Q,"NHS SOUTH EAST STAFFORDSHIRE AND SEISDON PENINSULA",29,582.59,0,0
2026-06-01,U2G6B,"NHS THAMES VALLEY ICB - U2G6B",30,1002.7,0,0
2026-06-01,00Y,"NHS OLDHAM",31,738.91,0,0
2026-06-01,02T,"NHS CALDERDALE",31,600.77,0,0
2026-06-01,03W,"NHS EAST LEICESTERSHIRE AND RUTLAND",31,508.66,0,0
2026-06-01,07H,"NHS WEST ESSEX",32,664.14,0,0
2026-06-01,11X,"NHS SOMERSET",32,713.88,0,0
2026-06-01,00V,"NHS BURY",36,788.53,0,0
2026-06-01,06L,"NHS IPSWICH AND EAST SUFFOLK",36,889.77,0,0
2026-06-01,09D,"NHS BRIGHTON AND HOVE",38,799.64,0,0
2026-06-01,02E,"NHS WARRINGTON",39,797.57,0,0
2026-06-01,06Q,"NHS MID ESSEX",39,684.4,0,0
2026-06-01,01D,"NHS HEYWOOD, MIDDLETON AND ROCHDALE",40,646.12,0,0
2026-06-01,01G,"NHS SALFORD",40,1694.19,0,0
2026-06-01,06T,"NHS NORTH EAST ESSEX",40,626.17,0,0
2026-06-01,00T,"NHS BOLTON",41,1106.48,0,0
2026-06-01,01E,"NHS GREATER PRESTON",41,702.81,0,0
2026-06-01,02Y,"NHS EAST RIDING OF YORKSHIRE",41,765.99,0,0
2026-06-01,00P,"NHS SUNDERLAND",42,839.96,0,0
2026-06-01,00Q,"NHS BLACKBURN WITH DARWEN",42,677.55,0,0
2026-06-01,01Y,"NHS TAMESIDE AND GLOSSOP",42,887.32,0,0
2026-06-01,00X,"NHS CHORLEY AND SOUTH RIBBLE",45,889.57,0,0
2026-06-01,99A,"NHS LIVERPOOL",45,826.8,0,0
2026-06-01,00R,"NHS BLACKPOOL",48,731.78,0,0
2026-06-01,03Q,"NHS VALE OF YORK",48,851.87,0,0
2026-06-01,02A,"NHS TRAFFORD",49,1594.25,0,0
2026-06-01,02X,"NHS DONCASTER",50,785.94,0,0
2026-06-01,07K,"NHS WEST SUFFOLK",51,1408.05,0,0
2026-06-01,03L,"NHS ROTHERHAM",53,841.34,0,0
2026-06-01,02M,"NHS FYLDE AND WYRE",54,940.74,0,0
2026-06-01,78H,"NHS NORTHAMPTONSHIRE",54,853.06,0,0
2026-06-01,01H,"NHS NORTH CUMBRIA",55,898.98,0,0
2026-06-01,03R,"NHS WAKEFIELD",57,1136.29,0,0
2026-06-01,11M,"NHS GLOUCESTERSHIRE",58,1159.78,0,0
2026-06-01,M2L0M,"NHS SHROPSHIRE, TELFORD AND WREKIN",62,1343.52,0,0
2026-06-01,06N,"NHS HERTS VALLEYS",66,1492.38,0,0
2026-06-01,15A,"NHS BERKSHIRE WEST",68,1975.15,0,0
2026-06-01,10Q,"NHS OXFORDSHIRE",71,1504.96,0,0
2026-06-01,01A,"NHS EAST LANCASHIRE",73,1127.59,0,0
2026-06-01,99C,"NHS NORTH TYNESIDE",74,1530.94,0,0
2026-06-01,X2C4Y,"NHS KIRKLEES",74,1343.3,0,0
2026-06-01,01K,"NHS MORECAMBE BAY",79,1280.2,0,0
2026-06-01,92G,"NHS BATH AND NORTH EAST SOMERSET, SWINDON AND WILTSHIRE",87,2015.86,0,0
2026-06-01,01W,"NHS STOCKPORT",88,1749.31,0,0
2026-06-01,11N,"NHS CORNWALL AND THE ISLES OF SCILLY",89,2584.09,0,0
2026-06-01,15C,"NHS BRISTOL, NORTH SOMERSET AND SOUTH GLOUCESTERSHIRE",89,2278.89,0,0
2026-06-01,15F,"NHS LEEDS",93,1890.03,0,0
2026-06-01,02H,"NHS WIGAN BOROUGH",96,1680.18,0,0
2026-06-01,06K,"NHS EAST AND NORTH HERTFORDSHIRE",97,1981.08,0,0
2026-06-01,36J,"NHS BRADFORD DISTRICT AND CRAVEN",98,2778.05,0,0
2026-06-01,72Q,"NHS SOUTH EAST LONDON",103,2235.66,0,0
2026-06-01,15M,"NHS DERBY AND DERBYSHIRE",105,2127.04,0,0
2026-06-01,18C,"NHS HEREFORDSHIRE AND WORCESTERSHIRE",105,2152.87,0,0
2026-06-01,M1J4Y,"NHS BEDFORDSHIRE, LUTON AND MILTON KEYNES",105,2335.89,0,0
2026-06-01,11J,"NHS DORSET",107,2493.69,0,0
2026-06-01,13T,"NHS NEWCASTLE GATESHEAD",107,2018.78,0,0
2026-06-01,B2M3M,"NHS COVENTRY AND WARWICKSHIRE",112,2093.48,0,0
2026-06-01,14L,"NHS MANCHESTER",113,2756.19,0,0
2026-06-01,92A,"NHS SURREY HEARTLANDS",113,2656.99,0,0
2026-06-01,71E,"NHS LINCOLNSHIRE",115,2257.04,0,0
2026-06-01,14Y,"NHS BUCKINGHAMSHIRE",116,3057.35,0,0
2026-06-01,97R,"NHS EAST SUSSEX",119,2351.13,0,0
2026-06-01,00L,"NHS NORTHUMBERLAND",136,2342.56,0,0
2026-06-01,36L,"NHS SOUTH WEST LONDON",139,3520.3,0,0
2026-06-01,03N,"NHS SHEFFIELD",145,2597.77,0,0
2026-06-01,26A,"NHS NORFOLK AND WAVENEY",147,4393.05,0,0
2026-06-01,W2U3Z,"NHS NORTH WEST LONDON",147,3678.12,0,0
2026-06-01,D2P2L,"NHS BLACK COUNTRY",152,3590.18,0,0
2026-06-01,52R,"NHS NOTTINGHAM AND NOTTINGHAMSHIRE",154,2971.21,0,0
2026-06-01,70F,"NHS WEST SUSSEX",155,3238.56,0,0
2026-06-01,84H,"NHS COUNTY DURHAM",156,2583.94,0,0
2026-06-01,42D,"NHS NORTH YORKSHIRE",160,2779.17,0,0
2026-06-01,15E,"NHS BIRMINGHAM AND SOLIHULL",165,3391.21,0,0
2026-06-01,27D,"NHS CHESHIRE",168,3265.02,0,0
2026-06-01,D9Y0V,"NHS HAMPSHIRE, SOUTHAMPTON AND ISLE OF WIGHT",177,5269.81,0,0
2026-06-01,91Q,"NHS KENT AND MEDWAY",191,3803.96,0,0
2026-06-01,A3A8R,"NHS NORTH EAST LONDON",194,3849.26,0,0
2026-06-01,93C,"NHS NORTH CENTRAL LONDON",260,5034.31,0,0
2026-06-01,16C,"NHS TEES VALLEY",272,4804.83,0,0
2026-06-01,15N,"NHS DEVON",336,6953.6,0,0
2026-06-01,06H,"NHS CAMBRIDGESHIRE AND PETERBOROUGH",384,6993.96,0,0