date,id,name,y_items,y_actual_cost,x_items,x_actual_cost
2021-07-01,09W,"NHS MEDWAY",0,0,0,0
2021-07-01,D4U1Y,"NHS FRIMLEY",4,101.65,0,0
2021-07-01,00R,"NHS BLACKPOOL",239,6576.8,0,0
2021-07-01,05D,"NHS EAST STAFFORDSHIRE",243,6880.56,0,0
2021-07-01,02Q,"NHS BASSETLAW",250,6063.49,0,0
2021-07-01,03H,"NHS NORTH EAST LINCOLNSHIRE",255,6473.93,0,0
2021-07-01,02M,"NHS FYLDE AND WYRE",306,8372.56,0,0
2021-07-01,07G,"NHS THURROCK",308,9295.78,0,0
2021-07-01,00Q,"NHS BLACKBURN WITH DARWEN",312,8678.4,0,0
2021-07-01,01F,"NHS HALTON",317,9008.26,0,0
2021-07-01,00N,"NHS SOUTH TYNESIDE",329,10084.64,0,0
2021-07-01,02T,"NHS CALDERDALE",356,12432.7,0,0
2021-07-01,01J,"NHS KNOWSLEY",371,9907.26,0,0
2021-07-01,04C,"NHS LEICESTER CITY",377,9556.41,0,0
2021-07-01,01E,"NHS GREATER PRESTON",386,12219.67,0,0
2021-07-01,03K,"NHS NORTH LINCOLNSHIRE",432,11126.21,0,0
2021-07-01,03Q,"NHS VALE OF YORK",432,13590.14,0,0
2021-07-01,00X,"NHS CHORLEY AND SOUTH RIBBLE",433,13146.21,0,0
2021-07-01,01V,"NHS SOUTHPORT AND FORMBY",434,12808.86,0,0
2021-07-01,03W,"NHS EAST LEICESTERSHIRE AND RUTLAND",439,12339.43,0,0
2021-07-01,02P,"NHS BARNSLEY",446,12684.85,0,0
2021-07-01,99F,"NHS CASTLE POINT AND ROCHFORD",486,16770.65,0,0
2021-07-01,10R,"NHS PORTSMOUTH",490,16262.42,0,0
2021-07-01,05V,"NHS STAFFORD AND SURROUNDS",491,14444.57,0,0
2021-07-01,U2G6B,"NHS THAMES VALLEY ICB - U2G6B",497,16787.87,0,0
2021-07-01,01D,"NHS HEYWOOD, MIDDLETON AND ROCHDALE",507,14968.74,0,0
2021-07-01,99C,"NHS NORTH TYNESIDE",526,18806.8,0,0
2021-07-01,03F,"NHS HULL",535,13789.48,0,0
2021-07-01,00V,"NHS BURY",547,16407.13,0,0
2021-07-01,03R,"NHS WAKEFIELD",561,16391.63,0,0
2021-07-01,04Y,"NHS CANNOCK CHASE",581,18001.01,0,0
2021-07-01,01K,"NHS MORECAMBE BAY",587,16295.64,0,0
2021-07-01,M2L0M,"NHS SHROPSHIRE, TELFORD AND WREKIN",629,22534.27,0,0
2021-07-01,05G,"NHS NORTH STAFFORDSHIRE",631,18519.81,0,0
2021-07-01,99G,"NHS SOUTHEND",637,21265.25,0,0
2021-07-01,02E,"NHS WARRINGTON",656,19521.12,0,0
2021-07-01,02G,"NHS WEST LANCASHIRE",673,19872.64,0,0
2021-07-01,01X,"NHS ST HELENS",674,20058.82,0,0
2021-07-01,05Q,"NHS SOUTH EAST STAFFORDSHIRE AND SEISDON PENINSULA",675,21119.99,0,0
2021-07-01,02X,"NHS DONCASTER",676,17762.12,0,0
2021-07-01,07K,"NHS WEST SUFFOLK",721,18115.87,0,0
2021-07-01,11X,"NHS SOMERSET",724,20521.37,0,0
2021-07-01,06L,"NHS IPSWICH AND EAST SUFFOLK",727,18746.28,0,0
2021-07-01,11M,"NHS GLOUCESTERSHIRE",736,22918.39,0,0
2021-07-01,00T,"NHS BOLTON",737,21624.21,0,0
2021-07-01,01A,"NHS EAST LANCASHIRE",741,18293.67,0,0
2021-07-01,12F,"NHS WIRRAL",742,22015.32,0,0
2021-07-01,00Y,"NHS OLDHAM",753,20876.76,0,0
2021-07-01,01H,"NHS NORTH CUMBRIA",761,21380.27,0,0
2021-07-01,15A,"NHS BERKSHIRE WEST",766,24598.98,0,0
2021-07-01,02A,"NHS TRAFFORD",781,24871.05,0,0
2021-07-01,01T,"NHS SOUTH SEFTON",788,22032.9,0,0
2021-07-01,05W,"NHS STOKE ON TRENT",811,22639.48,0,0
2021-07-01,06N,"NHS HERTS VALLEYS",839,30150.9,0,0
2021-07-01,04V,"NHS WEST LEICESTERSHIRE",844,21671.32,0,0
2021-07-01,10Q,"NHS OXFORDSHIRE",861,26086.17,0,0
2021-07-01,02Y,"NHS EAST RIDING OF YORKSHIRE",895,24118.38,0,0
2021-07-01,99E,"NHS BASILDON AND BRENTWOOD",906,30372.2,0,0
2021-07-01,01W,"NHS STOCKPORT",920,27031.2,0,0
2021-07-01,X2C4Y,"NHS KIRKLEES",934,34007.46,0,0
2021-07-01,01Y,"NHS TAMESIDE AND GLOSSOP",1008,28950.54,0,0
2021-07-01,07H,"NHS WEST ESSEX",1031,28260.1,0,0
2021-07-01,01G,"NHS SALFORD",1060,30917.13,0,0
2021-07-01,09D,"NHS BRIGHTON AND HOVE",1070,36730.88,0,0
2021-07-01,00L,"NHS NORTHUMBERLAND",1107,33566.68,0,0
2021-07-01,06Q,"NHS MID ESSEX",1226,32107.32,0,0
2021-07-01,11N,"NHS CORNWALL AND THE ISLES OF SCILLY",1251,33897.11,0,0
2021-07-01,14L,"NHS MANCHESTER",1252,34322.87,0,0
2021-07-01,78H,"NHS NORTHAMPTONSHIRE",1273,31170.23,0,0
2021-07-01,03L,"NHS ROTHERHAM",1288,34191.83,0,0
2021-07-01,14Y,"NHS BUCKINGHAMSHIRE",1305,36236.36,0,0
2021-07-01,42D,"NHS NORTH YORKSHIRE",1354,39573.62,0,0
2021-07-01,84H,"NHS COUNTY DURHAM",1365,39911.03,0,0
2021-07-01,99A,"NHS LIVERPOOL",1390,41529.05,0,0
2021-07-01,00P,"NHS SUNDERLAND",1437,45780.38,0,0
2021-07-01,02H,"NHS WIGAN BOROUGH",1454,44386.12,0,0
2021-07-01,15M,"NHS DERBY AND DERBYSHIRE",1487,46849.52,0,0
2021-07-01,15C,"NHS BRISTOL, NORTH SOMERSET AND SOUTH GLOUCESTERSHIRE",1610,57079.1,0,0
2021-07-01,27D,"NHS CHESHIRE",1643,51201.91,0,0
2021-07-01,72Q,"NHS SOUTH EAST LONDON",1711,61575.85,0,0
2021-07-01,36J,"NHS BRADFORD DISTRICT AND CRAVEN",1789,51607.83,0,0
2021-07-01,06K,"NHS EAST AND NORTH HERTFORDSHIRE",1804,51148.84,0,0
2021-07-01,06T,"NHS NORTH EAST ESSEX",1848,46279.01,0,0
2021-07-01,71E,"NHS LINCOLNSHIRE",1910,51270.85,0,0
2021-07-01,93C,"NHS NORTH CENTRAL LONDON",1933,71330.3,0,0
2021-07-01,52R,"NHS NOTTINGHAM AND NOTTINGHAMSHIRE",1938,53903.21,0,0
2021-07-01,18C,"NHS HEREFORDSHIRE AND WORCESTERSHIRE",1955,63851.93,0,0
2021-07-01,13T,"NHS NEWCASTLE GATESHEAD",1961,64213.02,0,0
2021-07-01,03N,"NHS SHEFFIELD",1992,54439.9,0,0
2021-07-01,15F,"NHS LEEDS",2075,66389.34,0,0
2021-07-01,B2M3M,"NHS COVENTRY AND WARWICKSHIRE",2117,60078.29,0,0
2021-07-01,06H,"NHS CAMBRIDGESHIRE AND PETERBOROUGH",2227,58133.9,0,0
2021-07-01,11J,"NHS DORSET",2542,70530.33,0,0
2021-07-01,97R,"NHS EAST SUSSEX",2583,83278.36,0,0
2021-07-01,M1J4Y,"NHS BEDFORDSHIRE, LUTON AND MILTON KEYNES",2583,76655.87,0,0
2021-07-01,92G,"NHS BATH AND NORTH EAST SOMERSET, SWINDON AND WILTSHIRE",2596,74913.06,0,0
2021-07-01,36L,"NHS SOUTH WEST LONDON",2658,93140.99,0,0
2021-07-01,W2U3Z,"NHS NORTH WEST LONDON",3118,115053.5,0,0
2021-07-01,16C,"NHS TEES VALLEY",3195,93466.7,0,0
2021-07-01,26A,"NHS NORFOLK AND WAVENEY",3347,94235.12,0,0
2021-07-01,A3A8R,"NHS NORTH EAST LONDON",3385,120232.03,0,0
2021-07-01,D2P2L,"NHS BLACK COUNTRY",3467,109287.24,0,0
2021-07-01,70F,"NHS WEST SUSSEX",4047,138961.46,0,0
2021-07-01,92A,"NHS SURREY HEARTLANDS",4251,152358.13,0,0
2021-07-01,15E,"NHS BIRMINGHAM AND SOLIHULL",4471,136567.16,0,0
2021-07-01,15N,"NHS DEVON",4556,127062.2,0,0
2021-07-01,D9Y0V,"NHS HAMPSHIRE, SOUTHAMPTON AND ISLE OF WIGHT",4622,156645.66,0,0
2021-07-01,91Q,"NHS KENT AND MEDWAY",5258,164520.79,0,0
2021-08-01,09W,"NHS MEDWAY",0,0,0,0
2021-08-01,D4U1Y,"NHS FRIMLEY",4,98.55,0,0
2021-08-01,00R,"NHS BLACKPOOL",230,6248.75,0,0
2021-08-01,05D,"NHS EAST STAFFORDSHIRE",237,6446.38,0,0
2021-08-01,03H,"NHS NORTH EAST LINCOLNSHIRE",240,5946.19,0,0
2021-08-01,02Q,"NHS BASSETLAW",255,6234.52,0,0
2021-08-01,02M,"NHS FYLDE AND WYRE",298,8099.26,0,0
2021-08-01,07G,"NHS THURROCK",302,8985.35,0,0
2021-08-01,00Q,"NHS BLACKBURN WITH DARWEN",318,8443.94,0,0
2021-08-01,00N,"NHS SOUTH TYNESIDE",319,10358.58,0,0
2021-08-01,01F,"NHS HALTON",321,8881.86,0,0
2021-08-01,01J,"NHS KNOWSLEY",332,8868.15,0,0
2021-08-01,02T,"NHS CALDERDALE",338,10981.99,0,0
2021-08-01,04C,"NHS LEICESTER CITY",355,8875.15,0,0
2021-08-01,00X,"NHS CHORLEY AND SOUTH RIBBLE",364,11059,0,0
2021-08-01,01E,"NHS GREATER PRESTON",383,12170.4,0,0
2021-08-01,02P,"NHS BARNSLEY",398,11174.28,0,0
2021-08-01,03W,"NHS EAST LEICESTERSHIRE AND RUTLAND",407,11087.12,0,0
2021-08-01,01V,"NHS SOUTHPORT AND FORMBY",411,11962.05,0,0
2021-08-01,03Q,"NHS VALE OF YORK",436,13206.39,0,0
2021-08-01,03K,"NHS NORTH LINCOLNSHIRE",443,11066.78,0,0
2021-08-01,05V,"NHS STAFFORD AND SURROUNDS",444,13009.45,0,0
2021-08-01,99F,"NHS CASTLE POINT AND ROCHFORD",455,15955.49,0,0
2021-08-01,10R,"NHS PORTSMOUTH",459,15699.64,0,0
2021-08-01,U2G6B,"NHS THAMES VALLEY ICB - U2G6B",463,15618.56,0,0
2021-08-01,01D,"NHS HEYWOOD, MIDDLETON AND ROCHDALE",490,14327.61,0,0
2021-08-01,99C,"NHS NORTH TYNESIDE",506,18281.56,0,0
2021-08-01,01K,"NHS MORECAMBE BAY",509,13920.06,0,0
2021-08-01,00V,"NHS BURY",535,15670.42,0,0
2021-08-01,04Y,"NHS CANNOCK CHASE",539,16706.58,0,0
2021-08-01,03R,"NHS WAKEFIELD",542,15779.02,0,0
2021-08-01,03F,"NHS HULL",546,14243.02,0,0
2021-08-01,99G,"NHS SOUTHEND",567,18790.17,0,0
2021-08-01,05G,"NHS NORTH STAFFORDSHIRE",571,16497.46,0,0
2021-08-01,M2L0M,"NHS SHROPSHIRE, TELFORD AND WREKIN",581,20305.45,0,0
2021-08-01,02X,"NHS DONCASTER",609,16066.76,0,0
2021-08-01,05Q,"NHS SOUTH EAST STAFFORDSHIRE AND SEISDON PENINSULA",615,18636.71,0,0
2021-08-01,02G,"NHS WEST LANCASHIRE",633,18740.19,0,0
2021-08-01,02E,"NHS WARRINGTON",645,19274.5,0,0
2021-08-01,01H,"NHS NORTH CUMBRIA",649,17604.32,0,0
2021-08-01,01X,"NHS ST HELENS",678,20573,0,0
2021-08-01,11M,"NHS GLOUCESTERSHIRE",680,21090.3,0,0
2021-08-01,06L,"NHS IPSWICH AND EAST SUFFOLK",689,18192.55,0,0
2021-08-01,01A,"NHS EAST LANCASHIRE",690,16953.41,0,0
2021-08-01,12F,"NHS WIRRAL",690,19998,0,0
2021-08-01,11X,"NHS SOMERSET",707,19220.7,0,0
2021-08-01,07K,"NHS WEST SUFFOLK",708,17759.08,0,0
2021-08-01,15A,"NHS BERKSHIRE WEST",719,23428.42,0,0
2021-08-01,01T,"NHS SOUTH SEFTON",724,20118.52,0,0
2021-08-01,00Y,"NHS OLDHAM",744,20479.73,0,0
2021-08-01,00T,"NHS BOLTON",757,22814.57,0,0
2021-08-01,05W,"NHS STOKE ON TRENT",757,20900.67,0,0
2021-08-01,02A,"NHS TRAFFORD",763,24903.7,0,0
2021-08-01,06N,"NHS HERTS VALLEYS",795,28778.42,0,0
2021-08-01,99E,"NHS BASILDON AND BRENTWOOD",806,27229.96,0,0
2021-08-01,04V,"NHS WEST LEICESTERSHIRE",808,20928.19,0,0
2021-08-01,10Q,"NHS OXFORDSHIRE",819,24060.44,0,0
2021-08-01,02Y,"NHS EAST RIDING OF YORKSHIRE",820,22265.72,0,0
2021-08-01,01W,"NHS STOCKPORT",866,25738.9,0,0
2021-08-01,X2C4Y,"NHS KIRKLEES",874,32305.61,0,0
2021-08-01,01Y,"NHS TAMESIDE AND GLOSSOP",929,27435.4,0,0
2021-08-01,09D,"NHS BRIGHTON AND HOVE",948,32209.49,0,0
2021-08-01,07H,"NHS WEST ESSEX",959,25948.59,0,0
2021-08-01,01G,"NHS SALFORD",967,27647.05,0,0
2021-08-01,00L,"NHS NORTHUMBERLAND",1109,33177.69,0,0
2021-08-01,14L,"NHS MANCHESTER",1120,30487.69,0,0
2021-08-01,78H,"NHS NORTHAMPTONSHIRE",1172,28887.32,0,0
2021-08-01,06Q,"NHS MID ESSEX",1181,30138.02,0,0
2021-08-01,14Y,"NHS BUCKINGHAMSHIRE",1205,32300.96,0,0
2021-08-01,11N,"NHS CORNWALL AND THE ISLES OF SCILLY",1212,32007.91,0,0
2021-08-01,84H,"NHS COUNTY DURHAM",1240,36104.01,0,0
2021-08-01,03L,"NHS ROTHERHAM",1249,33271.52,0,0
2021-08-01,99A,"NHS LIVERPOOL",1305,38471.32,0,0
2021-08-01,02H,"NHS WIGAN BOROUGH",1309,40495.71,0,0
2021-08-01,42D,"NHS NORTH YORKSHIRE",1325,38235.37,0,0
2021-08-01,00P,"NHS SUNDERLAND",1344,43015.65,0,0
2021-08-01,15M,"NHS DERBY AND DERBYSHIRE",1392,44145.88,0,0
2021-08-01,15C,"NHS BRISTOL, NORTH SOMERSET AND SOUTH GLOUCESTERSHIRE",1507,53965.76,0,0
2021-08-01,27D,"NHS CHESHIRE",1511,46041.41,0,0
2021-08-01,72Q,"NHS SOUTH EAST LONDON",1606,57441.02,0,0
2021-08-01,06K,"NHS EAST AND NORTH HERTFORDSHIRE",1713,48010.9,0,0
2021-08-01,36J,"NHS BRADFORD DISTRICT AND CRAVEN",1747,50833.93,0,0
2021-08-01,06T,"NHS NORTH EAST ESSEX",1752,43903.22,0,0
2021-08-01,13T,"NHS NEWCASTLE GATESHEAD",1794,57704.12,0,0
2021-08-01,18C,"NHS HEREFORDSHIRE AND WORCESTERSHIRE",1794,57988.87,0,0
2021-08-01,93C,"NHS NORTH CENTRAL LONDON",1802,65177.15,0,0
2021-08-01,52R,"NHS NOTTINGHAM AND NOTTINGHAMSHIRE",1815,50628.98,0,0
2021-08-01,71E,"NHS LINCOLNSHIRE",1841,48477.28,0,0
2021-08-01,03N,"NHS SHEFFIELD",1891,51782.41,0,0
2021-08-01,15F,"NHS LEEDS",1916,62031.47,0,0
2021-08-01,B2M3M,"NHS COVENTRY AND WARWICKSHIRE",1987,56829.66,0,0
2021-08-01,06H,"NHS CAMBRIDGESHIRE AND PETERBOROUGH",2114,55322.34,0,0
2021-08-01,97R,"NHS EAST SUSSEX",2330,75024.53,0,0
2021-08-01,M1J4Y,"NHS BEDFORDSHIRE, LUTON AND MILTON KEYNES",2346,68460.88,0,0
2021-08-01,11J,"NHS DORSET",2347,66131.02,0,0
2021-08-01,92G,"NHS BATH AND NORTH EAST SOMERSET, SWINDON AND WILTSHIRE",2382,69362.04,0,0
2021-08-01,36L,"NHS SOUTH WEST LONDON",2429,86955.66,0,0
2021-08-01,W2U3Z,"NHS NORTH WEST LONDON",2878,106245.72,0,0
2021-08-01,16C,"NHS TEES VALLEY",2998,86800.96,0,0
2021-08-01,A3A8R,"NHS NORTH EAST LONDON",3025,106591.47,0,0
2021-08-01,26A,"NHS NORFOLK AND WAVENEY",3198,89343.43,0,0
2021-08-01,D2P2L,"NHS BLACK COUNTRY",3248,103445.8,0,0
2021-08-01,92A,"NHS SURREY HEARTLANDS",3781,134713.15,0,0
2021-08-01,70F,"NHS WEST SUSSEX",3900,133589.78,0,0
2021-08-01,D9Y0V,"NHS HAMPSHIRE, SOUTHAMPTON AND ISLE OF WIGHT",4110,138975.95,0,0
2021-08-01,15E,"NHS BIRMINGHAM AND SOLIHULL",4115,126241.36,0,0
2021-08-01,15N,"NHS DEVON",4366,122349.75,0,0
2021-08-01,91Q,"NHS KENT AND MEDWAY",4848,151225.53,0,0
2021-09-01,09W,"NHS MEDWAY",0,0,0,0
2021-09-01,D4U1Y,"NHS FRIMLEY",3,82.05,0,0
2021-09-01,05D,"NHS EAST STAFFORDSHIRE",255,6996.16,0,0
2021-09-01,00R,"NHS BLACKPOOL",258,7029.01,0,0
2021-09-01,03H,"NHS NORTH EAST LINCOLNSHIRE",269,6803.41,0,0
2021-09-01,02Q,"NHS BASSETLAW",276,6757.28,0,0
2021-09-01,02M,"NHS FYLDE AND WYRE",308,8391.56,0,0
2021-09-01,07G,"NHS THURROCK",323,9597.95,0,0
2021-09-01,01F,"NHS HALTON",324,9266.45,0,0
2021-09-01,00Q,"NHS BLACKBURN WITH DARWEN",333,9201.73,0,0
2021-09-01,00N,"NHS SOUTH TYNESIDE",334,11133.67,0,0
2021-09-01,02T,"NHS CALDERDALE",355,12364.5,0,0
2021-09-01,01J,"NHS KNOWSLEY",365,9565.03,0,0
2021-09-01,04C,"NHS LEICESTER CITY",393,10088,0,0
2021-09-01,00X,"NHS CHORLEY AND SOUTH RIBBLE",402,12196.55,0,0
2021-09-01,01E,"NHS GREATER PRESTON",433,13675.33,0,0
2021-09-01,01V,"NHS SOUTHPORT AND FORMBY",441,12946.8,0,0
2021-09-01,03K,"NHS NORTH LINCOLNSHIRE",442,10955.32,0,0
2021-09-01,05V,"NHS STAFFORD AND SURROUNDS",451,13590.18,0,0
2021-09-01,10R,"NHS PORTSMOUTH",453,15075,0,0
2021-09-01,03W,"NHS EAST LEICESTERSHIRE AND RUTLAND",460,12906.97,0,0
2021-09-01,02P,"NHS BARNSLEY",466,13011,0,0
2021-09-01,03Q,"NHS VALE OF YORK",467,14133.31,0,0
2021-09-01,U2G6B,"NHS THAMES VALLEY ICB - U2G6B",468,15508.22,0,0
2021-09-01,99F,"NHS CASTLE POINT AND ROCHFORD",505,17464.02,0,0
2021-09-01,99C,"NHS NORTH TYNESIDE",520,18055.9,0,0
2021-09-01,01D,"NHS HEYWOOD, MIDDLETON AND ROCHDALE",522,15197.15,0,0
2021-09-01,04Y,"NHS CANNOCK CHASE",558,16997.6,0,0
2021-09-01,03F,"NHS HULL",564,14659.52,0,0
2021-09-01,01K,"NHS MORECAMBE BAY",588,16016.41,0,0
2021-09-01,03R,"NHS WAKEFIELD",589,16731.68,0,0
2021-09-01,00V,"NHS BURY",591,17752.33,0,0
2021-09-01,99G,"NHS SOUTHEND",625,20835.72,0,0
2021-09-01,05G,"NHS NORTH STAFFORDSHIRE",626,18828.62,0,0
2021-09-01,M2L0M,"NHS SHROPSHIRE, TELFORD AND WREKIN",629,21700.75,0,0
2021-09-01,02X,"NHS DONCASTER",642,16997.02,0,0
2021-09-01,02G,"NHS WEST LANCASHIRE",643,18710.08,0,0
2021-09-01,01X,"NHS ST HELENS",678,20069.01,0,0
2021-09-01,05Q,"NHS SOUTH EAST STAFFORDSHIRE AND SEISDON PENINSULA",680,21490.89,0,0
2021-09-01,02E,"NHS WARRINGTON",684,20420.65,0,0
2021-09-01,06L,"NHS IPSWICH AND EAST SUFFOLK",688,18015.1,0,0
2021-09-01,01H,"NHS NORTH CUMBRIA",724,20268.28,0,0
2021-09-01,07K,"NHS WEST SUFFOLK",734,18573.98,0,0
2021-09-01,12F,"NHS WIRRAL",758,22330.01,0,0
2021-09-01,11X,"NHS SOMERSET",760,20864.61,0,0
2021-09-01,11M,"NHS GLOUCESTERSHIRE",764,22994.5,0,0
2021-09-01,06N,"NHS HERTS VALLEYS",773,27180.05,0,0
2021-09-01,01T,"NHS SOUTH SEFTON",779,22001.12,0,0
2021-09-01,01A,"NHS EAST LANCASHIRE",781,19406.29,0,0
2021-09-01,15A,"NHS BERKSHIRE WEST",803,25860.64,0,0
2021-09-01,00T,"NHS BOLTON",810,23724.74,0,0
2021-09-01,00Y,"NHS OLDHAM",835,22456.2,0,0
2021-09-01,04V,"NHS WEST LEICESTERSHIRE",838,21896.31,0,0
2021-09-01,05W,"NHS STOKE ON TRENT",838,23550.35,0,0
2021-09-01,02A,"NHS TRAFFORD",858,27182.72,0,0
2021-09-01,10Q,"NHS OXFORDSHIRE",871,25661.56,0,0
2021-09-01,99E,"NHS BASILDON AND BRENTWOOD",914,29976.03,0,0
2021-09-01,01W,"NHS STOCKPORT",917,26864.86,0,0
2021-09-01,02Y,"NHS EAST RIDING OF YORKSHIRE",932,25509.8,0,0
2021-09-01,X2C4Y,"NHS KIRKLEES",963,35138.22,0,0
2021-09-01,01G,"NHS SALFORD",994,28807.32,0,0
2021-09-01,09D,"NHS BRIGHTON AND HOVE",1003,34383.59,0,0
2021-09-01,07H,"NHS WEST ESSEX",1004,26828.36,0,0
2021-09-01,01Y,"NHS TAMESIDE AND GLOSSOP",1025,29992.04,0,0
2021-09-01,00L,"NHS NORTHUMBERLAND",1116,33270.99,0,0
2021-09-01,06Q,"NHS MID ESSEX",1185,30931.06,0,0
2021-09-01,14L,"NHS MANCHESTER",1246,33748.52,0,0
2021-09-01,03L,"NHS ROTHERHAM",1257,33273.18,0,0
2021-09-01,78H,"NHS NORTHAMPTONSHIRE",1266,31000.53,0,0
2021-09-01,11N,"NHS CORNWALL AND THE ISLES OF SCILLY",1314,35163.62,0,0
2021-09-01,84H,"NHS COUNTY DURHAM",1333,39000.15,0,0
2021-09-01,14Y,"NHS BUCKINGHAMSHIRE",1339,36853.55,0,0
2021-09-01,42D,"NHS NORTH YORKSHIRE",1357,38506.62,0,0
2021-09-01,00P,"NHS SUNDERLAND",1379,44043.2,0,0
2021-09-01,99A,"NHS LIVERPOOL",1389,42011.37,0,0
2021-09-01,02H,"NHS WIGAN BOROUGH",1486,44621.03,0,0
2021-09-01,15M,"NHS DERBY AND DERBYSHIRE",1498,47243.4,0,0
2021-09-01,15C,"NHS BRISTOL, NORTH SOMERSET AND SOUTH GLOUCESTERSHIRE",1574,54329.78,0,0
2021-09-01,27D,"NHS CHESHIRE",1616,49427.48,0,0
2021-09-01,72Q,"NHS SOUTH EAST LONDON",1677,60710.09,0,0
2021-09-01,06T,"NHS NORTH EAST ESSEX",1802,44947.42,0,0
2021-09-01,06K,"NHS EAST AND NORTH HERTFORDSHIRE",1825,51287.04,0,0
2021-09-01,36J,"NHS BRADFORD DISTRICT AND CRAVEN",1863,53935.51,0,0
2021-09-01,71E,"NHS LINCOLNSHIRE",1883,50292.9,0,0
2021-09-01,13T,"NHS NEWCASTLE GATESHEAD",1920,62768.84,0,0
2021-09-01,52R,"NHS NOTTINGHAM AND NOTTINGHAMSHIRE",1937,54040.63,0,0
2021-09-01,18C,"NHS HEREFORDSHIRE AND WORCESTERSHIRE",1939,62553.04,0,0
2021-09-01,93C,"NHS NORTH CENTRAL LONDON",1955,71284.04,0,0
2021-09-01,03N,"NHS SHEFFIELD",2024,54859.93,0,0
2021-09-01,15F,"NHS LEEDS",2080,66550.88,0,0
2021-09-01,B2M3M,"NHS COVENTRY AND WARWICKSHIRE",2116,59698.7,0,0
2021-09-01,06H,"NHS CAMBRIDGESHIRE AND PETERBOROUGH",2191,56680.61,0,0
2021-09-01,92G,"NHS BATH AND NORTH EAST SOMERSET, SWINDON AND WILTSHIRE",2495,71080.52,0,0
2021-09-01,M1J4Y,"NHS BEDFORDSHIRE, LUTON AND MILTON KEYNES",2499,73744.77,0,0
2021-09-01,97R,"NHS EAST SUSSEX",2532,82388.96,0,0
2021-09-01,11J,"NHS DORSET",2533,70764.13,0,0
2021-09-01,36L,"NHS SOUTH WEST LONDON",2587,90938.39,0,0
2021-09-01,W2U3Z,"NHS NORTH WEST LONDON",3033,111717.93,0,0
2021-09-01,16C,"NHS TEES VALLEY",3114,91069.31,0,0
2021-09-01,A3A8R,"NHS NORTH EAST LONDON",3349,118684.89,0,0
2021-09-01,26A,"NHS NORFOLK AND WAVENEY",3353,94628.42,0,0
2021-09-01,D2P2L,"NHS BLACK COUNTRY",3501,110051.3,0,0
2021-09-01,70F,"NHS WEST SUSSEX",3989,134658.32,0,0
2021-09-01,92A,"NHS SURREY HEARTLANDS",4035,142954.99,0,0
2021-09-01,D9Y0V,"NHS HAMPSHIRE, SOUTHAMPTON AND ISLE OF WIGHT",4485,152141.85,0,0
2021-09-01,15E,"NHS BIRMINGHAM AND SOLIHULL",4505,136355.21,0,0
2021-09-01,15N,"NHS DEVON",4521,125001.6,0,0
2021-09-01,91Q,"NHS KENT AND MEDWAY",5105,158532.35,0,0
2021-10-01,09W,"NHS MEDWAY",0,0,0,0
2021-10-01,D4U1Y,"NHS FRIMLEY",3,74.13,0,0
2021-10-01,00R,"NHS BLACKPOOL",231,6287.67,0,0
2021-10-01,05D,"NHS EAST STAFFORDSHIRE",239,6594.35,0,0
2021-10-01,02Q,"NHS BASSETLAW",240,5786.83,0,0
2021-10-01,03H,"NHS NORTH EAST LINCOLNSHIRE",248,6108.64,0,0
2021-10-01,02M,"NHS FYLDE AND WYRE",269,7250.18,0,0
2021-10-01,07G,"NHS THURROCK",283,8499.56,0,0
2021-10-01,01F,"NHS HALTON",297,8247.55,0,0
2021-10-01,00N,"NHS SOUTH TYNESIDE",317,10490.36,0,0
2021-10-01,01J,"NHS KNOWSLEY",323,8611.93,0,0
2021-10-01,00Q,"NHS BLACKBURN WITH DARWEN",332,8893.04,0,0
2021-10-01,02T,"NHS CALDERDALE",362,12080.98,0,0
2021-10-01,04C,"NHS LEICESTER CITY",376,9348.57,0,0
2021-10-01,00X,"NHS CHORLEY AND SOUTH RIBBLE",390,12126.42,0,0
2021-10-01,01V,"NHS SOUTHPORT AND FORMBY",395,11808.88,0,0
2021-10-01,01E,"NHS GREATER PRESTON",407,13004.18,0,0
2021-10-01,02P,"NHS BARNSLEY",411,11390.47,0,0
2021-10-01,03K,"NHS NORTH LINCOLNSHIRE",419,10641.84,0,0
2021-10-01,03Q,"NHS VALE OF YORK",434,13301.19,0,0
2021-10-01,99F,"NHS CASTLE POINT AND ROCHFORD",441,15235.91,0,0
2021-10-01,03W,"NHS EAST LEICESTERSHIRE AND RUTLAND",454,12636.23,0,0
2021-10-01,05V,"NHS STAFFORD AND SURROUNDS",462,13115.06,0,0
2021-10-01,U2G6B,"NHS THAMES VALLEY ICB - U2G6B",463,15431.43,0,0
2021-10-01,01D,"NHS HEYWOOD, MIDDLETON AND ROCHDALE",476,13656.64,0,0
2021-10-01,10R,"NHS PORTSMOUTH",493,16444.33,0,0
2021-10-01,99C,"NHS NORTH TYNESIDE",497,18236.51,0,0
2021-10-01,00V,"NHS BURY",522,15836.13,0,0
2021-10-01,03F,"NHS HULL",530,13488.99,0,0
2021-10-01,01K,"NHS MORECAMBE BAY",539,15147.65,0,0
2021-10-01,04Y,"NHS CANNOCK CHASE",557,17292.28,0,0
2021-10-01,03R,"NHS WAKEFIELD",588,16715.43,0,0
2021-10-01,05Q,"NHS SOUTH EAST STAFFORDSHIRE AND SEISDON PENINSULA",596,18406.69,0,0
2021-10-01,05G,"NHS NORTH STAFFORDSHIRE",610,17802.33,0,0
2021-10-01,02G,"NHS WEST LANCASHIRE",612,18265.8,0,0
2021-10-01,99G,"NHS SOUTHEND",637,20826.06,0,0
2021-10-01,02X,"NHS DONCASTER",639,16746.11,0,0
2021-10-01,M2L0M,"NHS SHROPSHIRE, TELFORD AND WREKIN",645,22907.27,0,0
2021-10-01,01X,"NHS ST HELENS",662,19843.38,0,0
2021-10-01,02E,"NHS WARRINGTON",674,20527.17,0,0
2021-10-01,01H,"NHS NORTH CUMBRIA",677,18754.51,0,0
2021-10-01,11X,"NHS SOMERSET",677,18850.16,0,0
2021-10-01,01T,"NHS SOUTH SEFTON",704,19465.15,0,0
2021-10-01,11M,"NHS GLOUCESTERSHIRE",706,21685.25,0,0
2021-10-01,07K,"NHS WEST SUFFOLK",713,18068.29,0,0
2021-10-01,06L,"NHS IPSWICH AND EAST SUFFOLK",716,18387.86,0,0
2021-10-01,12F,"NHS WIRRAL",732,21388.46,0,0
2021-10-01,00T,"NHS BOLTON",742,22077.33,0,0
2021-10-01,02A,"NHS TRAFFORD",743,24299.11,0,0
2021-10-01,00Y,"NHS OLDHAM",744,20743.22,0,0
2021-10-01,01A,"NHS EAST LANCASHIRE",750,18560.59,0,0
2021-10-01,15A,"NHS BERKSHIRE WEST",750,23569.37,0,0
2021-10-01,05W,"NHS STOKE ON TRENT",760,20854.98,0,0
2021-10-01,04V,"NHS WEST LEICESTERSHIRE",783,20297.06,0,0
2021-10-01,02Y,"NHS EAST RIDING OF YORKSHIRE",796,21510.82,0,0
2021-10-01,06N,"NHS HERTS VALLEYS",828,29860.4,0,0
2021-10-01,99E,"NHS BASILDON AND BRENTWOOD",843,28968.25,0,0
2021-10-01,10Q,"NHS OXFORDSHIRE",844,24998.61,0,0
2021-10-01,01W,"NHS STOCKPORT",862,25072.13,0,0
2021-10-01,X2C4Y,"NHS KIRKLEES",867,31488.3,0,0
2021-10-01,01Y,"NHS TAMESIDE AND GLOSSOP",987,28951.27,0,0
2021-10-01,01G,"NHS SALFORD",999,28094.14,0,0
2021-10-01,07H,"NHS WEST ESSEX",999,26160.37,0,0
2021-10-01,09D,"NHS BRIGHTON AND HOVE",1011,35081.1,0,0
2021-10-01,00L,"NHS NORTHUMBERLAND",1035,30859.35,0,0
2021-10-01,14L,"NHS MANCHESTER",1153,31134.93,0,0
2021-10-01,06Q,"NHS MID ESSEX",1169,30963.19,0,0
2021-10-01,78H,"NHS NORTHAMPTONSHIRE",1180,28619.08,0,0
2021-10-01,03L,"NHS ROTHERHAM",1220,32636.82,0,0
2021-10-01,84H,"NHS COUNTY DURHAM",1238,36466.55,0,0
2021-10-01,11N,"NHS CORNWALL AND THE ISLES OF SCILLY",1271,34019.97,0,0
2021-10-01,14Y,"NHS BUCKINGHAMSHIRE",1282,34283.3,0,0
2021-10-01,99A,"NHS LIVERPOOL",1290,38010.1,0,0
2021-10-01,42D,"NHS NORTH YORKSHIRE",1319,38107.64,0,0
2021-10-01,02H,"NHS WIGAN BOROUGH",1350,41348.54,0,0
2021-10-01,00P,"NHS SUNDERLAND",1354,42799.42,0,0
2021-10-01,15M,"NHS DERBY AND DERBYSHIRE",1431,45018.46,0,0
2021-10-01,15C,"NHS BRISTOL, NORTH SOMERSET AND SOUTH GLOUCESTERSHIRE",1497,52251.68,0,0
2021-10-01,27D,"NHS CHESHIRE",1530,46427.46,0,0
2021-10-01,72Q,"NHS SOUTH EAST LONDON",1618,57965.67,0,0
2021-10-01,06T,"NHS NORTH EAST ESSEX",1673,41545.53,0,0
2021-10-01,06K,"NHS EAST AND NORTH HERTFORDSHIRE",1675,46586.05,0,0
2021-10-01,13T,"NHS NEWCASTLE GATESHEAD",1786,59352.54,0,0
2021-10-01,71E,"NHS LINCOLNSHIRE",1786,47240.53,0,0
2021-10-01,03N,"NHS SHEFFIELD",1826,48978.1,0,0
2021-10-01,52R,"NHS NOTTINGHAM AND NOTTINGHAMSHIRE",1841,51293.82,0,0
2021-10-01,36J,"NHS BRADFORD DISTRICT AND CRAVEN",1846,52732.79,0,0
2021-10-01,18C,"NHS HEREFORDSHIRE AND WORCESTERSHIRE",1852,60334.3,0,0
2021-10-01,93C,"NHS NORTH CENTRAL LONDON",1865,68714.28,0,0
2021-10-01,15F,"NHS LEEDS",1903,61439.72,0,0
2021-10-01,B2M3M,"NHS COVENTRY AND WARWICKSHIRE",1978,56344.23,0,0
2021-10-01,06H,"NHS CAMBRIDGESHIRE AND PETERBOROUGH",2126,54768.6,0,0
2021-10-01,97R,"NHS EAST SUSSEX",2349,75235.68,0,0
2021-10-01,M1J4Y,"NHS BEDFORDSHIRE, LUTON AND MILTON KEYNES",2389,69411.38,0,0
2021-10-01,11J,"NHS DORSET",2403,67525.2,0,0
2021-10-01,92G,"NHS BATH AND NORTH EAST SOMERSET, SWINDON AND WILTSHIRE",2465,71488.32,0,0
2021-10-01,36L,"NHS SOUTH WEST LONDON",2468,87193.63,0,0
2021-10-01,W2U3Z,"NHS NORTH WEST LONDON",3047,112681.18,0,0
2021-10-01,16C,"NHS TEES VALLEY",3062,88854.1,0,0
2021-10-01,A3A8R,"NHS NORTH EAST LONDON",3166,111457.14,0,0
2021-10-01,26A,"NHS NORFOLK AND WAVENEY",3195,89312.68,0,0
2021-10-01,D2P2L,"NHS BLACK COUNTRY",3198,101291.2,0,0
2021-10-01,92A,"NHS SURREY HEARTLANDS",3903,137093.63,0,0
2021-10-01,70F,"NHS WEST SUSSEX",3939,135326.97,0,0
2021-10-01,D9Y0V,"NHS HAMPSHIRE, SOUTHAMPTON AND ISLE OF WIGHT",4178,138998.93,0,0
2021-10-01,15E,"NHS BIRMINGHAM AND SOLIHULL",4256,128987.1,0,0
2021-10-01,15N,"NHS DEVON",4383,122755.73,0,0
2021-10-01,91Q,"NHS KENT AND MEDWAY",4966,152754.08,0,0
2021-11-01,09W,"NHS MEDWAY",0,0,0,0
2021-11-01,D4U1Y,"NHS FRIMLEY",2,59.04,0,0
2021-11-01,02Q,"NHS BASSETLAW",235,5801.59,0,0
2021-11-01,00R,"NHS BLACKPOOL",248,6685.7,0,0
2021-11-01,05D,"NHS EAST STAFFORDSHIRE",258,7482.28,0,0
2021-11-01,03H,"NHS NORTH EAST LINCOLNSHIRE",259,6373.03,0,0
2021-11-01,00N,"NHS SOUTH TYNESIDE",310,10034.05,0,0
2021-11-01,00Q,"NHS BLACKBURN WITH DARWEN",314,8491.42,0,0
2021-11-01,02M,"NHS FYLDE AND WYRE",319,8881.03,0,0
2021-11-01,01F,"NHS HALTON",322,9208.32,0,0
2021-11-01,07G,"NHS THURROCK",329,9998.83,0,0
2021-11-01,01J,"NHS KNOWSLEY",335,8843.66,0,0
2021-11-01,02T,"NHS CALDERDALE",335,11673.31,0,0
2021-11-01,04C,"NHS LEICESTER CITY",375,9427.21,0,0
2021-11-01,00X,"NHS CHORLEY AND SOUTH RIBBLE",389,11478.57,0,0
2021-11-01,01V,"NHS SOUTHPORT AND FORMBY",410,11864.24,0,0
2021-11-01,02P,"NHS BARNSLEY",430,12391.47,0,0
2021-11-01,01E,"NHS GREATER PRESTON",431,13584.08,0,0
2021-11-01,03K,"NHS NORTH LINCOLNSHIRE",441,10884.67,0,0
2021-11-01,03Q,"NHS VALE OF YORK",448,13622.76,0,0
2021-11-01,99F,"NHS CASTLE POINT AND ROCHFORD",457,15587.78,0,0
2021-11-01,U2G6B,"NHS THAMES VALLEY ICB - U2G6B",469,15920.31,0,0
2021-11-01,05V,"NHS STAFFORD AND SURROUNDS",472,13700.08,0,0
2021-11-01,03W,"NHS EAST LEICESTERSHIRE AND RUTLAND",473,13142.19,0,0
2021-11-01,99C,"NHS NORTH TYNESIDE",488,16927.19,0,0
2021-11-01,10R,"NHS PORTSMOUTH",495,16306.13,0,0
2021-11-01,01D,"NHS HEYWOOD, MIDDLETON AND ROCHDALE",540,15660.83,0,0
2021-11-01,03F,"NHS HULL",541,13603.77,0,0
2021-11-01,00V,"NHS BURY",544,15887.03,0,0
2021-11-01,04Y,"NHS CANNOCK CHASE",568,17548.15,0,0
2021-11-01,01K,"NHS MORECAMBE BAY",573,15435.3,0,0
2021-11-01,03R,"NHS WAKEFIELD",579,16405.61,0,0
2021-11-01,M2L0M,"NHS SHROPSHIRE, TELFORD AND WREKIN",603,20944.98,0,0
2021-11-01,05G,"NHS NORTH STAFFORDSHIRE",604,17790.43,0,0
2021-11-01,99G,"NHS SOUTHEND",609,20256.67,0,0
2021-11-01,02X,"NHS DONCASTER",616,15977.21,0,0
2021-11-01,05Q,"NHS SOUTH EAST STAFFORDSHIRE AND SEISDON PENINSULA",625,19456.11,0,0
2021-11-01,02G,"NHS WEST LANCASHIRE",644,19133.88,0,0
2021-11-01,01X,"NHS ST HELENS",666,19411.46,0,0
2021-11-01,02E,"NHS WARRINGTON",668,20001.7,0,0
2021-11-01,12F,"NHS WIRRAL",681,20148.41,0,0
2021-11-01,07K,"NHS WEST SUFFOLK",705,17884.98,0,0
2021-11-01,11X,"NHS SOMERSET",708,19283.77,0,0
2021-11-01,01H,"NHS NORTH CUMBRIA",721,20009.37,0,0
2021-11-01,06L,"NHS IPSWICH AND EAST SUFFOLK",722,18321.57,0,0
2021-11-01,01T,"NHS SOUTH SEFTON",727,20393.36,0,0
2021-11-01,15A,"NHS BERKSHIRE WEST",751,23881.12,0,0
2021-11-01,01A,"NHS EAST LANCASHIRE",773,19608.95,0,0
2021-11-01,11M,"NHS GLOUCESTERSHIRE",773,23981.7,0,0
2021-11-01,00Y,"NHS OLDHAM",774,21146.09,0,0
2021-11-01,05W,"NHS STOKE ON TRENT",782,21841.32,0,0
2021-11-01,00T,"NHS BOLTON",790,23593.62,0,0
2021-11-01,02A,"NHS TRAFFORD",802,25795.6,0,0
2021-11-01,04V,"NHS WEST LEICESTERSHIRE",811,20976.79,0,0
2021-11-01,99E,"NHS BASILDON AND BRENTWOOD",813,27416.1,0,0
2021-11-01,10Q,"NHS OXFORDSHIRE",819,24322.88,0,0
2021-11-01,06N,"NHS HERTS VALLEYS",832,30240.43,0,0
2021-11-01,01W,"NHS STOCKPORT",864,25100.86,0,0
2021-11-01,02Y,"NHS EAST RIDING OF YORKSHIRE",897,24427.92,0,0
2021-11-01,X2C4Y,"NHS KIRKLEES",932,33816.03,0,0
2021-11-01,01G,"NHS SALFORD",995,28664.07,0,0
2021-11-01,01Y,"NHS TAMESIDE AND GLOSSOP",1012,29710.7,0,0
2021-11-01,07H,"NHS WEST ESSEX",1023,27198.4,0,0
2021-11-01,00L,"NHS NORTHUMBERLAND",1045,31298.22,0,0
2021-11-01,09D,"NHS BRIGHTON AND HOVE",1055,36199.45,0,0
2021-11-01,06Q,"NHS MID ESSEX",1143,28784.27,0,0
2021-11-01,14L,"NHS MANCHESTER",1223,33834.03,0,0
2021-11-01,78H,"NHS NORTHAMPTONSHIRE",1234,30402.53,0,0
2021-11-01,03L,"NHS ROTHERHAM",1260,33246.7,0,0
2021-11-01,00P,"NHS SUNDERLAND",1270,40601.82,0,0
2021-11-01,14Y,"NHS BUCKINGHAMSHIRE",1278,35643.67,0,0
2021-11-01,84H,"NHS COUNTY DURHAM",1285,36960.06,0,0
2021-11-01,99A,"NHS LIVERPOOL",1311,38307.68,0,0
2021-11-01,11N,"NHS CORNWALL AND THE ISLES OF SCILLY",1338,35592.49,0,0
2021-11-01,42D,"NHS NORTH YORKSHIRE",1351,38909.95,0,0
2021-11-01,02H,"NHS WIGAN BOROUGH",1401,41955.62,0,0
2021-11-01,15M,"NHS DERBY AND DERBYSHIRE",1415,44018.03,0,0
2021-11-01,27D,"NHS CHESHIRE",1529,46921.07,0,0
2021-11-01,15C,"NHS BRISTOL, NORTH SOMERSET AND SOUTH GLOUCESTERSHIRE",1546,53324.57,0,0
2021-11-01,72Q,"NHS SOUTH EAST LONDON",1680,59904.33,0,0
2021-11-01,06T,"NHS NORTH EAST ESSEX",1729,42985.81,0,0
2021-11-01,06K,"NHS EAST AND NORTH HERTFORDSHIRE",1826,50409.52,0,0
2021-11-01,13T,"NHS NEWCASTLE GATESHEAD",1832,59879.95,0,0
2021-11-01,71E,"NHS LINCOLNSHIRE",1867,49622.17,0,0
2021-11-01,93C,"NHS NORTH CENTRAL LONDON",1873,67899.82,0,0
2021-11-01,52R,"NHS NOTTINGHAM AND NOTTINGHAMSHIRE",1874,52155.65,0,0
2021-11-01,18C,"NHS HEREFORDSHIRE AND WORCESTERSHIRE",1896,61371.48,0,0
2021-11-01,36J,"NHS BRADFORD DISTRICT AND CRAVEN",1933,55451.37,0,0
2021-11-01,B2M3M,"NHS COVENTRY AND WARWICKSHIRE",2020,56928.93,0,0
2021-11-01,03N,"NHS SHEFFIELD",2025,54657.77,0,0
2021-11-01,15F,"NHS LEEDS",2052,65045.05,0,0
2021-11-01,06H,"NHS CAMBRIDGESHIRE AND PETERBOROUGH",2227,58563.81,0,0
2021-11-01,M1J4Y,"NHS BEDFORDSHIRE, LUTON AND MILTON KEYNES",2465,72129.16,0,0
2021-11-01,97R,"NHS EAST SUSSEX",2523,80695.19,0,0
2021-11-01,92G,"NHS BATH AND NORTH EAST SOMERSET, SWINDON AND WILTSHIRE",2525,72751.04,0,0
2021-11-01,11J,"NHS DORSET",2536,72362.69,0,0
2021-11-01,36L,"NHS SOUTH WEST LONDON",2664,95167.4,0,0
2021-11-01,16C,"NHS TEES VALLEY",2973,85803.43,0,0
2021-11-01,W2U3Z,"NHS NORTH WEST LONDON",3066,113394.67,0,0
2021-11-01,26A,"NHS NORFOLK AND WAVENEY",3295,91946.27,0,0
2021-11-01,A3A8R,"NHS NORTH EAST LONDON",3321,117554.94,0,0
2021-11-01,D2P2L,"NHS BLACK COUNTRY",3347,106754.31,0,0
2021-11-01,92A,"NHS SURREY HEARTLANDS",4011,141224.02,0,0
2021-11-01,15E,"NHS BIRMINGHAM AND SOLIHULL",4254,131052.62,0,0
2021-11-01,70F,"NHS WEST SUSSEX",4273,145600.85,0,0
2021-11-01,D9Y0V,"NHS HAMPSHIRE, SOUTHAMPTON AND ISLE OF WIGHT",4484,151329.51,0,0
2021-11-01,15N,"NHS DEVON",4627,128052.01,0,0
2021-11-01,91Q,"NHS KENT AND MEDWAY",5024,155506.08,0,0
2021-12-01,09W,"NHS MEDWAY",0,0,0,0
2021-12-01,D4U1Y,"NHS FRIMLEY",3,65.59,0,0
2021-12-01,00R,"NHS BLACKPOOL",228,6300.28,0,0
2021-12-01,05D,"NHS EAST STAFFORDSHIRE",261,6993.77,0,0
2021-12-01,03H,"NHS NORTH EAST LINCOLNSHIRE",287,7143.75,0,0
2021-12-01,02Q,"NHS BASSETLAW",303,7468.29,0,0
2021-12-01,07G,"NHS THURROCK",303,8947.75,0,0
2021-12-01,01F,"NHS HALTON",337,9670.46,0,0
2021-12-01,02M,"NHS FYLDE AND WYRE",340,9270.71,0,0
2021-12-01,00Q,"NHS BLACKBURN WITH DARWEN",355,9716.48,0,0
2021-12-01,00N,"NHS SOUTH TYNESIDE",363,11832.04,0,0
2021-12-01,02T,"NHS CALDERDALE",380,12973.3,0,0
2021-12-01,01J,"NHS KNOWSLEY",390,10219.06,0,0
2021-12-01,04C,"NHS LEICESTER CITY",391,9961.89,0,0
2021-12-01,00X,"NHS CHORLEY AND SOUTH RIBBLE",416,12987.78,0,0
2021-12-01,01E,"NHS GREATER PRESTON",445,13941.11,0,0
2021-12-01,02P,"NHS BARNSLEY",453,12587.38,0,0
2021-12-01,01V,"NHS SOUTHPORT AND FORMBY",465,13858.66,0,0
2021-12-01,03W,"NHS EAST LEICESTERSHIRE AND RUTLAND",472,12525.31,0,0
2021-12-01,U2G6B,"NHS THAMES VALLEY ICB - U2G6B",477,16195.28,0,0
2021-12-01,03K,"NHS NORTH LINCOLNSHIRE",478,12091.89,0,0
2021-12-01,05V,"NHS STAFFORD AND SURROUNDS",482,14125.68,0,0
2021-12-01,01D,"NHS HEYWOOD, MIDDLETON AND ROCHDALE",498,14158.49,0,0
2021-12-01,10R,"NHS PORTSMOUTH",509,16754.95,0,0
2021-12-01,03Q,"NHS VALE OF YORK",519,15547.21,0,0
2021-12-01,99F,"NHS CASTLE POINT AND ROCHFORD",534,18747.3,0,0
2021-12-01,03F,"NHS HULL",560,14180.92,0,0
2021-12-01,99C,"NHS NORTH TYNESIDE",566,19963.11,0,0
2021-12-01,04Y,"NHS CANNOCK CHASE",588,18167.91,0,0
2021-12-01,00V,"NHS BURY",608,18468.25,0,0
2021-12-01,03R,"NHS WAKEFIELD",639,18006.72,0,0
2021-12-01,01K,"NHS MORECAMBE BAY",653,17714.64,0,0
2021-12-01,02X,"NHS DONCASTER",656,17318.28,0,0
2021-12-01,02E,"NHS WARRINGTON",666,20029.49,0,0
2021-12-01,05G,"NHS NORTH STAFFORDSHIRE",681,19938.1,0,0
2021-12-01,02G,"NHS WEST LANCASHIRE",690,20091.96,0,0
2021-12-01,99G,"NHS SOUTHEND",700,22946.43,0,0
2021-12-01,01X,"NHS ST HELENS",723,21539.63,0,0
2021-12-01,M2L0M,"NHS SHROPSHIRE, TELFORD AND WREKIN",731,25512.31,0,0
2021-12-01,05Q,"NHS SOUTH EAST STAFFORDSHIRE AND SEISDON PENINSULA",738,22934.84,0,0
2021-12-01,06L,"NHS IPSWICH AND EAST SUFFOLK",743,18704.22,0,0
2021-12-01,07K,"NHS WEST SUFFOLK",743,18615.67,0,0
2021-12-01,01A,"NHS EAST LANCASHIRE",778,18822.58,0,0
2021-12-01,01T,"NHS SOUTH SEFTON",790,22069.84,0,0
2021-12-01,12F,"NHS WIRRAL",790,22879.22,0,0
2021-12-01,00T,"NHS BOLTON",794,23583.31,0,0
2021-12-01,11M,"NHS GLOUCESTERSHIRE",794,24341.5,0,0
2021-12-01,15A,"NHS BERKSHIRE WEST",800,26032.29,0,0
2021-12-01,11X,"NHS SOMERSET",801,22181,0,0
2021-12-01,01H,"NHS NORTH CUMBRIA",810,22098.78,0,0
2021-12-01,00Y,"NHS OLDHAM",823,22663.63,0,0
2021-12-01,05W,"NHS STOKE ON TRENT",859,23479.17,0,0
2021-12-01,02A,"NHS TRAFFORD",866,28067.16,0,0
2021-12-01,04V,"NHS WEST LEICESTERSHIRE",879,22768.51,0,0
2021-12-01,99E,"NHS BASILDON AND BRENTWOOD",885,29179.11,0,0
2021-12-01,02Y,"NHS EAST RIDING OF YORKSHIRE",902,24906.89,0,0
2021-12-01,06N,"NHS HERTS VALLEYS",902,31164.42,0,0
2021-12-01,10Q,"NHS OXFORDSHIRE",938,27803.88,0,0
2021-12-01,X2C4Y,"NHS KIRKLEES",948,35208.45,0,0
2021-12-01,01W,"NHS STOCKPORT",971,28653.7,0,0
2021-12-01,01G,"NHS SALFORD",1026,29201.17,0,0
2021-12-01,01Y,"NHS TAMESIDE AND GLOSSOP",1061,30463.2,0,0
2021-12-01,07H,"NHS WEST ESSEX",1067,28763.49,0,0
2021-12-01,09D,"NHS BRIGHTON AND HOVE",1120,37997.78,0,0
2021-12-01,00L,"NHS NORTHUMBERLAND",1167,35203.46,0,0
2021-12-01,78H,"NHS NORTHAMPTONSHIRE",1262,30797.78,0,0
2021-12-01,06Q,"NHS MID ESSEX",1306,33589.32,0,0
2021-12-01,14L,"NHS MANCHESTER",1313,35567.6,0,0
2021-12-01,03L,"NHS ROTHERHAM",1325,35012.3,0,0
2021-12-01,11N,"NHS CORNWALL AND THE ISLES OF SCILLY",1382,36791.9,0,0
2021-12-01,84H,"NHS COUNTY DURHAM",1393,41537.47,0,0
2021-12-01,99A,"NHS LIVERPOOL",1393,40941.16,0,0
2021-12-01,00P,"NHS SUNDERLAND",1423,45340.99,0,0
2021-12-01,14Y,"NHS BUCKINGHAMSHIRE",1444,39233.59,0,0
2021-12-01,42D,"NHS NORTH YORKSHIRE",1446,42203.74,0,0
2021-12-01,02H,"NHS WIGAN BOROUGH",1485,45632.14,0,0
2021-12-01,15M,"NHS DERBY AND DERBYSHIRE",1556,50129.98,0,0
2021-12-01,27D,"NHS CHESHIRE",1592,47633.03,0,0
2021-12-01,15C,"NHS BRISTOL, NORTH SOMERSET AND SOUTH GLOUCESTERSHIRE",1735,61041.71,0,0
2021-12-01,72Q,"NHS SOUTH EAST LONDON",1780,64119.08,0,0
2021-12-01,06T,"NHS NORTH EAST ESSEX",1823,45101.48,0,0
2021-12-01,06K,"NHS EAST AND NORTH HERTFORDSHIRE",1912,53259.02,0,0
2021-12-01,36J,"NHS BRADFORD DISTRICT AND CRAVEN",1948,55680.25,0,0
2021-12-01,71E,"NHS LINCOLNSHIRE",1965,51949.77,0,0
2021-12-01,52R,"NHS NOTTINGHAM AND NOTTINGHAMSHIRE",1988,55071.01,0,0
2021-12-01,13T,"NHS NEWCASTLE GATESHEAD",1995,65139.63,0,0
2021-12-01,18C,"NHS HEREFORDSHIRE AND WORCESTERSHIRE",2016,65739.47,0,0
2021-12-01,03N,"NHS SHEFFIELD",2020,54991.82,0,0
2021-12-01,93C,"NHS NORTH CENTRAL LONDON",2037,74515.81,0,0
2021-12-01,15F,"NHS LEEDS",2163,69305.08,0,0
2021-12-01,B2M3M,"NHS COVENTRY AND WARWICKSHIRE",2226,63203.98,0,0
2021-12-01,06H,"NHS CAMBRIDGESHIRE AND PETERBOROUGH",2316,59193.53,0,0
2021-12-01,M1J4Y,"NHS BEDFORDSHIRE, LUTON AND MILTON KEYNES",2665,78093.75,0,0
2021-12-01,97R,"NHS EAST SUSSEX",2702,87361.57,0,0
2021-12-01,92G,"NHS BATH AND NORTH EAST SOMERSET, SWINDON AND WILTSHIRE",2715,78029.43,0,0
2021-12-01,11J,"NHS DORSET",2748,76975.5,0,0
2021-12-01,36L,"NHS SOUTH WEST LONDON",2770,98015.5,0,0
2021-12-01,W2U3Z,"NHS NORTH WEST LONDON",3186,117362.48,0,0
2021-12-01,16C,"NHS TEES VALLEY",3206,94054.94,0,0
2021-12-01,A3A8R,"NHS NORTH EAST LONDON",3400,119561.56,0,0
2021-12-01,D2P2L,"NHS BLACK COUNTRY",3500,110393.06,0,0
2021-12-01,26A,"NHS NORFOLK AND WAVENEY",3567,100076.68,0,0
2021-12-01,92A,"NHS SURREY HEARTLANDS",4305,152686.84,0,0
2021-12-01,15E,"NHS BIRMINGHAM AND SOLIHULL",4390,135119.77,0,0
2021-12-01,70F,"NHS WEST SUSSEX",4405,150842.58,0,0
2021-12-01,D9Y0V,"NHS HAMPSHIRE, SOUTHAMPTON AND ISLE OF WIGHT",4761,159732.27,0,0
2021-12-01,15N,"NHS DEVON",4839,135908.2,0,0
2021-12-01,91Q,"NHS KENT AND MEDWAY",5470,170161.7,0,0
2022-01-01,09W,"NHS MEDWAY",0,0,0,0
2022-01-01,D4U1Y,"NHS FRIMLEY",3,75.56,0,0
2022-01-01,00R,"NHS BLACKPOOL",226,6183.4,0,0
2022-01-01,02Q,"NHS BASSETLAW",231,5605.17,0,0
2022-01-01,05D,"NHS EAST STAFFORDSHIRE",235,6649.93,0,0
2022-01-01,03H,"NHS NORTH EAST LINCOLNSHIRE",248,5984.43,0,0
2022-01-01,02M,"NHS FYLDE AND WYRE",280,7623.44,0,0
2022-01-01,00N,"NHS SOUTH TYNESIDE",295,9378.17,0,0
2022-01-01,01F,"NHS HALTON",296,8252.07,0,0
2022-01-01,07G,"NHS THURROCK",302,9085.62,0,0
2022-01-01,00Q,"NHS BLACKBURN WITH DARWEN",306,8120.33,0,0
2022-01-01,01J,"NHS KNOWSLEY",326,8656.98,0,0
2022-01-01,02T,"NHS CALDERDALE",344,12051.5,0,0
2022-01-01,00X,"NHS CHORLEY AND SOUTH RIBBLE",362,10567.1,0,0
2022-01-01,04C,"NHS LEICESTER CITY",377,9304.55,0,0
2022-01-01,01V,"NHS SOUTHPORT AND FORMBY",379,11102.58,0,0
2022-01-01,02P,"NHS BARNSLEY",408,11545.5,0,0
2022-01-01,03K,"NHS NORTH LINCOLNSHIRE",428,10504.22,0,0
2022-01-01,99C,"NHS NORTH TYNESIDE",430,15450.31,0,0
2022-01-01,99F,"NHS CASTLE POINT AND ROCHFORD",436,14817.51,0,0
2022-01-01,05V,"NHS STAFFORD AND SURROUNDS",437,12713.58,0,0
2022-01-01,01E,"NHS GREATER PRESTON",439,13619.67,0,0
2022-01-01,03Q,"NHS VALE OF YORK",455,14128.14,0,0
2022-01-01,03W,"NHS EAST LEICESTERSHIRE AND RUTLAND",466,12792.91,0,0
2022-01-01,10R,"NHS PORTSMOUTH",468,15444.03,0,0
2022-01-01,U2G6B,"NHS THAMES VALLEY ICB - U2G6B",471,16065.96,0,0
2022-01-01,01D,"NHS HEYWOOD, MIDDLETON AND ROCHDALE",515,14972.79,0,0
2022-01-01,03F,"NHS HULL",537,13881.85,0,0
2022-01-01,99G,"NHS SOUTHEND",549,18093.17,0,0
2022-01-01,00V,"NHS BURY",556,16571.34,0,0
2022-01-01,01K,"NHS MORECAMBE BAY",559,15158.13,0,0
2022-01-01,03R,"NHS WAKEFIELD",561,15479.08,0,0
2022-01-01,04Y,"NHS CANNOCK CHASE",563,17165.62,0,0
2022-01-01,02X,"NHS DONCASTER",565,15101.39,0,0
2022-01-01,05G,"NHS NORTH STAFFORDSHIRE",594,17331.44,0,0
2022-01-01,M2L0M,"NHS SHROPSHIRE, TELFORD AND WREKIN",607,20660.26,0,0
2022-01-01,02G,"NHS WEST LANCASHIRE",612,17848.05,0,0
2022-01-01,01X,"NHS ST HELENS",644,18962.34,0,0
2022-01-01,05Q,"NHS SOUTH EAST STAFFORDSHIRE AND SEISDON PENINSULA",647,20272.48,0,0
2022-01-01,02E,"NHS WARRINGTON",662,19905.18,0,0
2022-01-01,12F,"NHS WIRRAL",680,20027.91,0,0
2022-01-01,06L,"NHS IPSWICH AND EAST SUFFOLK",692,18072.95,0,0
2022-01-01,11X,"NHS SOMERSET",692,18967.77,0,0
2022-01-01,01T,"NHS SOUTH SEFTON",698,19311.22,0,0
2022-01-01,01A,"NHS EAST LANCASHIRE",706,17826.55,0,0
2022-01-01,01H,"NHS NORTH CUMBRIA",715,19430.34,0,0
2022-01-01,07K,"NHS WEST SUFFOLK",729,18156.22,0,0
2022-01-01,11M,"NHS GLOUCESTERSHIRE",745,22853.34,0,0
2022-01-01,15A,"NHS BERKSHIRE WEST",747,23872.12,0,0
2022-01-01,05W,"NHS STOKE ON TRENT",753,20865.68,0,0
2022-01-01,02A,"NHS TRAFFORD",760,24974.87,0,0
2022-01-01,00T,"NHS BOLTON",765,22238.99,0,0
2022-01-01,04V,"NHS WEST LEICESTERSHIRE",768,19867.06,0,0
2022-01-01,00Y,"NHS OLDHAM",781,21605.96,0,0
2022-01-01,06N,"NHS HERTS VALLEYS",798,28084.59,0,0
2022-01-01,99E,"NHS BASILDON AND BRENTWOOD",816,27622.94,0,0
2022-01-01,10Q,"NHS OXFORDSHIRE",824,24363.5,0,0
2022-01-01,02Y,"NHS EAST RIDING OF YORKSHIRE",827,22362.91,0,0
2022-01-01,X2C4Y,"NHS KIRKLEES",894,32046.64,0,0
2022-01-01,01W,"NHS STOCKPORT",917,26606.82,0,0
2022-01-01,01G,"NHS SALFORD",946,27029.58,0,0
2022-01-01,07H,"NHS WEST ESSEX",975,26087.68,0,0
2022-01-01,09D,"NHS BRIGHTON AND HOVE",991,34595.71,0,0
2022-01-01,01Y,"NHS TAMESIDE AND GLOSSOP",992,28742.66,0,0
2022-01-01,00L,"NHS NORTHUMBERLAND",1002,30201.34,0,0
2022-01-01,06Q,"NHS MID ESSEX",1151,29767.14,0,0
2022-01-01,14L,"NHS MANCHESTER",1156,31501.96,0,0
2022-01-01,03L,"NHS ROTHERHAM",1183,31476.62,0,0
2022-01-01,84H,"NHS COUNTY DURHAM",1185,35141.37,0,0
2022-01-01,78H,"NHS NORTHAMPTONSHIRE",1186,29127.28,0,0
2022-01-01,00P,"NHS SUNDERLAND",1240,38337.41,0,0
2022-01-01,99A,"NHS LIVERPOOL",1271,37543.64,0,0
2022-01-01,11N,"NHS CORNWALL AND THE ISLES OF SCILLY",1299,34383.55,0,0
2022-01-01,42D,"NHS NORTH YORKSHIRE",1331,37628.1,0,0
2022-01-01,14Y,"NHS BUCKINGHAMSHIRE",1337,36803.31,0,0
2022-01-01,02H,"NHS WIGAN BOROUGH",1344,40644,0,0
2022-01-01,15M,"NHS DERBY AND DERBYSHIRE",1442,44548.29,0,0
2022-01-01,27D,"NHS CHESHIRE",1485,45597.41,0,0
2022-01-01,15C,"NHS BRISTOL, NORTH SOMERSET AND SOUTH GLOUCESTERSHIRE",1524,53235.11,0,0
2022-01-01,72Q,"NHS SOUTH EAST LONDON",1672,60552.58,0,0
2022-01-01,06T,"NHS NORTH EAST ESSEX",1676,41684.68,0,0
2022-01-01,71E,"NHS LINCOLNSHIRE",1809,47986.12,0,0
2022-01-01,36J,"NHS BRADFORD DISTRICT AND CRAVEN",1810,51239.7,0,0
2022-01-01,13T,"NHS NEWCASTLE GATESHEAD",1817,58178.52,0,0
2022-01-01,06K,"NHS EAST AND NORTH HERTFORDSHIRE",1819,50928.33,0,0
2022-01-01,03N,"NHS SHEFFIELD",1845,50010.29,0,0
2022-01-01,18C,"NHS HEREFORDSHIRE AND WORCESTERSHIRE",1847,59289.12,0,0
2022-01-01,52R,"NHS NOTTINGHAM AND NOTTINGHAMSHIRE",1876,51660.22,0,0
2022-01-01,93C,"NHS NORTH CENTRAL LONDON",1903,69619.69,0,0
2022-01-01,B2M3M,"NHS COVENTRY AND WARWICKSHIRE",1929,54715.74,0,0
2022-01-01,15F,"NHS LEEDS",1945,62435.39,0,0
2022-01-01,06H,"NHS CAMBRIDGESHIRE AND PETERBOROUGH",2214,57576.51,0,0
2022-01-01,M1J4Y,"NHS BEDFORDSHIRE, LUTON AND MILTON KEYNES",2397,70161.48,0,0
2022-01-01,97R,"NHS EAST SUSSEX",2410,77773.49,0,0
2022-01-01,92G,"NHS BATH AND NORTH EAST SOMERSET, SWINDON AND WILTSHIRE",2450,71252.45,0,0
2022-01-01,11J,"NHS DORSET",2452,69864.9,0,0
2022-01-01,36L,"NHS SOUTH WEST LONDON",2494,88445.12,0,0
2022-01-01,16C,"NHS TEES VALLEY",2992,86030.79,0,0
2022-01-01,W2U3Z,"NHS NORTH WEST LONDON",3072,113133.61,0,0
2022-01-01,D2P2L,"NHS BLACK COUNTRY",3193,101791.34,0,0
2022-01-01,A3A8R,"NHS NORTH EAST LONDON",3199,113963.42,0,0
2022-01-01,26A,"NHS NORFOLK AND WAVENEY",3285,91302.6,0,0
2022-01-01,92A,"NHS SURREY HEARTLANDS",3920,139699.07,0,0
2022-01-01,70F,"NHS WEST SUSSEX",4017,135528.17,0,0
2022-01-01,15E,"NHS BIRMINGHAM AND SOLIHULL",4158,126296.93,0,0
2022-01-01,D9Y0V,"NHS HAMPSHIRE, SOUTHAMPTON AND ISLE OF WIGHT",4351,147272.99,0,0
2022-01-01,15N,"NHS DEVON",4423,122746.34,0,0
2022-01-01,91Q,"NHS KENT AND MEDWAY",4917,152171.94,0,0
2022-02-01,09W,"NHS MEDWAY",0,0,0,0
2022-02-01,D4U1Y,"NHS FRIMLEY",3,70.13,0,0
2022-02-01,00R,"NHS BLACKPOOL",212,5748.79,0,0
2022-02-01,05D,"NHS EAST STAFFORDSHIRE",225,6403.13,0,0
2022-02-01,02Q,"NHS BASSETLAW",231,5674.98,0,0
2022-02-01,03H,"NHS NORTH EAST LINCOLNSHIRE",250,6122.59,0,0
2022-02-01,02M,"NHS FYLDE AND WYRE",263,7223.71,0,0
2022-02-01,00Q,"NHS BLACKBURN WITH DARWEN",270,7127.99,0,0
2022-02-01,07G,"NHS THURROCK",273,8014.64,0,0
2022-02-01,00N,"NHS SOUTH TYNESIDE",277,9362.46,0,0
2022-02-01,01J,"NHS KNOWSLEY",285,7875.5,0,0
2022-02-01,01F,"NHS HALTON",286,8104.45,0,0
2022-02-01,02T,"NHS CALDERDALE",320,10483.9,0,0
2022-02-01,00X,"NHS CHORLEY AND SOUTH RIBBLE",351,10906.86,0,0
2022-02-01,04C,"NHS LEICESTER CITY",352,8891.95,0,0
2022-02-01,01E,"NHS GREATER PRESTON",370,11618.08,0,0
2022-02-01,02P,"NHS BARNSLEY",372,10398.16,0,0
2022-02-01,03Q,"NHS VALE OF YORK",383,11540.2,0,0
2022-02-01,01V,"NHS SOUTHPORT AND FORMBY",384,11283.4,0,0
2022-02-01,05V,"NHS STAFFORD AND SURROUNDS",412,12214.51,0,0
2022-02-01,03K,"NHS NORTH LINCOLNSHIRE",419,10308.26,0,0
2022-02-01,99C,"NHS NORTH TYNESIDE",421,15404.48,0,0
2022-02-01,U2G6B,"NHS THAMES VALLEY ICB - U2G6B",422,14276.82,0,0
2022-02-01,03W,"NHS EAST LEICESTERSHIRE AND RUTLAND",423,11434.18,0,0
2022-02-01,99F,"NHS CASTLE POINT AND ROCHFORD",423,14489.24,0,0
2022-02-01,00V,"NHS BURY",457,13700.25,0,0
2022-02-01,01D,"NHS HEYWOOD, MIDDLETON AND ROCHDALE",460,13296.79,0,0
2022-02-01,10R,"NHS PORTSMOUTH",464,15632.29,0,0
2022-02-01,03F,"NHS HULL",476,12095.74,0,0
2022-02-01,04Y,"NHS CANNOCK CHASE",489,15332.99,0,0
2022-02-01,05G,"NHS NORTH STAFFORDSHIRE",527,15282.23,0,0
2022-02-01,02X,"NHS DONCASTER",539,14019.28,0,0
2022-02-01,99G,"NHS SOUTHEND",539,18036.98,0,0
2022-02-01,03R,"NHS WAKEFIELD",547,15806.01,0,0
2022-02-01,05Q,"NHS SOUTH EAST STAFFORDSHIRE AND SEISDON PENINSULA",552,17017.47,0,0
2022-02-01,M2L0M,"NHS SHROPSHIRE, TELFORD AND WREKIN",552,19370.68,0,0
2022-02-01,01K,"NHS MORECAMBE BAY",554,15013,0,0
2022-02-01,02G,"NHS WEST LANCASHIRE",597,17160.94,0,0
2022-02-01,01X,"NHS ST HELENS",603,17908.41,0,0
2022-02-01,02E,"NHS WARRINGTON",619,18279.48,0,0
2022-02-01,12F,"NHS WIRRAL",630,18587.68,0,0
2022-02-01,11X,"NHS SOMERSET",635,17322.83,0,0
2022-02-01,06L,"NHS IPSWICH AND EAST SUFFOLK",651,16614.93,0,0
2022-02-01,07K,"NHS WEST SUFFOLK",651,16805.6,0,0
2022-02-01,11M,"NHS GLOUCESTERSHIRE",656,20020.42,0,0
2022-02-01,15A,"NHS BERKSHIRE WEST",657,21288.54,0,0
2022-02-01,00T,"NHS BOLTON",659,19405.86,0,0
2022-02-01,01T,"NHS SOUTH SEFTON",659,18605.34,0,0
2022-02-01,01H,"NHS NORTH CUMBRIA",678,18562.86,0,0
2022-02-01,01A,"NHS EAST LANCASHIRE",689,16876.46,0,0
2022-02-01,02A,"NHS TRAFFORD",701,22715.52,0,0
2022-02-01,00Y,"NHS OLDHAM",726,19867.34,0,0
2022-02-01,04V,"NHS WEST LEICESTERSHIRE",733,19274.4,0,0
2022-02-01,05W,"NHS STOKE ON TRENT",742,20144.8,0,0
2022-02-01,06N,"NHS HERTS VALLEYS",757,27235.3,0,0
2022-02-01,01W,"NHS STOCKPORT",779,22934.97,0,0
2022-02-01,99E,"NHS BASILDON AND BRENTWOOD",783,25636.95,0,0
2022-02-01,02Y,"NHS EAST RIDING OF YORKSHIRE",790,21730.23,0,0
2022-02-01,10Q,"NHS OXFORDSHIRE",792,23492.78,0,0
2022-02-01,01G,"NHS SALFORD",837,24148.05,0,0
2022-02-01,X2C4Y,"NHS KIRKLEES",849,31485.86,0,0
2022-02-01,09D,"NHS BRIGHTON AND HOVE",852,29446.2,0,0
2022-02-01,07H,"NHS WEST ESSEX",888,23916.38,0,0
2022-02-01,01Y,"NHS TAMESIDE AND GLOSSOP",929,26713.38,0,0
2022-02-01,00L,"NHS NORTHUMBERLAND",957,29019.46,0,0
2022-02-01,78H,"NHS NORTHAMPTONSHIRE",1043,25486.69,0,0
2022-02-01,14L,"NHS MANCHESTER",1054,28735.85,0,0
2022-02-01,06Q,"NHS MID ESSEX",1105,28614.24,0,0
2022-02-01,84H,"NHS COUNTY DURHAM",1113,32250.6,0,0
2022-02-01,99A,"NHS LIVERPOOL",1141,33191.71,0,0
2022-02-01,03L,"NHS ROTHERHAM",1152,30365.39,0,0
2022-02-01,11N,"NHS CORNWALL AND THE ISLES OF SCILLY",1172,31782.89,0,0
2022-02-01,02H,"NHS WIGAN BOROUGH",1188,36680.92,0,0
2022-02-01,42D,"NHS NORTH YORKSHIRE",1203,34943.56,0,0
2022-02-01,14Y,"NHS BUCKINGHAMSHIRE",1208,33138.53,0,0
2022-02-01,00P,"NHS SUNDERLAND",1217,38885.73,0,0
2022-02-01,27D,"NHS CHESHIRE",1290,39232.94,0,0
2022-02-01,15M,"NHS DERBY AND DERBYSHIRE",1337,43173.31,0,0
2022-02-01,15C,"NHS BRISTOL, NORTH SOMERSET AND SOUTH GLOUCESTERSHIRE",1451,50696.56,0,0
2022-02-01,72Q,"NHS SOUTH EAST LONDON",1464,52595.87,0,0
2022-02-01,06T,"NHS NORTH EAST ESSEX",1549,38814.38,0,0
2022-02-01,06K,"NHS EAST AND NORTH HERTFORDSHIRE",1609,44625.42,0,0
2022-02-01,71E,"NHS LINCOLNSHIRE",1620,43315.01,0,0
2022-02-01,13T,"NHS NEWCASTLE GATESHEAD",1655,53420.68,0,0
2022-02-01,18C,"NHS HEREFORDSHIRE AND WORCESTERSHIRE",1679,53963.51,0,0
2022-02-01,36J,"NHS BRADFORD DISTRICT AND CRAVEN",1686,48560.04,0,0
2022-02-01,52R,"NHS NOTTINGHAM AND NOTTINGHAMSHIRE",1708,47867.8,0,0
2022-02-01,03N,"NHS SHEFFIELD",1727,46898.65,0,0
2022-02-01,15F,"NHS LEEDS",1730,55599.69,0,0
2022-02-01,93C,"NHS NORTH CENTRAL LONDON",1777,64866.89,0,0
2022-02-01,B2M3M,"NHS COVENTRY AND WARWICKSHIRE",1818,52023.97,0,0
2022-02-01,06H,"NHS CAMBRIDGESHIRE AND PETERBOROUGH",1992,51869.39,0,0
2022-02-01,92G,"NHS BATH AND NORTH EAST SOMERSET, SWINDON AND WILTSHIRE",2161,61689.82,0,0
2022-02-01,97R,"NHS EAST SUSSEX",2179,71799.27,0,0
2022-02-01,M1J4Y,"NHS BEDFORDSHIRE, LUTON AND MILTON KEYNES",2192,64020.8,0,0
2022-02-01,36L,"NHS SOUTH WEST LONDON",2255,78805.08,0,0
2022-02-01,11J,"NHS DORSET",2269,63328.64,0,0
2022-02-01,16C,"NHS TEES VALLEY",2676,78201.42,0,0
2022-02-01,W2U3Z,"NHS NORTH WEST LONDON",2713,99497.21,0,0
2022-02-01,D2P2L,"NHS BLACK COUNTRY",2914,92204.86,0,0
2022-02-01,A3A8R,"NHS NORTH EAST LONDON",2927,103514,0,0
2022-02-01,26A,"NHS NORFOLK AND WAVENEY",2945,83051.9,0,0
2022-02-01,92A,"NHS SURREY HEARTLANDS",3505,123300.3,0,0
2022-02-01,70F,"NHS WEST SUSSEX",3590,123232.94,0,0
2022-02-01,15E,"NHS BIRMINGHAM AND SOLIHULL",3704,112136.18,0,0
2022-02-01,D9Y0V,"NHS HAMPSHIRE, SOUTHAMPTON AND ISLE OF WIGHT",3942,132892.74,0,0
2022-02-01,15N,"NHS DEVON",3981,110994.07,0,0
2022-02-01,91Q,"NHS KENT AND MEDWAY",4476,139191.69,0,0
2022-03-01,09W,"NHS MEDWAY",0,0,0,0
2022-03-01,D4U1Y,"NHS FRIMLEY",0,0,0,0
2022-03-01,05D,"NHS EAST STAFFORDSHIRE",222,6265.97,0,0
2022-03-01,00R,"NHS BLACKPOOL",247,6781.8,0,0
2022-03-01,03H,"NHS NORTH EAST LINCOLNSHIRE",262,6492.82,0,0
2022-03-01,02Q,"NHS BASSETLAW",264,6572.16,0,0
2022-03-01,02M,"NHS FYLDE AND WYRE",283,7868.13,0,0
2022-03-01,07G,"NHS THURROCK",294,8875.16,0,0
2022-03-01,00N,"NHS SOUTH TYNESIDE",297,9380.85,0,0
2022-03-01,01F,"NHS HALTON",317,9050.73,0,0
2022-03-01,00Q,"NHS BLACKBURN WITH DARWEN",323,8281.1,0,0
2022-03-01,02T,"NHS CALDERDALE",336,11410.59,0,0
2022-03-01,01J,"NHS KNOWSLEY",350,9126.18,0,0
2022-03-01,00X,"NHS CHORLEY AND SOUTH RIBBLE",374,11515.78,0,0
2022-03-01,04C,"NHS LEICESTER CITY",381,9576.61,0,0
2022-03-01,01E,"NHS GREATER PRESTON",422,12915.84,0,0
2022-03-01,01V,"NHS SOUTHPORT AND FORMBY",424,12497.8,0,0
2022-03-01,02P,"NHS BARNSLEY",429,11926.19,0,0
2022-03-01,03K,"NHS NORTH LINCOLNSHIRE",438,10875.87,0,0
2022-03-01,03W,"NHS EAST LEICESTERSHIRE AND RUTLAND",443,12099.05,0,0
2022-03-01,99F,"NHS CASTLE POINT AND ROCHFORD",459,15631.43,0,0
2022-03-01,05V,"NHS STAFFORD AND SURROUNDS",462,13633.55,0,0
2022-03-01,99C,"NHS NORTH TYNESIDE",483,17352.47,0,0
2022-03-01,03Q,"NHS VALE OF YORK",485,15112.07,0,0
2022-03-01,U2G6B,"NHS THAMES VALLEY ICB - U2G6B",486,16341.12,0,0
2022-03-01,01D,"NHS HEYWOOD, MIDDLETON AND ROCHDALE",520,14935.13,0,0
2022-03-01,10R,"NHS PORTSMOUTH",527,17746.86,0,0
2022-03-01,04Y,"NHS CANNOCK CHASE",536,16520.03,0,0
2022-03-01,03F,"NHS HULL",554,14415.69,0,0
2022-03-01,00V,"NHS BURY",559,17055.38,0,0
2022-03-01,02X,"NHS DONCASTER",579,15206.23,0,0
2022-03-01,99G,"NHS SOUTHEND",595,19789.01,0,0
2022-03-01,01K,"NHS MORECAMBE BAY",608,16433.43,0,0
2022-03-01,03R,"NHS WAKEFIELD",611,16899.79,0,0
2022-03-01,05G,"NHS NORTH STAFFORDSHIRE",615,17989.09,0,0
2022-03-01,M2L0M,"NHS SHROPSHIRE, TELFORD AND WREKIN",620,20746.6,0,0
2022-03-01,02E,"NHS WARRINGTON",632,19192.59,0,0
2022-03-01,05Q,"NHS SOUTH EAST STAFFORDSHIRE AND SEISDON PENINSULA",644,20860.73,0,0
2022-03-01,02G,"NHS WEST LANCASHIRE",654,19103.33,0,0
2022-03-01,01X,"NHS ST HELENS",685,20348.82,0,0
2022-03-01,12F,"NHS WIRRAL",713,20732,0,0
2022-03-01,15A,"NHS BERKSHIRE WEST",723,23670.93,0,0
2022-03-01,01T,"NHS SOUTH SEFTON",732,20573.02,0,0
2022-03-01,11X,"NHS SOMERSET",738,20591.77,0,0
2022-03-01,06L,"NHS IPSWICH AND EAST SUFFOLK",740,18608.62,0,0
2022-03-01,01H,"NHS NORTH CUMBRIA",741,20038.51,0,0
2022-03-01,00T,"NHS BOLTON",749,28612.53,0,0
2022-03-01,02A,"NHS TRAFFORD",754,24344.78,0,0
2022-03-01,11M,"NHS GLOUCESTERSHIRE",755,23220.38,0,0
2022-03-01,07K,"NHS WEST SUFFOLK",787,19675.25,0,0
2022-03-01,01A,"NHS EAST LANCASHIRE",788,19640.05,0,0
2022-03-01,06N,"NHS HERTS VALLEYS",798,28445.37,0,0
2022-03-01,04V,"NHS WEST LEICESTERSHIRE",809,20845.46,0,0
2022-03-01,00Y,"NHS OLDHAM",817,22244.06,0,0
2022-03-01,02Y,"NHS EAST RIDING OF YORKSHIRE",834,22970.45,0,0
2022-03-01,05W,"NHS STOKE ON TRENT",834,23054.14,0,0
2022-03-01,99E,"NHS BASILDON AND BRENTWOOD",838,28320.38,0,0
2022-03-01,10Q,"NHS OXFORDSHIRE",885,26631.41,0,0
2022-03-01,01W,"NHS STOCKPORT",896,26114.7,0,0
2022-03-01,X2C4Y,"NHS KIRKLEES",927,33884.39,0,0
2022-03-01,01G,"NHS SALFORD",975,28021.76,0,0
2022-03-01,07H,"NHS WEST ESSEX",997,26426.28,0,0
2022-03-01,01Y,"NHS TAMESIDE AND GLOSSOP",1037,29839.95,0,0
2022-03-01,09D,"NHS BRIGHTON AND HOVE",1074,36813.21,0,0
2022-03-01,00L,"NHS NORTHUMBERLAND",1121,33515.48,0,0
2022-03-01,78H,"NHS NORTHAMPTONSHIRE",1243,30574.99,0,0
2022-03-01,84H,"NHS COUNTY DURHAM",1243,36572.98,0,0
2022-03-01,03L,"NHS ROTHERHAM",1244,33321.02,0,0
2022-03-01,14L,"NHS MANCHESTER",1245,33551.15,0,0
2022-03-01,06Q,"NHS MID ESSEX",1269,32285.67,0,0
2022-03-01,99A,"NHS LIVERPOOL",1276,37805.32,0,0
2022-03-01,42D,"NHS NORTH YORKSHIRE",1306,37000.46,0,0
2022-03-01,11N,"NHS CORNWALL AND THE ISLES OF SCILLY",1321,34572.62,0,0
2022-03-01,00P,"NHS SUNDERLAND",1354,42273.26,0,0
2022-03-01,14Y,"NHS BUCKINGHAMSHIRE",1391,37477.19,0,0
2022-03-01,02H,"NHS WIGAN BOROUGH",1437,44139.27,0,0
2022-03-01,15M,"NHS DERBY AND DERBYSHIRE",1446,45378.75,0,0
2022-03-01,27D,"NHS CHESHIRE",1477,45243.74,0,0
2022-03-01,15C,"NHS BRISTOL, NORTH SOMERSET AND SOUTH GLOUCESTERSHIRE",1588,55435.06,0,0
2022-03-01,72Q,"NHS SOUTH EAST LONDON",1664,60497.63,0,0
2022-03-01,06T,"NHS NORTH EAST ESSEX",1730,42878.82,0,0
2022-03-01,06K,"NHS EAST AND NORTH HERTFORDSHIRE",1831,51106.83,0,0
2022-03-01,71E,"NHS LINCOLNSHIRE",1868,49623.72,0,0
2022-03-01,13T,"NHS NEWCASTLE GATESHEAD",1891,61643,0,0
2022-03-01,52R,"NHS NOTTINGHAM AND NOTTINGHAMSHIRE",1910,53356.32,0,0
2022-03-01,03N,"NHS SHEFFIELD",1914,52166.15,0,0
2022-03-01,36J,"NHS BRADFORD DISTRICT AND CRAVEN",1917,54673.86,0,0
2022-03-01,18C,"NHS HEREFORDSHIRE AND WORCESTERSHIRE",1955,63112.98,0,0
2022-03-01,15F,"NHS LEEDS",1962,62307.72,0,0
2022-03-01,93C,"NHS NORTH CENTRAL LONDON",1996,72295.64,0,0
2022-03-01,B2M3M,"NHS COVENTRY AND WARWICKSHIRE",2028,56508.14,0,0
2022-03-01,06H,"NHS CAMBRIDGESHIRE AND PETERBOROUGH",2204,56634.21,0,0
2022-03-01,M1J4Y,"NHS BEDFORDSHIRE, LUTON AND MILTON KEYNES",2412,70085.01,0,0
2022-03-01,97R,"NHS EAST SUSSEX",2451,79754.65,0,0
2022-03-01,36L,"NHS SOUTH WEST LONDON",2466,86375.65,0,0
2022-03-01,11J,"NHS DORSET",2524,72112.06,0,0
2022-03-01,92G,"NHS BATH AND NORTH EAST SOMERSET, SWINDON AND WILTSHIRE",2560,73532.18,0,0
2022-03-01,16C,"NHS TEES VALLEY",3003,86952.69,0,0
2022-03-01,W2U3Z,"NHS NORTH WEST LONDON",3003,111054.04,0,0
2022-03-01,A3A8R,"NHS NORTH EAST LONDON",3206,112044.16,0,0
2022-03-01,26A,"NHS NORFOLK AND WAVENEY",3289,91680.62,0,0
2022-03-01,D2P2L,"NHS BLACK COUNTRY",3315,103621.09,0,0
2022-03-01,92A,"NHS SURREY HEARTLANDS",3848,135453.86,0,0
2022-03-01,70F,"NHS WEST SUSSEX",4166,141442.94,0,0
2022-03-01,15E,"NHS BIRMINGHAM AND SOLIHULL",4237,129333.84,0,0
2022-03-01,D9Y0V,"NHS HAMPSHIRE, SOUTHAMPTON AND ISLE OF WIGHT",4348,146141.09,0,0
2022-03-01,15N,"NHS DEVON",4664,131685.78,0,0
2022-03-01,91Q,"NHS KENT AND MEDWAY",5072,155664.83,0,0
2022-04-01,09W,"NHS MEDWAY",0,0,0,0
2022-04-01,D4U1Y,"NHS FRIMLEY",4,82.21,0,0
2022-04-01,03H,"NHS NORTH EAST LINCOLNSHIRE",229,5461.9,0,0
2022-04-01,05D,"NHS EAST STAFFORDSHIRE",232,6712.96,0,0
2022-04-01,00R,"NHS BLACKPOOL",234,6238.11,0,0
2022-04-01,02Q,"NHS BASSETLAW",258,6226.65,0,0
2022-04-01,01J,"NHS KNOWSLEY",270,7234.08,0,0
2022-04-01,02M,"NHS FYLDE AND WYRE",270,7623.41,0,0
2022-04-01,00N,"NHS SOUTH TYNESIDE",281,9419.39,0,0
2022-04-01,01F,"NHS HALTON",286,8064.19,0,0
2022-04-01,07G,"NHS THURROCK",295,8786.97,0,0
2022-04-01,00Q,"NHS BLACKBURN WITH DARWEN",300,8003.99,0,0
2022-04-01,02T,"NHS CALDERDALE",344,11867.3,0,0
2022-04-01,00X,"NHS CHORLEY AND SOUTH RIBBLE",357,10887.2,0,0
2022-04-01,01E,"NHS GREATER PRESTON",364,11492.9,0,0
2022-04-01,04C,"NHS LEICESTER CITY",365,8769.61,0,0
2022-04-01,01V,"NHS SOUTHPORT AND FORMBY",380,11484.21,0,0
2022-04-01,02P,"NHS BARNSLEY",382,10864.42,0,0
2022-04-01,03Q,"NHS VALE OF YORK",409,12376.4,0,0
2022-04-01,05V,"NHS STAFFORD AND SURROUNDS",422,12108.65,0,0
2022-04-01,03W,"NHS EAST LEICESTERSHIRE AND RUTLAND",425,11505.9,0,0
2022-04-01,03K,"NHS NORTH LINCOLNSHIRE",437,10870.92,0,0
2022-04-01,99F,"NHS CASTLE POINT AND ROCHFORD",446,15201.38,0,0
2022-04-01,99C,"NHS NORTH TYNESIDE",448,16154.24,0,0
2022-04-01,01D,"NHS HEYWOOD, MIDDLETON AND ROCHDALE",452,13451.3,0,0
2022-04-01,U2G6B,"NHS THAMES VALLEY ICB - U2G6B",453,14940.82,0,0
2022-04-01,10R,"NHS PORTSMOUTH",467,15408.5,0,0
2022-04-01,03F,"NHS HULL",493,12230.13,0,0
2022-04-01,00V,"NHS BURY",515,15078.25,0,0
2022-04-01,04Y,"NHS CANNOCK CHASE",522,16323.69,0,0
2022-04-01,02X,"NHS DONCASTER",535,14041.07,0,0
2022-04-01,01K,"NHS MORECAMBE BAY",539,14945.03,0,0
2022-04-01,99G,"NHS SOUTHEND",548,18133.77,0,0
2022-04-01,03R,"NHS WAKEFIELD",553,15707.31,0,0
2022-04-01,M2L0M,"NHS SHROPSHIRE, TELFORD AND WREKIN",559,18524.86,0,0
2022-04-01,05G,"NHS NORTH STAFFORDSHIRE",577,16516.65,0,0
2022-04-01,02E,"NHS WARRINGTON",590,17847.47,0,0
2022-04-01,05Q,"NHS SOUTH EAST STAFFORDSHIRE AND SEISDON PENINSULA",593,18106.99,0,0
2022-04-01,02G,"NHS WEST LANCASHIRE",599,18226.3,0,0
2022-04-01,01X,"NHS ST HELENS",616,18209.84,0,0
2022-04-01,02A,"NHS TRAFFORD",659,20977.26,0,0
2022-04-01,00Y,"NHS OLDHAM",670,18359.91,0,0
2022-04-01,11M,"NHS GLOUCESTERSHIRE",670,19948.06,0,0
2022-04-01,11X,"NHS SOMERSET",671,18341.73,0,0
2022-04-01,12F,"NHS WIRRAL",679,19989.3,0,0
2022-04-01,07K,"NHS WEST SUFFOLK",686,17311.64,0,0
2022-04-01,01T,"NHS SOUTH SEFTON",689,19159.41,0,0
2022-04-01,06L,"NHS IPSWICH AND EAST SUFFOLK",690,17412.29,0,0
2022-04-01,01H,"NHS NORTH CUMBRIA",714,19276.15,0,0
2022-04-01,15A,"NHS BERKSHIRE WEST",717,23001.18,0,0
2022-04-01,00T,"NHS BOLTON",737,21674.79,0,0
2022-04-01,01A,"NHS EAST LANCASHIRE",737,18384.5,0,0
2022-04-01,05W,"NHS STOKE ON TRENT",739,20162.07,0,0
2022-04-01,99E,"NHS BASILDON AND BRENTWOOD",749,24761.9,0,0
2022-04-01,04V,"NHS WEST LEICESTERSHIRE",752,19688.54,0,0
2022-04-01,06N,"NHS HERTS VALLEYS",770,27527.65,0,0
2022-04-01,01W,"NHS STOCKPORT",776,22543.95,0,0
2022-04-01,X2C4Y,"NHS KIRKLEES",804,29398.75,0,0
2022-04-01,02Y,"NHS EAST RIDING OF YORKSHIRE",812,21960.06,0,0
2022-04-01,10Q,"NHS OXFORDSHIRE",839,25186.13,0,0
2022-04-01,07H,"NHS WEST ESSEX",864,22978.83,0,0
2022-04-01,01G,"NHS SALFORD",892,25374.79,0,0
2022-04-01,09D,"NHS BRIGHTON AND HOVE",911,31269.93,0,0
2022-04-01,01Y,"NHS TAMESIDE AND GLOSSOP",943,26926.47,0,0
2022-04-01,00L,"NHS NORTHUMBERLAND",976,29002.84,0,0
2022-04-01,14L,"NHS MANCHESTER",1116,30437.61,0,0
2022-04-01,78H,"NHS NORTHAMPTONSHIRE",1126,27774.97,0,0
2022-04-01,84H,"NHS COUNTY DURHAM",1169,32926.27,0,0
2022-04-01,06Q,"NHS MID ESSEX",1178,30445.87,0,0
2022-04-01,00P,"NHS SUNDERLAND",1207,38198.89,0,0
2022-04-01,03L,"NHS ROTHERHAM",1212,32438.98,0,0
2022-04-01,99A,"NHS LIVERPOOL",1219,35708.73,0,0
2022-04-01,11N,"NHS CORNWALL AND THE ISLES OF SCILLY",1233,32706.88,0,0
2022-04-01,42D,"NHS NORTH YORKSHIRE",1264,35723.06,0,0
2022-04-01,02H,"NHS WIGAN BOROUGH",1299,39716,0,0
2022-04-01,15M,"NHS DERBY AND DERBYSHIRE",1312,42522.92,0,0
2022-04-01,27D,"NHS CHESHIRE",1319,40211.26,0,0
2022-04-01,14Y,"NHS BUCKINGHAMSHIRE",1439,37914.96,0,0
2022-04-01,15C,"NHS BRISTOL, NORTH SOMERSET AND SOUTH GLOUCESTERSHIRE",1459,50473.95,0,0
2022-04-01,72Q,"NHS SOUTH EAST LONDON",1593,57371.65,0,0
2022-04-01,06T,"NHS NORTH EAST ESSEX",1623,40035.59,0,0
2022-04-01,13T,"NHS NEWCASTLE GATESHEAD",1688,54395.72,0,0
2022-04-01,06K,"NHS EAST AND NORTH HERTFORDSHIRE",1718,47690.61,0,0
2022-04-01,36J,"NHS BRADFORD DISTRICT AND CRAVEN",1738,50621.53,0,0
2022-04-01,71E,"NHS LINCOLNSHIRE",1758,46817.94,0,0
2022-04-01,03N,"NHS SHEFFIELD",1770,48573.87,0,0
2022-04-01,18C,"NHS HEREFORDSHIRE AND WORCESTERSHIRE",1770,57827.72,0,0
2022-04-01,52R,"NHS NOTTINGHAM AND NOTTINGHAMSHIRE",1770,49167.25,0,0
2022-04-01,15F,"NHS LEEDS",1863,59947.78,0,0
2022-04-01,B2M3M,"NHS COVENTRY AND WARWICKSHIRE",1875,53365.45,0,0
2022-04-01,93C,"NHS NORTH CENTRAL LONDON",1876,68093.28,0,0
2022-04-01,06H,"NHS CAMBRIDGESHIRE AND PETERBOROUGH",2021,52561.58,0,0
2022-04-01,M1J4Y,"NHS BEDFORDSHIRE, LUTON AND MILTON KEYNES",2294,67713.03,0,0
2022-04-01,97R,"NHS EAST SUSSEX",2302,75186.53,0,0
2022-04-01,92G,"NHS BATH AND NORTH EAST SOMERSET, SWINDON AND WILTSHIRE",2315,66822.95,0,0
2022-04-01,11J,"NHS DORSET",2331,65971.01,0,0
2022-04-01,36L,"NHS SOUTH WEST LONDON",2418,85103.75,0,0
2022-04-01,16C,"NHS TEES VALLEY",2744,79712.7,0,0
2022-04-01,W2U3Z,"NHS NORTH WEST LONDON",2884,107113.99,0,0
2022-04-01,A3A8R,"NHS NORTH EAST LONDON",2982,104356.51,0,0
2022-04-01,D2P2L,"NHS BLACK COUNTRY",2998,93938.94,0,0
2022-04-01,26A,"NHS NORFOLK AND WAVENEY",3094,86540.48,0,0
2022-04-01,92A,"NHS SURREY HEARTLANDS",3615,127711.93,0,0
2022-04-01,70F,"NHS WEST SUSSEX",3785,128485.22,0,0
2022-04-01,15E,"NHS BIRMINGHAM AND SOLIHULL",3854,117421.52,0,0
2022-04-01,D9Y0V,"NHS HAMPSHIRE, SOUTHAMPTON AND ISLE OF WIGHT",4098,137791.1,0,0
2022-04-01,15N,"NHS DEVON",4173,116809.04,0,0
2022-04-01,91Q,"NHS KENT AND MEDWAY",4739,146926.99,0,0
2022-05-01,09W,"NHS MEDWAY",0,0,0,0
2022-05-01,D4U1Y,"NHS FRIMLEY",3,89.85,0,0
2022-05-01,05D,"NHS EAST STAFFORDSHIRE",235,6821.44,0,0
2022-05-01,02Q,"NHS BASSETLAW",236,5813.25,0,0
2022-05-01,00R,"NHS BLACKPOOL",244,6455.03,0,0
2022-05-01,03H,"NHS NORTH EAST LINCOLNSHIRE",280,6849.81,0,0
2022-05-01,07G,"NHS THURROCK",286,8561.83,0,0
2022-05-01,00Q,"NHS BLACKBURN WITH DARWEN",289,7667.7,0,0
2022-05-01,00N,"NHS SOUTH TYNESIDE",293,9372.31,0,0
2022-05-01,02M,"NHS FYLDE AND WYRE",293,8048.82,0,0
2022-05-01,01F,"NHS HALTON",308,8631.82,0,0
2022-05-01,01J,"NHS KNOWSLEY",322,8490.97,0,0
2022-05-01,02T,"NHS CALDERDALE",327,11255,0,0
2022-05-01,04C,"NHS LEICESTER CITY",365,9077.35,0,0
2022-05-01,00X,"NHS CHORLEY AND SOUTH RIBBLE",367,10744.06,0,0
2022-05-01,03K,"NHS NORTH LINCOLNSHIRE",399,9901.77,0,0
2022-05-01,01V,"NHS SOUTHPORT AND FORMBY",410,12300.66,0,0
2022-05-01,02P,"NHS BARNSLEY",424,11926.36,0,0
2022-05-01,05V,"NHS STAFFORD AND SURROUNDS",433,12485.95,0,0
2022-05-01,01E,"NHS GREATER PRESTON",437,13974.48,0,0
2022-05-01,03W,"NHS EAST LEICESTERSHIRE AND RUTLAND",450,12495.13,0,0
2022-05-01,99F,"NHS CASTLE POINT AND ROCHFORD",472,15455.69,0,0
2022-05-01,U2G6B,"NHS THAMES VALLEY ICB - U2G6B",476,15738.72,0,0
2022-05-01,99C,"NHS NORTH TYNESIDE",478,16675.99,0,0
2022-05-01,03Q,"NHS VALE OF YORK",486,14521.03,0,0
2022-05-01,01D,"NHS HEYWOOD, MIDDLETON AND ROCHDALE",502,14271.96,0,0
2022-05-01,10R,"NHS PORTSMOUTH",502,16397.75,0,0
2022-05-01,03F,"NHS HULL",513,12865.99,0,0
2022-05-01,00V,"NHS BURY",540,16261.04,0,0
2022-05-01,04Y,"NHS CANNOCK CHASE",550,17159.2,0,0
2022-05-01,03R,"NHS WAKEFIELD",559,15833.11,0,0
2022-05-01,02X,"NHS DONCASTER",573,14837.51,0,0
2022-05-01,01K,"NHS MORECAMBE BAY",576,16298.75,0,0
2022-05-01,M2L0M,"NHS SHROPSHIRE, TELFORD AND WREKIN",579,18854.62,0,0
2022-05-01,99G,"NHS SOUTHEND",588,19936.68,0,0
2022-05-01,05Q,"NHS SOUTH EAST STAFFORDSHIRE AND SEISDON PENINSULA",595,18537.55,0,0
2022-05-01,05G,"NHS NORTH STAFFORDSHIRE",596,17124.62,0,0
2022-05-01,02G,"NHS WEST LANCASHIRE",625,18054.92,0,0
2022-05-01,02E,"NHS WARRINGTON",626,19306.16,0,0
2022-05-01,01X,"NHS ST HELENS",632,18446.64,0,0
2022-05-01,11X,"NHS SOMERSET",636,17676.3,0,0
2022-05-01,12F,"NHS WIRRAL",692,20093.24,0,0
2022-05-01,01T,"NHS SOUTH SEFTON",694,19685.04,0,0
2022-05-01,06L,"NHS IPSWICH AND EAST SUFFOLK",695,17919.64,0,0
2022-05-01,07K,"NHS WEST SUFFOLK",696,17406.98,0,0
2022-05-01,15A,"NHS BERKSHIRE WEST",698,22591.56,0,0
2022-05-01,05W,"NHS STOKE ON TRENT",726,20045.24,0,0
2022-05-01,00T,"NHS BOLTON",734,22121.13,0,0
2022-05-01,01A,"NHS EAST LANCASHIRE",734,18074.9,0,0
2022-05-01,01H,"NHS NORTH CUMBRIA",736,20254.16,0,0
2022-05-01,02A,"NHS TRAFFORD",751,24604.31,0,0
2022-05-01,99E,"NHS BASILDON AND BRENTWOOD",758,25250.51,0,0
2022-05-01,00Y,"NHS OLDHAM",761,21130.43,0,0
2022-05-01,11M,"NHS GLOUCESTERSHIRE",767,23360.38,0,0
2022-05-01,04V,"NHS WEST LEICESTERSHIRE",772,19788.32,0,0
2022-05-01,02Y,"NHS EAST RIDING OF YORKSHIRE",794,21817.37,0,0
2022-05-01,10Q,"NHS OXFORDSHIRE",796,23523.74,0,0
2022-05-01,06N,"NHS HERTS VALLEYS",833,28645.44,0,0
2022-05-01,01W,"NHS STOCKPORT",855,25065.28,0,0
2022-05-01,X2C4Y,"NHS KIRKLEES",883,32352.21,0,0
2022-05-01,01G,"NHS SALFORD",916,25896.4,0,0
2022-05-01,09D,"NHS BRIGHTON AND HOVE",938,32980.93,0,0
2022-05-01,07H,"NHS WEST ESSEX",951,25639.32,0,0
2022-05-01,01Y,"NHS TAMESIDE AND GLOSSOP",1027,29934.34,0,0
2022-05-01,00L,"NHS NORTHUMBERLAND",1059,32019.46,0,0
2022-05-01,14L,"NHS MANCHESTER",1146,31494.29,0,0
2022-05-01,78H,"NHS NORTHAMPTONSHIRE",1205,29541.7,0,0
2022-05-01,84H,"NHS COUNTY DURHAM",1213,35944.16,0,0
2022-05-01,99A,"NHS LIVERPOOL",1217,35862.37,0,0
2022-05-01,03L,"NHS ROTHERHAM",1234,32617.82,0,0
2022-05-01,11N,"NHS CORNWALL AND THE ISLES OF SCILLY",1269,33795.45,0,0
2022-05-01,06Q,"NHS MID ESSEX",1272,32083.78,0,0
2022-05-01,42D,"NHS NORTH YORKSHIRE",1283,36777.19,0,0
2022-05-01,00P,"NHS SUNDERLAND",1295,40679.08,0,0
2022-05-01,02H,"NHS WIGAN BOROUGH",1338,41093.68,0,0
2022-05-01,27D,"NHS CHESHIRE",1338,41196.85,0,0
2022-05-01,14Y,"NHS BUCKINGHAMSHIRE",1417,38540.03,0,0
2022-05-01,15M,"NHS DERBY AND DERBYSHIRE",1425,44617.13,0,0
2022-05-01,15C,"NHS BRISTOL, NORTH SOMERSET AND SOUTH GLOUCESTERSHIRE",1562,54359.48,0,0
2022-05-01,06T,"NHS NORTH EAST ESSEX",1660,40881.08,0,0
2022-05-01,72Q,"NHS SOUTH EAST LONDON",1675,59809.26,0,0
2022-05-01,13T,"NHS NEWCASTLE GATESHEAD",1742,56625.55,0,0
2022-05-01,06K,"NHS EAST AND NORTH HERTFORDSHIRE",1802,50250.38,0,0
2022-05-01,71E,"NHS LINCOLNSHIRE",1811,48386.6,0,0
2022-05-01,15F,"NHS LEEDS",1836,58759.26,0,0
2022-05-01,18C,"NHS HEREFORDSHIRE AND WORCESTERSHIRE",1839,58558.49,0,0
2022-05-01,52R,"NHS NOTTINGHAM AND NOTTINGHAMSHIRE",1849,50613.25,0,0
2022-05-01,36J,"NHS BRADFORD DISTRICT AND CRAVEN",1890,52931.8,0,0
2022-05-01,03N,"NHS SHEFFIELD",1893,51531.57,0,0
2022-05-01,93C,"NHS NORTH CENTRAL LONDON",1912,68589.09,0,0
2022-05-01,B2M3M,"NHS COVENTRY AND WARWICKSHIRE",1929,54749.22,0,0
2022-05-01,06H,"NHS CAMBRIDGESHIRE AND PETERBOROUGH",2099,54507.34,0,0
2022-05-01,97R,"NHS EAST SUSSEX",2364,77265.99,0,0
2022-05-01,92G,"NHS BATH AND NORTH EAST SOMERSET, SWINDON AND WILTSHIRE",2411,68951.26,0,0
2022-05-01,36L,"NHS SOUTH WEST LONDON",2427,85267.75,0,0
2022-05-01,M1J4Y,"NHS BEDFORDSHIRE, LUTON AND MILTON KEYNES",2429,71544.55,0,0
2022-05-01,11J,"NHS DORSET",2444,69309.49,0,0
2022-05-01,16C,"NHS TEES VALLEY",2887,83899.27,0,0
2022-05-01,W2U3Z,"NHS NORTH WEST LONDON",2893,106753.74,0,0
2022-05-01,26A,"NHS NORFOLK AND WAVENEY",3169,88504.14,0,0
2022-05-01,D2P2L,"NHS BLACK COUNTRY",3190,99419.5,0,0
2022-05-01,A3A8R,"NHS NORTH EAST LONDON",3208,111996.07,0,0
2022-05-01,92A,"NHS SURREY HEARTLANDS",3821,135156.31,0,0
2022-05-01,70F,"NHS WEST SUSSEX",4016,135225.2,0,0
2022-05-01,15E,"NHS BIRMINGHAM AND SOLIHULL",4069,123640.35,0,0
2022-05-01,D9Y0V,"NHS HAMPSHIRE, SOUTHAMPTON AND ISLE OF WIGHT",4198,142476.54,0,0
2022-05-01,15N,"NHS DEVON",4341,121368.19,0,0
2022-05-01,91Q,"NHS KENT AND MEDWAY",4813,148700.59,0,0
2022-06-01,09W,"NHS MEDWAY",0,0,0,0
2022-06-01,D4U1Y,"NHS FRIMLEY",1,16.35,0,0
2022-06-01,00R,"NHS BLACKPOOL",204,5291.26,0,0
2022-06-01,05D,"NHS EAST STAFFORDSHIRE",240,6648.57,0,0
2022-06-01,02M,"NHS FYLDE AND WYRE",243,6922.67,0,0
2022-06-01,03H,"NHS NORTH EAST LINCOLNSHIRE",245,5995.29,0,0
2022-06-01,02Q,"NHS BASSETLAW",253,6186.69,0,0
2022-06-01,07G,"NHS THURROCK",267,8196.4,0,0
2022-06-01,01F,"NHS HALTON",284,8010.38,0,0
2022-06-01,00Q,"NHS BLACKBURN WITH DARWEN",286,7517.85,0,0
2022-06-01,00N,"NHS SOUTH TYNESIDE",304,9925.86,0,0
2022-06-01,01J,"NHS KNOWSLEY",318,8422.98,0,0
2022-06-01,02T,"NHS CALDERDALE",331,11138.11,0,0
2022-06-01,00X,"NHS CHORLEY AND SOUTH RIBBLE",332,9969.66,0,0
2022-06-01,04C,"NHS LEICESTER CITY",373,9072.33,0,0
2022-06-01,01V,"NHS SOUTHPORT AND FORMBY",374,11191.29,0,0
2022-06-01,02P,"NHS BARNSLEY",387,10744.96,0,0
2022-06-01,01E,"NHS GREATER PRESTON",388,12177.9,0,0
2022-06-01,03K,"NHS NORTH LINCOLNSHIRE",388,9631.25,0,0
2022-06-01,03W,"NHS EAST LEICESTERSHIRE AND RUTLAND",409,11000.68,0,0
2022-06-01,05V,"NHS STAFFORD AND SURROUNDS",413,12306.32,0,0
2022-06-01,10R,"NHS PORTSMOUTH",418,13562.88,0,0
2022-06-01,99C,"NHS NORTH TYNESIDE",422,14631.99,0,0
2022-06-01,03Q,"NHS VALE OF YORK",429,13183.94,0,0
2022-06-01,99F,"NHS CASTLE POINT AND ROCHFORD",451,15096.13,0,0
2022-06-01,U2G6B,"NHS THAMES VALLEY ICB - U2G6B",457,15419.23,0,0
2022-06-01,01D,"NHS HEYWOOD, MIDDLETON AND ROCHDALE",470,13459.36,0,0
2022-06-01,03F,"NHS HULL",506,12842.31,0,0
2022-06-01,00V,"NHS BURY",518,15687.68,0,0
2022-06-01,M2L0M,"NHS SHROPSHIRE, TELFORD AND WREKIN",528,17880.09,0,0
2022-06-01,04Y,"NHS CANNOCK CHASE",541,16958.51,0,0
2022-06-01,01K,"NHS MORECAMBE BAY",549,14665.78,0,0
2022-06-01,99G,"NHS SOUTHEND",549,18480.17,0,0
2022-06-01,02X,"NHS DONCASTER",559,14399.21,0,0
2022-06-01,02G,"NHS WEST LANCASHIRE",574,17164.52,0,0
2022-06-01,05Q,"NHS SOUTH EAST STAFFORDSHIRE AND SEISDON PENINSULA",593,18633.4,0,0
2022-06-01,05G,"NHS NORTH STAFFORDSHIRE",597,17371.2,0,0
2022-06-01,02E,"NHS WARRINGTON",604,17877.51,0,0
2022-06-01,03R,"NHS WAKEFIELD",610,16901.78,0,0
2022-06-01,01X,"NHS ST HELENS",644,18782.7,0,0
2022-06-01,01T,"NHS SOUTH SEFTON",661,18270.76,0,0
2022-06-01,12F,"NHS WIRRAL",664,19507.94,0,0
2022-06-01,11X,"NHS SOMERSET",674,18429.29,0,0
2022-06-01,07K,"NHS WEST SUFFOLK",682,16952.49,0,0
2022-06-01,06L,"NHS IPSWICH AND EAST SUFFOLK",689,17242.13,0,0
2022-06-01,00T,"NHS BOLTON",693,20479.62,0,0
2022-06-01,01H,"NHS NORTH CUMBRIA",703,18994.1,0,0
2022-06-01,15A,"NHS BERKSHIRE WEST",706,22971.32,0,0
2022-06-01,02A,"NHS TRAFFORD",715,23184.25,0,0
2022-06-01,01A,"NHS EAST LANCASHIRE",718,17418.01,0,0
2022-06-01,11M,"NHS GLOUCESTERSHIRE",719,21029.01,0,0
2022-06-01,04V,"NHS WEST LEICESTERSHIRE",760,19584.28,0,0
2022-06-01,02Y,"NHS EAST RIDING OF YORKSHIRE",778,20916.87,0,0
2022-06-01,00Y,"NHS OLDHAM",781,21692.38,0,0
2022-06-01,05W,"NHS STOKE ON TRENT",787,21488.01,0,0
2022-06-01,01W,"NHS STOCKPORT",789,23257.64,0,0
2022-06-01,99E,"NHS BASILDON AND BRENTWOOD",789,26509.44,0,0
2022-06-01,10Q,"NHS OXFORDSHIRE",800,23818.26,0,0
2022-06-01,06N,"NHS HERTS VALLEYS",811,28470.35,0,0
2022-06-01,07H,"NHS WEST ESSEX",884,23412.51,0,0
2022-06-01,01G,"NHS SALFORD",905,25945.57,0,0
2022-06-01,X2C4Y,"NHS KIRKLEES",908,32502.62,0,0
2022-06-01,01Y,"NHS TAMESIDE AND GLOSSOP",909,25953.54,0,0
2022-06-01,09D,"NHS BRIGHTON AND HOVE",958,32234.48,0,0
2022-06-01,00L,"NHS NORTHUMBERLAND",968,29062.63,0,0
2022-06-01,78H,"NHS NORTHAMPTONSHIRE",1105,27112.93,0,0
2022-06-01,84H,"NHS COUNTY DURHAM",1136,32429.14,0,0
2022-06-01,14L,"NHS MANCHESTER",1166,31360.53,0,0
2022-06-01,99A,"NHS LIVERPOOL",1192,34866.15,0,0
2022-06-01,03L,"NHS ROTHERHAM",1200,31376.13,0,0
2022-06-01,11N,"NHS CORNWALL AND THE ISLES OF SCILLY",1204,32010.72,0,0
2022-06-01,00P,"NHS SUNDERLAND",1213,38341.46,0,0
2022-06-01,06Q,"NHS MID ESSEX",1223,31247.36,0,0
2022-06-01,27D,"NHS CHESHIRE",1240,37919.65,0,0
2022-06-01,42D,"NHS NORTH YORKSHIRE",1299,37150.45,0,0
2022-06-01,14Y,"NHS BUCKINGHAMSHIRE",1350,36618.57,0,0
2022-06-01,15M,"NHS DERBY AND DERBYSHIRE",1359,42332,0,0
2022-06-01,02H,"NHS WIGAN BOROUGH",1367,41153.49,0,0
2022-06-01,15C,"NHS BRISTOL, NORTH SOMERSET AND SOUTH GLOUCESTERSHIRE",1481,52416.21,0,0
2022-06-01,72Q,"NHS SOUTH EAST LONDON",1643,59090.23,0,0
2022-06-01,06T,"NHS NORTH EAST ESSEX",1747,42941.69,0,0
2022-06-01,06K,"NHS EAST AND NORTH HERTFORDSHIRE",1757,49020.8,0,0
2022-06-01,18C,"NHS HEREFORDSHIRE AND WORCESTERSHIRE",1760,56542.77,0,0
2022-06-01,13T,"NHS NEWCASTLE GATESHEAD",1766,57679.86,0,0
2022-06-01,71E,"NHS LINCOLNSHIRE",1789,47050.79,0,0
2022-06-01,03N,"NHS SHEFFIELD",1800,48288.33,0,0
2022-06-01,52R,"NHS NOTTINGHAM AND NOTTINGHAMSHIRE",1821,49646.77,0,0
2022-06-01,36J,"NHS BRADFORD DISTRICT AND CRAVEN",1836,52251.79,0,0
2022-06-01,15F,"NHS LEEDS",1888,60699.34,0,0
2022-06-01,93C,"NHS NORTH CENTRAL LONDON",1905,69269.3,0,0
2022-06-01,B2M3M,"NHS COVENTRY AND WARWICKSHIRE",1954,54840.47,0,0
2022-06-01,06H,"NHS CAMBRIDGESHIRE AND PETERBOROUGH",2048,52297.03,0,0
2022-06-01,97R,"NHS EAST SUSSEX",2226,72101.02,0,0
2022-06-01,M1J4Y,"NHS BEDFORDSHIRE, LUTON AND MILTON KEYNES",2293,66746.12,0,0
2022-06-01,92G,"NHS BATH AND NORTH EAST SOMERSET, SWINDON AND WILTSHIRE",2319,67115.85,0,0
2022-06-01,11J,"NHS DORSET",2354,65843.62,0,0
2022-06-01,36L,"NHS SOUTH WEST LONDON",2403,82977.32,0,0
2022-06-01,16C,"NHS TEES VALLEY",2660,77039.51,0,0
2022-06-01,W2U3Z,"NHS NORTH WEST LONDON",2880,106362.86,0,0
2022-06-01,A3A8R,"NHS NORTH EAST LONDON",3027,106276.69,0,0
2022-06-01,D2P2L,"NHS BLACK COUNTRY",3037,96121.01,0,0
2022-06-01,26A,"NHS NORFOLK AND WAVENEY",3151,87488.1,0,0
2022-06-01,92A,"NHS SURREY HEARTLANDS",3612,128149.2,0,0
2022-06-01,70F,"NHS WEST SUSSEX",3816,129217.79,0,0
2022-06-01,15E,"NHS BIRMINGHAM AND SOLIHULL",3949,120182.79,0,0
2022-06-01,D9Y0V,"NHS HAMPSHIRE, SOUTHAMPTON AND ISLE OF WIGHT",3993,134911.76,0,0
2022-06-01,15N,"NHS DEVON",4051,113373.07,0,0
2022-06-01,91Q,"NHS KENT AND MEDWAY",4755,146972.33,0,0
2022-07-01,09W,"NHS MEDWAY",0,0,0,0
2022-07-01,D4U1Y,"NHS FRIMLEY",1,16.34,0,0
2022-07-01,05D,"NHS EAST STAFFORDSHIRE",235,6803.2,0,0
2022-07-01,02Q,"NHS BASSETLAW",244,5984.98,0,0
2022-07-01,00R,"NHS BLACKPOOL",245,6580.07,0,0
2022-07-01,03H,"NHS NORTH EAST LINCOLNSHIRE",249,6256.85,0,0
2022-07-01,00N,"NHS SOUTH TYNESIDE",276,8944.02,0,0
2022-07-01,02M,"NHS FYLDE AND WYRE",277,7598.19,0,0
2022-07-01,07G,"NHS THURROCK",284,8488.89,0,0
2022-07-01,00Q,"NHS BLACKBURN WITH DARWEN",300,7816.25,0,0
2022-07-01,01F,"NHS HALTON",300,8575.75,0,0
2022-07-01,01J,"NHS KNOWSLEY",304,8168.56,0,0
2022-07-01,00X,"NHS CHORLEY AND SOUTH RIBBLE",361,10875.46,0,0
2022-07-01,01V,"NHS SOUTHPORT AND FORMBY",375,11383.17,0,0
2022-07-01,02T,"NHS CALDERDALE",376,12343.67,0,0
2022-07-01,02P,"NHS BARNSLEY",385,10941.06,0,0
2022-07-01,01E,"NHS GREATER PRESTON",392,12277.11,0,0
2022-07-01,04C,"NHS LEICESTER CITY",399,9877.05,0,0
2022-07-01,03K,"NHS NORTH LINCOLNSHIRE",409,10169.64,0,0
2022-07-01,05V,"NHS STAFFORD AND SURROUNDS",414,11895.23,0,0
2022-07-01,03W,"NHS EAST LEICESTERSHIRE AND RUTLAND",423,11658.28,0,0
2022-07-01,03Q,"NHS VALE OF YORK",444,13435.89,0,0
2022-07-01,99C,"NHS NORTH TYNESIDE",448,15916.22,0,0
2022-07-01,99F,"NHS CASTLE POINT AND ROCHFORD",455,15170.69,0,0
2022-07-01,U2G6B,"NHS THAMES VALLEY ICB - U2G6B",467,15899.82,0,0
2022-07-01,01D,"NHS HEYWOOD, MIDDLETON AND ROCHDALE",480,14005.86,0,0
2022-07-01,10R,"NHS PORTSMOUTH",486,16403.77,0,0
2022-07-01,00V,"NHS BURY",491,14748.2,0,0
2022-07-01,04Y,"NHS CANNOCK CHASE",503,15476.88,0,0
2022-07-01,03F,"NHS HULL",527,13225.14,0,0
2022-07-01,02X,"NHS DONCASTER",537,14001.19,0,0
2022-07-01,01K,"NHS MORECAMBE BAY",545,14649.23,0,0
2022-07-01,99G,"NHS SOUTHEND",569,18920.78,0,0
2022-07-01,03R,"NHS WAKEFIELD",583,16750.04,0,0
2022-07-01,M2L0M,"NHS SHROPSHIRE, TELFORD AND WREKIN",597,19598.07,0,0
2022-07-01,02G,"NHS WEST LANCASHIRE",598,17683.91,0,0
2022-07-01,05G,"NHS NORTH STAFFORDSHIRE",599,17041.1,0,0
2022-07-01,02E,"NHS WARRINGTON",621,18531.13,0,0
2022-07-01,01T,"NHS SOUTH SEFTON",631,17639.02,0,0
2022-07-01,12F,"NHS WIRRAL",634,18405.12,0,0
2022-07-01,05Q,"NHS SOUTH EAST STAFFORDSHIRE AND SEISDON PENINSULA",648,19274.45,0,0
2022-07-01,11X,"NHS SOMERSET",656,18384.4,0,0
2022-07-01,01X,"NHS ST HELENS",662,19306.6,0,0
2022-07-01,15A,"NHS BERKSHIRE WEST",664,21292.06,0,0
2022-07-01,01H,"NHS NORTH CUMBRIA",674,18157.26,0,0
2022-07-01,07K,"NHS WEST SUFFOLK",683,17373.56,0,0
2022-07-01,06L,"NHS IPSWICH AND EAST SUFFOLK",694,17649.31,0,0
2022-07-01,00Y,"NHS OLDHAM",700,19008.82,0,0
2022-07-01,02A,"NHS TRAFFORD",714,23219.83,0,0
2022-07-01,99E,"NHS BASILDON AND BRENTWOOD",719,23880.4,0,0
2022-07-01,01A,"NHS EAST LANCASHIRE",725,17747.83,0,0
2022-07-01,11M,"NHS GLOUCESTERSHIRE",726,21694.82,0,0
2022-07-01,00T,"NHS BOLTON",746,22301.39,0,0
2022-07-01,02Y,"NHS EAST RIDING OF YORKSHIRE",754,20427.4,0,0
2022-07-01,05W,"NHS STOKE ON TRENT",769,21200.46,0,0
2022-07-01,04V,"NHS WEST LEICESTERSHIRE",777,19983.19,0,0
2022-07-01,06N,"NHS HERTS VALLEYS",793,28267.07,0,0
2022-07-01,10Q,"NHS OXFORDSHIRE",798,24066.04,0,0
2022-07-01,01W,"NHS STOCKPORT",831,24572.18,0,0
2022-07-01,01G,"NHS SALFORD",876,25240.18,0,0
2022-07-01,X2C4Y,"NHS KIRKLEES",901,32760.6,0,0
2022-07-01,07H,"NHS WEST ESSEX",924,24403.9,0,0
2022-07-01,09D,"NHS BRIGHTON AND HOVE",962,33214.01,0,0
2022-07-01,00L,"NHS NORTHUMBERLAND",979,28973.83,0,0
2022-07-01,01Y,"NHS TAMESIDE AND GLOSSOP",990,28989.69,0,0
2022-07-01,03L,"NHS ROTHERHAM",1117,29425.14,0,0
2022-07-01,14L,"NHS MANCHESTER",1147,31072.77,0,0
2022-07-01,78H,"NHS NORTHAMPTONSHIRE",1156,27634.97,0,0
2022-07-01,84H,"NHS COUNTY DURHAM",1174,34637.02,0,0
2022-07-01,99A,"NHS LIVERPOOL",1179,34616.61,0,0
2022-07-01,06Q,"NHS MID ESSEX",1202,30463.35,0,0
2022-07-01,00P,"NHS SUNDERLAND",1204,37911,0,0
2022-07-01,42D,"NHS NORTH YORKSHIRE",1235,35162.98,0,0
2022-07-01,02H,"NHS WIGAN BOROUGH",1297,39333.1,0,0
2022-07-01,11N,"NHS CORNWALL AND THE ISLES OF SCILLY",1307,34115.63,0,0
2022-07-01,27D,"NHS CHESHIRE",1316,40416.41,0,0
2022-07-01,14Y,"NHS BUCKINGHAMSHIRE",1359,36705.26,0,0
2022-07-01,15M,"NHS DERBY AND DERBYSHIRE",1401,44307.25,0,0
2022-07-01,15C,"NHS BRISTOL, NORTH SOMERSET AND SOUTH GLOUCESTERSHIRE",1485,51435.44,0,0
2022-07-01,72Q,"NHS SOUTH EAST LONDON",1649,58638.75,0,0
2022-07-01,13T,"NHS NEWCASTLE GATESHEAD",1658,53762.35,0,0
2022-07-01,06T,"NHS NORTH EAST ESSEX",1667,40905.63,0,0
2022-07-01,06K,"NHS EAST AND NORTH HERTFORDSHIRE",1714,47703.7,0,0
2022-07-01,52R,"NHS NOTTINGHAM AND NOTTINGHAMSHIRE",1773,48431,0,0
2022-07-01,71E,"NHS LINCOLNSHIRE",1776,47376.37,0,0
2022-07-01,36J,"NHS BRADFORD DISTRICT AND CRAVEN",1789,50560.15,0,0
2022-07-01,18C,"NHS HEREFORDSHIRE AND WORCESTERSHIRE",1817,58522.47,0,0
2022-07-01,15F,"NHS LEEDS",1843,58117.55,0,0
2022-07-01,03N,"NHS SHEFFIELD",1858,49971.87,0,0
2022-07-01,B2M3M,"NHS COVENTRY AND WARWICKSHIRE",1882,52955.32,0,0
2022-07-01,93C,"NHS NORTH CENTRAL LONDON",1889,66437.07,0,0
2022-07-01,06H,"NHS CAMBRIDGESHIRE AND PETERBOROUGH",2038,52274.74,0,0
2022-07-01,97R,"NHS EAST SUSSEX",2269,74491.98,0,0
2022-07-01,92G,"NHS BATH AND NORTH EAST SOMERSET, SWINDON AND WILTSHIRE",2278,64411.75,0,0
2022-07-01,11J,"NHS DORSET",2319,66114.29,0,0
2022-07-01,M1J4Y,"NHS BEDFORDSHIRE, LUTON AND MILTON KEYNES",2328,67714.08,0,0
2022-07-01,36L,"NHS SOUTH WEST LONDON",2339,82539.82,0,0
2022-07-01,16C,"NHS TEES VALLEY",2654,77476.35,0,0
2022-07-01,W2U3Z,"NHS NORTH WEST LONDON",2850,104322.2,0,0
2022-07-01,D2P2L,"NHS BLACK COUNTRY",2944,91515.77,0,0
2022-07-01,A3A8R,"NHS NORTH EAST LONDON",2996,104875.02,0,0
2022-07-01,26A,"NHS NORFOLK AND WAVENEY",3035,84751.6,0,0
2022-07-01,92A,"NHS SURREY HEARTLANDS",3523,125675.53,0,0
2022-07-01,70F,"NHS WEST SUSSEX",3747,127770.07,0,0
2022-07-01,15E,"NHS BIRMINGHAM AND SOLIHULL",3839,117676.75,0,0
2022-07-01,D9Y0V,"NHS HAMPSHIRE, SOUTHAMPTON AND ISLE OF WIGHT",3963,133210.66,0,0
2022-07-01,15N,"NHS DEVON",4208,118666.87,0,0
2022-07-01,91Q,"NHS KENT AND MEDWAY",4606,140552.65,0,0
2022-08-01,09W,"NHS MEDWAY",0,0,0,0
2022-08-01,D4U1Y,"NHS FRIMLEY",2,38.26,0,0
2022-08-01,05D,"NHS EAST STAFFORDSHIRE",235,7033.15,0,0
2022-08-01,00R,"NHS BLACKPOOL",246,6578.14,0,0
2022-08-01,03H,"NHS NORTH EAST LINCOLNSHIRE",248,5851.56,0,0
2022-08-01,01F,"NHS HALTON",267,7575.06,0,0
2022-08-01,02Q,"NHS BASSETLAW",269,6737.09,0,0
2022-08-01,00N,"NHS SOUTH TYNESIDE",277,8935.37,0,0
2022-08-01,02M,"NHS FYLDE AND WYRE",281,7788.27,0,0
2022-08-01,07G,"NHS THURROCK",285,8450.54,0,0
2022-08-01,00Q,"NHS BLACKBURN WITH DARWEN",312,8390.04,0,0
2022-08-01,01J,"NHS KNOWSLEY",317,8480.73,0,0
2022-08-01,01V,"NHS SOUTHPORT AND FORMBY",353,10335.69,0,0
2022-08-01,00X,"NHS CHORLEY AND SOUTH RIBBLE",354,10899.21,0,0
2022-08-01,04C,"NHS LEICESTER CITY",362,9001.61,0,0
2022-08-01,02T,"NHS CALDERDALE",387,12630.23,0,0
2022-08-01,01E,"NHS GREATER PRESTON",394,12492.04,0,0
2022-08-01,03K,"NHS NORTH LINCOLNSHIRE",399,10128.26,0,0
2022-08-01,02P,"NHS BARNSLEY",408,11499.64,0,0
2022-08-01,03W,"NHS EAST LEICESTERSHIRE AND RUTLAND",420,11085.64,0,0
2022-08-01,99C,"NHS NORTH TYNESIDE",422,15291.73,0,0
2022-08-01,05V,"NHS STAFFORD AND SURROUNDS",424,12397.65,0,0
2022-08-01,U2G6B,"NHS THAMES VALLEY ICB - U2G6B",439,14916.61,0,0
2022-08-01,99F,"NHS CASTLE POINT AND ROCHFORD",440,14740.19,0,0
2022-08-01,03Q,"NHS VALE OF YORK",458,14219.9,0,0
2022-08-01,00V,"NHS BURY",459,14206.04,0,0
2022-08-01,10R,"NHS PORTSMOUTH",467,15368.65,0,0
2022-08-01,01D,"NHS HEYWOOD, MIDDLETON AND ROCHDALE",471,13433.02,0,0
2022-08-01,03F,"NHS HULL",506,13092.06,0,0
2022-08-01,04Y,"NHS CANNOCK CHASE",519,15859.59,0,0
2022-08-01,99G,"NHS SOUTHEND",540,17828.58,0,0
2022-08-01,M2L0M,"NHS SHROPSHIRE, TELFORD AND WREKIN",544,18121.45,0,0
2022-08-01,01K,"NHS MORECAMBE BAY",555,15493.26,0,0
2022-08-01,02X,"NHS DONCASTER",561,14704.88,0,0
2022-08-01,05G,"NHS NORTH STAFFORDSHIRE",562,16550.91,0,0
2022-08-01,02G,"NHS WEST LANCASHIRE",570,16729.25,0,0
2022-08-01,03R,"NHS WAKEFIELD",585,16599.62,0,0
2022-08-01,01T,"NHS SOUTH SEFTON",590,16444.13,0,0
2022-08-01,05Q,"NHS SOUTH EAST STAFFORDSHIRE AND SEISDON PENINSULA",605,18922.79,0,0
2022-08-01,02E,"NHS WARRINGTON",610,18436.07,0,0
2022-08-01,12F,"NHS WIRRAL",651,19344.95,0,0
2022-08-01,01X,"NHS ST HELENS",659,18876.89,0,0
2022-08-01,06L,"NHS IPSWICH AND EAST SUFFOLK",661,16905.25,0,0
2022-08-01,11X,"NHS SOMERSET",675,18262.39,0,0
2022-08-01,01H,"NHS NORTH CUMBRIA",683,18909.75,0,0
2022-08-01,15A,"NHS BERKSHIRE WEST",687,21824.85,0,0
2022-08-01,07K,"NHS WEST SUFFOLK",688,17536.65,0,0
2022-08-01,00T,"NHS BOLTON",718,20902.25,0,0
2022-08-01,06N,"NHS HERTS VALLEYS",719,25492.65,0,0
2022-08-01,01A,"NHS EAST LANCASHIRE",730,17793.79,0,0
2022-08-01,99E,"NHS BASILDON AND BRENTWOOD",735,24962.45,0,0
2022-08-01,02A,"NHS TRAFFORD",738,23476.69,0,0
2022-08-01,04V,"NHS WEST LEICESTERSHIRE",741,19428.32,0,0
2022-08-01,05W,"NHS STOKE ON TRENT",741,20649.91,0,0
2022-08-01,11M,"NHS GLOUCESTERSHIRE",750,22188.75,0,0
2022-08-01,00Y,"NHS OLDHAM",757,20806.05,0,0
2022-08-01,02Y,"NHS EAST RIDING OF YORKSHIRE",785,21125.63,0,0
2022-08-01,01W,"NHS STOCKPORT",795,23642.7,0,0
2022-08-01,10Q,"NHS OXFORDSHIRE",799,23941.56,0,0
2022-08-01,01G,"NHS SALFORD",844,24015.49,0,0
2022-08-01,09D,"NHS BRIGHTON AND HOVE",871,30129.37,0,0
2022-08-01,X2C4Y,"NHS KIRKLEES",941,33330.86,0,0
2022-08-01,01Y,"NHS TAMESIDE AND GLOSSOP",948,27399.14,0,0
2022-08-01,07H,"NHS WEST ESSEX",958,25209.15,0,0
2022-08-01,00L,"NHS NORTHUMBERLAND",975,29210.26,0,0
2022-08-01,78H,"NHS NORTHAMPTONSHIRE",1137,27882.72,0,0
2022-08-01,00P,"NHS SUNDERLAND",1164,36525.93,0,0
2022-08-01,14L,"NHS MANCHESTER",1167,31319.11,0,0
2022-08-01,84H,"NHS COUNTY DURHAM",1178,34390.51,0,0
2022-08-01,03L,"NHS ROTHERHAM",1184,31401.01,0,0
2022-08-01,06Q,"NHS MID ESSEX",1206,30911.14,0,0
2022-08-01,99A,"NHS LIVERPOOL",1212,35562.5,0,0
2022-08-01,42D,"NHS NORTH YORKSHIRE",1246,35436.02,0,0
2022-08-01,11N,"NHS CORNWALL AND THE ISLES OF SCILLY",1283,33809.57,0,0
2022-08-01,27D,"NHS CHESHIRE",1295,39366.98,0,0
2022-08-01,02H,"NHS WIGAN BOROUGH",1299,39873.13,0,0
2022-08-01,14Y,"NHS BUCKINGHAMSHIRE",1331,36674.72,0,0
2022-08-01,15M,"NHS DERBY AND DERBYSHIRE",1357,42222.59,0,0
2022-08-01,15C,"NHS BRISTOL, NORTH SOMERSET AND SOUTH GLOUCESTERSHIRE",1399,48569.95,0,0
2022-08-01,06T,"NHS NORTH EAST ESSEX",1611,40211.48,0,0
2022-08-01,72Q,"NHS SOUTH EAST LONDON",1618,57379.37,0,0
2022-08-01,13T,"NHS NEWCASTLE GATESHEAD",1625,53167.2,0,0
2022-08-01,06K,"NHS EAST AND NORTH HERTFORDSHIRE",1677,46548.37,0,0
2022-08-01,71E,"NHS LINCOLNSHIRE",1757,46495.81,0,0
2022-08-01,52R,"NHS NOTTINGHAM AND NOTTINGHAMSHIRE",1759,48569.76,0,0
2022-08-01,18C,"NHS HEREFORDSHIRE AND WORCESTERSHIRE",1765,57020.95,0,0
2022-08-01,03N,"NHS SHEFFIELD",1796,48719.97,0,0
2022-08-01,36J,"NHS BRADFORD DISTRICT AND CRAVEN",1800,51585.03,0,0
2022-08-01,93C,"NHS NORTH CENTRAL LONDON",1853,67939.44,0,0
2022-08-01,15F,"NHS LEEDS",1874,60050.6,0,0
2022-08-01,B2M3M,"NHS COVENTRY AND WARWICKSHIRE",1877,53681.96,0,0
2022-08-01,06H,"NHS CAMBRIDGESHIRE AND PETERBOROUGH",1997,52314.89,0,0
2022-08-01,97R,"NHS EAST SUSSEX",2212,71797.58,0,0
2022-08-01,36L,"NHS SOUTH WEST LONDON",2252,79151.97,0,0
2022-08-01,M1J4Y,"NHS BEDFORDSHIRE, LUTON AND MILTON KEYNES",2288,67682.16,0,0
2022-08-01,92G,"NHS BATH AND NORTH EAST SOMERSET, SWINDON AND WILTSHIRE",2330,66686.59,0,0
2022-08-01,11J,"NHS DORSET",2396,67433.43,0,0
2022-08-01,W2U3Z,"NHS NORTH WEST LONDON",2646,97355.27,0,0
2022-08-01,16C,"NHS TEES VALLEY",2715,79707.89,0,0
2022-08-01,26A,"NHS NORFOLK AND WAVENEY",2944,81662.23,0,0
2022-08-01,A3A8R,"NHS NORTH EAST LONDON",3006,105526.62,0,0
2022-08-01,D2P2L,"NHS BLACK COUNTRY",3008,94799.56,0,0
2022-08-01,92A,"NHS SURREY HEARTLANDS",3531,126439.17,0,0
2022-08-01,15E,"NHS BIRMINGHAM AND SOLIHULL",3600,109959.46,0,0
2022-08-01,70F,"NHS WEST SUSSEX",3832,130215.29,0,0
2022-08-01,D9Y0V,"NHS HAMPSHIRE, SOUTHAMPTON AND ISLE OF WIGHT",3938,132700.12,0,0
2022-08-01,15N,"NHS DEVON",4105,115439.88,0,0
2022-08-01,91Q,"NHS KENT AND MEDWAY",4668,144156.11,0,0
2022-09-01,09W,"NHS MEDWAY",0,0,0,0
2022-09-01,D4U1Y,"NHS FRIMLEY",1,31.74,0,0
2022-09-01,05D,"NHS EAST STAFFORDSHIRE",221,6185.73,0,0
2022-09-01,00R,"NHS BLACKPOOL",241,6585.94,0,0
2022-09-01,02M,"NHS FYLDE AND WYRE",253,6913.64,0,0
2022-09-01,02Q,"NHS BASSETLAW",256,6118.56,0,0
2022-09-01,03H,"NHS NORTH EAST LINCOLNSHIRE",271,6734.32,0,0
2022-09-01,00N,"NHS SOUTH TYNESIDE",273,8343.71,0,0
2022-09-01,07G,"NHS THURROCK",277,8173.5,0,0
2022-09-01,01F,"NHS HALTON",286,7960.07,0,0
2022-09-01,00Q,"NHS BLACKBURN WITH DARWEN",316,8485.95,0,0
2022-09-01,01J,"NHS KNOWSLEY",316,8481.17,0,0
2022-09-01,00X,"NHS CHORLEY AND SOUTH RIBBLE",351,10387.26,0,0
2022-09-01,01V,"NHS SOUTHPORT AND FORMBY",371,11063.2,0,0
2022-09-01,01E,"NHS GREATER PRESTON",376,11774.27,0,0
2022-09-01,04C,"NHS LEICESTER CITY",385,9786.15,0,0
2022-09-01,02T,"NHS CALDERDALE",387,12817.97,0,0
2022-09-01,03K,"NHS NORTH LINCOLNSHIRE",390,9431.05,0,0
2022-09-01,05V,"NHS STAFFORD AND SURROUNDS",393,11321.48,0,0
2022-09-01,02P,"NHS BARNSLEY",416,11182.89,0,0
2022-09-01,03Q,"NHS VALE OF YORK",419,12558.42,0,0
2022-09-01,03W,"NHS EAST LEICESTERSHIRE AND RUTLAND",430,11647.22,0,0
2022-09-01,99C,"NHS NORTH TYNESIDE",435,15345.8,0,0
2022-09-01,99F,"NHS CASTLE POINT AND ROCHFORD",446,15031.47,0,0
2022-09-01,U2G6B,"NHS THAMES VALLEY ICB - U2G6B",472,15190.37,0,0
2022-09-01,10R,"NHS PORTSMOUTH",478,15879.11,0,0
2022-09-01,00V,"NHS BURY",487,14482.49,0,0
2022-09-01,03F,"NHS HULL",505,12869.02,0,0
2022-09-01,04Y,"NHS CANNOCK CHASE",513,16110.15,0,0
2022-09-01,01D,"NHS HEYWOOD, MIDDLETON AND ROCHDALE",514,15011.58,0,0
2022-09-01,02X,"NHS DONCASTER",558,14320.3,0,0
2022-09-01,M2L0M,"NHS SHROPSHIRE, TELFORD AND WREKIN",560,17921.79,0,0
2022-09-01,05G,"NHS NORTH STAFFORDSHIRE",563,16081.76,0,0
2022-09-01,02E,"NHS WARRINGTON",574,17253.62,0,0
2022-09-01,05Q,"NHS SOUTH EAST STAFFORDSHIRE AND SEISDON PENINSULA",580,17647.53,0,0
2022-09-01,02G,"NHS WEST LANCASHIRE",585,17222.59,0,0
2022-09-01,01T,"NHS SOUTH SEFTON",586,16446.13,0,0
2022-09-01,03R,"NHS WAKEFIELD",587,16401.68,0,0
2022-09-01,01K,"NHS MORECAMBE BAY",588,16018.7,0,0
2022-09-01,99G,"NHS SOUTHEND",619,20013.45,0,0
2022-09-01,12F,"NHS WIRRAL",656,18968.24,0,0
2022-09-01,11X,"NHS SOMERSET",662,17828.04,0,0
2022-09-01,15A,"NHS BERKSHIRE WEST",666,21048.17,0,0
2022-09-01,07K,"NHS WEST SUFFOLK",671,16777.73,0,0
2022-09-01,01X,"NHS ST HELENS",679,19532.51,0,0
2022-09-01,02A,"NHS TRAFFORD",683,22448.43,0,0
2022-09-01,01H,"NHS NORTH CUMBRIA",694,19051.11,0,0
2022-09-01,06L,"NHS IPSWICH AND EAST SUFFOLK",708,17792.21,0,0
2022-09-01,00T,"NHS BOLTON",714,21107.34,0,0
2022-09-01,99E,"NHS BASILDON AND BRENTWOOD",722,24162.64,0,0
2022-09-01,00Y,"NHS OLDHAM",724,19836.51,0,0
2022-09-01,01A,"NHS EAST LANCASHIRE",735,18188.53,0,0
2022-09-01,05W,"NHS STOKE ON TRENT",745,20021.87,0,0
2022-09-01,11M,"NHS GLOUCESTERSHIRE",752,22073.79,0,0
2022-09-01,04V,"NHS WEST LEICESTERSHIRE",760,19669.71,0,0
2022-09-01,02Y,"NHS EAST RIDING OF YORKSHIRE",792,21424.97,0,0
2022-09-01,10Q,"NHS OXFORDSHIRE",803,24126.62,0,0
2022-09-01,06N,"NHS HERTS VALLEYS",811,29413.48,0,0
2022-09-01,01G,"NHS SALFORD",860,24169.77,0,0
2022-09-01,01W,"NHS STOCKPORT",860,25644.96,0,0
2022-09-01,07H,"NHS WEST ESSEX",901,24094.92,0,0
2022-09-01,09D,"NHS BRIGHTON AND HOVE",917,31447.22,0,0
2022-09-01,X2C4Y,"NHS KIRKLEES",953,35092.07,0,0
2022-09-01,01Y,"NHS TAMESIDE AND GLOSSOP",960,27587.42,0,0
2022-09-01,00L,"NHS NORTHUMBERLAND",1004,29917.15,0,0
2022-09-01,99A,"NHS LIVERPOOL",1110,32480.01,0,0
2022-09-01,78H,"NHS NORTHAMPTONSHIRE",1139,27570.98,0,0
2022-09-01,03L,"NHS ROTHERHAM",1152,30255.79,0,0
2022-09-01,14L,"NHS MANCHESTER",1162,31427.13,0,0
2022-09-01,84H,"NHS COUNTY DURHAM",1166,33645.49,0,0
2022-09-01,00P,"NHS SUNDERLAND",1188,37154.69,0,0
2022-09-01,06Q,"NHS MID ESSEX",1200,30739.31,0,0
2022-09-01,42D,"NHS NORTH YORKSHIRE",1238,36166.82,0,0
2022-09-01,11N,"NHS CORNWALL AND THE ISLES OF SCILLY",1287,34169.76,0,0
2022-09-01,27D,"NHS CHESHIRE",1310,39566.97,0,0
2022-09-01,02H,"NHS WIGAN BOROUGH",1311,39775.57,0,0
2022-09-01,14Y,"NHS BUCKINGHAMSHIRE",1313,36042.56,0,0
2022-09-01,15M,"NHS DERBY AND DERBYSHIRE",1354,42558.92,0,0
2022-09-01,15C,"NHS BRISTOL, NORTH SOMERSET AND SOUTH GLOUCESTERSHIRE",1375,47516.9,0,0
2022-09-01,72Q,"NHS SOUTH EAST LONDON",1621,57516.05,0,0
2022-09-01,03N,"NHS SHEFFIELD",1639,43477.35,0,0
2022-09-01,13T,"NHS NEWCASTLE GATESHEAD",1667,54015.82,0,0
2022-09-01,06T,"NHS NORTH EAST ESSEX",1689,41424.38,0,0
2022-09-01,06K,"NHS EAST AND NORTH HERTFORDSHIRE",1714,46818,0,0
2022-09-01,18C,"NHS HEREFORDSHIRE AND WORCESTERSHIRE",1753,56346.25,0,0
2022-09-01,52R,"NHS NOTTINGHAM AND NOTTINGHAMSHIRE",1775,48209.54,0,0
2022-09-01,71E,"NHS LINCOLNSHIRE",1805,47794.3,0,0
2022-09-01,93C,"NHS NORTH CENTRAL LONDON",1807,64443.23,0,0
2022-09-01,36J,"NHS BRADFORD DISTRICT AND CRAVEN",1813,50457.66,0,0
2022-09-01,15F,"NHS LEEDS",1827,58062.59,0,0
2022-09-01,B2M3M,"NHS COVENTRY AND WARWICKSHIRE",1867,52921.48,0,0
2022-09-01,06H,"NHS CAMBRIDGESHIRE AND PETERBOROUGH",2072,52931.17,0,0
2022-09-01,92G,"NHS BATH AND NORTH EAST SOMERSET, SWINDON AND WILTSHIRE",2240,63656.6,0,0
2022-09-01,M1J4Y,"NHS BEDFORDSHIRE, LUTON AND MILTON KEYNES",2246,64704.2,0,0
2022-09-01,97R,"NHS EAST SUSSEX",2313,75242.62,0,0
2022-09-01,36L,"NHS SOUTH WEST LONDON",2334,81771.5,0,0
2022-09-01,11J,"NHS DORSET",2351,65399.19,0,0
2022-09-01,16C,"NHS TEES VALLEY",2490,71708.99,0,0
2022-09-01,W2U3Z,"NHS NORTH WEST LONDON",2879,105917.54,0,0
2022-09-01,26A,"NHS NORFOLK AND WAVENEY",2905,79791.84,0,0
2022-09-01,D2P2L,"NHS BLACK COUNTRY",2997,93194.82,0,0
2022-09-01,A3A8R,"NHS NORTH EAST LONDON",3157,110968.08,0,0
2022-09-01,92A,"NHS SURREY HEARTLANDS",3554,125969.42,0,0
2022-09-01,70F,"NHS WEST SUSSEX",3734,127246.09,0,0
2022-09-01,15E,"NHS BIRMINGHAM AND SOLIHULL",3802,116026.38,0,0
2022-09-01,D9Y0V,"NHS HAMPSHIRE, SOUTHAMPTON AND ISLE OF WIGHT",3894,131778.98,0,0
2022-09-01,15N,"NHS DEVON",4063,113572.64,0,0
2022-09-01,91Q,"NHS KENT AND MEDWAY",4554,139741.27,0,0
2022-10-01,09W,"NHS MEDWAY",0,0,0,0
2022-10-01,D4U1Y,"NHS FRIMLEY",3,65.62,0,0
2022-10-01,00R,"NHS BLACKPOOL",215,5671.11,0,0
2022-10-01,05D,"NHS EAST STAFFORDSHIRE",220,6389.96,0,0
2022-10-01,02M,"NHS FYLDE AND WYRE",231,6258.86,0,0
2022-10-01,03H,"NHS NORTH EAST LINCOLNSHIRE",231,5629.35,0,0
2022-10-01,02Q,"NHS BASSETLAW",242,6031.61,0,0
2022-10-01,07G,"NHS THURROCK",272,8338.98,0,0
2022-10-01,00N,"NHS SOUTH TYNESIDE",281,9055.56,0,0
2022-10-01,00Q,"NHS BLACKBURN WITH DARWEN",284,7667.68,0,0
2022-10-01,01F,"NHS HALTON",290,8273.77,0,0
2022-10-01,01J,"NHS KNOWSLEY",314,8472.97,0,0
2022-10-01,00X,"NHS CHORLEY AND SOUTH RIBBLE",339,10183.74,0,0
2022-10-01,01V,"NHS SOUTHPORT AND FORMBY",339,10173.61,0,0
2022-10-01,04C,"NHS LEICESTER CITY",359,8680.42,0,0
2022-10-01,01E,"NHS GREATER PRESTON",386,12437.41,0,0
2022-10-01,02P,"NHS BARNSLEY",392,10585.46,0,0
2022-10-01,02T,"NHS CALDERDALE",402,13007.95,0,0
2022-10-01,03K,"NHS NORTH LINCOLNSHIRE",404,10239.19,0,0
2022-10-01,03W,"NHS EAST LEICESTERSHIRE AND RUTLAND",407,10697.86,0,0
2022-10-01,05V,"NHS STAFFORD AND SURROUNDS",407,11634.28,0,0
2022-10-01,99C,"NHS NORTH TYNESIDE",421,15247.86,0,0
2022-10-01,99F,"NHS CASTLE POINT AND ROCHFORD",423,14271.01,0,0
2022-10-01,03Q,"NHS VALE OF YORK",429,12615.86,0,0
2022-10-01,10R,"NHS PORTSMOUTH",434,14271.87,0,0
2022-10-01,U2G6B,"NHS THAMES VALLEY ICB - U2G6B",450,14606.29,0,0
2022-10-01,01D,"NHS HEYWOOD, MIDDLETON AND ROCHDALE",468,13374.37,0,0
2022-10-01,03F,"NHS HULL",472,11756.24,0,0
2022-10-01,00V,"NHS BURY",495,14629.55,0,0
2022-10-01,04Y,"NHS CANNOCK CHASE",495,15868.54,0,0
2022-10-01,01T,"NHS SOUTH SEFTON",507,14045.74,0,0
2022-10-01,02E,"NHS WARRINGTON",545,16397.61,0,0
2022-10-01,02X,"NHS DONCASTER",545,13995.32,0,0
2022-10-01,01K,"NHS MORECAMBE BAY",551,15326.22,0,0
2022-10-01,02G,"NHS WEST LANCASHIRE",561,16674.67,0,0
2022-10-01,03R,"NHS WAKEFIELD",564,15583.14,0,0
2022-10-01,M2L0M,"NHS SHROPSHIRE, TELFORD AND WREKIN",579,19043.13,0,0
2022-10-01,05G,"NHS NORTH STAFFORDSHIRE",582,17033.56,0,0
2022-10-01,99G,"NHS SOUTHEND",596,19624.64,0,0
2022-10-01,05Q,"NHS SOUTH EAST STAFFORDSHIRE AND SEISDON PENINSULA",609,18926.65,0,0
2022-10-01,01X,"NHS ST HELENS",625,18154.93,0,0
2022-10-01,12F,"NHS WIRRAL",632,18891.36,0,0
2022-10-01,07K,"NHS WEST SUFFOLK",662,16425.94,0,0
2022-10-01,06L,"NHS IPSWICH AND EAST SUFFOLK",684,17058.16,0,0
2022-10-01,15A,"NHS BERKSHIRE WEST",684,21678.48,0,0
2022-10-01,01H,"NHS NORTH CUMBRIA",691,18750.49,0,0
2022-10-01,00T,"NHS BOLTON",701,20064.5,0,0
2022-10-01,02A,"NHS TRAFFORD",702,22538.29,0,0
2022-10-01,99E,"NHS BASILDON AND BRENTWOOD",712,24637.54,0,0
2022-10-01,11X,"NHS SOMERSET",720,19561.85,0,0
2022-10-01,05W,"NHS STOKE ON TRENT",723,19376.94,0,0
2022-10-01,04V,"NHS WEST LEICESTERSHIRE",729,18723.56,0,0
2022-10-01,01A,"NHS EAST LANCASHIRE",733,18174.42,0,0
2022-10-01,00Y,"NHS OLDHAM",747,20497.17,0,0
2022-10-01,06N,"NHS HERTS VALLEYS",755,26596.75,0,0
2022-10-01,01W,"NHS STOCKPORT",784,23270.65,0,0
2022-10-01,10Q,"NHS OXFORDSHIRE",787,23441.9,0,0
2022-10-01,02Y,"NHS EAST RIDING OF YORKSHIRE",796,21848.61,0,0
2022-10-01,11M,"NHS GLOUCESTERSHIRE",833,23882.04,0,0
2022-10-01,01G,"NHS SALFORD",857,24010.71,0,0
2022-10-01,07H,"NHS WEST ESSEX",904,23497.72,0,0
2022-10-01,01Y,"NHS TAMESIDE AND GLOSSOP",942,27364.99,0,0
2022-10-01,X2C4Y,"NHS KIRKLEES",951,33918.66,0,0
2022-10-01,00L,"NHS NORTHUMBERLAND",955,28631.44,0,0
2022-10-01,09D,"NHS BRIGHTON AND HOVE",971,33433.24,0,0
2022-10-01,78H,"NHS NORTHAMPTONSHIRE",1114,26459.2,0,0
2022-10-01,84H,"NHS COUNTY DURHAM",1125,33423.42,0,0
2022-10-01,00P,"NHS SUNDERLAND",1128,35446.19,0,0
2022-10-01,14L,"NHS MANCHESTER",1139,30402.98,0,0
2022-10-01,03L,"NHS ROTHERHAM",1141,30142.3,0,0
2022-10-01,99A,"NHS LIVERPOOL",1143,33275.74,0,0
2022-10-01,06Q,"NHS MID ESSEX",1194,30402.36,0,0
2022-10-01,11N,"NHS CORNWALL AND THE ISLES OF SCILLY",1225,31924.55,0,0
2022-10-01,02H,"NHS WIGAN BOROUGH",1245,37969.36,0,0
2022-10-01,42D,"NHS NORTH YORKSHIRE",1257,35557.77,0,0
2022-10-01,27D,"NHS CHESHIRE",1307,39721.98,0,0
2022-10-01,15M,"NHS DERBY AND DERBYSHIRE",1364,43277.23,0,0
2022-10-01,14Y,"NHS BUCKINGHAMSHIRE",1369,37357.81,0,0
2022-10-01,15C,"NHS BRISTOL, NORTH SOMERSET AND SOUTH GLOUCESTERSHIRE",1455,50070.39,0,0
2022-10-01,13T,"NHS NEWCASTLE GATESHEAD",1614,52554.42,0,0
2022-10-01,72Q,"NHS SOUTH EAST LONDON",1615,57022.84,0,0
2022-10-01,06T,"NHS NORTH EAST ESSEX",1663,40985.32,0,0
2022-10-01,52R,"NHS NOTTINGHAM AND NOTTINGHAMSHIRE",1684,46584.43,0,0
2022-10-01,06K,"NHS EAST AND NORTH HERTFORDSHIRE",1693,47756.39,0,0
2022-10-01,03N,"NHS SHEFFIELD",1733,46457.63,0,0
2022-10-01,36J,"NHS BRADFORD DISTRICT AND CRAVEN",1745,49334.23,0,0
2022-10-01,15F,"NHS LEEDS",1780,56637.81,0,0
2022-10-01,18C,"NHS HEREFORDSHIRE AND WORCESTERSHIRE",1782,57159.35,0,0
2022-10-01,71E,"NHS LINCOLNSHIRE",1813,47488.07,0,0
2022-10-01,93C,"NHS NORTH CENTRAL LONDON",1871,68084.37,0,0
2022-10-01,B2M3M,"NHS COVENTRY AND WARWICKSHIRE",1925,54418.09,0,0
2022-10-01,06H,"NHS CAMBRIDGESHIRE AND PETERBOROUGH",1945,50337.43,0,0
2022-10-01,97R,"NHS EAST SUSSEX",2226,71389.12,0,0
2022-10-01,M1J4Y,"NHS BEDFORDSHIRE, LUTON AND MILTON KEYNES",2271,65471.25,0,0
2022-10-01,36L,"NHS SOUTH WEST LONDON",2295,80192.9,0,0
2022-10-01,92G,"NHS BATH AND NORTH EAST SOMERSET, SWINDON AND WILTSHIRE",2303,65466.78,0,0
2022-10-01,11J,"NHS DORSET",2383,68381.31,0,0
2022-10-01,16C,"NHS TEES VALLEY",2523,73781.1,0,0
2022-10-01,26A,"NHS NORFOLK AND WAVENEY",2821,77590.68,0,0
2022-10-01,W2U3Z,"NHS NORTH WEST LONDON",2860,104737.14,0,0
2022-10-01,D2P2L,"NHS BLACK COUNTRY",2908,90917.96,0,0
2022-10-01,A3A8R,"NHS NORTH EAST LONDON",3061,107144.31,0,0
2022-10-01,15E,"NHS BIRMINGHAM AND SOLIHULL",3528,105646.4,0,0
2022-10-01,92A,"NHS SURREY HEARTLANDS",3554,126782.28,0,0
2022-10-01,70F,"NHS WEST SUSSEX",3839,130739.35,0,0
2022-10-01,D9Y0V,"NHS HAMPSHIRE, SOUTHAMPTON AND ISLE OF WIGHT",3899,129700.48,0,0
2022-10-01,15N,"NHS DEVON",4028,112894.62,0,0
2022-10-01,91Q,"NHS KENT AND MEDWAY",4550,138456.96,0,0
2022-11-01,09W,"NHS MEDWAY",0,0,0,0
2022-11-01,D4U1Y,"NHS FRIMLEY",2,38.28,0,0
2022-11-01,05D,"NHS EAST STAFFORDSHIRE",232,6452.57,0,0
2022-11-01,00R,"NHS BLACKPOOL",242,6310.68,0,0
2022-11-01,02M,"NHS FYLDE AND WYRE",260,6854.85,0,0
2022-11-01,02Q,"NHS BASSETLAW",260,6295.39,0,0
2022-11-01,07G,"NHS THURROCK",273,8388.16,0,0
2022-11-01,03H,"NHS NORTH EAST LINCOLNSHIRE",275,6940.25,0,0
2022-11-01,01F,"NHS HALTON",279,8016.94,0,0
2022-11-01,00N,"NHS SOUTH TYNESIDE",280,8609.73,0,0
2022-11-01,01J,"NHS KNOWSLEY",297,7937.42,0,0
2022-11-01,01V,"NHS SOUTHPORT AND FORMBY",325,9488.06,0,0
2022-11-01,00Q,"NHS BLACKBURN WITH DARWEN",337,9032,0,0
2022-11-01,04C,"NHS LEICESTER CITY",359,8793.07,0,0
2022-11-01,02T,"NHS CALDERDALE",360,11454.04,0,0
2022-11-01,00X,"NHS CHORLEY AND SOUTH RIBBLE",363,10753.89,0,0
2022-11-01,02P,"NHS BARNSLEY",386,10409.11,0,0
2022-11-01,05V,"NHS STAFFORD AND SURROUNDS",387,11297.95,0,0
2022-11-01,01E,"NHS GREATER PRESTON",396,12403.02,0,0
2022-11-01,03K,"NHS NORTH LINCOLNSHIRE",400,9988.01,0,0
2022-11-01,03Q,"NHS VALE OF YORK",418,12568.72,0,0
2022-11-01,99C,"NHS NORTH TYNESIDE",422,14764.44,0,0
2022-11-01,03W,"NHS EAST LEICESTERSHIRE AND RUTLAND",431,10964.29,0,0
2022-11-01,U2G6B,"NHS THAMES VALLEY ICB - U2G6B",445,14144.63,0,0
2022-11-01,01D,"NHS HEYWOOD, MIDDLETON AND ROCHDALE",458,13291.53,0,0
2022-11-01,99F,"NHS CASTLE POINT AND ROCHFORD",477,16239.95,0,0
2022-11-01,00V,"NHS BURY",497,14458.07,0,0
2022-11-01,03F,"NHS HULL",514,12989,0,0
2022-11-01,04Y,"NHS CANNOCK CHASE",514,16150.79,0,0
2022-11-01,10R,"NHS PORTSMOUTH",514,17308,0,0
2022-11-01,02X,"NHS DONCASTER",519,13500.4,0,0
2022-11-01,01T,"NHS SOUTH SEFTON",554,15638.66,0,0
2022-11-01,05G,"NHS NORTH STAFFORDSHIRE",558,15868.62,0,0
2022-11-01,M2L0M,"NHS SHROPSHIRE, TELFORD AND WREKIN",567,18015.04,0,0
2022-11-01,02G,"NHS WEST LANCASHIRE",586,17557.3,0,0
2022-11-01,99G,"NHS SOUTHEND",590,18866.55,0,0
2022-11-01,05Q,"NHS SOUTH EAST STAFFORDSHIRE AND SEISDON PENINSULA",593,18097.72,0,0
2022-11-01,02E,"NHS WARRINGTON",594,17743.99,0,0
2022-11-01,03R,"NHS WAKEFIELD",596,16855.38,0,0
2022-11-01,01K,"NHS MORECAMBE BAY",611,16245.14,0,0
2022-11-01,01X,"NHS ST HELENS",625,17976.09,0,0
2022-11-01,15A,"NHS BERKSHIRE WEST",646,20278.13,0,0
2022-11-01,11X,"NHS SOMERSET",662,17552.92,0,0
2022-11-01,12F,"NHS WIRRAL",678,19730.52,0,0
2022-11-01,02A,"NHS TRAFFORD",684,21514.93,0,0
2022-11-01,01H,"NHS NORTH CUMBRIA",688,18735.49,0,0
2022-11-01,07K,"NHS WEST SUFFOLK",697,17409.27,0,0
2022-11-01,99E,"NHS BASILDON AND BRENTWOOD",708,23856.21,0,0
2022-11-01,00T,"NHS BOLTON",721,21664.91,0,0
2022-11-01,06L,"NHS IPSWICH AND EAST SUFFOLK",739,18507.26,0,0
2022-11-01,01A,"NHS EAST LANCASHIRE",742,18120.46,0,0
2022-11-01,02Y,"NHS EAST RIDING OF YORKSHIRE",750,20404.17,0,0
2022-11-01,04V,"NHS WEST LEICESTERSHIRE",758,19234.11,0,0
2022-11-01,00Y,"NHS OLDHAM",772,20704.1,0,0
2022-11-01,05W,"NHS STOKE ON TRENT",776,21109.64,0,0
2022-11-01,06N,"NHS HERTS VALLEYS",787,27811.14,0,0
2022-11-01,11M,"NHS GLOUCESTERSHIRE",791,22656.65,0,0
2022-11-01,10Q,"NHS OXFORDSHIRE",822,24338.55,0,0
2022-11-01,01G,"NHS SALFORD",827,23471.16,0,0
2022-11-01,01W,"NHS STOCKPORT",831,24163.45,0,0
2022-11-01,07H,"NHS WEST ESSEX",897,23855.61,0,0
2022-11-01,X2C4Y,"NHS KIRKLEES",945,34079.98,0,0
2022-11-01,09D,"NHS BRIGHTON AND HOVE",950,32461.31,0,0
2022-11-01,01Y,"NHS TAMESIDE AND GLOSSOP",980,28841.36,0,0
2022-11-01,00L,"NHS NORTHUMBERLAND",985,29236.19,0,0
2022-11-01,03L,"NHS ROTHERHAM",1129,29379.3,0,0
2022-11-01,99A,"NHS LIVERPOOL",1135,32674.53,0,0
2022-11-01,00P,"NHS SUNDERLAND",1149,35926.42,0,0
2022-11-01,84H,"NHS COUNTY DURHAM",1156,33003.36,0,0
2022-11-01,78H,"NHS NORTHAMPTONSHIRE",1176,28657.87,0,0
2022-11-01,14L,"NHS MANCHESTER",1219,32743.23,0,0
2022-11-01,06Q,"NHS MID ESSEX",1222,30907.69,0,0
2022-11-01,42D,"NHS NORTH YORKSHIRE",1232,35106.15,0,0
2022-11-01,27D,"NHS CHESHIRE",1252,37986.75,0,0
2022-11-01,02H,"NHS WIGAN BOROUGH",1286,38985.17,0,0
2022-11-01,14Y,"NHS BUCKINGHAMSHIRE",1289,35137.81,0,0
2022-11-01,11N,"NHS CORNWALL AND THE ISLES OF SCILLY",1307,33945.76,0,0
2022-11-01,15M,"NHS DERBY AND DERBYSHIRE",1334,41042.83,0,0
2022-11-01,15C,"NHS BRISTOL, NORTH SOMERSET AND SOUTH GLOUCESTERSHIRE",1414,49220.96,0,0
2022-11-01,13T,"NHS NEWCASTLE GATESHEAD",1608,52073.01,0,0
2022-11-01,06T,"NHS NORTH EAST ESSEX",1636,39872.04,0,0
2022-11-01,72Q,"NHS SOUTH EAST LONDON",1653,58545.5,0,0
2022-11-01,06K,"NHS EAST AND NORTH HERTFORDSHIRE",1739,48301.68,0,0
2022-11-01,52R,"NHS NOTTINGHAM AND NOTTINGHAMSHIRE",1757,48119.18,0,0
2022-11-01,03N,"NHS SHEFFIELD",1768,47393.51,0,0
2022-11-01,36J,"NHS BRADFORD DISTRICT AND CRAVEN",1817,52170.68,0,0
2022-11-01,18C,"NHS HEREFORDSHIRE AND WORCESTERSHIRE",1819,58965.41,0,0
2022-11-01,71E,"NHS LINCOLNSHIRE",1850,48040.88,0,0
2022-11-01,B2M3M,"NHS COVENTRY AND WARWICKSHIRE",1878,53204.51,0,0
2022-11-01,93C,"NHS NORTH CENTRAL LONDON",1890,68440.47,0,0
2022-11-01,15F,"NHS LEEDS",1900,59278.67,0,0
2022-11-01,06H,"NHS CAMBRIDGESHIRE AND PETERBOROUGH",2024,51470.19,0,0
2022-11-01,97R,"NHS EAST SUSSEX",2282,74031.47,0,0
2022-11-01,11J,"NHS DORSET",2328,65030.46,0,0
2022-11-01,36L,"NHS SOUTH WEST LONDON",2329,81539.44,0,0
2022-11-01,92G,"NHS BATH AND NORTH EAST SOMERSET, SWINDON AND WILTSHIRE",2335,66385.22,0,0
2022-11-01,M1J4Y,"NHS BEDFORDSHIRE, LUTON AND MILTON KEYNES",2342,66992.72,0,0
2022-11-01,16C,"NHS TEES VALLEY",2523,73142.83,0,0
2022-11-01,W2U3Z,"NHS NORTH WEST LONDON",2844,103262.75,0,0
2022-11-01,26A,"NHS NORFOLK AND WAVENEY",2959,81491.65,0,0
2022-11-01,D2P2L,"NHS BLACK COUNTRY",3049,94880.39,0,0
2022-11-01,A3A8R,"NHS NORTH EAST LONDON",3058,107255.58,0,0
2022-11-01,92A,"NHS SURREY HEARTLANDS",3509,124579.32,0,0
2022-11-01,15E,"NHS BIRMINGHAM AND SOLIHULL",3675,111096.57,0,0
2022-11-01,70F,"NHS WEST SUSSEX",3840,129788.71,0,0
2022-11-01,D9Y0V,"NHS HAMPSHIRE, SOUTHAMPTON AND ISLE OF WIGHT",3996,135762.93,0,0
2022-11-01,15N,"NHS DEVON",4043,113727.69,0,0
2022-11-01,91Q,"NHS KENT AND MEDWAY",4552,140343.1,0,0
2022-12-01,09W,"NHS MEDWAY",0,0,0,0
2022-12-01,D4U1Y,"NHS FRIMLEY",1,16.34,0,0
2022-12-01,05D,"NHS EAST STAFFORDSHIRE",230,6456.88,0,0
2022-12-01,07G,"NHS THURROCK",248,7368.4,0,0
2022-12-01,00R,"NHS BLACKPOOL",255,6760.48,0,0
2022-12-01,02Q,"NHS BASSETLAW",269,6454.83,0,0
2022-12-01,02M,"NHS FYLDE AND WYRE",279,7755,0,0
2022-12-01,03H,"NHS NORTH EAST LINCOLNSHIRE",279,6888.62,0,0
2022-12-01,00N,"NHS SOUTH TYNESIDE",301,9718.82,0,0
2022-12-01,01F,"NHS HALTON",310,8489.48,0,0
2022-12-01,01J,"NHS KNOWSLEY",317,8531.88,0,0
2022-12-01,00Q,"NHS BLACKBURN WITH DARWEN",334,9039.35,0,0
2022-12-01,01V,"NHS SOUTHPORT AND FORMBY",361,11163.89,0,0
2022-12-01,00X,"NHS CHORLEY AND SOUTH RIBBLE",388,11594.14,0,0
2022-12-01,04C,"NHS LEICESTER CITY",391,9723.33,0,0
2022-12-01,01E,"NHS GREATER PRESTON",393,12464.35,0,0
2022-12-01,99C,"NHS NORTH TYNESIDE",405,14680.73,0,0
2022-12-01,02T,"NHS CALDERDALE",410,13545.54,0,0
2022-12-01,02P,"NHS BARNSLEY",426,11331.55,0,0
2022-12-01,03K,"NHS NORTH LINCOLNSHIRE",428,10539.84,0,0
2022-12-01,05V,"NHS STAFFORD AND SURROUNDS",436,12895.61,0,0
2022-12-01,99F,"NHS CASTLE POINT AND ROCHFORD",447,14964.36,0,0
2022-12-01,03Q,"NHS VALE OF YORK",479,14636.77,0,0
2022-12-01,10R,"NHS PORTSMOUTH",484,15890.56,0,0
2022-12-01,U2G6B,"NHS THAMES VALLEY ICB - U2G6B",488,16879.47,0,0
2022-12-01,01D,"NHS HEYWOOD, MIDDLETON AND ROCHDALE",503,14081.99,0,0
2022-12-01,03W,"NHS EAST LEICESTERSHIRE AND RUTLAND",504,13352.16,0,0
2022-12-01,00V,"NHS BURY",517,15496.67,0,0
2022-12-01,04Y,"NHS CANNOCK CHASE",517,16087.79,0,0
2022-12-01,03F,"NHS HULL",520,13207.76,0,0
2022-12-01,02G,"NHS WEST LANCASHIRE",583,16957.56,0,0
2022-12-01,01T,"NHS SOUTH SEFTON",587,16449.11,0,0
2022-12-01,05G,"NHS NORTH STAFFORDSHIRE",592,16959.1,0,0
2022-12-01,02E,"NHS WARRINGTON",594,18246.28,0,0
2022-12-01,02X,"NHS DONCASTER",594,15264.54,0,0
2022-12-01,03R,"NHS WAKEFIELD",609,16640.96,0,0
2022-12-01,01K,"NHS MORECAMBE BAY",622,16812.82,0,0
2022-12-01,99G,"NHS SOUTHEND",638,20446.84,0,0
2022-12-01,05Q,"NHS SOUTH EAST STAFFORDSHIRE AND SEISDON PENINSULA",639,19547.94,0,0
2022-12-01,M2L0M,"NHS SHROPSHIRE, TELFORD AND WREKIN",642,21061.46,0,0
2022-12-01,01X,"NHS ST HELENS",670,19267.73,0,0
2022-12-01,15A,"NHS BERKSHIRE WEST",707,22881.93,0,0
2022-12-01,07K,"NHS WEST SUFFOLK",720,17963.24,0,0
2022-12-01,06L,"NHS IPSWICH AND EAST SUFFOLK",729,17945.57,0,0
2022-12-01,00Y,"NHS OLDHAM",736,19989.67,0,0
2022-12-01,11X,"NHS SOMERSET",737,19620.78,0,0
2022-12-01,12F,"NHS WIRRAL",739,21640.93,0,0
2022-12-01,02A,"NHS TRAFFORD",741,23635.44,0,0
2022-12-01,99E,"NHS BASILDON AND BRENTWOOD",741,25418.01,0,0
2022-12-01,00T,"NHS BOLTON",753,21443.74,0,0
2022-12-01,05W,"NHS STOKE ON TRENT",767,20564.57,0,0
2022-12-01,01H,"NHS NORTH CUMBRIA",780,21353.52,0,0
2022-12-01,02Y,"NHS EAST RIDING OF YORKSHIRE",789,21430.99,0,0
2022-12-01,06N,"NHS HERTS VALLEYS",801,28231.97,0,0
2022-12-01,01A,"NHS EAST LANCASHIRE",802,19629.48,0,0
2022-12-01,04V,"NHS WEST LEICESTERSHIRE",805,21027.61,0,0
2022-12-01,10Q,"NHS OXFORDSHIRE",821,24645.63,0,0
2022-12-01,01G,"NHS SALFORD",863,24615.74,0,0
2022-12-01,01W,"NHS STOCKPORT",906,27224.98,0,0
2022-12-01,07H,"NHS WEST ESSEX",911,24129.64,0,0
2022-12-01,11M,"NHS GLOUCESTERSHIRE",950,26910.58,0,0
2022-12-01,X2C4Y,"NHS KIRKLEES",984,34215.22,0,0
2022-12-01,01Y,"NHS TAMESIDE AND GLOSSOP",989,28551.09,0,0
2022-12-01,09D,"NHS BRIGHTON AND HOVE",1012,34367.76,0,0
2022-12-01,00L,"NHS NORTHUMBERLAND",1015,30099.63,0,0
2022-12-01,78H,"NHS NORTHAMPTONSHIRE",1179,28396.73,0,0
2022-12-01,03L,"NHS ROTHERHAM",1187,31235.36,0,0
2022-12-01,14L,"NHS MANCHESTER",1202,32716.95,0,0
2022-12-01,99A,"NHS LIVERPOOL",1211,34920.7,0,0
2022-12-01,84H,"NHS COUNTY DURHAM",1217,34880.94,0,0
2022-12-01,00P,"NHS SUNDERLAND",1219,39070.91,0,0
2022-12-01,06Q,"NHS MID ESSEX",1287,32314.98,0,0
2022-12-01,42D,"NHS NORTH YORKSHIRE",1321,37703.97,0,0
2022-12-01,27D,"NHS CHESHIRE",1346,40962.16,0,0
2022-12-01,11N,"NHS CORNWALL AND THE ISLES OF SCILLY",1357,35576.53,0,0
2022-12-01,02H,"NHS WIGAN BOROUGH",1397,43071.7,0,0
2022-12-01,15C,"NHS BRISTOL, NORTH SOMERSET AND SOUTH GLOUCESTERSHIRE",1405,49352.2,0,0
2022-12-01,14Y,"NHS BUCKINGHAMSHIRE",1462,39414.47,0,0
2022-12-01,15M,"NHS DERBY AND DERBYSHIRE",1472,45977.01,0,0
2022-12-01,06K,"NHS EAST AND NORTH HERTFORDSHIRE",1714,47675.61,0,0
2022-12-01,72Q,"NHS SOUTH EAST LONDON",1727,61130.54,0,0
2022-12-01,13T,"NHS NEWCASTLE GATESHEAD",1734,56247.22,0,0
2022-12-01,06T,"NHS NORTH EAST ESSEX",1752,42961.06,0,0
2022-12-01,03N,"NHS SHEFFIELD",1817,47860.35,0,0
2022-12-01,36J,"NHS BRADFORD DISTRICT AND CRAVEN",1824,50951.79,0,0
2022-12-01,15F,"NHS LEEDS",1840,58184.29,0,0
2022-12-01,71E,"NHS LINCOLNSHIRE",1850,48441.72,0,0
2022-12-01,52R,"NHS NOTTINGHAM AND NOTTINGHAMSHIRE",1879,51152.59,0,0
2022-12-01,18C,"NHS HEREFORDSHIRE AND WORCESTERSHIRE",1914,60917.79,0,0
2022-12-01,93C,"NHS NORTH CENTRAL LONDON",1933,69413.82,0,0
2022-12-01,B2M3M,"NHS COVENTRY AND WARWICKSHIRE",1981,55715.91,0,0
2022-12-01,06H,"NHS CAMBRIDGESHIRE AND PETERBOROUGH",2042,52241.71,0,0
2022-12-01,97R,"NHS EAST SUSSEX",2382,76398.03,0,0
2022-12-01,M1J4Y,"NHS BEDFORDSHIRE, LUTON AND MILTON KEYNES",2394,68918.19,0,0
2022-12-01,11J,"NHS DORSET",2427,68528.99,0,0
2022-12-01,36L,"NHS SOUTH WEST LONDON",2453,84660.47,0,0
2022-12-01,92G,"NHS BATH AND NORTH EAST SOMERSET, SWINDON AND WILTSHIRE",2460,69718.61,0,0
2022-12-01,16C,"NHS TEES VALLEY",2605,75433.64,0,0
2022-12-01,W2U3Z,"NHS NORTH WEST LONDON",2947,110083.84,0,0
2022-12-01,D2P2L,"NHS BLACK COUNTRY",3055,94849.24,0,0
2022-12-01,26A,"NHS NORFOLK AND WAVENEY",3091,83607.59,0,0
2022-12-01,A3A8R,"NHS NORTH EAST LONDON",3177,111717.08,0,0
2022-12-01,92A,"NHS SURREY HEARTLANDS",3787,134961.51,0,0
2022-12-01,15E,"NHS BIRMINGHAM AND SOLIHULL",3814,115073.55,0,0
2022-12-01,70F,"NHS WEST SUSSEX",3993,134314.06,0,0
2022-12-01,D9Y0V,"NHS HAMPSHIRE, SOUTHAMPTON AND ISLE OF WIGHT",4022,134367.51,0,0
2022-12-01,15N,"NHS DEVON",4181,116495.71,0,0
2022-12-01,91Q,"NHS KENT AND MEDWAY",4855,148570.08,0,0
2023-01-01,09W,"NHS MEDWAY",0,0,0,0
2023-01-01,D4U1Y,"NHS FRIMLEY",5,136.1,0,0
2023-01-01,05D,"NHS EAST STAFFORDSHIRE",209,5837.68,0,0
2023-01-01,00R,"NHS BLACKPOOL",225,5915.94,0,0
2023-01-01,03H,"NHS NORTH EAST LINCOLNSHIRE",256,6454.2,0,0
2023-01-01,01F,"NHS HALTON",268,7469.87,0,0
2023-01-01,07G,"NHS THURROCK",268,7846.67,0,0
2023-01-01,02Q,"NHS BASSETLAW",275,6587.32,0,0
2023-01-01,00N,"NHS SOUTH TYNESIDE",282,8908.11,0,0
2023-01-01,02M,"NHS FYLDE AND WYRE",286,7549.41,0,0
2023-01-01,00Q,"NHS BLACKBURN WITH DARWEN",308,8003.01,0,0
2023-01-01,01J,"NHS KNOWSLEY",314,8411.71,0,0
2023-01-01,00X,"NHS CHORLEY AND SOUTH RIBBLE",331,10127.06,0,0
2023-01-01,01V,"NHS SOUTHPORT AND FORMBY",337,10351.42,0,0
2023-01-01,03K,"NHS NORTH LINCOLNSHIRE",361,9072.19,0,0
2023-01-01,04C,"NHS LEICESTER CITY",390,9456.15,0,0
2023-01-01,02P,"NHS BARNSLEY",393,10088.84,0,0
2023-01-01,01E,"NHS GREATER PRESTON",398,12463.28,0,0
2023-01-01,03W,"NHS EAST LEICESTERSHIRE AND RUTLAND",398,10343.49,0,0
2023-01-01,05V,"NHS STAFFORD AND SURROUNDS",400,11392.86,0,0
2023-01-01,U2G6B,"NHS THAMES VALLEY ICB - U2G6B",433,14066.16,0,0
2023-01-01,02T,"NHS CALDERDALE",437,13680.36,0,0
2023-01-01,10R,"NHS PORTSMOUTH",438,14270.78,0,0
2023-01-01,03Q,"NHS VALE OF YORK",446,13408.85,0,0
2023-01-01,99C,"NHS NORTH TYNESIDE",448,15464.34,0,0
2023-01-01,99F,"NHS CASTLE POINT AND ROCHFORD",458,15708.45,0,0
2023-01-01,04Y,"NHS CANNOCK CHASE",472,14417.55,0,0
2023-01-01,03F,"NHS HULL",499,12833.83,0,0
2023-01-01,00V,"NHS BURY",510,15086.87,0,0
2023-01-01,01D,"NHS HEYWOOD, MIDDLETON AND ROCHDALE",513,14804.63,0,0
2023-01-01,01T,"NHS SOUTH SEFTON",514,14453.18,0,0
2023-01-01,02X,"NHS DONCASTER",532,13679.68,0,0
2023-01-01,02G,"NHS WEST LANCASHIRE",549,16044.07,0,0
2023-01-01,05G,"NHS NORTH STAFFORDSHIRE",579,16641.21,0,0
2023-01-01,02E,"NHS WARRINGTON",580,17437.75,0,0
2023-01-01,05Q,"NHS SOUTH EAST STAFFORDSHIRE AND SEISDON PENINSULA",581,17542.95,0,0
2023-01-01,99G,"NHS SOUTHEND",592,18937.06,0,0
2023-01-01,01K,"NHS MORECAMBE BAY",593,15953.94,0,0
2023-01-01,01X,"NHS ST HELENS",601,17078.56,0,0
2023-01-01,M2L0M,"NHS SHROPSHIRE, TELFORD AND WREKIN",615,19381.09,0,0
2023-01-01,12F,"NHS WIRRAL",623,18003.08,0,0
2023-01-01,03R,"NHS WAKEFIELD",626,17271.27,0,0
2023-01-01,15A,"NHS BERKSHIRE WEST",648,20912.87,0,0
2023-01-01,99E,"NHS BASILDON AND BRENTWOOD",670,22697.65,0,0
2023-01-01,02A,"NHS TRAFFORD",682,22497.86,0,0
2023-01-01,04V,"NHS WEST LEICESTERSHIRE",693,17858.1,0,0
2023-01-01,00T,"NHS BOLTON",704,20507.58,0,0
2023-01-01,01H,"NHS NORTH CUMBRIA",712,19346.26,0,0
2023-01-01,06L,"NHS IPSWICH AND EAST SUFFOLK",721,18472.47,0,0
2023-01-01,05W,"NHS STOKE ON TRENT",725,19192.44,0,0
2023-01-01,11X,"NHS SOMERSET",728,18977.82,0,0
2023-01-01,07K,"NHS WEST SUFFOLK",733,18211.25,0,0
2023-01-01,00Y,"NHS OLDHAM",750,20271.49,0,0
2023-01-01,01A,"NHS EAST LANCASHIRE",774,19186.59,0,0
2023-01-01,10Q,"NHS OXFORDSHIRE",816,24446.49,0,0
2023-01-01,01W,"NHS STOCKPORT",827,24149.33,0,0
2023-01-01,06N,"NHS HERTS VALLEYS",827,29753.4,0,0
2023-01-01,02Y,"NHS EAST RIDING OF YORKSHIRE",839,22957.2,0,0
2023-01-01,01G,"NHS SALFORD",870,24466.84,0,0
2023-01-01,07H,"NHS WEST ESSEX",881,23596.7,0,0
2023-01-01,11M,"NHS GLOUCESTERSHIRE",893,23980.62,0,0
2023-01-01,X2C4Y,"NHS KIRKLEES",928,32384.06,0,0
2023-01-01,01Y,"NHS TAMESIDE AND GLOSSOP",949,27065.22,0,0
2023-01-01,09D,"NHS BRIGHTON AND HOVE",955,33421.73,0,0
2023-01-01,00L,"NHS NORTHUMBERLAND",977,28726.43,0,0
2023-01-01,84H,"NHS COUNTY DURHAM",1074,31055.08,0,0
2023-01-01,99A,"NHS LIVERPOOL",1089,31678.12,0,0
2023-01-01,00P,"NHS SUNDERLAND",1131,34775.91,0,0
2023-01-01,03L,"NHS ROTHERHAM",1150,29910.31,0,0
2023-01-01,14L,"NHS MANCHESTER",1159,31806.53,0,0
2023-01-01,78H,"NHS NORTHAMPTONSHIRE",1186,28441.32,0,0
2023-01-01,42D,"NHS NORTH YORKSHIRE",1248,35834.17,0,0
2023-01-01,15C,"NHS BRISTOL, NORTH SOMERSET AND SOUTH GLOUCESTERSHIRE",1249,43270.74,0,0
2023-01-01,06Q,"NHS MID ESSEX",1284,31775.49,0,0
2023-01-01,11N,"NHS CORNWALL AND THE ISLES OF SCILLY",1310,34258.38,0,0
2023-01-01,02H,"NHS WIGAN BOROUGH",1315,39931.01,0,0
2023-01-01,14Y,"NHS BUCKINGHAMSHIRE",1338,36599.49,0,0
2023-01-01,15M,"NHS DERBY AND DERBYSHIRE",1362,42685.08,0,0
2023-01-01,27D,"NHS CHESHIRE",1362,40665.18,0,0
2023-01-01,13T,"NHS NEWCASTLE GATESHEAD",1591,51151.02,0,0
2023-01-01,72Q,"NHS SOUTH EAST LONDON",1623,57972.22,0,0
2023-01-01,06T,"NHS NORTH EAST ESSEX",1671,41210.19,0,0
2023-01-01,06K,"NHS EAST AND NORTH HERTFORDSHIRE",1702,47169.68,0,0
2023-01-01,52R,"NHS NOTTINGHAM AND NOTTINGHAMSHIRE",1753,47807.5,0,0
2023-01-01,03N,"NHS SHEFFIELD",1767,46513.65,0,0
2023-01-01,B2M3M,"NHS COVENTRY AND WARWICKSHIRE",1848,52249.84,0,0
2023-01-01,18C,"NHS HEREFORDSHIRE AND WORCESTERSHIRE",1850,59401.46,0,0
2023-01-01,36J,"NHS BRADFORD DISTRICT AND CRAVEN",1862,52501.02,0,0
2023-01-01,93C,"NHS NORTH CENTRAL LONDON",1866,67233.08,0,0
2023-01-01,15F,"NHS LEEDS",1914,60605.86,0,0
2023-01-01,71E,"NHS LINCOLNSHIRE",1937,50075.83,0,0
2023-01-01,06H,"NHS CAMBRIDGESHIRE AND PETERBOROUGH",2007,51242.85,0,0
2023-01-01,36L,"NHS SOUTH WEST LONDON",2307,80561.87,0,0
2023-01-01,97R,"NHS EAST SUSSEX",2313,74879.31,0,0
2023-01-01,92G,"NHS BATH AND NORTH EAST SOMERSET, SWINDON AND WILTSHIRE",2344,66034.55,0,0
2023-01-01,11J,"NHS DORSET",2377,67571.38,0,0
2023-01-01,M1J4Y,"NHS BEDFORDSHIRE, LUTON AND MILTON KEYNES",2380,69695.9,0,0
2023-01-01,16C,"NHS TEES VALLEY",2500,72110.83,0,0
2023-01-01,W2U3Z,"NHS NORTH WEST LONDON",2746,99026.75,0,0
2023-01-01,D2P2L,"NHS BLACK COUNTRY",2851,89322.34,0,0
2023-01-01,26A,"NHS NORFOLK AND WAVENEY",3001,82285.28,0,0
2023-01-01,A3A8R,"NHS NORTH EAST LONDON",3153,108446.02,0,0
2023-01-01,92A,"NHS SURREY HEARTLANDS",3489,122324.52,0,0
2023-01-01,15E,"NHS BIRMINGHAM AND SOLIHULL",3713,112243.57,0,0
2023-01-01,70F,"NHS WEST SUSSEX",3825,130016.49,0,0
2023-01-01,D9Y0V,"NHS HAMPSHIRE, SOUTHAMPTON AND ISLE OF WIGHT",3913,132937.62,0,0
2023-01-01,15N,"NHS DEVON",3951,110949.04,0,0
2023-01-01,91Q,"NHS KENT AND MEDWAY",4562,140591.32,0,0
2023-02-01,09W,"NHS MEDWAY",0,0,0,0
2023-02-01,D4U1Y,"NHS FRIMLEY",2,43.88,0,0
2023-02-01,05D,"NHS EAST STAFFORDSHIRE",189,5138.44,0,0
2023-02-01,02Q,"NHS BASSETLAW",224,5575.08,0,0
2023-02-01,00R,"NHS BLACKPOOL",225,5899.3,0,0
2023-02-01,03H,"NHS NORTH EAST LINCOLNSHIRE",235,5732.51,0,0
2023-02-01,07G,"NHS THURROCK",242,7104.99,0,0
2023-02-01,02M,"NHS FYLDE AND WYRE",252,6862.76,0,0
2023-02-01,00N,"NHS SOUTH TYNESIDE",257,8319.78,0,0
2023-02-01,01F,"NHS HALTON",259,7180.89,0,0
2023-02-01,00Q,"NHS BLACKBURN WITH DARWEN",262,7029.48,0,0
2023-02-01,01V,"NHS SOUTHPORT AND FORMBY",286,8641.23,0,0
2023-02-01,01J,"NHS KNOWSLEY",296,8024.74,0,0
2023-02-01,00X,"NHS CHORLEY AND SOUTH RIBBLE",320,9697.14,0,0
2023-02-01,05V,"NHS STAFFORD AND SURROUNDS",344,10185.26,0,0
2023-02-01,04C,"NHS LEICESTER CITY",357,8423.66,0,0
2023-02-01,01E,"NHS GREATER PRESTON",359,11630.06,0,0
2023-02-01,03K,"NHS NORTH LINCOLNSHIRE",369,9173.49,0,0
2023-02-01,02T,"NHS CALDERDALE",371,12025.31,0,0
2023-02-01,99C,"NHS NORTH TYNESIDE",372,13380.72,0,0
2023-02-01,99F,"NHS CASTLE POINT AND ROCHFORD",380,12793.97,0,0
2023-02-01,U2G6B,"NHS THAMES VALLEY ICB - U2G6B",386,12968.14,0,0
2023-02-01,02P,"NHS BARNSLEY",391,10445.53,0,0
2023-02-01,03Q,"NHS VALE OF YORK",423,12475.28,0,0
2023-02-01,03W,"NHS EAST LEICESTERSHIRE AND RUTLAND",425,11118.87,0,0
2023-02-01,00V,"NHS BURY",433,12478.72,0,0
2023-02-01,01D,"NHS HEYWOOD, MIDDLETON AND ROCHDALE",433,11980.19,0,0
2023-02-01,10R,"NHS PORTSMOUTH",434,14483.01,0,0
2023-02-01,03F,"NHS HULL",439,10938.53,0,0
2023-02-01,04Y,"NHS CANNOCK CHASE",454,14213.21,0,0
2023-02-01,01T,"NHS SOUTH SEFTON",472,13367.54,0,0
2023-02-01,02G,"NHS WEST LANCASHIRE",487,14385.49,0,0
2023-02-01,02X,"NHS DONCASTER",495,12986.69,0,0
2023-02-01,05G,"NHS NORTH STAFFORDSHIRE",503,14104.83,0,0
2023-02-01,01K,"NHS MORECAMBE BAY",513,13712.36,0,0
2023-02-01,02E,"NHS WARRINGTON",514,15259.88,0,0
2023-02-01,99G,"NHS SOUTHEND",528,16640.34,0,0
2023-02-01,M2L0M,"NHS SHROPSHIRE, TELFORD AND WREKIN",534,17558.86,0,0
2023-02-01,05Q,"NHS SOUTH EAST STAFFORDSHIRE AND SEISDON PENINSULA",546,17123.14,0,0
2023-02-01,12F,"NHS WIRRAL",569,16945.95,0,0
2023-02-01,01X,"NHS ST HELENS",577,16436.52,0,0
2023-02-01,03R,"NHS WAKEFIELD",594,16495.35,0,0
2023-02-01,15A,"NHS BERKSHIRE WEST",614,20616.69,0,0
2023-02-01,99E,"NHS BASILDON AND BRENTWOOD",622,21644.06,0,0
2023-02-01,00Y,"NHS OLDHAM",629,17024.09,0,0
2023-02-01,02A,"NHS TRAFFORD",630,19701.66,0,0
2023-02-01,01H,"NHS NORTH CUMBRIA",638,17331.14,0,0
2023-02-01,06L,"NHS IPSWICH AND EAST SUFFOLK",641,15878.45,0,0
2023-02-01,00T,"NHS BOLTON",665,19630.48,0,0
2023-02-01,11X,"NHS SOMERSET",668,18021.86,0,0
2023-02-01,07K,"NHS WEST SUFFOLK",672,16874.75,0,0
2023-02-01,10Q,"NHS OXFORDSHIRE",677,20046.17,0,0
2023-02-01,02Y,"NHS EAST RIDING OF YORKSHIRE",682,18454.82,0,0
2023-02-01,05W,"NHS STOKE ON TRENT",688,18511.85,0,0
2023-02-01,04V,"NHS WEST LEICESTERSHIRE",692,17889.76,0,0
2023-02-01,01A,"NHS EAST LANCASHIRE",708,17428.96,0,0
2023-02-01,06N,"NHS HERTS VALLEYS",734,25553.98,0,0
2023-02-01,01W,"NHS STOCKPORT",755,23083.79,0,0
2023-02-01,01G,"NHS SALFORD",757,21422.61,0,0
2023-02-01,07H,"NHS WEST ESSEX",809,21070.99,0,0
2023-02-01,01Y,"NHS TAMESIDE AND GLOSSOP",838,24257.1,0,0
2023-02-01,X2C4Y,"NHS KIRKLEES",838,29600.88,0,0
2023-02-01,09D,"NHS BRIGHTON AND HOVE",840,28037.39,0,0
2023-02-01,11M,"NHS GLOUCESTERSHIRE",849,23432.31,0,0
2023-02-01,00L,"NHS NORTHUMBERLAND",881,26777.48,0,0
2023-02-01,00P,"NHS SUNDERLAND",978,31056.58,0,0
2023-02-01,84H,"NHS COUNTY DURHAM",992,28980.83,0,0
2023-02-01,99A,"NHS LIVERPOOL",1002,29288.39,0,0
2023-02-01,78H,"NHS NORTHAMPTONSHIRE",1041,24911.39,0,0
2023-02-01,03L,"NHS ROTHERHAM",1056,27569.73,0,0
2023-02-01,14L,"NHS MANCHESTER",1105,29689.08,0,0
2023-02-01,15C,"NHS BRISTOL, NORTH SOMERSET AND SOUTH GLOUCESTERSHIRE",1125,39060.71,0,0
2023-02-01,11N,"NHS CORNWALL AND THE ISLES OF SCILLY",1127,29174.78,0,0
2023-02-01,06Q,"NHS MID ESSEX",1152,29210.78,0,0
2023-02-01,02H,"NHS WIGAN BOROUGH",1163,35925.68,0,0
2023-02-01,14Y,"NHS BUCKINGHAMSHIRE",1171,32545.33,0,0
2023-02-01,27D,"NHS CHESHIRE",1177,35982.28,0,0
2023-02-01,42D,"NHS NORTH YORKSHIRE",1200,34355.46,0,0
2023-02-01,15M,"NHS DERBY AND DERBYSHIRE",1247,39353.05,0,0
2023-02-01,13T,"NHS NEWCASTLE GATESHEAD",1417,45680.81,0,0
2023-02-01,06T,"NHS NORTH EAST ESSEX",1473,35739.58,0,0
2023-02-01,72Q,"NHS SOUTH EAST LONDON",1504,52530.78,0,0
2023-02-01,18C,"NHS HEREFORDSHIRE AND WORCESTERSHIRE",1594,50341.48,0,0
2023-02-01,03N,"NHS SHEFFIELD",1620,42623.16,0,0
2023-02-01,36J,"NHS BRADFORD DISTRICT AND CRAVEN",1621,46156.94,0,0
2023-02-01,71E,"NHS LINCOLNSHIRE",1628,42442.78,0,0
2023-02-01,B2M3M,"NHS COVENTRY AND WARWICKSHIRE",1641,46036.77,0,0
2023-02-01,52R,"NHS NOTTINGHAM AND NOTTINGHAMSHIRE",1643,44674.46,0,0
2023-02-01,15F,"NHS LEEDS",1671,52038.4,0,0
2023-02-01,93C,"NHS NORTH CENTRAL LONDON",1689,60652.2,0,0
2023-02-01,06K,"NHS EAST AND NORTH HERTFORDSHIRE",1704,48113.77,0,0
2023-02-01,06H,"NHS CAMBRIDGESHIRE AND PETERBOROUGH",1866,47231.31,0,0
2023-02-01,M1J4Y,"NHS BEDFORDSHIRE, LUTON AND MILTON KEYNES",2051,58777.79,0,0
2023-02-01,11J,"NHS DORSET",2056,58325.39,0,0
2023-02-01,97R,"NHS EAST SUSSEX",2078,66875.44,0,0
2023-02-01,92G,"NHS BATH AND NORTH EAST SOMERSET, SWINDON AND WILTSHIRE",2084,58718.56,0,0
2023-02-01,36L,"NHS SOUTH WEST LONDON",2189,76066.57,0,0
2023-02-01,16C,"NHS TEES VALLEY",2288,67322.89,0,0
2023-02-01,W2U3Z,"NHS NORTH WEST LONDON",2526,91874.24,0,0
2023-02-01,26A,"NHS NORFOLK AND WAVENEY",2669,74421.57,0,0
2023-02-01,D2P2L,"NHS BLACK COUNTRY",2697,83246.83,0,0
2023-02-01,A3A8R,"NHS NORTH EAST LONDON",2884,99586.74,0,0
2023-02-01,92A,"NHS SURREY HEARTLANDS",3202,114224.33,0,0
2023-02-01,15E,"NHS BIRMINGHAM AND SOLIHULL",3207,96532.04,0,0
2023-02-01,D9Y0V,"NHS HAMPSHIRE, SOUTHAMPTON AND ISLE OF WIGHT",3385,114121.82,0,0
2023-02-01,70F,"NHS WEST SUSSEX",3555,120699.6,0,0
2023-02-01,15N,"NHS DEVON",3612,102090.87,0,0
2023-02-01,91Q,"NHS KENT AND MEDWAY",4155,126758.86,0,0
2023-03-01,09W,"NHS MEDWAY",0,0,0,0
2023-03-01,D4U1Y,"NHS FRIMLEY",3,91.18,0,0
2023-03-01,00R,"NHS BLACKPOOL",235,6258.13,0,0
2023-03-01,05D,"NHS EAST STAFFORDSHIRE",240,7162.57,0,0
2023-03-01,03H,"NHS NORTH EAST LINCOLNSHIRE",258,6454.09,0,0
2023-03-01,02M,"NHS FYLDE AND WYRE",274,7521.79,0,0
2023-03-01,02Q,"NHS BASSETLAW",280,6685.45,0,0
2023-03-01,07G,"NHS THURROCK",285,8609.24,0,0
2023-03-01,00N,"NHS SOUTH TYNESIDE",291,8988.55,0,0
2023-03-01,01F,"NHS HALTON",294,8324.15,0,0
2023-03-01,00X,"NHS CHORLEY AND SOUTH RIBBLE",320,9719.6,0,0
2023-03-01,00Q,"NHS BLACKBURN WITH DARWEN",330,8716.63,0,0
2023-03-01,01J,"NHS KNOWSLEY",331,8828.41,0,0
2023-03-01,01V,"NHS SOUTHPORT AND FORMBY",354,10713.82,0,0
2023-03-01,04C,"NHS LEICESTER CITY",363,8752.81,0,0
2023-03-01,01E,"NHS GREATER PRESTON",377,11857.07,0,0
2023-03-01,02T,"NHS CALDERDALE",379,11891.39,0,0
2023-03-01,05V,"NHS STAFFORD AND SURROUNDS",405,11476.05,0,0
2023-03-01,02P,"NHS BARNSLEY",406,10562.02,0,0
2023-03-01,03W,"NHS EAST LEICESTERSHIRE AND RUTLAND",408,10483.8,0,0
2023-03-01,99C,"NHS NORTH TYNESIDE",413,14543.69,0,0
2023-03-01,03K,"NHS NORTH LINCOLNSHIRE",424,10411.46,0,0
2023-03-01,99F,"NHS CASTLE POINT AND ROCHFORD",434,14697.64,0,0
2023-03-01,U2G6B,"NHS THAMES VALLEY ICB - U2G6B",449,14560.73,0,0
2023-03-01,10R,"NHS PORTSMOUTH",452,14516.59,0,0
2023-03-01,03F,"NHS HULL",471,11951.98,0,0
2023-03-01,00V,"NHS BURY",479,14361.95,0,0
2023-03-01,04Y,"NHS CANNOCK CHASE",479,15095.72,0,0
2023-03-01,03Q,"NHS VALE OF YORK",490,14585.81,0,0
2023-03-01,01D,"NHS HEYWOOD, MIDDLETON AND ROCHDALE",501,14516.86,0,0
2023-03-01,01T,"NHS SOUTH SEFTON",535,14911.55,0,0
2023-03-01,02X,"NHS DONCASTER",556,14598.64,0,0
2023-03-01,02G,"NHS WEST LANCASHIRE",562,16478.3,0,0
2023-03-01,05G,"NHS NORTH STAFFORDSHIRE",568,15939.75,0,0
2023-03-01,M2L0M,"NHS SHROPSHIRE, TELFORD AND WREKIN",573,18148.45,0,0
2023-03-01,01K,"NHS MORECAMBE BAY",592,16306.87,0,0
2023-03-01,05Q,"NHS SOUTH EAST STAFFORDSHIRE AND SEISDON PENINSULA",597,18206.41,0,0
2023-03-01,02E,"NHS WARRINGTON",615,18931.91,0,0
2023-03-01,01X,"NHS ST HELENS",624,17867.79,0,0
2023-03-01,15A,"NHS BERKSHIRE WEST",626,19815.5,0,0
2023-03-01,03R,"NHS WAKEFIELD",638,17076.73,0,0
2023-03-01,99G,"NHS SOUTHEND",665,21428.31,0,0
2023-03-01,12F,"NHS WIRRAL",688,20113.16,0,0
2023-03-01,99E,"NHS BASILDON AND BRENTWOOD",701,22869.33,0,0
2023-03-01,06L,"NHS IPSWICH AND EAST SUFFOLK",709,17739.95,0,0
2023-03-01,01H,"NHS NORTH CUMBRIA",711,19274.89,0,0
2023-03-01,02A,"NHS TRAFFORD",711,23236.76,0,0
2023-03-01,11X,"NHS SOMERSET",721,18941.88,0,0
2023-03-01,04V,"NHS WEST LEICESTERSHIRE",725,18366.84,0,0
2023-03-01,07K,"NHS WEST SUFFOLK",752,18712.35,0,0
2023-03-01,00T,"NHS BOLTON",753,21830.18,0,0
2023-03-01,00Y,"NHS OLDHAM",754,20483.03,0,0
2023-03-01,05W,"NHS STOKE ON TRENT",755,20263.25,0,0
2023-03-01,02Y,"NHS EAST RIDING OF YORKSHIRE",771,20900.77,0,0
2023-03-01,10Q,"NHS OXFORDSHIRE",794,23502.08,0,0
2023-03-01,06N,"NHS HERTS VALLEYS",811,28948.57,0,0
2023-03-01,01A,"NHS EAST LANCASHIRE",837,20563.92,0,0
2023-03-01,01G,"NHS SALFORD",856,24844.18,0,0
2023-03-01,01W,"NHS STOCKPORT",863,25680.81,0,0
2023-03-01,07H,"NHS WEST ESSEX",865,22293.43,0,0
2023-03-01,11M,"NHS GLOUCESTERSHIRE",868,23910.72,0,0
2023-03-01,X2C4Y,"NHS KIRKLEES",897,31297.42,0,0
2023-03-01,09D,"NHS BRIGHTON AND HOVE",933,31837.97,0,0
2023-03-01,00L,"NHS NORTHUMBERLAND",966,28750.99,0,0
2023-03-01,01Y,"NHS TAMESIDE AND GLOSSOP",988,28197.77,0,0
2023-03-01,99A,"NHS LIVERPOOL",1102,31865.91,0,0
2023-03-01,00P,"NHS SUNDERLAND",1116,34799.45,0,0
2023-03-01,84H,"NHS COUNTY DURHAM",1138,32970.11,0,0
2023-03-01,15C,"NHS BRISTOL, NORTH SOMERSET AND SOUTH GLOUCESTERSHIRE",1139,40188.58,0,0
2023-03-01,03L,"NHS ROTHERHAM",1182,30624.96,0,0
2023-03-01,14L,"NHS MANCHESTER",1223,32401.82,0,0
2023-03-01,78H,"NHS NORTHAMPTONSHIRE",1233,29577.33,0,0
2023-03-01,42D,"NHS NORTH YORKSHIRE",1265,36103.05,0,0
2023-03-01,11N,"NHS CORNWALL AND THE ISLES OF SCILLY",1285,33905.36,0,0
2023-03-01,14Y,"NHS BUCKINGHAMSHIRE",1326,36577.2,0,0
2023-03-01,02H,"NHS WIGAN BOROUGH",1329,41523.68,0,0
2023-03-01,06Q,"NHS MID ESSEX",1344,33425.4,0,0
2023-03-01,27D,"NHS CHESHIRE",1351,40644.19,0,0
2023-03-01,15M,"NHS DERBY AND DERBYSHIRE",1399,43689.92,0,0
2023-03-01,13T,"NHS NEWCASTLE GATESHEAD",1574,50968.33,0,0
2023-03-01,06T,"NHS NORTH EAST ESSEX",1653,40460.84,0,0
2023-03-01,72Q,"NHS SOUTH EAST LONDON",1715,60301.07,0,0
2023-03-01,52R,"NHS NOTTINGHAM AND NOTTINGHAMSHIRE",1722,47119.69,0,0
2023-03-01,06K,"NHS EAST AND NORTH HERTFORDSHIRE",1744,48199,0,0
2023-03-01,03N,"NHS SHEFFIELD",1772,47256.78,0,0
2023-03-01,36J,"NHS BRADFORD DISTRICT AND CRAVEN",1806,51402.87,0,0
2023-03-01,18C,"NHS HEREFORDSHIRE AND WORCESTERSHIRE",1808,57040.54,0,0
2023-03-01,15F,"NHS LEEDS",1879,58965.47,0,0
2023-03-01,71E,"NHS LINCOLNSHIRE",1900,49736.86,0,0
2023-03-01,B2M3M,"NHS COVENTRY AND WARWICKSHIRE",1910,54074.19,0,0
2023-03-01,93C,"NHS NORTH CENTRAL LONDON",1918,69580.68,0,0
2023-03-01,06H,"NHS CAMBRIDGESHIRE AND PETERBOROUGH",2010,50733.73,0,0
2023-03-01,11J,"NHS DORSET",2269,62813.2,0,0
2023-03-01,97R,"NHS EAST SUSSEX",2277,73751.64,0,0
2023-03-01,36L,"NHS SOUTH WEST LONDON",2333,81040.69,0,0
2023-03-01,92G,"NHS BATH AND NORTH EAST SOMERSET, SWINDON AND WILTSHIRE",2334,65888.89,0,0
2023-03-01,M1J4Y,"NHS BEDFORDSHIRE, LUTON AND MILTON KEYNES",2422,68566.91,0,0
2023-03-01,16C,"NHS TEES VALLEY",2567,73592.82,0,0
2023-03-01,W2U3Z,"NHS NORTH WEST LONDON",2860,104538.07,0,0
2023-03-01,D2P2L,"NHS BLACK COUNTRY",2961,92240.49,0,0
2023-03-01,26A,"NHS NORFOLK AND WAVENEY",3011,82194.91,0,0
2023-03-01,A3A8R,"NHS NORTH EAST LONDON",3125,106999.15,0,0
2023-03-01,92A,"NHS SURREY HEARTLANDS",3403,120278.52,0,0
2023-03-01,15E,"NHS BIRMINGHAM AND SOLIHULL",3706,111950.71,0,0
2023-03-01,70F,"NHS WEST SUSSEX",3850,130609.98,0,0
2023-03-01,D9Y0V,"NHS HAMPSHIRE, SOUTHAMPTON AND ISLE OF WIGHT",3968,133765.72,0,0
2023-03-01,15N,"NHS DEVON",4112,115651.18,0,0
2023-03-01,91Q,"NHS KENT AND MEDWAY",4620,141852.91,0,0
2023-04-01,09W,"NHS MEDWAY",0,0,0,0
2023-04-01,D4U1Y,"NHS FRIMLEY",2,47.28,0,0
2023-04-01,05D,"NHS EAST STAFFORDSHIRE",197,5554.79,0,0
2023-04-01,00R,"NHS BLACKPOOL",211,5416,0,0
2023-04-01,07G,"NHS THURROCK",230,6761.75,0,0
2023-04-01,02M,"NHS FYLDE AND WYRE",235,6735.71,0,0
2023-04-01,03H,"NHS NORTH EAST LINCOLNSHIRE",239,5944.61,0,0
2023-04-01,01F,"NHS HALTON",255,7221.6,0,0
2023-04-01,00N,"NHS SOUTH TYNESIDE",261,8502.25,0,0
2023-04-01,02Q,"NHS BASSETLAW",263,6363.74,0,0
2023-04-01,00Q,"NHS BLACKBURN WITH DARWEN",275,7383.46,0,0
2023-04-01,01V,"NHS SOUTHPORT AND FORMBY",283,8351.36,0,0
2023-04-01,01J,"NHS KNOWSLEY",287,7713.33,0,0
2023-04-01,00X,"NHS CHORLEY AND SOUTH RIBBLE",323,9884.19,0,0
2023-04-01,02T,"NHS CALDERDALE",335,11396.4,0,0
2023-04-01,04C,"NHS LEICESTER CITY",343,8206.28,0,0
2023-04-01,99F,"NHS CASTLE POINT AND ROCHFORD",351,11636.17,0,0
2023-04-01,01E,"NHS GREATER PRESTON",356,11260.34,0,0
2023-04-01,03K,"NHS NORTH LINCOLNSHIRE",358,9155.7,0,0
2023-04-01,02P,"NHS BARNSLEY",363,9560.75,0,0
2023-04-01,99C,"NHS NORTH TYNESIDE",374,13270.11,0,0
2023-04-01,03W,"NHS EAST LEICESTERSHIRE AND RUTLAND",382,10154.62,0,0
2023-04-01,05V,"NHS STAFFORD AND SURROUNDS",386,11139.16,0,0
2023-04-01,U2G6B,"NHS THAMES VALLEY ICB - U2G6B",387,13045.56,0,0
2023-04-01,10R,"NHS PORTSMOUTH",399,12939.49,0,0
2023-04-01,03Q,"NHS VALE OF YORK",414,12589.86,0,0
2023-04-01,01D,"NHS HEYWOOD, MIDDLETON AND ROCHDALE",441,12484.54,0,0
2023-04-01,00V,"NHS BURY",448,13362.24,0,0
2023-04-01,01T,"NHS SOUTH SEFTON",459,13094.78,0,0
2023-04-01,04Y,"NHS CANNOCK CHASE",473,14831.68,0,0
2023-04-01,03F,"NHS HULL",478,12167.44,0,0
2023-04-01,02X,"NHS DONCASTER",483,12725.69,0,0
2023-04-01,02E,"NHS WARRINGTON",508,15341.72,0,0
2023-04-01,02G,"NHS WEST LANCASHIRE",509,15515.9,0,0
2023-04-01,05G,"NHS NORTH STAFFORDSHIRE",517,14998.55,0,0
2023-04-01,99G,"NHS SOUTHEND",518,16520.79,0,0
2023-04-01,01K,"NHS MORECAMBE BAY",545,14700.47,0,0
2023-04-01,05Q,"NHS SOUTH EAST STAFFORDSHIRE AND SEISDON PENINSULA",546,17000.1,0,0
2023-04-01,M2L0M,"NHS SHROPSHIRE, TELFORD AND WREKIN",548,17900.01,0,0
2023-04-01,03R,"NHS WAKEFIELD",566,15701.47,0,0
2023-04-01,01X,"NHS ST HELENS",577,16681.23,0,0
2023-04-01,12F,"NHS WIRRAL",592,17712.4,0,0
2023-04-01,15A,"NHS BERKSHIRE WEST",598,19374.74,0,0
2023-04-01,02A,"NHS TRAFFORD",609,19603.68,0,0
2023-04-01,01H,"NHS NORTH CUMBRIA",616,16704.26,0,0
2023-04-01,99E,"NHS BASILDON AND BRENTWOOD",620,20830.59,0,0
2023-04-01,06L,"NHS IPSWICH AND EAST SUFFOLK",633,15859.17,0,0
2023-04-01,07K,"NHS WEST SUFFOLK",633,16105.37,0,0
2023-04-01,11X,"NHS SOMERSET",633,16830.47,0,0
2023-04-01,00Y,"NHS OLDHAM",639,17530.04,0,0
2023-04-01,01A,"NHS EAST LANCASHIRE",649,16208.37,0,0
2023-04-01,05W,"NHS STOKE ON TRENT",650,17867.32,0,0
2023-04-01,00T,"NHS BOLTON",656,19496.69,0,0
2023-04-01,04V,"NHS WEST LEICESTERSHIRE",670,16958.24,0,0
2023-04-01,06N,"NHS HERTS VALLEYS",689,24663.67,0,0
2023-04-01,02Y,"NHS EAST RIDING OF YORKSHIRE",700,19353.14,0,0
2023-04-01,11M,"NHS GLOUCESTERSHIRE",723,20462.61,0,0
2023-04-01,10Q,"NHS OXFORDSHIRE",724,21843.14,0,0
2023-04-01,01G,"NHS SALFORD",741,20885.53,0,0
2023-04-01,01W,"NHS STOCKPORT",754,22674.4,0,0
2023-04-01,X2C4Y,"NHS KIRKLEES",764,26356.01,0,0
2023-04-01,07H,"NHS WEST ESSEX",774,19989.37,0,0
2023-04-01,09D,"NHS BRIGHTON AND HOVE",848,29898.08,0,0
2023-04-01,00L,"NHS NORTHUMBERLAND",874,26048.76,0,0
2023-04-01,01Y,"NHS TAMESIDE AND GLOSSOP",890,25604.63,0,0
2023-04-01,15C,"NHS BRISTOL, NORTH SOMERSET AND SOUTH GLOUCESTERSHIRE",939,33855.85,0,0
2023-04-01,00P,"NHS SUNDERLAND",992,31348.06,0,0
2023-04-01,99A,"NHS LIVERPOOL",1011,30165.01,0,0
2023-04-01,78H,"NHS NORTHAMPTONSHIRE",1041,25142.35,0,0
2023-04-01,03L,"NHS ROTHERHAM",1042,26845.71,0,0
2023-04-01,84H,"NHS COUNTY DURHAM",1045,30244.19,0,0
2023-04-01,42D,"NHS NORTH YORKSHIRE",1079,30882.88,0,0
2023-04-01,14L,"NHS MANCHESTER",1085,29456.45,0,0
2023-04-01,11N,"NHS CORNWALL AND THE ISLES OF SCILLY",1107,28654.34,0,0
2023-04-01,14Y,"NHS BUCKINGHAMSHIRE",1159,32222.1,0,0
2023-04-01,02H,"NHS WIGAN BOROUGH",1178,36168.03,0,0
2023-04-01,27D,"NHS CHESHIRE",1184,35574.5,0,0
2023-04-01,06Q,"NHS MID ESSEX",1185,29579.26,0,0
2023-04-01,15M,"NHS DERBY AND DERBYSHIRE",1225,38974.77,0,0
2023-04-01,13T,"NHS NEWCASTLE GATESHEAD",1426,46627.43,0,0
2023-04-01,06T,"NHS NORTH EAST ESSEX",1459,36006.91,0,0
2023-04-01,03N,"NHS SHEFFIELD",1479,38838.33,0,0
2023-04-01,72Q,"NHS SOUTH EAST LONDON",1489,51976.21,0,0
2023-04-01,18C,"NHS HEREFORDSHIRE AND WORCESTERSHIRE",1505,47284.62,0,0
2023-04-01,36J,"NHS BRADFORD DISTRICT AND CRAVEN",1571,44315.48,0,0
2023-04-01,B2M3M,"NHS COVENTRY AND WARWICKSHIRE",1592,44786.22,0,0
2023-04-01,06K,"NHS EAST AND NORTH HERTFORDSHIRE",1603,44903.22,0,0
2023-04-01,15F,"NHS LEEDS",1603,51635.81,0,0
2023-04-01,52R,"NHS NOTTINGHAM AND NOTTINGHAMSHIRE",1605,44046.26,0,0
2023-04-01,71E,"NHS LINCOLNSHIRE",1636,42450.56,0,0
2023-04-01,93C,"NHS NORTH CENTRAL LONDON",1656,60587.61,0,0
2023-04-01,06H,"NHS CAMBRIDGESHIRE AND PETERBOROUGH",1787,46102.12,0,0
2023-04-01,97R,"NHS EAST SUSSEX",2067,66541.95,0,0
2023-04-01,M1J4Y,"NHS BEDFORDSHIRE, LUTON AND MILTON KEYNES",2077,59570.6,0,0
2023-04-01,11J,"NHS DORSET",2083,58335.38,0,0
2023-04-01,92G,"NHS BATH AND NORTH EAST SOMERSET, SWINDON AND WILTSHIRE",2101,59414.09,0,0
2023-04-01,36L,"NHS SOUTH WEST LONDON",2159,75137.63,0,0
2023-04-01,16C,"NHS TEES VALLEY",2196,64030.52,0,0
2023-04-01,W2U3Z,"NHS NORTH WEST LONDON",2576,93571.95,0,0
2023-04-01,26A,"NHS NORFOLK AND WAVENEY",2582,71395.34,0,0
2023-04-01,D2P2L,"NHS BLACK COUNTRY",2600,80854.61,0,0
2023-04-01,A3A8R,"NHS NORTH EAST LONDON",2788,96896.36,0,0
2023-04-01,92A,"NHS SURREY HEARTLANDS",3191,114086.76,0,0
2023-04-01,15E,"NHS BIRMINGHAM AND SOLIHULL",3197,97221,0,0
2023-04-01,D9Y0V,"NHS HAMPSHIRE, SOUTHAMPTON AND ISLE OF WIGHT",3405,112972.61,0,0
2023-04-01,70F,"NHS WEST SUSSEX",3453,117229.75,0,0
2023-04-01,15N,"NHS DEVON",3587,101353.11,0,0
2023-04-01,91Q,"NHS KENT AND MEDWAY",4188,128561.78,0,0
2023-05-01,09W,"NHS MEDWAY",0,0,0,0
2023-05-01,D4U1Y,"NHS FRIMLEY",2,71.8,0,0
2023-05-01,05D,"NHS EAST STAFFORDSHIRE",222,6283.99,0,0
2023-05-01,03H,"NHS NORTH EAST LINCOLNSHIRE",225,5656.22,0,0
2023-05-01,02Q,"NHS BASSETLAW",230,5403.33,0,0
2023-05-01,00R,"NHS BLACKPOOL",236,6212.74,0,0
2023-05-01,02M,"NHS FYLDE AND WYRE",257,7013.56,0,0
2023-05-01,07G,"NHS THURROCK",257,7389.06,0,0
2023-05-01,01F,"NHS HALTON",266,7444.06,0,0
2023-05-01,01J,"NHS KNOWSLEY",293,7967.3,0,0
2023-05-01,01V,"NHS SOUTHPORT AND FORMBY",299,9236.79,0,0
2023-05-01,00N,"NHS SOUTH TYNESIDE",300,9356.93,0,0
2023-05-01,00X,"NHS CHORLEY AND SOUTH RIBBLE",303,9203.91,0,0
2023-05-01,00Q,"NHS BLACKBURN WITH DARWEN",315,8218.74,0,0
2023-05-01,04C,"NHS LEICESTER CITY",337,8223.22,0,0
2023-05-01,02T,"NHS CALDERDALE",343,11025.05,0,0
2023-05-01,01E,"NHS GREATER PRESTON",384,11729.77,0,0
2023-05-01,99C,"NHS NORTH TYNESIDE",392,14066.7,0,0
2023-05-01,99F,"NHS CASTLE POINT AND ROCHFORD",392,13713.1,0,0
2023-05-01,02P,"NHS BARNSLEY",399,10812.71,0,0
2023-05-01,05V,"NHS STAFFORD AND SURROUNDS",401,11433.94,0,0
2023-05-01,03K,"NHS NORTH LINCOLNSHIRE",403,9916.97,0,0
2023-05-01,03Q,"NHS VALE OF YORK",404,11979.9,0,0
2023-05-01,03W,"NHS EAST LEICESTERSHIRE AND RUTLAND",415,10722.22,0,0
2023-05-01,U2G6B,"NHS THAMES VALLEY ICB - U2G6B",418,13912.99,0,0
2023-05-01,10R,"NHS PORTSMOUTH",424,13676.56,0,0
2023-05-01,04Y,"NHS CANNOCK CHASE",436,14268.73,0,0
2023-05-01,00V,"NHS BURY",449,13340.08,0,0
2023-05-01,01D,"NHS HEYWOOD, MIDDLETON AND ROCHDALE",466,13330.21,0,0
2023-05-01,03F,"NHS HULL",467,11425.98,0,0
2023-05-01,01T,"NHS SOUTH SEFTON",480,13472.96,0,0
2023-05-01,02G,"NHS WEST LANCASHIRE",497,14638.03,0,0
2023-05-01,M2L0M,"NHS SHROPSHIRE, TELFORD AND WREKIN",501,16070.52,0,0
2023-05-01,05G,"NHS NORTH STAFFORDSHIRE",529,15192.37,0,0
2023-05-01,02X,"NHS DONCASTER",533,14161.42,0,0
2023-05-01,99G,"NHS SOUTHEND",559,18414.67,0,0
2023-05-01,02E,"NHS WARRINGTON",564,16896.72,0,0
2023-05-01,01K,"NHS MORECAMBE BAY",566,15448.86,0,0
2023-05-01,05Q,"NHS SOUTH EAST STAFFORDSHIRE AND SEISDON PENINSULA",572,17891.64,0,0
2023-05-01,01X,"NHS ST HELENS",575,16324.51,0,0
2023-05-01,03R,"NHS WAKEFIELD",590,16442.78,0,0
2023-05-01,12F,"NHS WIRRAL",618,17870.57,0,0
2023-05-01,11X,"NHS SOMERSET",625,16766,0,0
2023-05-01,15A,"NHS BERKSHIRE WEST",631,20533.31,0,0
2023-05-01,00Y,"NHS OLDHAM",654,18016.01,0,0
2023-05-01,02A,"NHS TRAFFORD",654,20994.5,0,0
2023-05-01,99E,"NHS BASILDON AND BRENTWOOD",663,22644.14,0,0
2023-05-01,07K,"NHS WEST SUFFOLK",665,16765.63,0,0
2023-05-01,06L,"NHS IPSWICH AND EAST SUFFOLK",669,16615.03,0,0
2023-05-01,05W,"NHS STOKE ON TRENT",678,18081.82,0,0
2023-05-01,01H,"NHS NORTH CUMBRIA",696,18978.51,0,0
2023-05-01,04V,"NHS WEST LEICESTERSHIRE",697,18256.35,0,0
2023-05-01,00T,"NHS BOLTON",710,20688.27,0,0
2023-05-01,02Y,"NHS EAST RIDING OF YORKSHIRE",736,20199.57,0,0
2023-05-01,10Q,"NHS OXFORDSHIRE",739,22132.22,0,0
2023-05-01,06N,"NHS HERTS VALLEYS",754,27154.18,0,0
2023-05-01,01A,"NHS EAST LANCASHIRE",757,18935.59,0,0
2023-05-01,01G,"NHS SALFORD",768,21996.56,0,0
2023-05-01,01W,"NHS STOCKPORT",799,23407.96,0,0
2023-05-01,11M,"NHS GLOUCESTERSHIRE",803,22312.03,0,0
2023-05-01,07H,"NHS WEST ESSEX",825,21141.61,0,0
2023-05-01,X2C4Y,"NHS KIRKLEES",861,30833.32,0,0
2023-05-01,09D,"NHS BRIGHTON AND HOVE",871,30266.25,0,0
2023-05-01,01Y,"NHS TAMESIDE AND GLOSSOP",879,25628.65,0,0
2023-05-01,15C,"NHS BRISTOL, NORTH SOMERSET AND SOUTH GLOUCESTERSHIRE",921,32116.61,0,0
2023-05-01,00L,"NHS NORTHUMBERLAND",924,27441.31,0,0
2023-05-01,00P,"NHS SUNDERLAND",1030,32012.64,0,0
2023-05-01,99A,"NHS LIVERPOOL",1037,30283.55,0,0
2023-05-01,84H,"NHS COUNTY DURHAM",1060,30793.35,0,0
2023-05-01,03L,"NHS ROTHERHAM",1116,28850.85,0,0
2023-05-01,78H,"NHS NORTHAMPTONSHIRE",1158,27847.2,0,0
2023-05-01,14L,"NHS MANCHESTER",1159,30303.27,0,0
2023-05-01,11N,"NHS CORNWALL AND THE ISLES OF SCILLY",1160,30521.5,0,0
2023-05-01,27D,"NHS CHESHIRE",1194,36400.75,0,0
2023-05-01,42D,"NHS NORTH YORKSHIRE",1243,35866.01,0,0
2023-05-01,06Q,"NHS MID ESSEX",1244,31364.3,0,0
2023-05-01,02H,"NHS WIGAN BOROUGH",1276,39706.31,0,0
2023-05-01,15M,"NHS DERBY AND DERBYSHIRE",1290,39585.04,0,0
2023-05-01,14Y,"NHS BUCKINGHAMSHIRE",1300,36164.41,0,0
2023-05-01,13T,"NHS NEWCASTLE GATESHEAD",1509,49311.69,0,0
2023-05-01,06T,"NHS NORTH EAST ESSEX",1544,38244.87,0,0
2023-05-01,03N,"NHS SHEFFIELD",1630,43928.18,0,0
2023-05-01,72Q,"NHS SOUTH EAST LONDON",1635,57430.64,0,0
2023-05-01,52R,"NHS NOTTINGHAM AND NOTTINGHAMSHIRE",1638,45258.4,0,0
2023-05-01,06K,"NHS EAST AND NORTH HERTFORDSHIRE",1665,46569.04,0,0
2023-05-01,15F,"NHS LEEDS",1685,53036.58,0,0
2023-05-01,18C,"NHS HEREFORDSHIRE AND WORCESTERSHIRE",1714,54562.04,0,0
2023-05-01,36J,"NHS BRADFORD DISTRICT AND CRAVEN",1716,49103.44,0,0
2023-05-01,71E,"NHS LINCOLNSHIRE",1768,45829.14,0,0
2023-05-01,93C,"NHS NORTH CENTRAL LONDON",1798,66620.94,0,0
2023-05-01,B2M3M,"NHS COVENTRY AND WARWICKSHIRE",1810,51170.68,0,0
2023-05-01,06H,"NHS CAMBRIDGESHIRE AND PETERBOROUGH",1909,48160.69,0,0
2023-05-01,11J,"NHS DORSET",2152,60022.6,0,0
2023-05-01,97R,"NHS EAST SUSSEX",2183,70870.15,0,0
2023-05-01,92G,"NHS BATH AND NORTH EAST SOMERSET, SWINDON AND WILTSHIRE",2189,61426.77,0,0
2023-05-01,36L,"NHS SOUTH WEST LONDON",2211,77013.83,0,0
2023-05-01,M1J4Y,"NHS BEDFORDSHIRE, LUTON AND MILTON KEYNES",2238,64406.91,0,0
2023-05-01,16C,"NHS TEES VALLEY",2353,68325.41,0,0
2023-05-01,W2U3Z,"NHS NORTH WEST LONDON",2656,95831.46,0,0
2023-05-01,D2P2L,"NHS BLACK COUNTRY",2757,86081.52,0,0
2023-05-01,26A,"NHS NORFOLK AND WAVENEY",2809,77671.37,0,0
2023-05-01,A3A8R,"NHS NORTH EAST LONDON",2893,101790.1,0,0
2023-05-01,92A,"NHS SURREY HEARTLANDS",3309,118798.97,0,0
2023-05-01,15E,"NHS BIRMINGHAM AND SOLIHULL",3527,105599.22,0,0
2023-05-01,70F,"NHS WEST SUSSEX",3611,121987.67,0,0
2023-05-01,D9Y0V,"NHS HAMPSHIRE, SOUTHAMPTON AND ISLE OF WIGHT",3619,122328.72,0,0
2023-05-01,15N,"NHS DEVON",3662,103919.15,0,0
2023-05-01,91Q,"NHS KENT AND MEDWAY",4412,136445.51,0,0
2023-06-01,09W,"NHS MEDWAY",0,0,0,0
2023-06-01,D4U1Y,"NHS FRIMLEY",4,86.92,0,0
2023-06-01,05D,"NHS EAST STAFFORDSHIRE",220,6049.71,0,0
2023-06-01,00R,"NHS BLACKPOOL",224,5852.58,0,0
2023-06-01,07G,"NHS THURROCK",243,7475.44,0,0
2023-06-01,02M,"NHS FYLDE AND WYRE",251,6605.55,0,0
2023-06-01,02Q,"NHS BASSETLAW",261,6356.98,0,0
2023-06-01,03H,"NHS NORTH EAST LINCOLNSHIRE",266,6552.93,0,0
2023-06-01,00N,"NHS SOUTH TYNESIDE",277,8760.65,0,0
2023-06-01,01F,"NHS HALTON",295,8394.85,0,0
2023-06-01,01J,"NHS KNOWSLEY",301,7673.56,0,0
2023-06-01,00Q,"NHS BLACKBURN WITH DARWEN",312,8229,0,0
2023-06-01,00X,"NHS CHORLEY AND SOUTH RIBBLE",328,9978.55,0,0
2023-06-01,01V,"NHS SOUTHPORT AND FORMBY",340,10328.87,0,0
2023-06-01,04C,"NHS LEICESTER CITY",363,8905.43,0,0
2023-06-01,03K,"NHS NORTH LINCOLNSHIRE",375,9183.89,0,0
2023-06-01,01E,"NHS GREATER PRESTON",376,11767.25,0,0
2023-06-01,99F,"NHS CASTLE POINT AND ROCHFORD",379,12865.99,0,0
2023-06-01,02P,"NHS BARNSLEY",380,10123.69,0,0
2023-06-01,99C,"NHS NORTH TYNESIDE",384,13121.29,0,0
2023-06-01,02T,"NHS CALDERDALE",386,12668.49,0,0
2023-06-01,05V,"NHS STAFFORD AND SURROUNDS",403,11890.36,0,0
2023-06-01,03W,"NHS EAST LEICESTERSHIRE AND RUTLAND",418,10745.87,0,0
2023-06-01,U2G6B,"NHS THAMES VALLEY ICB - U2G6B",418,14303.83,0,0
2023-06-01,10R,"NHS PORTSMOUTH",419,13815.89,0,0
2023-06-01,03Q,"NHS VALE OF YORK",429,13011.84,0,0
2023-06-01,01D,"NHS HEYWOOD, MIDDLETON AND ROCHDALE",433,12460.47,0,0
2023-06-01,00V,"NHS BURY",450,13194.76,0,0
2023-06-01,03F,"NHS HULL",463,11767.2,0,0
2023-06-01,04Y,"NHS CANNOCK CHASE",478,15109.5,0,0
2023-06-01,01T,"NHS SOUTH SEFTON",487,13637.56,0,0
2023-06-01,02G,"NHS WEST LANCASHIRE",512,15462.12,0,0
2023-06-01,02X,"NHS DONCASTER",540,13953.58,0,0
2023-06-01,M2L0M,"NHS SHROPSHIRE, TELFORD AND WREKIN",559,18332.34,0,0
2023-06-01,99G,"NHS SOUTHEND",573,18096.95,0,0
2023-06-01,05G,"NHS NORTH STAFFORDSHIRE",574,16067.39,0,0
2023-06-01,02E,"NHS WARRINGTON",579,17183.4,0,0
2023-06-01,01K,"NHS MORECAMBE BAY",586,15195.04,0,0
2023-06-01,05Q,"NHS SOUTH EAST STAFFORDSHIRE AND SEISDON PENINSULA",598,18219.47,0,0
2023-06-01,01X,"NHS ST HELENS",600,17218.86,0,0
2023-06-01,15A,"NHS BERKSHIRE WEST",617,20397.43,0,0
2023-06-01,99E,"NHS BASILDON AND BRENTWOOD",632,22023.99,0,0
2023-06-01,03R,"NHS WAKEFIELD",633,17329.25,0,0
2023-06-01,11X,"NHS SOMERSET",641,17445.92,0,0
2023-06-01,12F,"NHS WIRRAL",645,18950.71,0,0
2023-06-01,02A,"NHS TRAFFORD",647,20912.94,0,0
2023-06-01,05W,"NHS STOKE ON TRENT",651,17417.36,0,0
2023-06-01,00Y,"NHS OLDHAM",661,17812.49,0,0
2023-06-01,01H,"NHS NORTH CUMBRIA",672,18087.96,0,0
2023-06-01,00T,"NHS BOLTON",686,20488.07,0,0
2023-06-01,07K,"NHS WEST SUFFOLK",695,17438.76,0,0
2023-06-01,06L,"NHS IPSWICH AND EAST SUFFOLK",710,18042.27,0,0
2023-06-01,04V,"NHS WEST LEICESTERSHIRE",743,18633.67,0,0
2023-06-01,02Y,"NHS EAST RIDING OF YORKSHIRE",748,20244.62,0,0
2023-06-01,01W,"NHS STOCKPORT",776,23388.47,0,0
2023-06-01,10Q,"NHS OXFORDSHIRE",778,23021.54,0,0
2023-06-01,01A,"NHS EAST LANCASHIRE",784,19093.92,0,0
2023-06-01,06N,"NHS HERTS VALLEYS",791,27545.82,0,0
2023-06-01,11M,"NHS GLOUCESTERSHIRE",798,22850.44,0,0
2023-06-01,01G,"NHS SALFORD",828,23921.88,0,0
2023-06-01,07H,"NHS WEST ESSEX",843,21853.28,0,0
2023-06-01,09D,"NHS BRIGHTON AND HOVE",868,29684.77,0,0
2023-06-01,X2C4Y,"NHS KIRKLEES",881,30602.2,0,0
2023-06-01,00L,"NHS NORTHUMBERLAND",918,27513.42,0,0
2023-06-01,01Y,"NHS TAMESIDE AND GLOSSOP",938,26786.63,0,0
2023-06-01,15C,"NHS BRISTOL, NORTH SOMERSET AND SOUTH GLOUCESTERSHIRE",988,36062.12,0,0
2023-06-01,99A,"NHS LIVERPOOL",1059,30745.29,0,0
2023-06-01,84H,"NHS COUNTY DURHAM",1060,30528.09,0,0
2023-06-01,03L,"NHS ROTHERHAM",1096,28357.67,0,0
2023-06-01,00P,"NHS SUNDERLAND",1109,34721.74,0,0
2023-06-01,11N,"NHS CORNWALL AND THE ISLES OF SCILLY",1189,30613.1,0,0
2023-06-01,78H,"NHS NORTHAMPTONSHIRE",1199,29079.41,0,0
2023-06-01,14L,"NHS MANCHESTER",1206,33344.54,0,0
2023-06-01,42D,"NHS NORTH YORKSHIRE",1218,34863.95,0,0
2023-06-01,06Q,"NHS MID ESSEX",1236,30966.32,0,0
2023-06-01,27D,"NHS CHESHIRE",1249,37510.76,0,0
2023-06-01,14Y,"NHS BUCKINGHAMSHIRE",1257,34364.74,0,0
2023-06-01,02H,"NHS WIGAN BOROUGH",1261,38802.55,0,0
2023-06-01,15M,"NHS DERBY AND DERBYSHIRE",1361,43748.46,0,0
2023-06-01,13T,"NHS NEWCASTLE GATESHEAD",1506,48685.38,0,0
2023-06-01,06T,"NHS NORTH EAST ESSEX",1541,37751.83,0,0
2023-06-01,03N,"NHS SHEFFIELD",1560,41000.76,0,0
2023-06-01,72Q,"NHS SOUTH EAST LONDON",1632,57229.02,0,0
2023-06-01,06K,"NHS EAST AND NORTH HERTFORDSHIRE",1652,46147.06,0,0
2023-06-01,18C,"NHS HEREFORDSHIRE AND WORCESTERSHIRE",1707,54034.33,0,0
2023-06-01,52R,"NHS NOTTINGHAM AND NOTTINGHAMSHIRE",1710,46291.4,0,0
2023-06-01,15F,"NHS LEEDS",1742,54887.84,0,0
2023-06-01,36J,"NHS BRADFORD DISTRICT AND CRAVEN",1766,50124.74,0,0
2023-06-01,93C,"NHS NORTH CENTRAL LONDON",1773,64010.35,0,0
2023-06-01,71E,"NHS LINCOLNSHIRE",1776,46309.11,0,0
2023-06-01,B2M3M,"NHS COVENTRY AND WARWICKSHIRE",1777,50195.98,0,0
2023-06-01,06H,"NHS CAMBRIDGESHIRE AND PETERBOROUGH",1993,50522.99,0,0
2023-06-01,97R,"NHS EAST SUSSEX",2126,69006.89,0,0
2023-06-01,11J,"NHS DORSET",2128,59782.17,0,0
2023-06-01,92G,"NHS BATH AND NORTH EAST SOMERSET, SWINDON AND WILTSHIRE",2225,63353.96,0,0
2023-06-01,M1J4Y,"NHS BEDFORDSHIRE, LUTON AND MILTON KEYNES",2254,65499.63,0,0
2023-06-01,36L,"NHS SOUTH WEST LONDON",2291,79988.36,0,0
2023-06-01,16C,"NHS TEES VALLEY",2397,69328.66,0,0
2023-06-01,W2U3Z,"NHS NORTH WEST LONDON",2615,95829.76,0,0
2023-06-01,D2P2L,"NHS BLACK COUNTRY",2762,86997.6,0,0
2023-06-01,26A,"NHS NORFOLK AND WAVENEY",2784,76482.28,0,0
2023-06-01,A3A8R,"NHS NORTH EAST LONDON",3003,104925.47,0,0
2023-06-01,92A,"NHS SURREY HEARTLANDS",3306,118003.08,0,0
2023-06-01,15E,"NHS BIRMINGHAM AND SOLIHULL",3387,102754.21,0,0
2023-06-01,D9Y0V,"NHS HAMPSHIRE, SOUTHAMPTON AND ISLE OF WIGHT",3647,123646.57,0,0
2023-06-01,70F,"NHS WEST SUSSEX",3731,127563.14,0,0
2023-06-01,15N,"NHS DEVON",3748,105096.66,0,0
2023-06-01,91Q,"NHS KENT AND MEDWAY",4373,133711.09,0,0
2023-07-01,09W,"NHS MEDWAY",0,0,0,0
2023-07-01,D4U1Y,"NHS FRIMLEY",3,70.17,0,0
2023-07-01,05D,"NHS EAST STAFFORDSHIRE",204,5862.34,0,0
2023-07-01,07G,"NHS THURROCK",224,6877.67,0,0
2023-07-01,03H,"NHS NORTH EAST LINCOLNSHIRE",233,5499.3,0,0
2023-07-01,02Q,"NHS BASSETLAW",235,5601.15,0,0
2023-07-01,00R,"NHS BLACKPOOL",239,6286.99,0,0
2023-07-01,02M,"NHS FYLDE AND WYRE",243,6531.99,0,0
2023-07-01,01F,"NHS HALTON",260,7425.11,0,0
2023-07-01,00N,"NHS SOUTH TYNESIDE",264,8583.63,0,0
2023-07-01,01V,"NHS SOUTHPORT AND FORMBY",287,8652.93,0,0
2023-07-01,00Q,"NHS BLACKBURN WITH DARWEN",295,7825.6,0,0
2023-07-01,01J,"NHS KNOWSLEY",305,7973.48,0,0
2023-07-01,04C,"NHS LEICESTER CITY",324,7719.03,0,0
2023-07-01,00X,"NHS CHORLEY AND SOUTH RIBBLE",338,10135.69,0,0
2023-07-01,02T,"NHS CALDERDALE",338,10744.79,0,0
2023-07-01,01E,"NHS GREATER PRESTON",363,11425.3,0,0
2023-07-01,99C,"NHS NORTH TYNESIDE",366,13279.61,0,0
2023-07-01,03K,"NHS NORTH LINCOLNSHIRE",380,9557.52,0,0
2023-07-01,02P,"NHS BARNSLEY",385,10396.47,0,0
2023-07-01,99F,"NHS CASTLE POINT AND ROCHFORD",387,12888.74,0,0
2023-07-01,05V,"NHS STAFFORD AND SURROUNDS",395,11396.51,0,0
2023-07-01,03W,"NHS EAST LEICESTERSHIRE AND RUTLAND",397,10211.86,0,0
2023-07-01,10R,"NHS PORTSMOUTH",400,12949.37,0,0
2023-07-01,03Q,"NHS VALE OF YORK",408,12245.36,0,0
2023-07-01,01T,"NHS SOUTH SEFTON",436,12383.21,0,0
2023-07-01,01D,"NHS HEYWOOD, MIDDLETON AND ROCHDALE",438,12630.96,0,0
2023-07-01,04Y,"NHS CANNOCK CHASE",440,13673.92,0,0
2023-07-01,00V,"NHS BURY",441,13310.44,0,0
2023-07-01,03F,"NHS HULL",482,12093.46,0,0
2023-07-01,U2G6B,"NHS THAMES VALLEY ICB - U2G6B",488,16477.19,0,0
2023-07-01,02G,"NHS WEST LANCASHIRE",503,15131.68,0,0
2023-07-01,01K,"NHS MORECAMBE BAY",520,13816.8,0,0
2023-07-01,02X,"NHS DONCASTER",529,14087.9,0,0
2023-07-01,01X,"NHS ST HELENS",544,15733.41,0,0
2023-07-01,M2L0M,"NHS SHROPSHIRE, TELFORD AND WREKIN",548,18082.89,0,0
2023-07-01,05G,"NHS NORTH STAFFORDSHIRE",550,15941.2,0,0
2023-07-01,02E,"NHS WARRINGTON",552,16619.51,0,0
2023-07-01,05Q,"NHS SOUTH EAST STAFFORDSHIRE AND SEISDON PENINSULA",563,17359.38,0,0
2023-07-01,15A,"NHS BERKSHIRE WEST",583,18905.25,0,0
2023-07-01,99G,"NHS SOUTHEND",587,19009.52,0,0
2023-07-01,03R,"NHS WAKEFIELD",589,16120.42,0,0
2023-07-01,11X,"NHS SOMERSET",592,15985.9,0,0
2023-07-01,12F,"NHS WIRRAL",608,18098.01,0,0
2023-07-01,02A,"NHS TRAFFORD",623,19695.67,0,0
2023-07-01,05W,"NHS STOKE ON TRENT",627,16797.18,0,0
2023-07-01,99E,"NHS BASILDON AND BRENTWOOD",631,21449.49,0,0
2023-07-01,00Y,"NHS OLDHAM",639,17210.68,0,0
2023-07-01,01H,"NHS NORTH CUMBRIA",654,17741.03,0,0
2023-07-01,00T,"NHS BOLTON",667,19557.25,0,0
2023-07-01,06L,"NHS IPSWICH AND EAST SUFFOLK",674,16625.45,0,0
2023-07-01,01A,"NHS EAST LANCASHIRE",687,16985.26,0,0
2023-07-01,07K,"NHS WEST SUFFOLK",703,17487.07,0,0
2023-07-01,04V,"NHS WEST LEICESTERSHIRE",704,18189.18,0,0
2023-07-01,10Q,"NHS OXFORDSHIRE",716,20458.45,0,0
2023-07-01,11M,"NHS GLOUCESTERSHIRE",726,20193.01,0,0
2023-07-01,02Y,"NHS EAST RIDING OF YORKSHIRE",732,19892.57,0,0
2023-07-01,06N,"NHS HERTS VALLEYS",736,26536.66,0,0
2023-07-01,01W,"NHS STOCKPORT",747,22135.13,0,0
2023-07-01,07H,"NHS WEST ESSEX",779,20562.03,0,0
2023-07-01,01G,"NHS SALFORD",783,22435.73,0,0
2023-07-01,X2C4Y,"NHS KIRKLEES",800,27364.78,0,0
2023-07-01,09D,"NHS BRIGHTON AND HOVE",837,28729.14,0,0
2023-07-01,15C,"NHS BRISTOL, NORTH SOMERSET AND SOUTH GLOUCESTERSHIRE",861,29755.91,0,0
2023-07-01,00L,"NHS NORTHUMBERLAND",865,26644.68,0,0
2023-07-01,01Y,"NHS TAMESIDE AND GLOSSOP",866,25199.57,0,0
2023-07-01,99A,"NHS LIVERPOOL",950,27718.93,0,0
2023-07-01,00P,"NHS SUNDERLAND",1002,31696.32,0,0
2023-07-01,84H,"NHS COUNTY DURHAM",1032,29747.34,0,0
2023-07-01,03L,"NHS ROTHERHAM",1096,28428.63,0,0
2023-07-01,27D,"NHS CHESHIRE",1132,33611.79,0,0
2023-07-01,42D,"NHS NORTH YORKSHIRE",1141,32940.4,0,0
2023-07-01,78H,"NHS NORTHAMPTONSHIRE",1150,27829.99,0,0
2023-07-01,14L,"NHS MANCHESTER",1152,31077.97,0,0
2023-07-01,11N,"NHS CORNWALL AND THE ISLES OF SCILLY",1162,30916.2,0,0
2023-07-01,06Q,"NHS MID ESSEX",1200,30536.77,0,0
2023-07-01,14Y,"NHS BUCKINGHAMSHIRE",1211,33865.13,0,0
2023-07-01,02H,"NHS WIGAN BOROUGH",1217,37532,0,0
2023-07-01,15M,"NHS DERBY AND DERBYSHIRE",1287,40331.63,0,0
2023-07-01,13T,"NHS NEWCASTLE GATESHEAD",1416,45363.05,0,0
2023-07-01,06T,"NHS NORTH EAST ESSEX",1534,37142.12,0,0
2023-07-01,52R,"NHS NOTTINGHAM AND NOTTINGHAMSHIRE",1548,42094.91,0,0
2023-07-01,03N,"NHS SHEFFIELD",1551,40746.69,0,0
2023-07-01,06K,"NHS EAST AND NORTH HERTFORDSHIRE",1614,44348.65,0,0
2023-07-01,72Q,"NHS SOUTH EAST LONDON",1618,57439.82,0,0
2023-07-01,18C,"NHS HEREFORDSHIRE AND WORCESTERSHIRE",1635,51129.72,0,0
2023-07-01,36J,"NHS BRADFORD DISTRICT AND CRAVEN",1687,47864.64,0,0
2023-07-01,15F,"NHS LEEDS",1711,53255.78,0,0
2023-07-01,B2M3M,"NHS COVENTRY AND WARWICKSHIRE",1713,48799.37,0,0
2023-07-01,71E,"NHS LINCOLNSHIRE",1730,45035.14,0,0
2023-07-01,93C,"NHS NORTH CENTRAL LONDON",1792,65570.04,0,0
2023-07-01,06H,"NHS CAMBRIDGESHIRE AND PETERBOROUGH",1841,46775.75,0,0
2023-07-01,11J,"NHS DORSET",1991,56228.36,0,0
2023-07-01,97R,"NHS EAST SUSSEX",2075,66871.15,0,0
2023-07-01,92G,"NHS BATH AND NORTH EAST SOMERSET, SWINDON AND WILTSHIRE",2122,59655.19,0,0
2023-07-01,36L,"NHS SOUTH WEST LONDON",2172,76143.93,0,0
2023-07-01,M1J4Y,"NHS BEDFORDSHIRE, LUTON AND MILTON KEYNES",2231,62910.25,0,0
2023-07-01,16C,"NHS TEES VALLEY",2262,65964.91,0,0
2023-07-01,W2U3Z,"NHS NORTH WEST LONDON",2476,89169.17,0,0
2023-07-01,D2P2L,"NHS BLACK COUNTRY",2631,81523.58,0,0
2023-07-01,26A,"NHS NORFOLK AND WAVENEY",2682,73099.41,0,0
2023-07-01,A3A8R,"NHS NORTH EAST LONDON",2916,101194.57,0,0
2023-07-01,92A,"NHS SURREY HEARTLANDS",3185,114292.54,0,0
2023-07-01,15E,"NHS BIRMINGHAM AND SOLIHULL",3290,98901.35,0,0
2023-07-01,D9Y0V,"NHS HAMPSHIRE, SOUTHAMPTON AND ISLE OF WIGHT",3396,113391.03,0,0
2023-07-01,70F,"NHS WEST SUSSEX",3453,115913.07,0,0
2023-07-01,15N,"NHS DEVON",3594,101008.62,0,0
2023-07-01,91Q,"NHS KENT AND MEDWAY",4091,124819.12,0,0
2023-08-01,09W,"NHS MEDWAY",0,0,0,0
2023-08-01,D4U1Y,"NHS FRIMLEY",4,129.43,0,0
2023-08-01,05D,"NHS EAST STAFFORDSHIRE",182,5103.6,0,0
2023-08-01,00R,"NHS BLACKPOOL",231,6047.64,0,0
2023-08-01,03H,"NHS NORTH EAST LINCOLNSHIRE",233,5798.04,0,0
2023-08-01,00N,"NHS SOUTH TYNESIDE",255,7998.56,0,0
2023-08-01,07G,"NHS THURROCK",260,7541.95,0,0
2023-08-01,01V,"NHS SOUTHPORT AND FORMBY",262,7911.64,0,0
2023-08-01,02Q,"NHS BASSETLAW",262,6369.67,0,0
2023-08-01,01J,"NHS KNOWSLEY",269,7457.73,0,0
2023-08-01,02M,"NHS FYLDE AND WYRE",276,7386.48,0,0
2023-08-01,00Q,"NHS BLACKBURN WITH DARWEN",284,7600.94,0,0
2023-08-01,01F,"NHS HALTON",301,8602.73,0,0
2023-08-01,00X,"NHS CHORLEY AND SOUTH RIBBLE",311,9352.64,0,0
2023-08-01,01E,"NHS GREATER PRESTON",341,10556.26,0,0
2023-08-01,04C,"NHS LEICESTER CITY",342,8445.45,0,0
2023-08-01,02T,"NHS CALDERDALE",354,11492.52,0,0
2023-08-01,03K,"NHS NORTH LINCOLNSHIRE",361,8955.48,0,0
2023-08-01,05V,"NHS STAFFORD AND SURROUNDS",364,10379.73,0,0
2023-08-01,99C,"NHS NORTH TYNESIDE",364,12576.09,0,0
2023-08-01,U2G6B,"NHS THAMES VALLEY ICB - U2G6B",393,13266.39,0,0
2023-08-01,99F,"NHS CASTLE POINT AND ROCHFORD",395,13481.54,0,0
2023-08-01,10R,"NHS PORTSMOUTH",400,12880.62,0,0
2023-08-01,03W,"NHS EAST LEICESTERSHIRE AND RUTLAND",407,10535.61,0,0
2023-08-01,01D,"NHS HEYWOOD, MIDDLETON AND ROCHDALE",416,11709.29,0,0
2023-08-01,02P,"NHS BARNSLEY",419,11202.25,0,0
2023-08-01,01T,"NHS SOUTH SEFTON",423,11599.39,0,0
2023-08-01,03F,"NHS HULL",441,11016.92,0,0
2023-08-01,04Y,"NHS CANNOCK CHASE",442,13989.52,0,0
2023-08-01,03Q,"NHS VALE OF YORK",450,13194.94,0,0
2023-08-01,00V,"NHS BURY",485,14228.77,0,0
2023-08-01,02G,"NHS WEST LANCASHIRE",489,14685.65,0,0
2023-08-01,02X,"NHS DONCASTER",497,12934.53,0,0
2023-08-01,99G,"NHS SOUTHEND",519,17324.95,0,0
2023-08-01,01X,"NHS ST HELENS",535,15343.57,0,0
2023-08-01,02E,"NHS WARRINGTON",543,15807.25,0,0
2023-08-01,05G,"NHS NORTH STAFFORDSHIRE",553,15485.38,0,0
2023-08-01,05Q,"NHS SOUTH EAST STAFFORDSHIRE AND SEISDON PENINSULA",562,17308.04,0,0
2023-08-01,M2L0M,"NHS SHROPSHIRE, TELFORD AND WREKIN",563,18293.47,0,0
2023-08-01,15A,"NHS BERKSHIRE WEST",568,18591.62,0,0
2023-08-01,01K,"NHS MORECAMBE BAY",576,15806.85,0,0
2023-08-01,11X,"NHS SOMERSET",581,15802.16,0,0
2023-08-01,99E,"NHS BASILDON AND BRENTWOOD",597,20251.8,0,0
2023-08-01,03R,"NHS WAKEFIELD",601,16533.33,0,0
2023-08-01,12F,"NHS WIRRAL",613,18113.79,0,0
2023-08-01,02A,"NHS TRAFFORD",616,19818.58,0,0
2023-08-01,05W,"NHS STOKE ON TRENT",618,16995.52,0,0
2023-08-01,00Y,"NHS OLDHAM",620,17029.23,0,0
2023-08-01,01H,"NHS NORTH CUMBRIA",648,17487.28,0,0
2023-08-01,06L,"NHS IPSWICH AND EAST SUFFOLK",674,17361.4,0,0
2023-08-01,07K,"NHS WEST SUFFOLK",693,17395.44,0,0
2023-08-01,04V,"NHS WEST LEICESTERSHIRE",695,17704.5,0,0
2023-08-01,00T,"NHS BOLTON",699,20387.13,0,0
2023-08-01,01W,"NHS STOCKPORT",713,21494.66,0,0
2023-08-01,01G,"NHS SALFORD",723,20478.94,0,0
2023-08-01,01A,"NHS EAST LANCASHIRE",730,17933.87,0,0
2023-08-01,11M,"NHS GLOUCESTERSHIRE",736,20777.68,0,0
2023-08-01,02Y,"NHS EAST RIDING OF YORKSHIRE",738,20249.64,0,0
2023-08-01,10Q,"NHS OXFORDSHIRE",741,21946,0,0
2023-08-01,06N,"NHS HERTS VALLEYS",747,27298.3,0,0
2023-08-01,07H,"NHS WEST ESSEX",778,20030.68,0,0
2023-08-01,09D,"NHS BRIGHTON AND HOVE",830,28588.89,0,0
2023-08-01,X2C4Y,"NHS KIRKLEES",860,29640.27,0,0
2023-08-01,15C,"NHS BRISTOL, NORTH SOMERSET AND SOUTH GLOUCESTERSHIRE",874,31652.07,0,0
2023-08-01,00L,"NHS NORTHUMBERLAND",893,26722.07,0,0
2023-08-01,01Y,"NHS TAMESIDE AND GLOSSOP",893,25331.09,0,0
2023-08-01,99A,"NHS LIVERPOOL",963,28115.03,0,0
2023-08-01,00P,"NHS SUNDERLAND",1011,31285.52,0,0
2023-08-01,03L,"NHS ROTHERHAM",1032,26535.6,0,0
2023-08-01,84H,"NHS COUNTY DURHAM",1047,29686.79,0,0
2023-08-01,78H,"NHS NORTHAMPTONSHIRE",1078,25908.47,0,0
2023-08-01,27D,"NHS CHESHIRE",1119,33177.63,0,0
2023-08-01,14L,"NHS MANCHESTER",1131,30501.51,0,0
2023-08-01,11N,"NHS CORNWALL AND THE ISLES OF SCILLY",1167,30331.07,0,0
2023-08-01,02H,"NHS WIGAN BOROUGH",1192,36397.1,0,0
2023-08-01,42D,"NHS NORTH YORKSHIRE",1194,33878.88,0,0
2023-08-01,06Q,"NHS MID ESSEX",1203,30454.23,0,0
2023-08-01,14Y,"NHS BUCKINGHAMSHIRE",1218,34258.76,0,0
2023-08-01,15M,"NHS DERBY AND DERBYSHIRE",1310,41248.08,0,0
2023-08-01,13T,"NHS NEWCASTLE GATESHEAD",1446,46187.01,0,0
2023-08-01,06T,"NHS NORTH EAST ESSEX",1450,35918.92,0,0
2023-08-01,72Q,"NHS SOUTH EAST LONDON",1470,52000.52,0,0
2023-08-01,03N,"NHS SHEFFIELD",1510,39488.99,0,0
2023-08-01,06K,"NHS EAST AND NORTH HERTFORDSHIRE",1582,44644.83,0,0
2023-08-01,52R,"NHS NOTTINGHAM AND NOTTINGHAMSHIRE",1603,43933.67,0,0
2023-08-01,15F,"NHS LEEDS",1659,52189.92,0,0
2023-08-01,36J,"NHS BRADFORD DISTRICT AND CRAVEN",1664,47176.62,0,0
2023-08-01,93C,"NHS NORTH CENTRAL LONDON",1691,62148.68,0,0
2023-08-01,18C,"NHS HEREFORDSHIRE AND WORCESTERSHIRE",1699,52481.26,0,0
2023-08-01,B2M3M,"NHS COVENTRY AND WARWICKSHIRE",1742,48990.89,0,0
2023-08-01,71E,"NHS LINCOLNSHIRE",1762,45317.08,0,0
2023-08-01,06H,"NHS CAMBRIDGESHIRE AND PETERBOROUGH",1874,47740.61,0,0
2023-08-01,36L,"NHS SOUTH WEST LONDON",2021,69776.98,0,0
2023-08-01,11J,"NHS DORSET",2022,56471.64,0,0
2023-08-01,92G,"NHS BATH AND NORTH EAST SOMERSET, SWINDON AND WILTSHIRE",2075,58221.08,0,0
2023-08-01,97R,"NHS EAST SUSSEX",2086,66861.48,0,0
2023-08-01,M1J4Y,"NHS BEDFORDSHIRE, LUTON AND MILTON KEYNES",2186,62098.7,0,0
2023-08-01,16C,"NHS TEES VALLEY",2199,63992.44,0,0
2023-08-01,W2U3Z,"NHS NORTH WEST LONDON",2273,83785.05,0,0
2023-08-01,D2P2L,"NHS BLACK COUNTRY",2622,80401.27,0,0
2023-08-01,26A,"NHS NORFOLK AND WAVENEY",2654,73641.9,0,0
2023-08-01,A3A8R,"NHS NORTH EAST LONDON",2758,95781.24,0,0
2023-08-01,92A,"NHS SURREY HEARTLANDS",3120,111014.02,0,0
2023-08-01,15E,"NHS BIRMINGHAM AND SOLIHULL",3133,93892.05,0,0
2023-08-01,D9Y0V,"NHS HAMPSHIRE, SOUTHAMPTON AND ISLE OF WIGHT",3408,115586.02,0,0
2023-08-01,70F,"NHS WEST SUSSEX",3459,118345.96,0,0
2023-08-01,15N,"NHS DEVON",3581,100044.06,0,0
2023-08-01,91Q,"NHS KENT AND MEDWAY",4103,126213,0,0
2023-09-01,09W,"NHS MEDWAY",0,0,0,0
2023-09-01,D4U1Y,"NHS FRIMLEY",4,96.34,0,0
2023-09-01,05D,"NHS EAST STAFFORDSHIRE",200,5644.3,0,0
2023-09-01,02M,"NHS FYLDE AND WYRE",230,6265.51,0,0
2023-09-01,07G,"NHS THURROCK",238,7114.54,0,0
2023-09-01,00R,"NHS BLACKPOOL",240,6518.73,0,0
2023-09-01,02Q,"NHS BASSETLAW",257,6188.94,0,0
2023-09-01,03H,"NHS NORTH EAST LINCOLNSHIRE",262,6298.69,0,0
2023-09-01,01J,"NHS KNOWSLEY",279,7230.89,0,0
2023-09-01,00N,"NHS SOUTH TYNESIDE",282,8953.13,0,0
2023-09-01,01V,"NHS SOUTHPORT AND FORMBY",284,8670.31,0,0
2023-09-01,00X,"NHS CHORLEY AND SOUTH RIBBLE",288,8657.52,0,0
2023-09-01,01F,"NHS HALTON",294,7995.36,0,0
2023-09-01,00Q,"NHS BLACKBURN WITH DARWEN",315,7818.55,0,0
2023-09-01,04C,"NHS LEICESTER CITY",334,7774.08,0,0
2023-09-01,03Q,"NHS VALE OF YORK",342,10248.18,0,0
2023-09-01,02T,"NHS CALDERDALE",345,11015.82,0,0
2023-09-01,01E,"NHS GREATER PRESTON",362,11165.42,0,0
2023-09-01,99F,"NHS CASTLE POINT AND ROCHFORD",363,12298.57,0,0
2023-09-01,99C,"NHS NORTH TYNESIDE",372,13081.85,0,0
2023-09-01,03K,"NHS NORTH LINCOLNSHIRE",376,9080.78,0,0
2023-09-01,05V,"NHS STAFFORD AND SURROUNDS",385,11015.57,0,0
2023-09-01,10R,"NHS PORTSMOUTH",388,12412.06,0,0
2023-09-01,02P,"NHS BARNSLEY",395,10396.39,0,0
2023-09-01,U2G6B,"NHS THAMES VALLEY ICB - U2G6B",404,13058.38,0,0
2023-09-01,01T,"NHS SOUTH SEFTON",407,11294.06,0,0
2023-09-01,03W,"NHS EAST LEICESTERSHIRE AND RUTLAND",419,10996.12,0,0
2023-09-01,04Y,"NHS CANNOCK CHASE",433,13666.34,0,0
2023-09-01,00V,"NHS BURY",447,12753.3,0,0
2023-09-01,03F,"NHS HULL",463,11487.64,0,0
2023-09-01,01D,"NHS HEYWOOD, MIDDLETON AND ROCHDALE",467,13071.81,0,0
2023-09-01,02G,"NHS WEST LANCASHIRE",505,15128.34,0,0
2023-09-01,02X,"NHS DONCASTER",527,13503.71,0,0
2023-09-01,05G,"NHS NORTH STAFFORDSHIRE",527,14691.33,0,0
2023-09-01,01X,"NHS ST HELENS",528,15216.64,0,0
2023-09-01,M2L0M,"NHS SHROPSHIRE, TELFORD AND WREKIN",530,16719.47,0,0
2023-09-01,01K,"NHS MORECAMBE BAY",540,14074.03,0,0
2023-09-01,02E,"NHS WARRINGTON",545,16301.52,0,0
2023-09-01,99G,"NHS SOUTHEND",550,17995.51,0,0
2023-09-01,05Q,"NHS SOUTH EAST STAFFORDSHIRE AND SEISDON PENINSULA",554,17422.17,0,0
2023-09-01,11X,"NHS SOMERSET",570,15816.74,0,0
2023-09-01,15A,"NHS BERKSHIRE WEST",581,19149.61,0,0
2023-09-01,03R,"NHS WAKEFIELD",608,16505.29,0,0
2023-09-01,99E,"NHS BASILDON AND BRENTWOOD",610,20877.29,0,0
2023-09-01,00Y,"NHS OLDHAM",613,16765.13,0,0
2023-09-01,12F,"NHS WIRRAL",622,18484.04,0,0
2023-09-01,05W,"NHS STOKE ON TRENT",625,16569.14,0,0
2023-09-01,02A,"NHS TRAFFORD",630,20165.8,0,0
2023-09-01,00T,"NHS BOLTON",633,18712.47,0,0
2023-09-01,06L,"NHS IPSWICH AND EAST SUFFOLK",652,15906.06,0,0
2023-09-01,01H,"NHS NORTH CUMBRIA",671,17876.4,0,0
2023-09-01,07K,"NHS WEST SUFFOLK",679,17222.07,0,0
2023-09-01,04V,"NHS WEST LEICESTERSHIRE",681,16857.23,0,0
2023-09-01,06N,"NHS HERTS VALLEYS",706,24311.09,0,0
2023-09-01,01A,"NHS EAST LANCASHIRE",709,17387.5,0,0
2023-09-01,01G,"NHS SALFORD",718,20671.64,0,0
2023-09-01,02Y,"NHS EAST RIDING OF YORKSHIRE",719,19289.41,0,0
2023-09-01,10Q,"NHS OXFORDSHIRE",723,20976.04,0,0
2023-09-01,01W,"NHS STOCKPORT",731,21256.12,0,0
2023-09-01,07H,"NHS WEST ESSEX",742,19130.74,0,0
2023-09-01,11M,"NHS GLOUCESTERSHIRE",751,21428,0,0
2023-09-01,09D,"NHS BRIGHTON AND HOVE",813,28471.67,0,0
2023-09-01,15C,"NHS BRISTOL, NORTH SOMERSET AND SOUTH GLOUCESTERSHIRE",830,29571.35,0,0
2023-09-01,X2C4Y,"NHS KIRKLEES",868,30708.01,0,0
2023-09-01,00L,"NHS NORTHUMBERLAND",876,25975.63,0,0
2023-09-01,01Y,"NHS TAMESIDE AND GLOSSOP",912,26031.26,0,0
2023-09-01,99A,"NHS LIVERPOOL",936,27170.15,0,0
2023-09-01,00P,"NHS SUNDERLAND",944,29004,0,0
2023-09-01,84H,"NHS COUNTY DURHAM",1034,29860.49,0,0
2023-09-01,03L,"NHS ROTHERHAM",1086,28051.78,0,0
2023-09-01,27D,"NHS CHESHIRE",1110,32960.36,0,0
2023-09-01,42D,"NHS NORTH YORKSHIRE",1117,31024.09,0,0
2023-09-01,78H,"NHS NORTHAMPTONSHIRE",1120,27021.55,0,0
2023-09-01,06Q,"NHS MID ESSEX",1125,28425.48,0,0
2023-09-01,14L,"NHS MANCHESTER",1127,30210.2,0,0
2023-09-01,14Y,"NHS BUCKINGHAMSHIRE",1138,31073.6,0,0
2023-09-01,02H,"NHS WIGAN BOROUGH",1149,35461.59,0,0
2023-09-01,11N,"NHS CORNWALL AND THE ISLES OF SCILLY",1156,29770.55,0,0
2023-09-01,15M,"NHS DERBY AND DERBYSHIRE",1288,39847.17,0,0
2023-09-01,13T,"NHS NEWCASTLE GATESHEAD",1416,45213.26,0,0
2023-09-01,03N,"NHS SHEFFIELD",1422,37515.75,0,0
2023-09-01,06T,"NHS NORTH EAST ESSEX",1465,36050,0,0
2023-09-01,06K,"NHS EAST AND NORTH HERTFORDSHIRE",1521,41323.63,0,0
2023-09-01,18C,"NHS HEREFORDSHIRE AND WORCESTERSHIRE",1569,49285.52,0,0
2023-09-01,72Q,"NHS SOUTH EAST LONDON",1596,56459.44,0,0
2023-09-01,52R,"NHS NOTTINGHAM AND NOTTINGHAMSHIRE",1603,43401.28,0,0
2023-09-01,B2M3M,"NHS COVENTRY AND WARWICKSHIRE",1679,47609.45,0,0
2023-09-01,15F,"NHS LEEDS",1683,52990.65,0,0
2023-09-01,36J,"NHS BRADFORD DISTRICT AND CRAVEN",1698,47691.85,0,0
2023-09-01,71E,"NHS LINCOLNSHIRE",1716,44210,0,0
2023-09-01,93C,"NHS NORTH CENTRAL LONDON",1752,63683.21,0,0
2023-09-01,06H,"NHS CAMBRIDGESHIRE AND PETERBOROUGH",1811,45944.75,0,0
2023-09-01,11J,"NHS DORSET",2036,57310.54,0,0
2023-09-01,92G,"NHS BATH AND NORTH EAST SOMERSET, SWINDON AND WILTSHIRE",2073,57944.91,0,0
2023-09-01,97R,"NHS EAST SUSSEX",2103,67046.37,0,0
2023-09-01,36L,"NHS SOUTH WEST LONDON",2120,73587.69,0,0
2023-09-01,M1J4Y,"NHS BEDFORDSHIRE, LUTON AND MILTON KEYNES",2199,63029.5,0,0
2023-09-01,16C,"NHS TEES VALLEY",2240,64086.4,0,0
2023-09-01,W2U3Z,"NHS NORTH WEST LONDON",2295,82312.52,0,0
2023-09-01,26A,"NHS NORFOLK AND WAVENEY",2657,72790.94,0,0
2023-09-01,D2P2L,"NHS BLACK COUNTRY",2684,82249.22,0,0
2023-09-01,A3A8R,"NHS NORTH EAST LONDON",2902,99500.41,0,0
2023-09-01,92A,"NHS SURREY HEARTLANDS",3107,110691.08,0,0
2023-09-01,15E,"NHS BIRMINGHAM AND SOLIHULL",3173,94688.97,0,0
2023-09-01,D9Y0V,"NHS HAMPSHIRE, SOUTHAMPTON AND ISLE OF WIGHT",3441,116346.3,0,0
2023-09-01,70F,"NHS WEST SUSSEX",3473,116357.4,0,0
2023-09-01,15N,"NHS DEVON",3507,98611.2,0,0
2023-09-01,91Q,"NHS KENT AND MEDWAY",4181,127306.73,0,0
2023-10-01,09W,"NHS MEDWAY",0,0,0,0
2023-10-01,D4U1Y,"NHS FRIMLEY",2,38.35,0,0
2023-10-01,05D,"NHS EAST STAFFORDSHIRE",203,6143.34,0,0
2023-10-01,00R,"NHS BLACKPOOL",219,5591.55,0,0
2023-10-01,03H,"NHS NORTH EAST LINCOLNSHIRE",235,5892.94,0,0
2023-10-01,07G,"NHS THURROCK",243,6899.2,0,0
2023-10-01,02Q,"NHS BASSETLAW",246,6022.41,0,0
2023-10-01,00N,"NHS SOUTH TYNESIDE",251,7652.52,0,0
2023-10-01,01V,"NHS SOUTHPORT AND FORMBY",259,7543.15,0,0
2023-10-01,02M,"NHS FYLDE AND WYRE",263,6994.16,0,0
2023-10-01,01F,"NHS HALTON",273,7725.97,0,0
2023-10-01,01J,"NHS KNOWSLEY",308,8099.92,0,0
2023-10-01,00Q,"NHS BLACKBURN WITH DARWEN",324,8334.94,0,0
2023-10-01,04C,"NHS LEICESTER CITY",326,7873.02,0,0
2023-10-01,02T,"NHS CALDERDALE",342,10956.86,0,0
2023-10-01,00X,"NHS CHORLEY AND SOUTH RIBBLE",344,10148.8,0,0
2023-10-01,99F,"NHS CASTLE POINT AND ROCHFORD",359,12007.82,0,0
2023-10-01,99C,"NHS NORTH TYNESIDE",360,12470.09,0,0
2023-10-01,01E,"NHS GREATER PRESTON",369,11266.86,0,0
2023-10-01,05V,"NHS STAFFORD AND SURROUNDS",376,10782.51,0,0
2023-10-01,03K,"NHS NORTH LINCOLNSHIRE",378,9346.74,0,0
2023-10-01,10R,"NHS PORTSMOUTH",389,12215.15,0,0
2023-10-01,02P,"NHS BARNSLEY",401,10466.42,0,0
2023-10-01,03W,"NHS EAST LEICESTERSHIRE AND RUTLAND",407,10466.7,0,0
2023-10-01,01T,"NHS SOUTH SEFTON",416,11497.94,0,0
2023-10-01,U2G6B,"NHS THAMES VALLEY ICB - U2G6B",421,14091.03,0,0
2023-10-01,04Y,"NHS CANNOCK CHASE",431,13357.82,0,0
2023-10-01,03Q,"NHS VALE OF YORK",432,12705.57,0,0
2023-10-01,03F,"NHS HULL",437,10878.93,0,0
2023-10-01,00V,"NHS BURY",461,13382.62,0,0
2023-10-01,01D,"NHS HEYWOOD, MIDDLETON AND ROCHDALE",464,13278.52,0,0
2023-10-01,02G,"NHS WEST LANCASHIRE",484,13915.93,0,0
2023-10-01,02X,"NHS DONCASTER",514,13378.24,0,0
2023-10-01,05Q,"NHS SOUTH EAST STAFFORDSHIRE AND SEISDON PENINSULA",536,16662.96,0,0
2023-10-01,M2L0M,"NHS SHROPSHIRE, TELFORD AND WREKIN",549,17597.61,0,0
2023-10-01,05G,"NHS NORTH STAFFORDSHIRE",552,15911.99,0,0
2023-10-01,99G,"NHS SOUTHEND",561,18094.5,0,0
2023-10-01,02E,"NHS WARRINGTON",566,17000.13,0,0
2023-10-01,01X,"NHS ST HELENS",568,16300.66,0,0
2023-10-01,01K,"NHS MORECAMBE BAY",570,15251.87,0,0
2023-10-01,11X,"NHS SOMERSET",575,15882.97,0,0
2023-10-01,03R,"NHS WAKEFIELD",586,16209.23,0,0
2023-10-01,12F,"NHS WIRRAL",618,17751.46,0,0
2023-10-01,15A,"NHS BERKSHIRE WEST",620,19663.43,0,0
2023-10-01,00Y,"NHS OLDHAM",625,16841.43,0,0
2023-10-01,99E,"NHS BASILDON AND BRENTWOOD",626,21047.14,0,0
2023-10-01,01H,"NHS NORTH CUMBRIA",633,17056.44,0,0
2023-10-01,02A,"NHS TRAFFORD",640,20440.31,0,0
2023-10-01,06L,"NHS IPSWICH AND EAST SUFFOLK",647,16466.6,0,0
2023-10-01,05W,"NHS STOKE ON TRENT",662,17138.4,0,0
2023-10-01,04V,"NHS WEST LEICESTERSHIRE",683,17014.39,0,0
2023-10-01,01A,"NHS EAST LANCASHIRE",696,16972.16,0,0
2023-10-01,00T,"NHS BOLTON",705,20445.05,0,0
2023-10-01,01W,"NHS STOCKPORT",710,21121.21,0,0
2023-10-01,10Q,"NHS OXFORDSHIRE",725,21736.96,0,0
2023-10-01,07K,"NHS WEST SUFFOLK",732,18254.6,0,0
2023-10-01,02Y,"NHS EAST RIDING OF YORKSHIRE",736,19783.66,0,0
2023-10-01,11M,"NHS GLOUCESTERSHIRE",736,20909.1,0,0
2023-10-01,06N,"NHS HERTS VALLEYS",746,26160.54,0,0
2023-10-01,01G,"NHS SALFORD",748,21326.22,0,0
2023-10-01,07H,"NHS WEST ESSEX",769,19762.84,0,0
2023-10-01,15C,"NHS BRISTOL, NORTH SOMERSET AND SOUTH GLOUCESTERSHIRE",832,29817.21,0,0
2023-10-01,X2C4Y,"NHS KIRKLEES",845,28652.48,0,0
2023-10-01,00L,"NHS NORTHUMBERLAND",858,26047.4,0,0
2023-10-01,09D,"NHS BRIGHTON AND HOVE",872,30116.49,0,0
2023-10-01,01Y,"NHS TAMESIDE AND GLOSSOP",876,25536.69,0,0
2023-10-01,99A,"NHS LIVERPOOL",993,28534.58,0,0
2023-10-01,00P,"NHS SUNDERLAND",1001,30851.43,0,0
2023-10-01,84H,"NHS COUNTY DURHAM",1029,29326.01,0,0
2023-10-01,03L,"NHS ROTHERHAM",1081,27838.1,0,0
2023-10-01,78H,"NHS NORTHAMPTONSHIRE",1109,26721.29,0,0
2023-10-01,27D,"NHS CHESHIRE",1125,33168.73,0,0
2023-10-01,11N,"NHS CORNWALL AND THE ISLES OF SCILLY",1136,29561.18,0,0
2023-10-01,06Q,"NHS MID ESSEX",1161,29077.5,0,0
2023-10-01,42D,"NHS NORTH YORKSHIRE",1168,33312.34,0,0
2023-10-01,14L,"NHS MANCHESTER",1182,31502.92,0,0
2023-10-01,02H,"NHS WIGAN BOROUGH",1186,36031.59,0,0
2023-10-01,14Y,"NHS BUCKINGHAMSHIRE",1193,33613.41,0,0
2023-10-01,15M,"NHS DERBY AND DERBYSHIRE",1269,40071.47,0,0
2023-10-01,13T,"NHS NEWCASTLE GATESHEAD",1461,47068.98,0,0
2023-10-01,06T,"NHS NORTH EAST ESSEX",1501,36445.75,0,0
2023-10-01,72Q,"NHS SOUTH EAST LONDON",1531,54006.01,0,0
2023-10-01,03N,"NHS SHEFFIELD",1566,40819.59,0,0
2023-10-01,06K,"NHS EAST AND NORTH HERTFORDSHIRE",1616,44219.97,0,0
2023-10-01,52R,"NHS NOTTINGHAM AND NOTTINGHAMSHIRE",1631,44775.43,0,0
2023-10-01,18C,"NHS HEREFORDSHIRE AND WORCESTERSHIRE",1676,51583.38,0,0
2023-10-01,71E,"NHS LINCOLNSHIRE",1679,43233.94,0,0
2023-10-01,B2M3M,"NHS COVENTRY AND WARWICKSHIRE",1686,47788.77,0,0
2023-10-01,15F,"NHS LEEDS",1693,53146.71,0,0
2023-10-01,93C,"NHS NORTH CENTRAL LONDON",1716,61765.18,0,0
2023-10-01,36J,"NHS BRADFORD DISTRICT AND CRAVEN",1724,48730.61,0,0
2023-10-01,06H,"NHS CAMBRIDGESHIRE AND PETERBOROUGH",1864,47445.97,0,0
2023-10-01,92G,"NHS BATH AND NORTH EAST SOMERSET, SWINDON AND WILTSHIRE",2057,58299.65,0,0
2023-10-01,97R,"NHS EAST SUSSEX",2066,66565.41,0,0
2023-10-01,11J,"NHS DORSET",2106,59045.08,0,0
2023-10-01,M1J4Y,"NHS BEDFORDSHIRE, LUTON AND MILTON KEYNES",2120,60217.6,0,0
2023-10-01,36L,"NHS SOUTH WEST LONDON",2159,75981.1,0,0
2023-10-01,16C,"NHS TEES VALLEY",2216,63371.35,0,0
2023-10-01,W2U3Z,"NHS NORTH WEST LONDON",2280,83188.86,0,0
2023-10-01,D2P2L,"NHS BLACK COUNTRY",2643,80194.46,0,0
2023-10-01,26A,"NHS NORFOLK AND WAVENEY",2678,72770.87,0,0
2023-10-01,A3A8R,"NHS NORTH EAST LONDON",2919,100456.63,0,0
2023-10-01,92A,"NHS SURREY HEARTLANDS",3038,107900.45,0,0
2023-10-01,15E,"NHS BIRMINGHAM AND SOLIHULL",3311,98435.55,0,0
2023-10-01,D9Y0V,"NHS HAMPSHIRE, SOUTHAMPTON AND ISLE OF WIGHT",3398,115111.61,0,0
2023-10-01,15N,"NHS DEVON",3499,98568.39,0,0
2023-10-01,70F,"NHS WEST SUSSEX",3528,119152.7,0,0
2023-10-01,91Q,"NHS KENT AND MEDWAY",4103,124941.79,0,0
2023-11-01,09W,"NHS MEDWAY",0,0,0,0
2023-11-01,D4U1Y,"NHS FRIMLEY",6,140.89,0,0
2023-11-01,05D,"NHS EAST STAFFORDSHIRE",204,5778.22,0,0
2023-11-01,07G,"NHS THURROCK",232,6821.51,0,0
2023-11-01,00R,"NHS BLACKPOOL",237,6456.53,0,0
2023-11-01,03H,"NHS NORTH EAST LINCOLNSHIRE",237,5819.64,0,0
2023-11-01,02M,"NHS FYLDE AND WYRE",239,6457.55,0,0
2023-11-01,02Q,"NHS BASSETLAW",255,6068.71,0,0
2023-11-01,01V,"NHS SOUTHPORT AND FORMBY",279,8587.28,0,0
2023-11-01,01J,"NHS KNOWSLEY",282,7492.82,0,0
2023-11-01,00N,"NHS SOUTH TYNESIDE",295,9158.41,0,0
2023-11-01,01F,"NHS HALTON",296,8191.72,0,0
2023-11-01,00X,"NHS CHORLEY AND SOUTH RIBBLE",310,9199.77,0,0
2023-11-01,00Q,"NHS BLACKBURN WITH DARWEN",318,8766.36,0,0
2023-11-01,02T,"NHS CALDERDALE",349,11166.68,0,0
2023-11-01,04C,"NHS LEICESTER CITY",354,8500.3,0,0
2023-11-01,03K,"NHS NORTH LINCOLNSHIRE",363,8804.5,0,0
2023-11-01,99C,"NHS NORTH TYNESIDE",370,12617.2,0,0
2023-11-01,01E,"NHS GREATER PRESTON",381,11566.77,0,0
2023-11-01,02P,"NHS BARNSLEY",385,10336.93,0,0
2023-11-01,05V,"NHS STAFFORD AND SURROUNDS",390,11040.16,0,0
2023-11-01,99F,"NHS CASTLE POINT AND ROCHFORD",394,13329.18,0,0
2023-11-01,03W,"NHS EAST LEICESTERSHIRE AND RUTLAND",408,10633.08,0,0
2023-11-01,10R,"NHS PORTSMOUTH",416,13029.87,0,0
2023-11-01,03Q,"NHS VALE OF YORK",432,12490.2,0,0
2023-11-01,01T,"NHS SOUTH SEFTON",440,12193.14,0,0
2023-11-01,04Y,"NHS CANNOCK CHASE",442,13792.66,0,0
2023-11-01,00V,"NHS BURY",461,13603.76,0,0
2023-11-01,U2G6B,"NHS THAMES VALLEY ICB - U2G6B",467,15222.27,0,0
2023-11-01,03F,"NHS HULL",469,11621.53,0,0
2023-11-01,01D,"NHS HEYWOOD, MIDDLETON AND ROCHDALE",488,13669.32,0,0
2023-11-01,99G,"NHS SOUTHEND",502,16089,0,0
2023-11-01,02X,"NHS DONCASTER",508,13197.51,0,0
2023-11-01,02G,"NHS WEST LANCASHIRE",511,15494.98,0,0
2023-11-01,05G,"NHS NORTH STAFFORDSHIRE",522,14640.19,0,0
2023-11-01,05Q,"NHS SOUTH EAST STAFFORDSHIRE AND SEISDON PENINSULA",527,16451.68,0,0
2023-11-01,01X,"NHS ST HELENS",543,15533.27,0,0
2023-11-01,02E,"NHS WARRINGTON",553,16990.86,0,0
2023-11-01,01K,"NHS MORECAMBE BAY",558,14814.03,0,0
2023-11-01,M2L0M,"NHS SHROPSHIRE, TELFORD AND WREKIN",563,18226.47,0,0
2023-11-01,11X,"NHS SOMERSET",590,16273.01,0,0
2023-11-01,03R,"NHS WAKEFIELD",595,16551.68,0,0
2023-11-01,99E,"NHS BASILDON AND BRENTWOOD",601,20473.28,0,0
2023-11-01,12F,"NHS WIRRAL",615,18074.62,0,0
2023-11-01,02A,"NHS TRAFFORD",616,20073.41,0,0
2023-11-01,06L,"NHS IPSWICH AND EAST SUFFOLK",618,15214.56,0,0
2023-11-01,15A,"NHS BERKSHIRE WEST",626,20803.74,0,0
2023-11-01,00Y,"NHS OLDHAM",653,18138.28,0,0
2023-11-01,01H,"NHS NORTH CUMBRIA",656,17698.35,0,0
2023-11-01,07K,"NHS WEST SUFFOLK",660,16513.36,0,0
2023-11-01,06N,"NHS HERTS VALLEYS",670,23488.03,0,0
2023-11-01,05W,"NHS STOKE ON TRENT",687,18563.09,0,0
2023-11-01,00T,"NHS BOLTON",692,20365.06,0,0
2023-11-01,01G,"NHS SALFORD",726,21006.07,0,0
2023-11-01,10Q,"NHS OXFORDSHIRE",726,21761.08,0,0
2023-11-01,01A,"NHS EAST LANCASHIRE",733,17624.05,0,0
2023-11-01,04V,"NHS WEST LEICESTERSHIRE",740,18321.02,0,0
2023-11-01,01W,"NHS STOCKPORT",742,21618.44,0,0
2023-11-01,11M,"NHS GLOUCESTERSHIRE",766,21835.11,0,0
2023-11-01,02Y,"NHS EAST RIDING OF YORKSHIRE",783,21214.41,0,0
2023-11-01,X2C4Y,"NHS KIRKLEES",794,27399.02,0,0
2023-11-01,07H,"NHS WEST ESSEX",818,21030.33,0,0
2023-11-01,00L,"NHS NORTHUMBERLAND",844,25102.62,0,0
2023-11-01,15C,"NHS BRISTOL, NORTH SOMERSET AND SOUTH GLOUCESTERSHIRE",851,30516.86,0,0
2023-11-01,09D,"NHS BRIGHTON AND HOVE",857,29730.37,0,0
2023-11-01,01Y,"NHS TAMESIDE AND GLOSSOP",880,25626.2,0,0
2023-11-01,99A,"NHS LIVERPOOL",974,28732.45,0,0
2023-11-01,00P,"NHS SUNDERLAND",1029,32150.34,0,0
2023-11-01,03L,"NHS ROTHERHAM",1054,27119.36,0,0
2023-11-01,84H,"NHS COUNTY DURHAM",1054,30016.8,0,0
2023-11-01,78H,"NHS NORTHAMPTONSHIRE",1100,26638.68,0,0
2023-11-01,11N,"NHS CORNWALL AND THE ISLES OF SCILLY",1118,29275.01,0,0
2023-11-01,27D,"NHS CHESHIRE",1136,33901.78,0,0
2023-11-01,42D,"NHS NORTH YORKSHIRE",1159,32956.82,0,0
2023-11-01,02H,"NHS WIGAN BOROUGH",1160,35614.21,0,0
2023-11-01,14L,"NHS MANCHESTER",1178,32081.96,0,0
2023-11-01,06Q,"NHS MID ESSEX",1185,29635.4,0,0
2023-11-01,14Y,"NHS BUCKINGHAMSHIRE",1209,33667.97,0,0
2023-11-01,15M,"NHS DERBY AND DERBYSHIRE",1271,39186.17,0,0
2023-11-01,13T,"NHS NEWCASTLE GATESHEAD",1434,46204.05,0,0
2023-11-01,03N,"NHS SHEFFIELD",1450,38136.72,0,0
2023-11-01,06T,"NHS NORTH EAST ESSEX",1500,36388.56,0,0
2023-11-01,06K,"NHS EAST AND NORTH HERTFORDSHIRE",1552,42816.7,0,0
2023-11-01,72Q,"NHS SOUTH EAST LONDON",1598,56375.19,0,0
2023-11-01,52R,"NHS NOTTINGHAM AND NOTTINGHAMSHIRE",1607,43740.51,0,0
2023-11-01,15F,"NHS LEEDS",1685,53067.57,0,0
2023-11-01,36J,"NHS BRADFORD DISTRICT AND CRAVEN",1692,47550.85,0,0
2023-11-01,18C,"NHS HEREFORDSHIRE AND WORCESTERSHIRE",1700,54338.94,0,0
2023-11-01,71E,"NHS LINCOLNSHIRE",1715,44287.02,0,0
2023-11-01,B2M3M,"NHS COVENTRY AND WARWICKSHIRE",1717,48536.21,0,0
2023-11-01,06H,"NHS CAMBRIDGESHIRE AND PETERBOROUGH",1807,45329.3,0,0
2023-11-01,93C,"NHS NORTH CENTRAL LONDON",1818,65242.71,0,0
2023-11-01,92G,"NHS BATH AND NORTH EAST SOMERSET, SWINDON AND WILTSHIRE",2152,60889.54,0,0
2023-11-01,11J,"NHS DORSET",2154,61291.17,0,0
2023-11-01,97R,"NHS EAST SUSSEX",2187,70064.72,0,0
2023-11-01,36L,"NHS SOUTH WEST LONDON",2199,76610.25,0,0
2023-11-01,16C,"NHS TEES VALLEY",2232,63855.26,0,0
2023-11-01,M1J4Y,"NHS BEDFORDSHIRE, LUTON AND MILTON KEYNES",2239,64594.57,0,0
2023-11-01,W2U3Z,"NHS NORTH WEST LONDON",2383,86219.69,0,0
2023-11-01,26A,"NHS NORFOLK AND WAVENEY",2693,73057.97,0,0
2023-11-01,D2P2L,"NHS BLACK COUNTRY",2764,85919.99,0,0
2023-11-01,A3A8R,"NHS NORTH EAST LONDON",2960,102048.98,0,0
2023-11-01,92A,"NHS SURREY HEARTLANDS",3240,116731.91,0,0
2023-11-01,15E,"NHS BIRMINGHAM AND SOLIHULL",3253,96973.72,0,0
2023-11-01,D9Y0V,"NHS HAMPSHIRE, SOUTHAMPTON AND ISLE OF WIGHT",3522,118643.52,0,0
2023-11-01,70F,"NHS WEST SUSSEX",3626,122806.38,0,0
2023-11-01,15N,"NHS DEVON",3660,103618.45,0,0
2023-11-01,91Q,"NHS KENT AND MEDWAY",4169,127521.4,0,0
2023-12-01,09W,"NHS MEDWAY",0,0,0,0
2023-12-01,D4U1Y,"NHS FRIMLEY",4,102.14,0,0
2023-12-01,05D,"NHS EAST STAFFORDSHIRE",201,5611.83,0,0
2023-12-01,00R,"NHS BLACKPOOL",245,6451.65,0,0
2023-12-01,07G,"NHS THURROCK",247,7014.88,0,0
2023-12-01,02M,"NHS FYLDE AND WYRE",253,6991.52,0,0
2023-12-01,00N,"NHS SOUTH TYNESIDE",257,8117.87,0,0
2023-12-01,03H,"NHS NORTH EAST LINCOLNSHIRE",260,6367.73,0,0
2023-12-01,01V,"NHS SOUTHPORT AND FORMBY",275,7976.8,0,0
2023-12-01,02Q,"NHS BASSETLAW",283,6833.35,0,0
2023-12-01,01F,"NHS HALTON",292,8082.16,0,0
2023-12-01,01J,"NHS KNOWSLEY",308,8028.41,0,0
2023-12-01,00Q,"NHS BLACKBURN WITH DARWEN",317,8154.83,0,0
2023-12-01,04C,"NHS LEICESTER CITY",349,8407.43,0,0
2023-12-01,05V,"NHS STAFFORD AND SURROUNDS",349,9979.69,0,0
2023-12-01,00X,"NHS CHORLEY AND SOUTH RIBBLE",356,11002.79,0,0
2023-12-01,01E,"NHS GREATER PRESTON",357,10817.93,0,0
2023-12-01,02T,"NHS CALDERDALE",357,11533.56,0,0
2023-12-01,99C,"NHS NORTH TYNESIDE",364,12894.68,0,0
2023-12-01,03K,"NHS NORTH LINCOLNSHIRE",385,9631.23,0,0
2023-12-01,99F,"NHS CASTLE POINT AND ROCHFORD",388,13033.18,0,0
2023-12-01,02P,"NHS BARNSLEY",403,10833.36,0,0
2023-12-01,10R,"NHS PORTSMOUTH",406,12928.55,0,0
2023-12-01,03Q,"NHS VALE OF YORK",438,12777.58,0,0
2023-12-01,U2G6B,"NHS THAMES VALLEY ICB - U2G6B",440,15278.54,0,0
2023-12-01,01T,"NHS SOUTH SEFTON",449,12176.85,0,0
2023-12-01,04Y,"NHS CANNOCK CHASE",453,14196.14,0,0
2023-12-01,01D,"NHS HEYWOOD, MIDDLETON AND ROCHDALE",466,13225.76,0,0
2023-12-01,03F,"NHS HULL",471,11889.59,0,0
2023-12-01,02G,"NHS WEST LANCASHIRE",486,14377.97,0,0
2023-12-01,00V,"NHS BURY",489,13855.97,0,0
2023-12-01,03W,"NHS EAST LEICESTERSHIRE AND RUTLAND",492,12750.33,0,0
2023-12-01,02X,"NHS DONCASTER",511,13466.08,0,0
2023-12-01,05Q,"NHS SOUTH EAST STAFFORDSHIRE AND SEISDON PENINSULA",516,15893.2,0,0
2023-12-01,99G,"NHS SOUTHEND",517,16986.26,0,0
2023-12-01,05G,"NHS NORTH STAFFORDSHIRE",540,14995.09,0,0
2023-12-01,M2L0M,"NHS SHROPSHIRE, TELFORD AND WREKIN",542,17639.27,0,0
2023-12-01,02E,"NHS WARRINGTON",552,16489.19,0,0
2023-12-01,11X,"NHS SOMERSET",555,15475.27,0,0
2023-12-01,99E,"NHS BASILDON AND BRENTWOOD",566,19123.28,0,0
2023-12-01,01K,"NHS MORECAMBE BAY",570,15212.81,0,0
2023-12-01,01X,"NHS ST HELENS",572,16300.88,0,0
2023-12-01,06L,"NHS IPSWICH AND EAST SUFFOLK",590,14657.47,0,0
2023-12-01,03R,"NHS WAKEFIELD",597,16038.54,0,0
2023-12-01,15A,"NHS BERKSHIRE WEST",611,19555.92,0,0
2023-12-01,00Y,"NHS OLDHAM",622,16688.07,0,0
2023-12-01,05W,"NHS STOKE ON TRENT",625,16325.84,0,0
2023-12-01,02A,"NHS TRAFFORD",631,20671.93,0,0
2023-12-01,12F,"NHS WIRRAL",636,17864.96,0,0
2023-12-01,07K,"NHS WEST SUFFOLK",662,16322.98,0,0
2023-12-01,01H,"NHS NORTH CUMBRIA",673,18409.61,0,0
2023-12-01,00T,"NHS BOLTON",683,20355.05,0,0
2023-12-01,04V,"NHS WEST LEICESTERSHIRE",695,17377.75,0,0
2023-12-01,01A,"NHS EAST LANCASHIRE",715,17305.37,0,0
2023-12-01,02Y,"NHS EAST RIDING OF YORKSHIRE",737,19842.33,0,0
2023-12-01,11M,"NHS GLOUCESTERSHIRE",737,21104.81,0,0
2023-12-01,01G,"NHS SALFORD",738,21316.19,0,0
2023-12-01,10Q,"NHS OXFORDSHIRE",743,22346.48,0,0
2023-12-01,07H,"NHS WEST ESSEX",752,19526.31,0,0
2023-12-01,06N,"NHS HERTS VALLEYS",763,27069.92,0,0
2023-12-01,01W,"NHS STOCKPORT",810,24687.94,0,0
2023-12-01,15C,"NHS BRISTOL, NORTH SOMERSET AND SOUTH GLOUCESTERSHIRE",841,30810.46,0,0
2023-12-01,09D,"NHS BRIGHTON AND HOVE",844,29440.46,0,0
2023-12-01,01Y,"NHS TAMESIDE AND GLOSSOP",854,24164.51,0,0
2023-12-01,X2C4Y,"NHS KIRKLEES",865,30214.16,0,0
2023-12-01,00L,"NHS NORTHUMBERLAND",902,26452.51,0,0
2023-12-01,99A,"NHS LIVERPOOL",933,27470.05,0,0
2023-12-01,00P,"NHS SUNDERLAND",1012,31989.13,0,0
2023-12-01,84H,"NHS COUNTY DURHAM",1031,29242.95,0,0
2023-12-01,03L,"NHS ROTHERHAM",1085,27744.91,0,0
2023-12-01,14L,"NHS MANCHESTER",1123,30439.75,0,0
2023-12-01,27D,"NHS CHESHIRE",1127,33370.11,0,0
2023-12-01,78H,"NHS NORTHAMPTONSHIRE",1141,27433.54,0,0
2023-12-01,11N,"NHS CORNWALL AND THE ISLES OF SCILLY",1145,29909.08,0,0
2023-12-01,02H,"NHS WIGAN BOROUGH",1170,35735.69,0,0
2023-12-01,42D,"NHS NORTH YORKSHIRE",1182,34125.82,0,0
2023-12-01,06Q,"NHS MID ESSEX",1201,29826.27,0,0
2023-12-01,14Y,"NHS BUCKINGHAMSHIRE",1220,33536.78,0,0
2023-12-01,15M,"NHS DERBY AND DERBYSHIRE",1283,40218,0,0
2023-12-01,03N,"NHS SHEFFIELD",1476,38611.99,0,0
2023-12-01,13T,"NHS NEWCASTLE GATESHEAD",1491,47990.45,0,0
2023-12-01,72Q,"NHS SOUTH EAST LONDON",1565,55243.51,0,0
2023-12-01,06K,"NHS EAST AND NORTH HERTFORDSHIRE",1586,43866.36,0,0
2023-12-01,06T,"NHS NORTH EAST ESSEX",1602,39037.19,0,0
2023-12-01,52R,"NHS NOTTINGHAM AND NOTTINGHAMSHIRE",1606,43891.84,0,0
2023-12-01,18C,"NHS HEREFORDSHIRE AND WORCESTERSHIRE",1658,51020.48,0,0
2023-12-01,36J,"NHS BRADFORD DISTRICT AND CRAVEN",1712,49031.68,0,0
2023-12-01,15F,"NHS LEEDS",1732,53863.63,0,0
2023-12-01,93C,"NHS NORTH CENTRAL LONDON",1732,63445.58,0,0
2023-12-01,B2M3M,"NHS COVENTRY AND WARWICKSHIRE",1739,48829.13,0,0
2023-12-01,71E,"NHS LINCOLNSHIRE",1767,45640.24,0,0
2023-12-01,06H,"NHS CAMBRIDGESHIRE AND PETERBOROUGH",1836,46857.26,0,0
2023-12-01,36L,"NHS SOUTH WEST LONDON",2075,72919.53,0,0
2023-12-01,11J,"NHS DORSET",2128,59186.42,0,0
2023-12-01,92G,"NHS BATH AND NORTH EAST SOMERSET, SWINDON AND WILTSHIRE",2161,61475.88,0,0
2023-12-01,M1J4Y,"NHS BEDFORDSHIRE, LUTON AND MILTON KEYNES",2236,64536.2,0,0
2023-12-01,97R,"NHS EAST SUSSEX",2239,72773.44,0,0
2023-12-01,16C,"NHS TEES VALLEY",2263,64854.68,0,0
2023-12-01,W2U3Z,"NHS NORTH WEST LONDON",2328,84282.83,0,0
2023-12-01,D2P2L,"NHS BLACK COUNTRY",2620,80746.06,0,0
2023-12-01,26A,"NHS NORFOLK AND WAVENEY",2798,76069.96,0,0
2023-12-01,A3A8R,"NHS NORTH EAST LONDON",2831,100150.4,0,0
2023-12-01,92A,"NHS SURREY HEARTLANDS",3188,113097.48,0,0
2023-12-01,15E,"NHS BIRMINGHAM AND SOLIHULL",3215,95363.42,0,0
2023-12-01,D9Y0V,"NHS HAMPSHIRE, SOUTHAMPTON AND ISLE OF WIGHT",3501,118320.09,0,0
2023-12-01,15N,"NHS DEVON",3656,101588.03,0,0
2023-12-01,70F,"NHS WEST SUSSEX",3683,125640.35,0,0
2023-12-01,91Q,"NHS KENT AND MEDWAY",4241,128468.19,0,0
2024-01-01,09W,"NHS MEDWAY",0,0,0,0
2024-01-01,D4U1Y,"NHS FRIMLEY",9,195.02,0,0
2024-01-01,05D,"NHS EAST STAFFORDSHIRE",196,5496.75,0,0
2024-01-01,07G,"NHS THURROCK",240,6985.66,0,0
2024-01-01,00R,"NHS BLACKPOOL",244,6449.04,0,0
2024-01-01,02M,"NHS FYLDE AND WYRE",249,6801.19,0,0
2024-01-01,03H,"NHS NORTH EAST LINCOLNSHIRE",249,6221.65,0,0
2024-01-01,01F,"NHS HALTON",265,7130.63,0,0
2024-01-01,01J,"NHS KNOWSLEY",283,7416.87,0,0
2024-01-01,01V,"NHS SOUTHPORT AND FORMBY",283,8699.2,0,0
2024-01-01,02Q,"NHS BASSETLAW",287,6816.11,0,0
2024-01-01,00N,"NHS SOUTH TYNESIDE",301,8991.54,0,0
2024-01-01,00Q,"NHS BLACKBURN WITH DARWEN",314,8311.67,0,0
2024-01-01,00X,"NHS CHORLEY AND SOUTH RIBBLE",323,9533.57,0,0
2024-01-01,04C,"NHS LEICESTER CITY",336,8112.93,0,0
2024-01-01,02T,"NHS CALDERDALE",360,11769.04,0,0
2024-01-01,01E,"NHS GREATER PRESTON",362,10881.04,0,0
2024-01-01,10R,"NHS PORTSMOUTH",366,11671.28,0,0
2024-01-01,99C,"NHS NORTH TYNESIDE",368,12831.85,0,0
2024-01-01,03K,"NHS NORTH LINCOLNSHIRE",376,9134.9,0,0
2024-01-01,02P,"NHS BARNSLEY",386,10276.75,0,0
2024-01-01,05V,"NHS STAFFORD AND SURROUNDS",395,11317.79,0,0
2024-01-01,99F,"NHS CASTLE POINT AND ROCHFORD",400,13513.82,0,0
2024-01-01,03Q,"NHS VALE OF YORK",406,11775.42,0,0
2024-01-01,U2G6B,"NHS THAMES VALLEY ICB - U2G6B",418,13458.7,0,0
2024-01-01,04Y,"NHS CANNOCK CHASE",428,13178.28,0,0
2024-01-01,03W,"NHS EAST LEICESTERSHIRE AND RUTLAND",431,11300.23,0,0
2024-01-01,01T,"NHS SOUTH SEFTON",435,12020.52,0,0
2024-01-01,02G,"NHS WEST LANCASHIRE",470,13478.32,0,0
2024-01-01,00V,"NHS BURY",472,14061.35,0,0
2024-01-01,03F,"NHS HULL",490,12167.48,0,0
2024-01-01,01D,"NHS HEYWOOD, MIDDLETON AND ROCHDALE",506,14355.84,0,0
2024-01-01,05G,"NHS NORTH STAFFORDSHIRE",518,14273.24,0,0
2024-01-01,02X,"NHS DONCASTER",526,13422.47,0,0
2024-01-01,99G,"NHS SOUTHEND",527,16610.64,0,0
2024-01-01,01X,"NHS ST HELENS",545,15920.2,0,0
2024-01-01,M2L0M,"NHS SHROPSHIRE, TELFORD AND WREKIN",545,17725.2,0,0
2024-01-01,02E,"NHS WARRINGTON",548,16575.03,0,0
2024-01-01,05Q,"NHS SOUTH EAST STAFFORDSHIRE AND SEISDON PENINSULA",566,17677.24,0,0
2024-01-01,01K,"NHS MORECAMBE BAY",568,14852.66,0,0
2024-01-01,02A,"NHS TRAFFORD",607,19449.12,0,0
2024-01-01,06L,"NHS IPSWICH AND EAST SUFFOLK",614,15691.77,0,0
2024-01-01,03R,"NHS WAKEFIELD",616,16455.49,0,0
2024-01-01,99E,"NHS BASILDON AND BRENTWOOD",620,21118.72,0,0
2024-01-01,11X,"NHS SOMERSET",621,17362.96,0,0
2024-01-01,15A,"NHS BERKSHIRE WEST",622,20275.53,0,0
2024-01-01,07K,"NHS WEST SUFFOLK",643,16066.23,0,0
2024-01-01,12F,"NHS WIRRAL",644,18677.84,0,0
2024-01-01,05W,"NHS STOKE ON TRENT",683,18317.43,0,0
2024-01-01,01H,"NHS NORTH CUMBRIA",696,18998.58,0,0
2024-01-01,10Q,"NHS OXFORDSHIRE",701,20726.22,0,0
2024-01-01,00Y,"NHS OLDHAM",712,18862.72,0,0
2024-01-01,00T,"NHS BOLTON",719,20866.71,0,0
2024-01-01,01G,"NHS SALFORD",723,20920.75,0,0
2024-01-01,04V,"NHS WEST LEICESTERSHIRE",746,18703.86,0,0
2024-01-01,06N,"NHS HERTS VALLEYS",746,25262.26,0,0
2024-01-01,02Y,"NHS EAST RIDING OF YORKSHIRE",748,20406.58,0,0
2024-01-01,11M,"NHS GLOUCESTERSHIRE",772,21632.37,0,0
2024-01-01,01A,"NHS EAST LANCASHIRE",780,19043.4,0,0
2024-01-01,01W,"NHS STOCKPORT",782,23125.78,0,0
2024-01-01,X2C4Y,"NHS KIRKLEES",807,28196.91,0,0
2024-01-01,07H,"NHS WEST ESSEX",824,21376.31,0,0
2024-01-01,15C,"NHS BRISTOL, NORTH SOMERSET AND SOUTH GLOUCESTERSHIRE",853,29752.29,0,0
2024-01-01,09D,"NHS BRIGHTON AND HOVE",890,29901.31,0,0
2024-01-01,00L,"NHS NORTHUMBERLAND",892,26483.11,0,0
2024-01-01,01Y,"NHS TAMESIDE AND GLOSSOP",901,25684.5,0,0
2024-01-01,99A,"NHS LIVERPOOL",939,27213.74,0,0
2024-01-01,00P,"NHS SUNDERLAND",1012,30993.57,0,0
2024-01-01,03L,"NHS ROTHERHAM",1105,28288.19,0,0
2024-01-01,84H,"NHS COUNTY DURHAM",1114,31155.95,0,0
2024-01-01,78H,"NHS NORTHAMPTONSHIRE",1115,27133.97,0,0
2024-01-01,27D,"NHS CHESHIRE",1139,33332.74,0,0
2024-01-01,02H,"NHS WIGAN BOROUGH",1172,36011.94,0,0
2024-01-01,42D,"NHS NORTH YORKSHIRE",1177,33449.11,0,0
2024-01-01,11N,"NHS CORNWALL AND THE ISLES OF SCILLY",1186,31233.11,0,0
2024-01-01,06Q,"NHS MID ESSEX",1199,29363.82,0,0
2024-01-01,14L,"NHS MANCHESTER",1214,32067.96,0,0
2024-01-01,14Y,"NHS BUCKINGHAMSHIRE",1223,34679.2,0,0
2024-01-01,15M,"NHS DERBY AND DERBYSHIRE",1255,39572.94,0,0
2024-01-01,03N,"NHS SHEFFIELD",1440,38094.87,0,0
2024-01-01,06T,"NHS NORTH EAST ESSEX",1486,36052.56,0,0
2024-01-01,13T,"NHS NEWCASTLE GATESHEAD",1497,48131.31,0,0
2024-01-01,72Q,"NHS SOUTH EAST LONDON",1590,56016.31,0,0
2024-01-01,52R,"NHS NOTTINGHAM AND NOTTINGHAMSHIRE",1627,44097.67,0,0
2024-01-01,06K,"NHS EAST AND NORTH HERTFORDSHIRE",1638,45339.97,0,0
2024-01-01,18C,"NHS HEREFORDSHIRE AND WORCESTERSHIRE",1693,52500.25,0,0
2024-01-01,36J,"NHS BRADFORD DISTRICT AND CRAVEN",1715,48226.88,0,0
2024-01-01,15F,"NHS LEEDS",1729,54138.04,0,0
2024-01-01,B2M3M,"NHS COVENTRY AND WARWICKSHIRE",1731,48336.4,0,0
2024-01-01,71E,"NHS LINCOLNSHIRE",1767,45413.6,0,0
2024-01-01,93C,"NHS NORTH CENTRAL LONDON",1833,66696.56,0,0
2024-01-01,06H,"NHS CAMBRIDGESHIRE AND PETERBOROUGH",1909,48702.06,0,0
2024-01-01,92G,"NHS BATH AND NORTH EAST SOMERSET, SWINDON AND WILTSHIRE",2129,58710.01,0,0
2024-01-01,97R,"NHS EAST SUSSEX",2149,68428.5,0,0
2024-01-01,11J,"NHS DORSET",2181,62261.81,0,0
2024-01-01,36L,"NHS SOUTH WEST LONDON",2188,74862.05,0,0
2024-01-01,M1J4Y,"NHS BEDFORDSHIRE, LUTON AND MILTON KEYNES",2270,64606.01,0,0
2024-01-01,16C,"NHS TEES VALLEY",2281,65258.37,0,0
2024-01-01,W2U3Z,"NHS NORTH WEST LONDON",2446,87498.52,0,0
2024-01-01,26A,"NHS NORFOLK AND WAVENEY",2718,73956.59,0,0
2024-01-01,D2P2L,"NHS BLACK COUNTRY",2763,85543.19,0,0
2024-01-01,A3A8R,"NHS NORTH EAST LONDON",2871,100181.37,0,0
2024-01-01,92A,"NHS SURREY HEARTLANDS",3171,112483.6,0,0
2024-01-01,15E,"NHS BIRMINGHAM AND SOLIHULL",3323,98082.64,0,0
2024-01-01,D9Y0V,"NHS HAMPSHIRE, SOUTHAMPTON AND ISLE OF WIGHT",3514,117472.94,0,0
2024-01-01,70F,"NHS WEST SUSSEX",3611,121824.84,0,0
2024-01-01,15N,"NHS DEVON",3645,102505.2,0,0
2024-01-01,91Q,"NHS KENT AND MEDWAY",4272,129503.51,0,0
2024-02-01,09W,"NHS MEDWAY",0,0,0,0
2024-02-01,D4U1Y,"NHS FRIMLEY",5,93.49,0,0
2024-02-01,05D,"NHS EAST STAFFORDSHIRE",180,5292.42,0,0
2024-02-01,02M,"NHS FYLDE AND WYRE",219,5941.54,0,0
2024-02-01,07G,"NHS THURROCK",229,6428.84,0,0
2024-02-01,02Q,"NHS BASSETLAW",246,5960.51,0,0
2024-02-01,03H,"NHS NORTH EAST LINCOLNSHIRE",251,6157.76,0,0
2024-02-01,00N,"NHS SOUTH TYNESIDE",253,7776.44,0,0
2024-02-01,00R,"NHS BLACKPOOL",255,6892.54,0,0
2024-02-01,01V,"NHS SOUTHPORT AND FORMBY",257,7922.85,0,0
2024-02-01,01J,"NHS KNOWSLEY",270,7469.15,0,0
2024-02-01,01F,"NHS HALTON",274,7654.61,0,0
2024-02-01,00Q,"NHS BLACKBURN WITH DARWEN",298,7720.14,0,0
2024-02-01,00X,"NHS CHORLEY AND SOUTH RIBBLE",306,9211.69,0,0
2024-02-01,04C,"NHS LEICESTER CITY",306,7148.73,0,0
2024-02-01,01E,"NHS GREATER PRESTON",317,9255.46,0,0
2024-02-01,05V,"NHS STAFFORD AND SURROUNDS",321,9428.27,0,0
2024-02-01,99C,"NHS NORTH TYNESIDE",340,12026.54,0,0
2024-02-01,02T,"NHS CALDERDALE",342,10987.37,0,0
2024-02-01,03K,"NHS NORTH LINCOLNSHIRE",343,8587.01,0,0
2024-02-01,99F,"NHS CASTLE POINT AND ROCHFORD",348,11572.68,0,0
2024-02-01,02P,"NHS BARNSLEY",369,9403.54,0,0
2024-02-01,03W,"NHS EAST LEICESTERSHIRE AND RUTLAND",383,9920.82,0,0
2024-02-01,03Q,"NHS VALE OF YORK",384,11334.32,0,0
2024-02-01,01T,"NHS SOUTH SEFTON",396,11100.88,0,0
2024-02-01,10R,"NHS PORTSMOUTH",400,13123.63,0,0
2024-02-01,U2G6B,"NHS THAMES VALLEY ICB - U2G6B",400,13139.32,0,0
2024-02-01,04Y,"NHS CANNOCK CHASE",414,12501.27,0,0
2024-02-01,03F,"NHS HULL",418,10227.67,0,0
2024-02-01,01D,"NHS HEYWOOD, MIDDLETON AND ROCHDALE",427,11984.96,0,0
2024-02-01,00V,"NHS BURY",461,13100.19,0,0
2024-02-01,02G,"NHS WEST LANCASHIRE",464,13879.75,0,0
2024-02-01,99G,"NHS SOUTHEND",467,14992.27,0,0
2024-02-01,02X,"NHS DONCASTER",483,12722.18,0,0
2024-02-01,05G,"NHS NORTH STAFFORDSHIRE",485,13808.36,0,0
2024-02-01,11X,"NHS SOMERSET",500,13731.88,0,0
2024-02-01,05Q,"NHS SOUTH EAST STAFFORDSHIRE AND SEISDON PENINSULA",503,15284.31,0,0
2024-02-01,01X,"NHS ST HELENS",516,14628.28,0,0
2024-02-01,02E,"NHS WARRINGTON",517,15581.38,0,0
2024-02-01,01K,"NHS MORECAMBE BAY",530,14539.41,0,0
2024-02-01,15A,"NHS BERKSHIRE WEST",536,17565.37,0,0
2024-02-01,06L,"NHS IPSWICH AND EAST SUFFOLK",543,13588.11,0,0
2024-02-01,M2L0M,"NHS SHROPSHIRE, TELFORD AND WREKIN",551,17955.47,0,0
2024-02-01,02A,"NHS TRAFFORD",557,17977.01,0,0
2024-02-01,07K,"NHS WEST SUFFOLK",580,14248.58,0,0
2024-02-01,99E,"NHS BASILDON AND BRENTWOOD",582,19172.08,0,0
2024-02-01,03R,"NHS WAKEFIELD",588,15577.11,0,0
2024-02-01,05W,"NHS STOKE ON TRENT",591,15695.15,0,0
2024-02-01,01H,"NHS NORTH CUMBRIA",618,16735.39,0,0
2024-02-01,12F,"NHS WIRRAL",620,18352.36,0,0
2024-02-01,00Y,"NHS OLDHAM",641,17223.66,0,0
2024-02-01,00T,"NHS BOLTON",673,19840.76,0,0
2024-02-01,10Q,"NHS OXFORDSHIRE",678,20245.46,0,0
2024-02-01,04V,"NHS WEST LEICESTERSHIRE",690,17480.85,0,0
2024-02-01,01G,"NHS SALFORD",691,19964.71,0,0
2024-02-01,02Y,"NHS EAST RIDING OF YORKSHIRE",691,18251.13,0,0
2024-02-01,01A,"NHS EAST LANCASHIRE",697,16958.97,0,0
2024-02-01,01W,"NHS STOCKPORT",706,21577.45,0,0
2024-02-01,15C,"NHS BRISTOL, NORTH SOMERSET AND SOUTH GLOUCESTERSHIRE",731,25873.41,0,0
2024-02-01,11M,"NHS GLOUCESTERSHIRE",737,20756.49,0,0
2024-02-01,09D,"NHS BRIGHTON AND HOVE",751,26175.72,0,0
2024-02-01,06N,"NHS HERTS VALLEYS",752,26473.97,0,0
2024-02-01,X2C4Y,"NHS KIRKLEES",757,25779.58,0,0
2024-02-01,01Y,"NHS TAMESIDE AND GLOSSOP",761,22323.45,0,0
2024-02-01,07H,"NHS WEST ESSEX",772,20287.78,0,0
2024-02-01,00L,"NHS NORTHUMBERLAND",823,24888.68,0,0
2024-02-01,99A,"NHS LIVERPOOL",907,26882.14,0,0
2024-02-01,00P,"NHS SUNDERLAND",910,28157.5,0,0
2024-02-01,03L,"NHS ROTHERHAM",999,25830.33,0,0
2024-02-01,11N,"NHS CORNWALL AND THE ISLES OF SCILLY",1009,27095.89,0,0
2024-02-01,84H,"NHS COUNTY DURHAM",1025,28689.68,0,0
2024-02-01,27D,"NHS CHESHIRE",1060,31254.73,0,0
2024-02-01,14L,"NHS MANCHESTER",1080,29559.42,0,0
2024-02-01,14Y,"NHS BUCKINGHAMSHIRE",1102,30711.45,0,0
2024-02-01,42D,"NHS NORTH YORKSHIRE",1104,31251.88,0,0
2024-02-01,78H,"NHS NORTHAMPTONSHIRE",1105,26355.96,0,0
2024-02-01,02H,"NHS WIGAN BOROUGH",1113,34318.2,0,0
2024-02-01,06Q,"NHS MID ESSEX",1175,29739.65,0,0
2024-02-01,15M,"NHS DERBY AND DERBYSHIRE",1181,36896.69,0,0
2024-02-01,06T,"NHS NORTH EAST ESSEX",1311,32133.59,0,0
2024-02-01,03N,"NHS SHEFFIELD",1346,36392.51,0,0
2024-02-01,13T,"NHS NEWCASTLE GATESHEAD",1362,43960.12,0,0
2024-02-01,06K,"NHS EAST AND NORTH HERTFORDSHIRE",1512,41341.41,0,0
2024-02-01,72Q,"NHS SOUTH EAST LONDON",1518,52354.42,0,0
2024-02-01,18C,"NHS HEREFORDSHIRE AND WORCESTERSHIRE",1520,48173.86,0,0
2024-02-01,52R,"NHS NOTTINGHAM AND NOTTINGHAMSHIRE",1534,41681.2,0,0
2024-02-01,71E,"NHS LINCOLNSHIRE",1594,40698.94,0,0
2024-02-01,36J,"NHS BRADFORD DISTRICT AND CRAVEN",1597,44922.98,0,0
2024-02-01,15F,"NHS LEEDS",1612,49739.44,0,0
2024-02-01,93C,"NHS NORTH CENTRAL LONDON",1612,57721.27,0,0
2024-02-01,B2M3M,"NHS COVENTRY AND WARWICKSHIRE",1643,46636.11,0,0
2024-02-01,06H,"NHS CAMBRIDGESHIRE AND PETERBOROUGH",1746,43765.03,0,0
2024-02-01,36L,"NHS SOUTH WEST LONDON",1936,67871.77,0,0
2024-02-01,11J,"NHS DORSET",1965,55077.96,0,0
2024-02-01,97R,"NHS EAST SUSSEX",2012,64702.83,0,0
2024-02-01,92G,"NHS BATH AND NORTH EAST SOMERSET, SWINDON AND WILTSHIRE",2015,56735.69,0,0
2024-02-01,16C,"NHS TEES VALLEY",2141,60839.93,0,0
2024-02-01,M1J4Y,"NHS BEDFORDSHIRE, LUTON AND MILTON KEYNES",2148,61489.17,0,0
2024-02-01,W2U3Z,"NHS NORTH WEST LONDON",2247,79796.1,0,0
2024-02-01,A3A8R,"NHS NORTH EAST LONDON",2465,86868.5,0,0
2024-02-01,D2P2L,"NHS BLACK COUNTRY",2534,77895.04,0,0
2024-02-01,26A,"NHS NORFOLK AND WAVENEY",2611,71160.83,0,0
2024-02-01,92A,"NHS SURREY HEARTLANDS",2993,105558.09,0,0
2024-02-01,15E,"NHS BIRMINGHAM AND SOLIHULL",3017,89012.48,0,0
2024-02-01,D9Y0V,"NHS HAMPSHIRE, SOUTHAMPTON AND ISLE OF WIGHT",3199,107521.45,0,0
2024-02-01,15N,"NHS DEVON",3221,91314.72,0,0
2024-02-01,70F,"NHS WEST SUSSEX",3352,112246.15,0,0
2024-02-01,91Q,"NHS KENT AND MEDWAY",3845,117555.64,0,0
2024-03-01,09W,"NHS MEDWAY",0,0,0,0
2024-03-01,D4U1Y,"NHS FRIMLEY",2,32.88,0,0
2024-03-01,05D,"NHS EAST STAFFORDSHIRE",198,5648.59,0,0
2024-03-01,07G,"NHS THURROCK",220,6229.53,0,0
2024-03-01,02M,"NHS FYLDE AND WYRE",230,6061.41,0,0
2024-03-01,00R,"NHS BLACKPOOL",231,6189.28,0,0
2024-03-01,03H,"NHS NORTH EAST LINCOLNSHIRE",253,6180.21,0,0
2024-03-01,01F,"NHS HALTON",255,6852.21,0,0
2024-03-01,01V,"NHS SOUTHPORT AND FORMBY",257,7612.58,0,0
2024-03-01,02Q,"NHS BASSETLAW",257,6162.58,0,0
2024-03-01,00N,"NHS SOUTH TYNESIDE",272,8263.81,0,0
2024-03-01,00X,"NHS CHORLEY AND SOUTH RIBBLE",283,8232.78,0,0
2024-03-01,01J,"NHS KNOWSLEY",290,7447.63,0,0
2024-03-01,00Q,"NHS BLACKBURN WITH DARWEN",303,7990.98,0,0
2024-03-01,02T,"NHS CALDERDALE",319,10127.13,0,0
2024-03-01,04C,"NHS LEICESTER CITY",325,7748,0,0
2024-03-01,99C,"NHS NORTH TYNESIDE",332,11687.24,0,0
2024-03-01,01E,"NHS GREATER PRESTON",333,10313.87,0,0
2024-03-01,03K,"NHS NORTH LINCOLNSHIRE",335,8265.34,0,0
2024-03-01,05V,"NHS STAFFORD AND SURROUNDS",340,9304.66,0,0
2024-03-01,03Q,"NHS VALE OF YORK",361,10432.52,0,0
2024-03-01,10R,"NHS PORTSMOUTH",382,11867.49,0,0
2024-03-01,01T,"NHS SOUTH SEFTON",387,10428.75,0,0
2024-03-01,99F,"NHS CASTLE POINT AND ROCHFORD",390,13281.84,0,0
2024-03-01,02P,"NHS BARNSLEY",398,10390.44,0,0
2024-03-01,04Y,"NHS CANNOCK CHASE",403,13087.85,0,0
2024-03-01,03W,"NHS EAST LEICESTERSHIRE AND RUTLAND",413,10831.69,0,0
2024-03-01,U2G6B,"NHS THAMES VALLEY ICB - U2G6B",418,14305.12,0,0
2024-03-01,01D,"NHS HEYWOOD, MIDDLETON AND ROCHDALE",448,12792.75,0,0
2024-03-01,03F,"NHS HULL",448,10931.01,0,0
2024-03-01,02G,"NHS WEST LANCASHIRE",454,13246.31,0,0
2024-03-01,00V,"NHS BURY",470,13720.59,0,0
2024-03-01,99G,"NHS SOUTHEND",471,15354.11,0,0
2024-03-01,05Q,"NHS SOUTH EAST STAFFORDSHIRE AND SEISDON PENINSULA",474,14724.67,0,0
2024-03-01,05G,"NHS NORTH STAFFORDSHIRE",478,13597.17,0,0
2024-03-01,02X,"NHS DONCASTER",486,12778.76,0,0
2024-03-01,02E,"NHS WARRINGTON",503,15000.8,0,0
2024-03-01,11X,"NHS SOMERSET",505,14151.73,0,0
2024-03-01,01X,"NHS ST HELENS",520,14641.63,0,0
2024-03-01,M2L0M,"NHS SHROPSHIRE, TELFORD AND WREKIN",525,17309.85,0,0
2024-03-01,01K,"NHS MORECAMBE BAY",539,14197.16,0,0
2024-03-01,06L,"NHS IPSWICH AND EAST SUFFOLK",544,13401.64,0,0
2024-03-01,07K,"NHS WEST SUFFOLK",569,14049.68,0,0
2024-03-01,02A,"NHS TRAFFORD",577,18344.08,0,0
2024-03-01,15A,"NHS BERKSHIRE WEST",579,18825,0,0
2024-03-01,03R,"NHS WAKEFIELD",606,16016.04,0,0
2024-03-01,05W,"NHS STOKE ON TRENT",613,16386.43,0,0
2024-03-01,01H,"NHS NORTH CUMBRIA",614,16379.54,0,0
2024-03-01,99E,"NHS BASILDON AND BRENTWOOD",623,21523.06,0,0
2024-03-01,00Y,"NHS OLDHAM",625,16733.05,0,0
2024-03-01,01G,"NHS SALFORD",630,17874.38,0,0
2024-03-01,00T,"NHS BOLTON",644,18695.82,0,0
2024-03-01,12F,"NHS WIRRAL",650,18522.43,0,0
2024-03-01,02Y,"NHS EAST RIDING OF YORKSHIRE",673,17999.48,0,0
2024-03-01,10Q,"NHS OXFORDSHIRE",685,20440.2,0,0
2024-03-01,04V,"NHS WEST LEICESTERSHIRE",688,16964.1,0,0
2024-03-01,01W,"NHS STOCKPORT",714,21244.32,0,0
2024-03-01,11M,"NHS GLOUCESTERSHIRE",719,20049.84,0,0
2024-03-01,06N,"NHS HERTS VALLEYS",723,24137.53,0,0
2024-03-01,01A,"NHS EAST LANCASHIRE",733,17942.93,0,0
2024-03-01,15C,"NHS BRISTOL, NORTH SOMERSET AND SOUTH GLOUCESTERSHIRE",757,27796.37,0,0
2024-03-01,X2C4Y,"NHS KIRKLEES",764,26107.35,0,0
2024-03-01,09D,"NHS BRIGHTON AND HOVE",776,26988.21,0,0
2024-03-01,00L,"NHS NORTHUMBERLAND",778,22738.08,0,0
2024-03-01,07H,"NHS WEST ESSEX",782,20259.62,0,0
2024-03-01,01Y,"NHS TAMESIDE AND GLOSSOP",813,23198.85,0,0
2024-03-01,99A,"NHS LIVERPOOL",884,26043.24,0,0
2024-03-01,00P,"NHS SUNDERLAND",927,28398.01,0,0
2024-03-01,11N,"NHS CORNWALL AND THE ISLES OF SCILLY",982,25943.4,0,0
2024-03-01,03L,"NHS ROTHERHAM",1004,25494.28,0,0
2024-03-01,27D,"NHS CHESHIRE",1027,29998.98,0,0
2024-03-01,78H,"NHS NORTHAMPTONSHIRE",1058,25435.55,0,0
2024-03-01,84H,"NHS COUNTY DURHAM",1058,30069.91,0,0
2024-03-01,02H,"NHS WIGAN BOROUGH",1070,33155.1,0,0
2024-03-01,14Y,"NHS BUCKINGHAMSHIRE",1085,30454.04,0,0
2024-03-01,42D,"NHS NORTH YORKSHIRE",1099,31218.17,0,0
2024-03-01,06Q,"NHS MID ESSEX",1108,27073.5,0,0
2024-03-01,14L,"NHS MANCHESTER",1152,30121.73,0,0
2024-03-01,15M,"NHS DERBY AND DERBYSHIRE",1196,37089.91,0,0
2024-03-01,03N,"NHS SHEFFIELD",1333,34957.21,0,0
2024-03-01,13T,"NHS NEWCASTLE GATESHEAD",1349,43849.42,0,0
2024-03-01,06T,"NHS NORTH EAST ESSEX",1445,35173.84,0,0
2024-03-01,06K,"NHS EAST AND NORTH HERTFORDSHIRE",1495,40745.05,0,0
2024-03-01,15F,"NHS LEEDS",1533,47939.78,0,0
2024-03-01,72Q,"NHS SOUTH EAST LONDON",1536,53548.42,0,0
2024-03-01,52R,"NHS NOTTINGHAM AND NOTTINGHAMSHIRE",1538,41438.81,0,0
2024-03-01,18C,"NHS HEREFORDSHIRE AND WORCESTERSHIRE",1561,48319.5,0,0
2024-03-01,36J,"NHS BRADFORD DISTRICT AND CRAVEN",1642,46545.68,0,0
2024-03-01,71E,"NHS LINCOLNSHIRE",1661,42398.15,0,0
2024-03-01,B2M3M,"NHS COVENTRY AND WARWICKSHIRE",1666,46729.64,0,0
2024-03-01,93C,"NHS NORTH CENTRAL LONDON",1751,63176.6,0,0
2024-03-01,06H,"NHS CAMBRIDGESHIRE AND PETERBOROUGH",1765,44954.37,0,0
2024-03-01,11J,"NHS DORSET",2032,56861.05,0,0
2024-03-01,36L,"NHS SOUTH WEST LONDON",2041,72039.99,0,0
2024-03-01,92G,"NHS BATH AND NORTH EAST SOMERSET, SWINDON AND WILTSHIRE",2043,56957.98,0,0
2024-03-01,97R,"NHS EAST SUSSEX",2069,66386.87,0,0
2024-03-01,16C,"NHS TEES VALLEY",2071,59382.18,0,0
2024-03-01,M1J4Y,"NHS BEDFORDSHIRE, LUTON AND MILTON KEYNES",2140,60886.92,0,0
2024-03-01,W2U3Z,"NHS NORTH WEST LONDON",2206,79945.9,0,0
2024-03-01,A3A8R,"NHS NORTH EAST LONDON",2441,85307.78,0,0
2024-03-01,D2P2L,"NHS BLACK COUNTRY",2512,76756.07,0,0
2024-03-01,26A,"NHS NORFOLK AND WAVENEY",2604,71090.3,0,0
2024-03-01,15N,"NHS DEVON",2940,83256.57,0,0
2024-03-01,92A,"NHS SURREY HEARTLANDS",3026,107162.29,0,0
2024-03-01,15E,"NHS BIRMINGHAM AND SOLIHULL",3201,94367.84,0,0
2024-03-01,D9Y0V,"NHS HAMPSHIRE, SOUTHAMPTON AND ISLE OF WIGHT",3264,110012.92,0,0
2024-03-01,70F,"NHS WEST SUSSEX",3343,112665.67,0,0
2024-03-01,91Q,"NHS KENT AND MEDWAY",3944,119683.83,0,0
2024-04-01,09W,"NHS MEDWAY",0,0,0,0
2024-04-01,D4U1Y,"NHS FRIMLEY",3,76.74,0,0
2024-04-01,05D,"NHS EAST STAFFORDSHIRE",199,5959.23,0,0
2024-04-01,07G,"NHS THURROCK",211,6107.21,0,0
2024-04-01,02M,"NHS FYLDE AND WYRE",229,6315.05,0,0
2024-04-01,00R,"NHS BLACKPOOL",241,6320.94,0,0
2024-04-01,03H,"NHS NORTH EAST LINCOLNSHIRE",250,6180.68,0,0
2024-04-01,00N,"NHS SOUTH TYNESIDE",252,7989.6,0,0
2024-04-01,02Q,"NHS BASSETLAW",256,6290.29,0,0
2024-04-01,01J,"NHS KNOWSLEY",267,7054.59,0,0
2024-04-01,01V,"NHS SOUTHPORT AND FORMBY",286,8508.78,0,0
2024-04-01,01F,"NHS HALTON",294,8420.6,0,0
2024-04-01,00Q,"NHS BLACKBURN WITH DARWEN",296,7721.33,0,0
2024-04-01,04C,"NHS LEICESTER CITY",321,7641.16,0,0
2024-04-01,01E,"NHS GREATER PRESTON",341,10284.78,0,0
2024-04-01,00X,"NHS CHORLEY AND SOUTH RIBBLE",342,10195.31,0,0
2024-04-01,02T,"NHS CALDERDALE",347,11155.79,0,0
2024-04-01,99C,"NHS NORTH TYNESIDE",350,12275.65,0,0
2024-04-01,03K,"NHS NORTH LINCOLNSHIRE",357,8813.04,0,0
2024-04-01,99F,"NHS CASTLE POINT AND ROCHFORD",364,12279.98,0,0
2024-04-01,02P,"NHS BARNSLEY",385,10413.96,0,0
2024-04-01,05V,"NHS STAFFORD AND SURROUNDS",397,11177.19,0,0
2024-04-01,03W,"NHS EAST LEICESTERSHIRE AND RUTLAND",403,10530.52,0,0
2024-04-01,01T,"NHS SOUTH SEFTON",409,11330.87,0,0
2024-04-01,10R,"NHS PORTSMOUTH",411,13071.2,0,0
2024-04-01,U2G6B,"NHS THAMES VALLEY ICB - U2G6B",415,13622.84,0,0
2024-04-01,03Q,"NHS VALE OF YORK",423,12145.68,0,0
2024-04-01,01D,"NHS HEYWOOD, MIDDLETON AND ROCHDALE",432,11858.51,0,0
2024-04-01,03F,"NHS HULL",433,10628.92,0,0
2024-04-01,04Y,"NHS CANNOCK CHASE",446,13742.64,0,0
2024-04-01,00V,"NHS BURY",462,13717.3,0,0
2024-04-01,02G,"NHS WEST LANCASHIRE",464,13763.37,0,0
2024-04-01,99G,"NHS SOUTHEND",469,15023.15,0,0
2024-04-01,02X,"NHS DONCASTER",494,12863.98,0,0
2024-04-01,05G,"NHS NORTH STAFFORDSHIRE",497,13899.33,0,0
2024-04-01,05Q,"NHS SOUTH EAST STAFFORDSHIRE AND SEISDON PENINSULA",500,15444.46,0,0
2024-04-01,M2L0M,"NHS SHROPSHIRE, TELFORD AND WREKIN",505,16114.58,0,0
2024-04-01,01K,"NHS MORECAMBE BAY",539,14403.15,0,0
2024-04-01,02E,"NHS WARRINGTON",542,16215.94,0,0
2024-04-01,15A,"NHS BERKSHIRE WEST",548,18120.1,0,0
2024-04-01,06L,"NHS IPSWICH AND EAST SUFFOLK",551,13684.13,0,0
2024-04-01,11X,"NHS SOMERSET",555,15393.2,0,0
2024-04-01,02A,"NHS TRAFFORD",568,18278.97,0,0
2024-04-01,99E,"NHS BASILDON AND BRENTWOOD",586,19240.61,0,0
2024-04-01,01X,"NHS ST HELENS",589,16725.39,0,0
2024-04-01,05W,"NHS STOKE ON TRENT",607,16084.74,0,0
2024-04-01,03R,"NHS WAKEFIELD",611,17101.78,0,0
2024-04-01,00Y,"NHS OLDHAM",620,16848.93,0,0
2024-04-01,07K,"NHS WEST SUFFOLK",623,15185.28,0,0
2024-04-01,12F,"NHS WIRRAL",635,18507.11,0,0
2024-04-01,01H,"NHS NORTH CUMBRIA",675,17632.18,0,0
2024-04-01,00T,"NHS BOLTON",680,19742.11,0,0
2024-04-01,02Y,"NHS EAST RIDING OF YORKSHIRE",691,18484.61,0,0
2024-04-01,10Q,"NHS OXFORDSHIRE",701,21114.67,0,0
2024-04-01,04V,"NHS WEST LEICESTERSHIRE",705,17848.85,0,0
2024-04-01,01G,"NHS SALFORD",708,20687.1,0,0
2024-04-01,11M,"NHS GLOUCESTERSHIRE",716,20583.52,0,0
2024-04-01,01A,"NHS EAST LANCASHIRE",732,17921.46,0,0
2024-04-01,06N,"NHS HERTS VALLEYS",737,25904,0,0
2024-04-01,01W,"NHS STOCKPORT",760,23200.34,0,0
2024-04-01,09D,"NHS BRIGHTON AND HOVE",768,27049.66,0,0
2024-04-01,07H,"NHS WEST ESSEX",776,20099.44,0,0
2024-04-01,X2C4Y,"NHS KIRKLEES",785,27516.48,0,0
2024-04-01,15C,"NHS BRISTOL, NORTH SOMERSET AND SOUTH GLOUCESTERSHIRE",799,28731.77,0,0
2024-04-01,01Y,"NHS TAMESIDE AND GLOSSOP",824,24612.03,0,0
2024-04-01,00L,"NHS NORTHUMBERLAND",879,26557.62,0,0
2024-04-01,00P,"NHS SUNDERLAND",913,28063.31,0,0
2024-04-01,11N,"NHS CORNWALL AND THE ISLES OF SCILLY",924,24445.62,0,0
2024-04-01,99A,"NHS LIVERPOOL",954,27744.66,0,0
2024-04-01,03L,"NHS ROTHERHAM",1011,25870.62,0,0
2024-04-01,27D,"NHS CHESHIRE",1020,29965.54,0,0
2024-04-01,84H,"NHS COUNTY DURHAM",1043,29106.64,0,0
2024-04-01,78H,"NHS NORTHAMPTONSHIRE",1074,25990.67,0,0
2024-04-01,02H,"NHS WIGAN BOROUGH",1102,34009.63,0,0
2024-04-01,14Y,"NHS BUCKINGHAMSHIRE",1120,31665.81,0,0
2024-04-01,14L,"NHS MANCHESTER",1139,31138.86,0,0
2024-04-01,42D,"NHS NORTH YORKSHIRE",1154,32990.81,0,0
2024-04-01,15M,"NHS DERBY AND DERBYSHIRE",1172,37640.64,0,0
2024-04-01,06Q,"NHS MID ESSEX",1173,29397.99,0,0
2024-04-01,13T,"NHS NEWCASTLE GATESHEAD",1316,41653.91,0,0
2024-04-01,03N,"NHS SHEFFIELD",1343,35897.44,0,0
2024-04-01,06T,"NHS NORTH EAST ESSEX",1388,33804.52,0,0
2024-04-01,06K,"NHS EAST AND NORTH HERTFORDSHIRE",1524,42077.19,0,0
2024-04-01,52R,"NHS NOTTINGHAM AND NOTTINGHAMSHIRE",1571,42782.25,0,0
2024-04-01,72Q,"NHS SOUTH EAST LONDON",1642,57913.71,0,0
2024-04-01,36J,"NHS BRADFORD DISTRICT AND CRAVEN",1647,47109.16,0,0
2024-04-01,18C,"NHS HEREFORDSHIRE AND WORCESTERSHIRE",1650,51816.85,0,0
2024-04-01,B2M3M,"NHS COVENTRY AND WARWICKSHIRE",1665,46799.2,0,0
2024-04-01,15F,"NHS LEEDS",1694,52752.81,0,0
2024-04-01,71E,"NHS LINCOLNSHIRE",1743,44909.41,0,0
2024-04-01,93C,"NHS NORTH CENTRAL LONDON",1766,64741.97,0,0
2024-04-01,06H,"NHS CAMBRIDGESHIRE AND PETERBOROUGH",1789,45698.57,0,0
2024-04-01,11J,"NHS DORSET",1952,55042.96,0,0
2024-04-01,36L,"NHS SOUTH WEST LONDON",2066,73535.74,0,0
2024-04-01,92G,"NHS BATH AND NORTH EAST SOMERSET, SWINDON AND WILTSHIRE",2081,59929.46,0,0
2024-04-01,97R,"NHS EAST SUSSEX",2093,68051.02,0,0
2024-04-01,M1J4Y,"NHS BEDFORDSHIRE, LUTON AND MILTON KEYNES",2182,63021.12,0,0
2024-04-01,16C,"NHS TEES VALLEY",2204,63060.91,0,0
2024-04-01,W2U3Z,"NHS NORTH WEST LONDON",2270,82418.03,0,0
2024-04-01,A3A8R,"NHS NORTH EAST LONDON",2392,85646.08,0,0
2024-04-01,15N,"NHS DEVON",2553,74412.72,0,0
2024-04-01,D2P2L,"NHS BLACK COUNTRY",2595,80930.44,0,0
2024-04-01,26A,"NHS NORFOLK AND WAVENEY",2692,72549.62,0,0
2024-04-01,92A,"NHS SURREY HEARTLANDS",3025,108027.11,0,0
2024-04-01,15E,"NHS BIRMINGHAM AND SOLIHULL",3155,94351.98,0,0
2024-04-01,D9Y0V,"NHS HAMPSHIRE, SOUTHAMPTON AND ISLE OF WIGHT",3209,109549.23,0,0
2024-04-01,70F,"NHS WEST SUSSEX",3417,115375,0,0
2024-04-01,91Q,"NHS KENT AND MEDWAY",4001,122508.92,0,0
2024-05-01,09W,"NHS MEDWAY",0,0,0,0
2024-05-01,D4U1Y,"NHS FRIMLEY",2,54.56,0,0
2024-05-01,05D,"NHS EAST STAFFORDSHIRE",196,5861.55,0,0
2024-05-01,07G,"NHS THURROCK",232,6548.93,0,0
2024-05-01,02M,"NHS FYLDE AND WYRE",235,6382.02,0,0
2024-05-01,00N,"NHS SOUTH TYNESIDE",249,7445.27,0,0
2024-05-01,00R,"NHS BLACKPOOL",253,6826.39,0,0
2024-05-01,03H,"NHS NORTH EAST LINCOLNSHIRE",256,6143.78,0,0
2024-05-01,01V,"NHS SOUTHPORT AND FORMBY",259,7902.17,0,0
2024-05-01,01F,"NHS HALTON",280,7870.21,0,0
2024-05-01,02Q,"NHS BASSETLAW",280,6726.75,0,0
2024-05-01,01J,"NHS KNOWSLEY",303,7946.08,0,0
2024-05-01,00Q,"NHS BLACKBURN WITH DARWEN",305,7834.07,0,0
2024-05-01,00X,"NHS CHORLEY AND SOUTH RIBBLE",307,9024.69,0,0
2024-05-01,99C,"NHS NORTH TYNESIDE",330,11641.46,0,0
2024-05-01,04C,"NHS LEICESTER CITY",337,8113.5,0,0
2024-05-01,02T,"NHS CALDERDALE",344,11209.66,0,0
2024-05-01,10R,"NHS PORTSMOUTH",354,11636.61,0,0
2024-05-01,03K,"NHS NORTH LINCOLNSHIRE",356,8725.27,0,0
2024-05-01,05V,"NHS STAFFORD AND SURROUNDS",356,9966.99,0,0
2024-05-01,99F,"NHS CASTLE POINT AND ROCHFORD",371,12753.15,0,0
2024-05-01,01E,"NHS GREATER PRESTON",386,11738.51,0,0
2024-05-01,01T,"NHS SOUTH SEFTON",406,11154.84,0,0
2024-05-01,03Q,"NHS VALE OF YORK",407,11610.91,0,0
2024-05-01,03W,"NHS EAST LEICESTERSHIRE AND RUTLAND",424,11200.84,0,0
2024-05-01,02P,"NHS BARNSLEY",437,11521.71,0,0
2024-05-01,04Y,"NHS CANNOCK CHASE",443,13548.33,0,0
2024-05-01,U2G6B,"NHS THAMES VALLEY ICB - U2G6B",445,14805.24,0,0
2024-05-01,00V,"NHS BURY",448,13399.31,0,0
2024-05-01,01D,"NHS HEYWOOD, MIDDLETON AND ROCHDALE",450,13022.55,0,0
2024-05-01,03F,"NHS HULL",457,11321.15,0,0
2024-05-01,02X,"NHS DONCASTER",486,12835.81,0,0
2024-05-01,02G,"NHS WEST LANCASHIRE",490,14511.06,0,0
2024-05-01,M2L0M,"NHS SHROPSHIRE, TELFORD AND WREKIN",493,16655.93,0,0
2024-05-01,02E,"NHS WARRINGTON",513,15355.91,0,0
2024-05-01,05Q,"NHS SOUTH EAST STAFFORDSHIRE AND SEISDON PENINSULA",517,16354.14,0,0
2024-05-01,11X,"NHS SOMERSET",518,14498.1,0,0
2024-05-01,99G,"NHS SOUTHEND",533,17297.38,0,0
2024-05-01,06L,"NHS IPSWICH AND EAST SUFFOLK",544,13142.49,0,0
2024-05-01,05G,"NHS NORTH STAFFORDSHIRE",545,15235.68,0,0
2024-05-01,01K,"NHS MORECAMBE BAY",558,15328.06,0,0
2024-05-01,01X,"NHS ST HELENS",563,16059.05,0,0
2024-05-01,07K,"NHS WEST SUFFOLK",570,14393.16,0,0
2024-05-01,03R,"NHS WAKEFIELD",583,15519.95,0,0
2024-05-01,15A,"NHS BERKSHIRE WEST",591,19139.89,0,0
2024-05-01,02A,"NHS TRAFFORD",596,19355.93,0,0
2024-05-01,99E,"NHS BASILDON AND BRENTWOOD",610,21737.83,0,0
2024-05-01,12F,"NHS WIRRAL",633,18493,0,0
2024-05-01,05W,"NHS STOKE ON TRENT",646,17501.2,0,0
2024-05-01,00Y,"NHS OLDHAM",656,17919.21,0,0
2024-05-01,01G,"NHS SALFORD",686,19788.56,0,0
2024-05-01,01H,"NHS NORTH CUMBRIA",686,18651.92,0,0
2024-05-01,00T,"NHS BOLTON",691,20334.12,0,0
2024-05-01,02Y,"NHS EAST RIDING OF YORKSHIRE",691,18158.73,0,0
2024-05-01,10Q,"NHS OXFORDSHIRE",692,20007.39,0,0
2024-05-01,01W,"NHS STOCKPORT",738,22213.75,0,0
2024-05-01,04V,"NHS WEST LEICESTERSHIRE",742,18443.19,0,0
2024-05-01,07H,"NHS WEST ESSEX",742,18789.03,0,0
2024-05-01,06N,"NHS HERTS VALLEYS",746,25823.3,0,0
2024-05-01,01A,"NHS EAST LANCASHIRE",751,18675.57,0,0
2024-05-01,15C,"NHS BRISTOL, NORTH SOMERSET AND SOUTH GLOUCESTERSHIRE",766,28099.83,0,0
2024-05-01,11M,"NHS GLOUCESTERSHIRE",770,21751.28,0,0
2024-05-01,X2C4Y,"NHS KIRKLEES",797,27581.99,0,0
2024-05-01,01Y,"NHS TAMESIDE AND GLOSSOP",844,24362.73,0,0
2024-05-01,09D,"NHS BRIGHTON AND HOVE",858,29664.13,0,0
2024-05-01,00L,"NHS NORTHUMBERLAND",861,25571.78,0,0
2024-05-01,99A,"NHS LIVERPOOL",896,26334.21,0,0
2024-05-01,00P,"NHS SUNDERLAND",978,30323.87,0,0
2024-05-01,11N,"NHS CORNWALL AND THE ISLES OF SCILLY",991,26371.26,0,0
2024-05-01,03L,"NHS ROTHERHAM",1006,25917.55,0,0
2024-05-01,84H,"NHS COUNTY DURHAM",1025,29182.81,0,0
2024-05-01,02H,"NHS WIGAN BOROUGH",1077,33538.51,0,0
2024-05-01,78H,"NHS NORTHAMPTONSHIRE",1081,25884.37,0,0
2024-05-01,27D,"NHS CHESHIRE",1096,32726.81,0,0
2024-05-01,14Y,"NHS BUCKINGHAMSHIRE",1128,31668.49,0,0
2024-05-01,42D,"NHS NORTH YORKSHIRE",1141,32188.91,0,0
2024-05-01,14L,"NHS MANCHESTER",1142,30517.73,0,0
2024-05-01,15M,"NHS DERBY AND DERBYSHIRE",1167,35816.62,0,0
2024-05-01,06Q,"NHS MID ESSEX",1176,29187.21,0,0
2024-05-01,06T,"NHS NORTH EAST ESSEX",1313,32060.36,0,0
2024-05-01,13T,"NHS NEWCASTLE GATESHEAD",1415,46368.74,0,0
2024-05-01,03N,"NHS SHEFFIELD",1419,37768.7,0,0
2024-05-01,06K,"NHS EAST AND NORTH HERTFORDSHIRE",1531,42488.48,0,0
2024-05-01,72Q,"NHS SOUTH EAST LONDON",1554,55167.9,0,0
2024-05-01,52R,"NHS NOTTINGHAM AND NOTTINGHAMSHIRE",1555,41968.42,0,0
2024-05-01,18C,"NHS HEREFORDSHIRE AND WORCESTERSHIRE",1596,49731.29,0,0
2024-05-01,71E,"NHS LINCOLNSHIRE",1611,40831.27,0,0
2024-05-01,B2M3M,"NHS COVENTRY AND WARWICKSHIRE",1694,47063.26,0,0
2024-05-01,15F,"NHS LEEDS",1704,52163.03,0,0
2024-05-01,36J,"NHS BRADFORD DISTRICT AND CRAVEN",1726,48885.21,0,0
2024-05-01,06H,"NHS CAMBRIDGESHIRE AND PETERBOROUGH",1794,45129.15,0,0
2024-05-01,93C,"NHS NORTH CENTRAL LONDON",1806,65796.14,0,0
2024-05-01,36L,"NHS SOUTH WEST LONDON",1984,69730.94,0,0
2024-05-01,97R,"NHS EAST SUSSEX",2053,65552.88,0,0
2024-05-01,11J,"NHS DORSET",2061,57874.12,0,0
2024-05-01,16C,"NHS TEES VALLEY",2123,61030.53,0,0
2024-05-01,92G,"NHS BATH AND NORTH EAST SOMERSET, SWINDON AND WILTSHIRE",2143,60024.53,0,0
2024-05-01,M1J4Y,"NHS BEDFORDSHIRE, LUTON AND MILTON KEYNES",2200,63099.39,0,0
2024-05-01,W2U3Z,"NHS NORTH WEST LONDON",2286,82905.46,0,0
2024-05-01,A3A8R,"NHS NORTH EAST LONDON",2326,82937.61,0,0
2024-05-01,15N,"NHS DEVON",2434,71301.3,0,0
2024-05-01,D2P2L,"NHS BLACK COUNTRY",2589,78321.8,0,0
2024-05-01,26A,"NHS NORFOLK AND WAVENEY",2609,70933.24,0,0
2024-05-01,92A,"NHS SURREY HEARTLANDS",3000,107628,0,0
2024-05-01,15E,"NHS BIRMINGHAM AND SOLIHULL",3066,91194.18,0,0
2024-05-01,D9Y0V,"NHS HAMPSHIRE, SOUTHAMPTON AND ISLE OF WIGHT",3328,111601.8,0,0
2024-05-01,70F,"NHS WEST SUSSEX",3461,116843.79,0,0
2024-05-01,91Q,"NHS KENT AND MEDWAY",4088,124219.54,0,0
2024-06-01,09W,"NHS MEDWAY",0,0,0,0
2024-06-01,D4U1Y,"NHS FRIMLEY",3,82.43,0,0
2024-06-01,05D,"NHS EAST STAFFORDSHIRE",175,5023.48,0,0
2024-06-01,07G,"NHS THURROCK",202,5696.63,0,0
2024-06-01,00R,"NHS BLACKPOOL",219,5755.14,0,0
2024-06-01,02M,"NHS FYLDE AND WYRE",226,6098.99,0,0
2024-06-01,02Q,"NHS BASSETLAW",231,5602.41,0,0
2024-06-01,03H,"NHS NORTH EAST LINCOLNSHIRE",235,5750.98,0,0
2024-06-01,00N,"NHS SOUTH TYNESIDE",238,7506.86,0,0
2024-06-01,01F,"NHS HALTON",244,6832.18,0,0
2024-06-01,01V,"NHS SOUTHPORT AND FORMBY",249,7392,0,0
2024-06-01,01J,"NHS KNOWSLEY",259,6699.96,0,0
2024-06-01,01E,"NHS GREATER PRESTON",296,9239.09,0,0
2024-06-01,00Q,"NHS BLACKBURN WITH DARWEN",298,7938.19,0,0
2024-06-01,03K,"NHS NORTH LINCOLNSHIRE",309,7784.94,0,0
2024-06-01,99C,"NHS NORTH TYNESIDE",311,11171.29,0,0
2024-06-01,00X,"NHS CHORLEY AND SOUTH RIBBLE",321,9654.81,0,0
2024-06-01,05V,"NHS STAFFORD AND SURROUNDS",321,9299.17,0,0
2024-06-01,04C,"NHS LEICESTER CITY",327,7728.51,0,0
2024-06-01,02T,"NHS CALDERDALE",328,10734.41,0,0
2024-06-01,99F,"NHS CASTLE POINT AND ROCHFORD",365,12083.53,0,0
2024-06-01,10R,"NHS PORTSMOUTH",378,11698.42,0,0
2024-06-01,03Q,"NHS VALE OF YORK",380,11569.37,0,0
2024-06-01,01T,"NHS SOUTH SEFTON",382,10801.68,0,0
2024-06-01,03W,"NHS EAST LEICESTERSHIRE AND RUTLAND",390,10508.63,0,0
2024-06-01,02P,"NHS BARNSLEY",393,10446.18,0,0
2024-06-01,01D,"NHS HEYWOOD, MIDDLETON AND ROCHDALE",400,11700.09,0,0
2024-06-01,04Y,"NHS CANNOCK CHASE",409,12570.98,0,0
2024-06-01,U2G6B,"NHS THAMES VALLEY ICB - U2G6B",411,13409.76,0,0
2024-06-01,00V,"NHS BURY",424,12551.56,0,0
2024-06-01,02G,"NHS WEST LANCASHIRE",443,13453.65,0,0
2024-06-01,03F,"NHS HULL",444,11212.26,0,0
2024-06-01,99G,"NHS SOUTHEND",447,14660.26,0,0
2024-06-01,02X,"NHS DONCASTER",456,12040.24,0,0
2024-06-01,05G,"NHS NORTH STAFFORDSHIRE",461,12462.91,0,0
2024-06-01,06L,"NHS IPSWICH AND EAST SUFFOLK",471,11443.24,0,0
2024-06-01,02E,"NHS WARRINGTON",489,14901.51,0,0
2024-06-01,M2L0M,"NHS SHROPSHIRE, TELFORD AND WREKIN",497,15585.31,0,0
2024-06-01,11X,"NHS SOMERSET",500,13543.63,0,0
2024-06-01,01K,"NHS MORECAMBE BAY",501,13246.44,0,0
2024-06-01,05Q,"NHS SOUTH EAST STAFFORDSHIRE AND SEISDON PENINSULA",503,15680.73,0,0
2024-06-01,15A,"NHS BERKSHIRE WEST",528,17694.39,0,0
2024-06-01,01X,"NHS ST HELENS",531,15066.5,0,0
2024-06-01,07K,"NHS WEST SUFFOLK",540,13559.57,0,0
2024-06-01,99E,"NHS BASILDON AND BRENTWOOD",543,18281.45,0,0
2024-06-01,02A,"NHS TRAFFORD",559,17986.4,0,0
2024-06-01,03R,"NHS WAKEFIELD",570,15548.79,0,0
2024-06-01,12F,"NHS WIRRAL",588,16842.81,0,0
2024-06-01,05W,"NHS STOKE ON TRENT",606,16019.19,0,0
2024-06-01,01H,"NHS NORTH CUMBRIA",612,15941.15,0,0
2024-06-01,00Y,"NHS OLDHAM",616,16791.94,0,0
2024-06-01,02Y,"NHS EAST RIDING OF YORKSHIRE",633,17050.34,0,0
2024-06-01,00T,"NHS BOLTON",646,18354.07,0,0
2024-06-01,01G,"NHS SALFORD",656,19143.58,0,0
2024-06-01,04V,"NHS WEST LEICESTERSHIRE",657,16381.77,0,0
2024-06-01,10Q,"NHS OXFORDSHIRE",662,19418.7,0,0
2024-06-01,01W,"NHS STOCKPORT",665,20014.72,0,0
2024-06-01,01A,"NHS EAST LANCASHIRE",683,16913.72,0,0
2024-06-01,15C,"NHS BRISTOL, NORTH SOMERSET AND SOUTH GLOUCESTERSHIRE",693,25495.23,0,0
2024-06-01,X2C4Y,"NHS KIRKLEES",710,24726.4,0,0
2024-06-01,06N,"NHS HERTS VALLEYS",711,24604.98,0,0
2024-06-01,11M,"NHS GLOUCESTERSHIRE",721,20733.7,0,0
2024-06-01,07H,"NHS WEST ESSEX",740,19091.38,0,0
2024-06-01,09D,"NHS BRIGHTON AND HOVE",768,26360.34,0,0
2024-06-01,01Y,"NHS TAMESIDE AND GLOSSOP",800,23519.12,0,0
2024-06-01,99A,"NHS LIVERPOOL",803,23203.58,0,0
2024-06-01,00L,"NHS NORTHUMBERLAND",807,24184.99,0,0
2024-06-01,00P,"NHS SUNDERLAND",844,26166.42,0,0
2024-06-01,84H,"NHS COUNTY DURHAM",938,25807.29,0,0
2024-06-01,03L,"NHS ROTHERHAM",965,24721.42,0,0
2024-06-01,11N,"NHS CORNWALL AND THE ISLES OF SCILLY",992,25906.76,0,0
2024-06-01,27D,"NHS CHESHIRE",995,29946.33,0,0
2024-06-01,14Y,"NHS BUCKINGHAMSHIRE",1044,29575.34,0,0
2024-06-01,78H,"NHS NORTHAMPTONSHIRE",1059,25380.14,0,0
2024-06-01,06Q,"NHS MID ESSEX",1068,26500.63,0,0
2024-06-01,14L,"NHS MANCHESTER",1068,28655.42,0,0
2024-06-01,02H,"NHS WIGAN BOROUGH",1085,34336.13,0,0
2024-06-01,42D,"NHS NORTH YORKSHIRE",1101,31262.55,0,0
2024-06-01,15M,"NHS DERBY AND DERBYSHIRE",1131,35269.39,0,0
2024-06-01,13T,"NHS NEWCASTLE GATESHEAD",1202,38678.89,0,0
2024-06-01,03N,"NHS SHEFFIELD",1238,32551.63,0,0
2024-06-01,06T,"NHS NORTH EAST ESSEX",1291,31605.36,0,0
2024-06-01,06K,"NHS EAST AND NORTH HERTFORDSHIRE",1450,39958.47,0,0
2024-06-01,52R,"NHS NOTTINGHAM AND NOTTINGHAMSHIRE",1450,39228.04,0,0
2024-06-01,18C,"NHS HEREFORDSHIRE AND WORCESTERSHIRE",1507,46473.47,0,0
2024-06-01,36J,"NHS BRADFORD DISTRICT AND CRAVEN",1517,43066.16,0,0
2024-06-01,15F,"NHS LEEDS",1561,47984.42,0,0
2024-06-01,72Q,"NHS SOUTH EAST LONDON",1562,54870.81,0,0
2024-06-01,71E,"NHS LINCOLNSHIRE",1598,40992.85,0,0
2024-06-01,B2M3M,"NHS COVENTRY AND WARWICKSHIRE",1604,44766.37,0,0
2024-06-01,06H,"NHS CAMBRIDGESHIRE AND PETERBOROUGH",1676,42279.86,0,0
2024-06-01,93C,"NHS NORTH CENTRAL LONDON",1684,61375.49,0,0
2024-06-01,36L,"NHS SOUTH WEST LONDON",1920,69118.01,0,0
2024-06-01,11J,"NHS DORSET",1950,55341.13,0,0
2024-06-01,97R,"NHS EAST SUSSEX",1952,62880.58,0,0
2024-06-01,16C,"NHS TEES VALLEY",2012,58179.23,0,0
2024-06-01,92G,"NHS BATH AND NORTH EAST SOMERSET, SWINDON AND WILTSHIRE",2017,56899.41,0,0
2024-06-01,W2U3Z,"NHS NORTH WEST LONDON",2086,75042.01,0,0
2024-06-01,M1J4Y,"NHS BEDFORDSHIRE, LUTON AND MILTON KEYNES",2091,60803.1,0,0
2024-06-01,A3A8R,"NHS NORTH EAST LONDON",2221,79950.94,0,0
2024-06-01,15N,"NHS DEVON",2320,67984.24,0,0
2024-06-01,D2P2L,"NHS BLACK COUNTRY",2455,74455.29,0,0
2024-06-01,26A,"NHS NORFOLK AND WAVENEY",2456,65917.69,0,0
2024-06-01,92A,"NHS SURREY HEARTLANDS",2836,101415.12,0,0
2024-06-01,15E,"NHS BIRMINGHAM AND SOLIHULL",2938,87092.19,0,0
2024-06-01,D9Y0V,"NHS HAMPSHIRE, SOUTHAMPTON AND ISLE OF WIGHT",3052,102568.21,0,0
2024-06-01,70F,"NHS WEST SUSSEX",3210,109565.21,0,0
2024-06-01,91Q,"NHS KENT AND MEDWAY",3698,113011.23,0,0
2024-07-01,09W,"NHS MEDWAY",0,0,0,0
2024-07-01,D4U1Y,"NHS FRIMLEY",1,27.87,0,0
2024-07-01,05D,"NHS EAST STAFFORDSHIRE",201,5795.28,0,0
2024-07-01,00R,"NHS BLACKPOOL",227,6079.46,0,0
2024-07-01,07G,"NHS THURROCK",236,6590.88,0,0
2024-07-01,00N,"NHS SOUTH TYNESIDE",240,7514.71,0,0
2024-07-01,02M,"NHS FYLDE AND WYRE",247,6711.54,0,0
2024-07-01,01V,"NHS SOUTHPORT AND FORMBY",255,7925.41,0,0
2024-07-01,01F,"NHS HALTON",263,7268.73,0,0
2024-07-01,03H,"NHS NORTH EAST LINCOLNSHIRE",263,6365.24,0,0
2024-07-01,02Q,"NHS BASSETLAW",272,6665.8,0,0
2024-07-01,00Q,"NHS BLACKBURN WITH DARWEN",286,7543.45,0,0
2024-07-01,01J,"NHS KNOWSLEY",307,7936.51,0,0
2024-07-01,02T,"NHS CALDERDALE",320,10247.15,0,0
2024-07-01,99C,"NHS NORTH TYNESIDE",343,11618.72,0,0
2024-07-01,00X,"NHS CHORLEY AND SOUTH RIBBLE",350,10525.75,0,0
2024-07-01,05V,"NHS STAFFORD AND SURROUNDS",350,9850.28,0,0
2024-07-01,03K,"NHS NORTH LINCOLNSHIRE",355,8810.26,0,0
2024-07-01,01E,"NHS GREATER PRESTON",362,10909.67,0,0
2024-07-01,04C,"NHS LEICESTER CITY",364,8532.04,0,0
2024-07-01,10R,"NHS PORTSMOUTH",367,12203.02,0,0
2024-07-01,99F,"NHS CASTLE POINT AND ROCHFORD",381,12497.21,0,0
2024-07-01,01T,"NHS SOUTH SEFTON",404,11203.12,0,0
2024-07-01,04Y,"NHS CANNOCK CHASE",412,12342.04,0,0
2024-07-01,03Q,"NHS VALE OF YORK",421,12272.6,0,0
2024-07-01,03W,"NHS EAST LEICESTERSHIRE AND RUTLAND",425,11018.88,0,0
2024-07-01,02P,"NHS BARNSLEY",432,11575.24,0,0
2024-07-01,U2G6B,"NHS THAMES VALLEY ICB - U2G6B",432,14846.78,0,0
2024-07-01,02G,"NHS WEST LANCASHIRE",448,13186.11,0,0
2024-07-01,01D,"NHS HEYWOOD, MIDDLETON AND ROCHDALE",462,13365.51,0,0
2024-07-01,00V,"NHS BURY",476,13992.26,0,0
2024-07-01,03F,"NHS HULL",476,12294.32,0,0
2024-07-01,02E,"NHS WARRINGTON",490,15062.78,0,0
2024-07-01,02X,"NHS DONCASTER",492,12784.61,0,0
2024-07-01,99G,"NHS SOUTHEND",494,15834.37,0,0
2024-07-01,06L,"NHS IPSWICH AND EAST SUFFOLK",495,11821.95,0,0
2024-07-01,M2L0M,"NHS SHROPSHIRE, TELFORD AND WREKIN",502,16472.11,0,0
2024-07-01,15A,"NHS BERKSHIRE WEST",532,17097.14,0,0
2024-07-01,11X,"NHS SOMERSET",535,14931.53,0,0
2024-07-01,05G,"NHS NORTH STAFFORDSHIRE",536,15235.79,0,0
2024-07-01,05Q,"NHS SOUTH EAST STAFFORDSHIRE AND SEISDON PENINSULA",543,16897.65,0,0
2024-07-01,01X,"NHS ST HELENS",545,15898.05,0,0
2024-07-01,01K,"NHS MORECAMBE BAY",550,15102.46,0,0
2024-07-01,02A,"NHS TRAFFORD",567,18017.86,0,0
2024-07-01,07K,"NHS WEST SUFFOLK",567,14039.14,0,0
2024-07-01,99E,"NHS BASILDON AND BRENTWOOD",588,20541.35,0,0
2024-07-01,03R,"NHS WAKEFIELD",624,16571.72,0,0
2024-07-01,12F,"NHS WIRRAL",630,18441.59,0,0
2024-07-01,05W,"NHS STOKE ON TRENT",643,17166.57,0,0
2024-07-01,10Q,"NHS OXFORDSHIRE",686,19928.55,0,0
2024-07-01,00Y,"NHS OLDHAM",696,18630.1,0,0
2024-07-01,00T,"NHS BOLTON",697,20105.75,0,0
2024-07-01,01H,"NHS NORTH CUMBRIA",700,18743.26,0,0
2024-07-01,01G,"NHS SALFORD",711,20598.51,0,0
2024-07-01,04V,"NHS WEST LEICESTERSHIRE",719,18244.3,0,0
2024-07-01,06N,"NHS HERTS VALLEYS",719,24319.75,0,0
2024-07-01,01W,"NHS STOCKPORT",732,21662.64,0,0
2024-07-01,01A,"NHS EAST LANCASHIRE",736,17973.43,0,0
2024-07-01,02Y,"NHS EAST RIDING OF YORKSHIRE",743,19867.07,0,0
2024-07-01,15C,"NHS BRISTOL, NORTH SOMERSET AND SOUTH GLOUCESTERSHIRE",744,27441.24,0,0
2024-07-01,11M,"NHS GLOUCESTERSHIRE",746,20784.78,0,0
2024-07-01,07H,"NHS WEST ESSEX",760,19607.94,0,0
2024-07-01,X2C4Y,"NHS KIRKLEES",781,27014.35,0,0
2024-07-01,00L,"NHS NORTHUMBERLAND",810,24093.59,0,0
2024-07-01,09D,"NHS BRIGHTON AND HOVE",814,28781.6,0,0
2024-07-01,01Y,"NHS TAMESIDE AND GLOSSOP",823,23728.98,0,0
2024-07-01,99A,"NHS LIVERPOOL",908,26517.84,0,0
2024-07-01,00P,"NHS SUNDERLAND",941,29068.05,0,0
2024-07-01,11N,"NHS CORNWALL AND THE ISLES OF SCILLY",983,26417.89,0,0
2024-07-01,03L,"NHS ROTHERHAM",1033,26217.51,0,0
2024-07-01,84H,"NHS COUNTY DURHAM",1034,29033.35,0,0
2024-07-01,27D,"NHS CHESHIRE",1053,31226.58,0,0
2024-07-01,14Y,"NHS BUCKINGHAMSHIRE",1101,31249.83,0,0
2024-07-01,02H,"NHS WIGAN BOROUGH",1138,35489.24,0,0
2024-07-01,15M,"NHS DERBY AND DERBYSHIRE",1161,35956.18,0,0
2024-07-01,78H,"NHS NORTHAMPTONSHIRE",1174,28512.71,0,0
2024-07-01,42D,"NHS NORTH YORKSHIRE",1177,32856.34,0,0
2024-07-01,06Q,"NHS MID ESSEX",1191,29532.03,0,0
2024-07-01,14L,"NHS MANCHESTER",1195,32078.82,0,0
2024-07-01,06T,"NHS NORTH EAST ESSEX",1291,31404.72,0,0
2024-07-01,03N,"NHS SHEFFIELD",1338,35587.03,0,0
2024-07-01,13T,"NHS NEWCASTLE GATESHEAD",1387,45316.25,0,0
2024-07-01,06K,"NHS EAST AND NORTH HERTFORDSHIRE",1539,42324.42,0,0
2024-07-01,52R,"NHS NOTTINGHAM AND NOTTINGHAMSHIRE",1578,42505.53,0,0
2024-07-01,18C,"NHS HEREFORDSHIRE AND WORCESTERSHIRE",1619,50923.62,0,0
2024-07-01,71E,"NHS LINCOLNSHIRE",1680,42911.77,0,0
2024-07-01,15F,"NHS LEEDS",1690,52704.76,0,0
2024-07-01,36J,"NHS BRADFORD DISTRICT AND CRAVEN",1706,48456.83,0,0
2024-07-01,72Q,"NHS SOUTH EAST LONDON",1708,60966.1,0,0
2024-07-01,B2M3M,"NHS COVENTRY AND WARWICKSHIRE",1716,48711.65,0,0
2024-07-01,93C,"NHS NORTH CENTRAL LONDON",1804,64702.67,0,0
2024-07-01,06H,"NHS CAMBRIDGESHIRE AND PETERBOROUGH",1939,48818.14,0,0
2024-07-01,36L,"NHS SOUTH WEST LONDON",2029,71103.79,0,0
2024-07-01,11J,"NHS DORSET",2049,56847.3,0,0
2024-07-01,97R,"NHS EAST SUSSEX",2101,67838.62,0,0
2024-07-01,16C,"NHS TEES VALLEY",2123,60348.38,0,0
2024-07-01,92G,"NHS BATH AND NORTH EAST SOMERSET, SWINDON AND WILTSHIRE",2126,60299.67,0,0
2024-07-01,W2U3Z,"NHS NORTH WEST LONDON",2192,76427.68,0,0
2024-07-01,M1J4Y,"NHS BEDFORDSHIRE, LUTON AND MILTON KEYNES",2229,63887.06,0,0
2024-07-01,15N,"NHS DEVON",2399,69701.58,0,0
2024-07-01,A3A8R,"NHS NORTH EAST LONDON",2405,87946.35,0,0
2024-07-01,D2P2L,"NHS BLACK COUNTRY",2597,78965.99,0,0
2024-07-01,26A,"NHS NORFOLK AND WAVENEY",2712,73449.87,0,0
2024-07-01,92A,"NHS SURREY HEARTLANDS",3060,110861.13,0,0
2024-07-01,D9Y0V,"NHS HAMPSHIRE, SOUTHAMPTON AND ISLE OF WIGHT",3145,105690.39,0,0
2024-07-01,15E,"NHS BIRMINGHAM AND SOLIHULL",3197,94742.69,0,0
2024-07-01,70F,"NHS WEST SUSSEX",3494,118848.6,0,0
2024-07-01,91Q,"NHS KENT AND MEDWAY",4044,123936.8,0,0
2024-08-01,09W,"NHS MEDWAY",0,0,0,0
2024-08-01,D4U1Y,"NHS FRIMLEY",3,93.33,0,0
2024-08-01,05D,"NHS EAST STAFFORDSHIRE",181,5536.59,0,0
2024-08-01,00R,"NHS BLACKPOOL",215,5653.52,0,0
2024-08-01,07G,"NHS THURROCK",217,6039.8,0,0
2024-08-01,02M,"NHS FYLDE AND WYRE",218,5878.93,0,0
2024-08-01,03H,"NHS NORTH EAST LINCOLNSHIRE",237,5875.42,0,0
2024-08-01,00N,"NHS SOUTH TYNESIDE",243,7409.97,0,0
2024-08-01,01F,"NHS HALTON",255,7349.28,0,0
2024-08-01,01V,"NHS SOUTHPORT AND FORMBY",268,8044.85,0,0
2024-08-01,02Q,"NHS BASSETLAW",269,6589.2,0,0
2024-08-01,01J,"NHS KNOWSLEY",282,7444.11,0,0
2024-08-01,00X,"NHS CHORLEY AND SOUTH RIBBLE",286,8333.93,0,0
2024-08-01,00Q,"NHS BLACKBURN WITH DARWEN",311,8289.97,0,0
2024-08-01,01E,"NHS GREATER PRESTON",314,9572.56,0,0
2024-08-01,10R,"NHS PORTSMOUTH",315,10149.01,0,0
2024-08-01,05V,"NHS STAFFORD AND SURROUNDS",316,8798.77,0,0
2024-08-01,04C,"NHS LEICESTER CITY",320,7435.3,0,0
2024-08-01,02T,"NHS CALDERDALE",329,10744.13,0,0
2024-08-01,99C,"NHS NORTH TYNESIDE",333,11467.28,0,0
2024-08-01,03K,"NHS NORTH LINCOLNSHIRE",343,8509.13,0,0
2024-08-01,99F,"NHS CASTLE POINT AND ROCHFORD",359,12119.68,0,0
2024-08-01,02P,"NHS BARNSLEY",364,9721.48,0,0
2024-08-01,03Q,"NHS VALE OF YORK",367,10565.71,0,0
2024-08-01,01T,"NHS SOUTH SEFTON",369,10307.13,0,0
2024-08-01,04Y,"NHS CANNOCK CHASE",403,12216.34,0,0
2024-08-01,U2G6B,"NHS THAMES VALLEY ICB - U2G6B",405,13132.27,0,0
2024-08-01,03F,"NHS HULL",412,10204.38,0,0
2024-08-01,03W,"NHS EAST LEICESTERSHIRE AND RUTLAND",419,10830.4,0,0
2024-08-01,02G,"NHS WEST LANCASHIRE",443,13493.17,0,0
2024-08-01,99G,"NHS SOUTHEND",449,14540.53,0,0
2024-08-01,02X,"NHS DONCASTER",453,12024.12,0,0
2024-08-01,00V,"NHS BURY",454,13540.81,0,0
2024-08-01,01D,"NHS HEYWOOD, MIDDLETON AND ROCHDALE",454,12812.67,0,0
2024-08-01,06L,"NHS IPSWICH AND EAST SUFFOLK",456,10939.46,0,0
2024-08-01,01K,"NHS MORECAMBE BAY",471,12995.41,0,0
2024-08-01,02E,"NHS WARRINGTON",477,14593.15,0,0
2024-08-01,05G,"NHS NORTH STAFFORDSHIRE",477,12865.41,0,0
2024-08-01,05Q,"NHS SOUTH EAST STAFFORDSHIRE AND SEISDON PENINSULA",479,15315.24,0,0
2024-08-01,M2L0M,"NHS SHROPSHIRE, TELFORD AND WREKIN",482,15632.34,0,0
2024-08-01,11X,"NHS SOMERSET",495,13826.13,0,0
2024-08-01,01X,"NHS ST HELENS",510,14846.86,0,0
2024-08-01,15A,"NHS BERKSHIRE WEST",527,17778.64,0,0
2024-08-01,99E,"NHS BASILDON AND BRENTWOOD",532,18180.52,0,0
2024-08-01,07K,"NHS WEST SUFFOLK",562,13803.97,0,0
2024-08-01,02A,"NHS TRAFFORD",570,18166.81,0,0
2024-08-01,03R,"NHS WAKEFIELD",578,15638.96,0,0
2024-08-01,12F,"NHS WIRRAL",587,17279.01,0,0
2024-08-01,01H,"NHS NORTH CUMBRIA",592,15563.13,0,0
2024-08-01,02Y,"NHS EAST RIDING OF YORKSHIRE",630,16797.88,0,0
2024-08-01,00Y,"NHS OLDHAM",637,17560.85,0,0
2024-08-01,05W,"NHS STOKE ON TRENT",639,17490.9,0,0
2024-08-01,01A,"NHS EAST LANCASHIRE",656,16004.49,0,0
2024-08-01,01G,"NHS SALFORD",658,19180.66,0,0
2024-08-01,10Q,"NHS OXFORDSHIRE",669,19841.94,0,0
2024-08-01,00T,"NHS BOLTON",671,20230.62,0,0
2024-08-01,15C,"NHS BRISTOL, NORTH SOMERSET AND SOUTH GLOUCESTERSHIRE",674,25451.67,0,0
2024-08-01,04V,"NHS WEST LEICESTERSHIRE",676,16512.2,0,0
2024-08-01,06N,"NHS HERTS VALLEYS",681,23079.45,0,0
2024-08-01,01W,"NHS STOCKPORT",708,21669.95,0,0
2024-08-01,11M,"NHS GLOUCESTERSHIRE",725,21027.72,0,0
2024-08-01,07H,"NHS WEST ESSEX",730,18789.07,0,0
2024-08-01,09D,"NHS BRIGHTON AND HOVE",743,25859.92,0,0
2024-08-01,X2C4Y,"NHS KIRKLEES",748,26036.09,0,0
2024-08-01,01Y,"NHS TAMESIDE AND GLOSSOP",770,22888.99,0,0
2024-08-01,00L,"NHS NORTHUMBERLAND",814,24092.91,0,0
2024-08-01,00P,"NHS SUNDERLAND",855,26076.12,0,0
2024-08-01,99A,"NHS LIVERPOOL",889,25869.95,0,0
2024-08-01,03L,"NHS ROTHERHAM",895,22927.62,0,0
2024-08-01,11N,"NHS CORNWALL AND THE ISLES OF SCILLY",951,25151.5,0,0
2024-08-01,84H,"NHS COUNTY DURHAM",971,27545.49,0,0
2024-08-01,42D,"NHS NORTH YORKSHIRE",1003,28156.46,0,0
2024-08-01,27D,"NHS CHESHIRE",1015,30565.53,0,0
2024-08-01,14Y,"NHS BUCKINGHAMSHIRE",1021,28776.88,0,0
2024-08-01,78H,"NHS NORTHAMPTONSHIRE",1027,25036.22,0,0
2024-08-01,02H,"NHS WIGAN BOROUGH",1043,32277.32,0,0
2024-08-01,14L,"NHS MANCHESTER",1064,28459.54,0,0
2024-08-01,15M,"NHS DERBY AND DERBYSHIRE",1079,33929.8,0,0
2024-08-01,06Q,"NHS MID ESSEX",1089,26852.88,0,0
2024-08-01,06T,"NHS NORTH EAST ESSEX",1175,28552.55,0,0
2024-08-01,03N,"NHS SHEFFIELD",1233,32975.32,0,0
2024-08-01,13T,"NHS NEWCASTLE GATESHEAD",1294,42093.39,0,0
2024-08-01,52R,"NHS NOTTINGHAM AND NOTTINGHAMSHIRE",1439,39173.78,0,0
2024-08-01,06K,"NHS EAST AND NORTH HERTFORDSHIRE",1494,41523.79,0,0
2024-08-01,72Q,"NHS SOUTH EAST LONDON",1528,54230.35,0,0
2024-08-01,18C,"NHS HEREFORDSHIRE AND WORCESTERSHIRE",1538,48602.37,0,0
2024-08-01,15F,"NHS LEEDS",1541,48262.2,0,0
2024-08-01,71E,"NHS LINCOLNSHIRE",1574,40189.34,0,0
2024-08-01,B2M3M,"NHS COVENTRY AND WARWICKSHIRE",1604,44866.11,0,0
2024-08-01,36J,"NHS BRADFORD DISTRICT AND CRAVEN",1627,46075.71,0,0
2024-08-01,93C,"NHS NORTH CENTRAL LONDON",1667,61109.19,0,0
2024-08-01,06H,"NHS CAMBRIDGESHIRE AND PETERBOROUGH",1705,42261.52,0,0
2024-08-01,36L,"NHS SOUTH WEST LONDON",1846,66168.69,0,0
2024-08-01,W2U3Z,"NHS NORTH WEST LONDON",1866,65886.1,0,0
2024-08-01,11J,"NHS DORSET",1915,53849.26,0,0
2024-08-01,92G,"NHS BATH AND NORTH EAST SOMERSET, SWINDON AND WILTSHIRE",1931,55082.69,0,0
2024-08-01,16C,"NHS TEES VALLEY",1997,56333.45,0,0
2024-08-01,97R,"NHS EAST SUSSEX",2000,64490.02,0,0
2024-08-01,M1J4Y,"NHS BEDFORDSHIRE, LUTON AND MILTON KEYNES",2016,58898.65,0,0
2024-08-01,A3A8R,"NHS NORTH EAST LONDON",2187,78777.64,0,0
2024-08-01,15N,"NHS DEVON",2317,69025.51,0,0
2024-08-01,D2P2L,"NHS BLACK COUNTRY",2411,73628.59,0,0
2024-08-01,26A,"NHS NORFOLK AND WAVENEY",2521,67990.14,0,0
2024-08-01,92A,"NHS SURREY HEARTLANDS",2791,99983.35,0,0
2024-08-01,15E,"NHS BIRMINGHAM AND SOLIHULL",2840,83353.92,0,0
2024-08-01,D9Y0V,"NHS HAMPSHIRE, SOUTHAMPTON AND ISLE OF WIGHT",3042,104236.04,0,0
2024-08-01,70F,"NHS WEST SUSSEX",3253,111764.14,0,0
2024-08-01,91Q,"NHS KENT AND MEDWAY",3756,115848.46,0,0
2024-09-01,09W,"NHS MEDWAY",0,0,0,0
2024-09-01,D4U1Y,"NHS FRIMLEY",3,61.18,0,0
2024-09-01,05D,"NHS EAST STAFFORDSHIRE",177,5046.59,0,0
2024-09-01,07G,"NHS THURROCK",213,5922.46,0,0
2024-09-01,00R,"NHS BLACKPOOL",221,5864.83,0,0
2024-09-01,02M,"NHS FYLDE AND WYRE",228,6239.58,0,0
2024-09-01,00N,"NHS SOUTH TYNESIDE",237,7449.03,0,0
2024-09-01,01V,"NHS SOUTHPORT AND FORMBY",242,7292.59,0,0
2024-09-01,02Q,"NHS BASSETLAW",243,5827.63,0,0
2024-09-01,01J,"NHS KNOWSLEY",245,6208.48,0,0
2024-09-01,01F,"NHS HALTON",250,7057.46,0,0
2024-09-01,03H,"NHS NORTH EAST LINCOLNSHIRE",250,6351.82,0,0
2024-09-01,00Q,"NHS BLACKBURN WITH DARWEN",283,7320.66,0,0
2024-09-01,02T,"NHS CALDERDALE",309,9543.81,0,0
2024-09-01,04C,"NHS LEICESTER CITY",317,7362.9,0,0
2024-09-01,05V,"NHS STAFFORD AND SURROUNDS",319,9035.5,0,0
2024-09-01,01E,"NHS GREATER PRESTON",321,9970.68,0,0
2024-09-01,00X,"NHS CHORLEY AND SOUTH RIBBLE",326,9712.09,0,0
2024-09-01,03K,"NHS NORTH LINCOLNSHIRE",326,7841.34,0,0
2024-09-01,99F,"NHS CASTLE POINT AND ROCHFORD",342,11272.93,0,0
2024-09-01,03Q,"NHS VALE OF YORK",347,10026.02,0,0
2024-09-01,10R,"NHS PORTSMOUTH",348,10978.68,0,0
2024-09-01,99C,"NHS NORTH TYNESIDE",350,12867.85,0,0
2024-09-01,01T,"NHS SOUTH SEFTON",367,10188.93,0,0
2024-09-01,03W,"NHS EAST LEICESTERSHIRE AND RUTLAND",381,9781.4,0,0
2024-09-01,03F,"NHS HULL",395,10062.54,0,0
2024-09-01,U2G6B,"NHS THAMES VALLEY ICB - U2G6B",395,13573.24,0,0
2024-09-01,04Y,"NHS CANNOCK CHASE",398,12260.04,0,0
2024-09-01,02G,"NHS WEST LANCASHIRE",406,12250.78,0,0
2024-09-01,02P,"NHS BARNSLEY",410,10999.86,0,0
2024-09-01,01D,"NHS HEYWOOD, MIDDLETON AND ROCHDALE",426,12379.07,0,0
2024-09-01,99G,"NHS SOUTHEND",443,13876.76,0,0
2024-09-01,00V,"NHS BURY",447,13735.48,0,0
2024-09-01,02X,"NHS DONCASTER",453,11875.06,0,0
2024-09-01,05Q,"NHS SOUTH EAST STAFFORDSHIRE AND SEISDON PENINSULA",466,14523.84,0,0
2024-09-01,02E,"NHS WARRINGTON",467,14251.04,0,0
2024-09-01,M2L0M,"NHS SHROPSHIRE, TELFORD AND WREKIN",467,15052.28,0,0
2024-09-01,11X,"NHS SOMERSET",478,12990.46,0,0
2024-09-01,05G,"NHS NORTH STAFFORDSHIRE",479,13370.4,0,0
2024-09-01,06L,"NHS IPSWICH AND EAST SUFFOLK",484,11720.55,0,0
2024-09-01,01K,"NHS MORECAMBE BAY",504,13641.02,0,0
2024-09-01,99E,"NHS BASILDON AND BRENTWOOD",518,17748.29,0,0
2024-09-01,02A,"NHS TRAFFORD",526,17233.93,0,0
2024-09-01,01X,"NHS ST HELENS",528,15348.12,0,0
2024-09-01,15A,"NHS BERKSHIRE WEST",531,17121.87,0,0
2024-09-01,00T,"NHS BOLTON",558,16625.64,0,0
2024-09-01,07K,"NHS WEST SUFFOLK",570,13851.34,0,0
2024-09-01,03R,"NHS WAKEFIELD",573,15479.28,0,0
2024-09-01,01H,"NHS NORTH CUMBRIA",589,15729.81,0,0
2024-09-01,00Y,"NHS OLDHAM",605,16306.57,0,0
2024-09-01,05W,"NHS STOKE ON TRENT",613,16444.32,0,0
2024-09-01,12F,"NHS WIRRAL",628,18017.4,0,0
2024-09-01,01G,"NHS SALFORD",643,18659.35,0,0
2024-09-01,10Q,"NHS OXFORDSHIRE",648,19180.22,0,0
2024-09-01,04V,"NHS WEST LEICESTERSHIRE",649,15997.83,0,0
2024-09-01,02Y,"NHS EAST RIDING OF YORKSHIRE",652,16845.08,0,0
2024-09-01,06N,"NHS HERTS VALLEYS",657,23247.89,0,0
2024-09-01,01A,"NHS EAST LANCASHIRE",661,16306.25,0,0
2024-09-01,15C,"NHS BRISTOL, NORTH SOMERSET AND SOUTH GLOUCESTERSHIRE",680,25048.45,0,0
2024-09-01,07H,"NHS WEST ESSEX",694,17878.58,0,0
2024-09-01,11M,"NHS GLOUCESTERSHIRE",700,20190.66,0,0
2024-09-01,01W,"NHS STOCKPORT",728,21984.34,0,0
2024-09-01,X2C4Y,"NHS KIRKLEES",735,26088.21,0,0
2024-09-01,09D,"NHS BRIGHTON AND HOVE",752,26476.49,0,0
2024-09-01,01Y,"NHS TAMESIDE AND GLOSSOP",796,23129.9,0,0
2024-09-01,00L,"NHS NORTHUMBERLAND",803,23493.92,0,0
2024-09-01,99A,"NHS LIVERPOOL",820,23934.96,0,0
2024-09-01,00P,"NHS SUNDERLAND",847,26236.02,0,0
2024-09-01,03L,"NHS ROTHERHAM",948,24273.22,0,0
2024-09-01,11N,"NHS CORNWALL AND THE ISLES OF SCILLY",955,25076.94,0,0
2024-09-01,84H,"NHS COUNTY DURHAM",965,26653.3,0,0
2024-09-01,27D,"NHS CHESHIRE",999,29003.44,0,0
2024-09-01,02H,"NHS WIGAN BOROUGH",1035,32346.3,0,0
2024-09-01,78H,"NHS NORTHAMPTONSHIRE",1035,24711.45,0,0
2024-09-01,14Y,"NHS BUCKINGHAMSHIRE",1053,29685.33,0,0
2024-09-01,42D,"NHS NORTH YORKSHIRE",1053,29556.05,0,0
2024-09-01,15M,"NHS DERBY AND DERBYSHIRE",1079,34019.81,0,0
2024-09-01,06Q,"NHS MID ESSEX",1104,27070.39,0,0
2024-09-01,14L,"NHS MANCHESTER",1120,30136.13,0,0
2024-09-01,06T,"NHS NORTH EAST ESSEX",1188,28801.89,0,0
2024-09-01,03N,"NHS SHEFFIELD",1200,32359.59,0,0
2024-09-01,13T,"NHS NEWCASTLE GATESHEAD",1252,40167,0,0
2024-09-01,06K,"NHS EAST AND NORTH HERTFORDSHIRE",1382,38275,0,0
2024-09-01,52R,"NHS NOTTINGHAM AND NOTTINGHAMSHIRE",1441,39648.91,0,0
2024-09-01,18C,"NHS HEREFORDSHIRE AND WORCESTERSHIRE",1460,46530.52,0,0
2024-09-01,15F,"NHS LEEDS",1538,46975.06,0,0
2024-09-01,B2M3M,"NHS COVENTRY AND WARWICKSHIRE",1544,42737.31,0,0
2024-09-01,72Q,"NHS SOUTH EAST LONDON",1551,54681.65,0,0
2024-09-01,71E,"NHS LINCOLNSHIRE",1587,40647.86,0,0
2024-09-01,36J,"NHS BRADFORD DISTRICT AND CRAVEN",1652,46603.7,0,0
2024-09-01,06H,"NHS CAMBRIDGESHIRE AND PETERBOROUGH",1665,42164.82,0,0
2024-09-01,93C,"NHS NORTH CENTRAL LONDON",1668,60850.42,0,0
2024-09-01,W2U3Z,"NHS NORTH WEST LONDON",1885,64277.81,0,0
2024-09-01,36L,"NHS SOUTH WEST LONDON",1895,68022.59,0,0
2024-09-01,97R,"NHS EAST SUSSEX",1907,61816.92,0,0
2024-09-01,92G,"NHS BATH AND NORTH EAST SOMERSET, SWINDON AND WILTSHIRE",1933,55334.91,0,0
2024-09-01,16C,"NHS TEES VALLEY",1937,55280.08,0,0
2024-09-01,11J,"NHS DORSET",1945,55195.06,0,0
2024-09-01,M1J4Y,"NHS BEDFORDSHIRE, LUTON AND MILTON KEYNES",1981,57428.58,0,0
2024-09-01,A3A8R,"NHS NORTH EAST LONDON",2171,77254.82,0,0
2024-09-01,15N,"NHS DEVON",2292,68060.86,0,0
2024-09-01,D2P2L,"NHS BLACK COUNTRY",2389,71905.72,0,0
2024-09-01,26A,"NHS NORFOLK AND WAVENEY",2444,65731.71,0,0
2024-09-01,92A,"NHS SURREY HEARTLANDS",2730,97389.36,0,0
2024-09-01,D9Y0V,"NHS HAMPSHIRE, SOUTHAMPTON AND ISLE OF WIGHT",2880,96166.04,0,0
2024-09-01,15E,"NHS BIRMINGHAM AND SOLIHULL",2975,89084.32,0,0
2024-09-01,70F,"NHS WEST SUSSEX",3262,111055.69,0,0
2024-09-01,91Q,"NHS KENT AND MEDWAY",3823,115705.1,0,0
2024-10-01,09W,"NHS MEDWAY",0,0,0,0
2024-10-01,D4U1Y,"NHS FRIMLEY",3,76.74,0,0
2024-10-01,05D,"NHS EAST STAFFORDSHIRE",182,5087.41,0,0
2024-10-01,00R,"NHS BLACKPOOL",214,5326.43,0,0
2024-10-01,07G,"NHS THURROCK",218,6135.55,0,0
2024-10-01,02M,"NHS FYLDE AND WYRE",234,6450.82,0,0
2024-10-01,03H,"NHS NORTH EAST LINCOLNSHIRE",250,5985.23,0,0
2024-10-01,02Q,"NHS BASSETLAW",254,6189.12,0,0
2024-10-01,00N,"NHS SOUTH TYNESIDE",260,8091.39,0,0
2024-10-01,01V,"NHS SOUTHPORT AND FORMBY",260,8024.61,0,0
2024-10-01,01J,"NHS KNOWSLEY",271,7122.98,0,0
2024-10-01,01F,"NHS HALTON",276,7908.99,0,0
2024-10-01,00X,"NHS CHORLEY AND SOUTH RIBBLE",311,9363.12,0,0
2024-10-01,00Q,"NHS BLACKBURN WITH DARWEN",315,8311.86,0,0
2024-10-01,04C,"NHS LEICESTER CITY",320,7421.31,0,0
2024-10-01,01E,"NHS GREATER PRESTON",332,10102.24,0,0
2024-10-01,99C,"NHS NORTH TYNESIDE",333,11620.29,0,0
2024-10-01,02T,"NHS CALDERDALE",334,11147.34,0,0
2024-10-01,10R,"NHS PORTSMOUTH",337,11236.51,0,0
2024-10-01,03K,"NHS NORTH LINCOLNSHIRE",338,8521.02,0,0
2024-10-01,05V,"NHS STAFFORD AND SURROUNDS",344,9581.35,0,0
2024-10-01,01T,"NHS SOUTH SEFTON",355,9815.12,0,0
2024-10-01,99F,"NHS CASTLE POINT AND ROCHFORD",364,11936.44,0,0
2024-10-01,03Q,"NHS VALE OF YORK",367,10665.89,0,0
2024-10-01,02P,"NHS BARNSLEY",373,9784.02,0,0
2024-10-01,03W,"NHS EAST LEICESTERSHIRE AND RUTLAND",412,10629.23,0,0
2024-10-01,03F,"NHS HULL",414,10248.42,0,0
2024-10-01,04Y,"NHS CANNOCK CHASE",429,13284.76,0,0
2024-10-01,02G,"NHS WEST LANCASHIRE",434,13179.1,0,0
2024-10-01,U2G6B,"NHS THAMES VALLEY ICB - U2G6B",436,14595.99,0,0
2024-10-01,01D,"NHS HEYWOOD, MIDDLETON AND ROCHDALE",452,12750.93,0,0
2024-10-01,02X,"NHS DONCASTER",452,11903.2,0,0
2024-10-01,06L,"NHS IPSWICH AND EAST SUFFOLK",454,11180.09,0,0
2024-10-01,00V,"NHS BURY",472,14438.56,0,0
2024-10-01,02E,"NHS WARRINGTON",479,14353.92,0,0
2024-10-01,99G,"NHS SOUTHEND",481,14951.51,0,0
2024-10-01,05G,"NHS NORTH STAFFORDSHIRE",497,13489.14,0,0
2024-10-01,M2L0M,"NHS SHROPSHIRE, TELFORD AND WREKIN",499,16368.32,0,0
2024-10-01,05Q,"NHS SOUTH EAST STAFFORDSHIRE AND SEISDON PENINSULA",504,15793.92,0,0
2024-10-01,11X,"NHS SOMERSET",517,14363.39,0,0
2024-10-01,00T,"NHS BOLTON",533,15772.49,0,0
2024-10-01,01K,"NHS MORECAMBE BAY",544,14763.07,0,0
2024-10-01,02A,"NHS TRAFFORD",558,18077.87,0,0
2024-10-01,01X,"NHS ST HELENS",564,16211.24,0,0
2024-10-01,15A,"NHS BERKSHIRE WEST",569,18092.15,0,0
2024-10-01,99E,"NHS BASILDON AND BRENTWOOD",574,19994.4,0,0
2024-10-01,07K,"NHS WEST SUFFOLK",594,14890.75,0,0
2024-10-01,03R,"NHS WAKEFIELD",595,16027.33,0,0
2024-10-01,05W,"NHS STOKE ON TRENT",613,16701.14,0,0
2024-10-01,12F,"NHS WIRRAL",641,19343.23,0,0
2024-10-01,01H,"NHS NORTH CUMBRIA",644,17017.19,0,0
2024-10-01,00Y,"NHS OLDHAM",662,18270.47,0,0
2024-10-01,01G,"NHS SALFORD",663,19245.09,0,0
2024-10-01,04V,"NHS WEST LEICESTERSHIRE",680,16811.03,0,0
2024-10-01,02Y,"NHS EAST RIDING OF YORKSHIRE",682,18270.87,0,0
2024-10-01,15C,"NHS BRISTOL, NORTH SOMERSET AND SOUTH GLOUCESTERSHIRE",705,27017.19,0,0
2024-10-01,01W,"NHS STOCKPORT",714,21508.04,0,0
2024-10-01,01A,"NHS EAST LANCASHIRE",717,17501.02,0,0
2024-10-01,10Q,"NHS OXFORDSHIRE",727,21765.28,0,0
2024-10-01,09D,"NHS BRIGHTON AND HOVE",750,26070.83,0,0
2024-10-01,11M,"NHS GLOUCESTERSHIRE",750,21176.71,0,0
2024-10-01,06N,"NHS HERTS VALLEYS",754,25794.11,0,0
2024-10-01,X2C4Y,"NHS KIRKLEES",773,27002.49,0,0
2024-10-01,07H,"NHS WEST ESSEX",782,20028.28,0,0
2024-10-01,01Y,"NHS TAMESIDE AND GLOSSOP",801,23651.73,0,0
2024-10-01,00L,"NHS NORTHUMBERLAND",845,25465.56,0,0
2024-10-01,99A,"NHS LIVERPOOL",857,24874.05,0,0
2024-10-01,00P,"NHS SUNDERLAND",902,27587.3,0,0
2024-10-01,03L,"NHS ROTHERHAM",958,24484.9,0,0
2024-10-01,11N,"NHS CORNWALL AND THE ISLES OF SCILLY",1014,26692.3,0,0
2024-10-01,84H,"NHS COUNTY DURHAM",1032,28955.1,0,0
2024-10-01,42D,"NHS NORTH YORKSHIRE",1044,28984.37,0,0
2024-10-01,78H,"NHS NORTHAMPTONSHIRE",1077,26034.01,0,0
2024-10-01,27D,"NHS CHESHIRE",1084,32044.2,0,0
2024-10-01,02H,"NHS WIGAN BOROUGH",1088,33063.97,0,0
2024-10-01,15M,"NHS DERBY AND DERBYSHIRE",1089,33286.14,0,0
2024-10-01,14Y,"NHS BUCKINGHAMSHIRE",1115,31363.8,0,0
2024-10-01,06T,"NHS NORTH EAST ESSEX",1150,28076.97,0,0
2024-10-01,06Q,"NHS MID ESSEX",1152,28219.13,0,0
2024-10-01,14L,"NHS MANCHESTER",1174,31376.01,0,0
2024-10-01,03N,"NHS SHEFFIELD",1275,33708.07,0,0
2024-10-01,13T,"NHS NEWCASTLE GATESHEAD",1322,43471.06,0,0
2024-10-01,06K,"NHS EAST AND NORTH HERTFORDSHIRE",1489,40694.82,0,0
2024-10-01,52R,"NHS NOTTINGHAM AND NOTTINGHAMSHIRE",1527,40496.89,0,0
2024-10-01,18C,"NHS HEREFORDSHIRE AND WORCESTERSHIRE",1543,47882.03,0,0
2024-10-01,72Q,"NHS SOUTH EAST LONDON",1563,55863.87,0,0
2024-10-01,15F,"NHS LEEDS",1606,50012.41,0,0
2024-10-01,71E,"NHS LINCOLNSHIRE",1612,40660,0,0
2024-10-01,B2M3M,"NHS COVENTRY AND WARWICKSHIRE",1711,47557.12,0,0
2024-10-01,36J,"NHS BRADFORD DISTRICT AND CRAVEN",1715,47817.31,0,0
2024-10-01,93C,"NHS NORTH CENTRAL LONDON",1790,63973.39,0,0
2024-10-01,06H,"NHS CAMBRIDGESHIRE AND PETERBOROUGH",1803,44945.94,0,0
2024-10-01,36L,"NHS SOUTH WEST LONDON",1940,68583.96,0,0
2024-10-01,W2U3Z,"NHS NORTH WEST LONDON",1950,65636.65,0,0
2024-10-01,92G,"NHS BATH AND NORTH EAST SOMERSET, SWINDON AND WILTSHIRE",2003,56585.95,0,0
2024-10-01,11J,"NHS DORSET",2047,57961.51,0,0
2024-10-01,16C,"NHS TEES VALLEY",2053,58743.53,0,0
2024-10-01,97R,"NHS EAST SUSSEX",2122,68169.88,0,0
2024-10-01,M1J4Y,"NHS BEDFORDSHIRE, LUTON AND MILTON KEYNES",2140,60703.75,0,0
2024-10-01,A3A8R,"NHS NORTH EAST LONDON",2261,82339.46,0,0
2024-10-01,15N,"NHS DEVON",2390,70966.55,0,0
2024-10-01,26A,"NHS NORFOLK AND WAVENEY",2555,68740.12,0,0
2024-10-01,D2P2L,"NHS BLACK COUNTRY",2613,78607.87,0,0
2024-10-01,92A,"NHS SURREY HEARTLANDS",2934,106337.65,0,0
2024-10-01,D9Y0V,"NHS HAMPSHIRE, SOUTHAMPTON AND ISLE OF WIGHT",2991,100903.71,0,0
2024-10-01,15E,"NHS BIRMINGHAM AND SOLIHULL",3178,93651.09,0,0
2024-10-01,70F,"NHS WEST SUSSEX",3404,115258.97,0,0
2024-10-01,91Q,"NHS KENT AND MEDWAY",3928,119949.48,0,0
2024-11-01,09W,"NHS MEDWAY",0,0,0,0
2024-11-01,D4U1Y,"NHS FRIMLEY",7,180.15,0,0
2024-11-01,05D,"NHS EAST STAFFORDSHIRE",172,4984.44,0,0
2024-11-01,07G,"NHS THURROCK",204,5645.15,0,0
2024-11-01,03H,"NHS NORTH EAST LINCOLNSHIRE",224,5405.31,0,0
2024-11-01,00N,"NHS SOUTH TYNESIDE",225,7192.25,0,0
2024-11-01,00R,"NHS BLACKPOOL",226,6129.69,0,0
2024-11-01,01V,"NHS SOUTHPORT AND FORMBY",234,7113.01,0,0
2024-11-01,02M,"NHS FYLDE AND WYRE",249,6376.41,0,0
2024-11-01,01F,"NHS HALTON",250,7173.3,0,0
2024-11-01,02Q,"NHS BASSETLAW",253,6027.43,0,0
2024-11-01,01J,"NHS KNOWSLEY",280,6885.87,0,0
2024-11-01,00X,"NHS CHORLEY AND SOUTH RIBBLE",289,8519.67,0,0
2024-11-01,00Q,"NHS BLACKBURN WITH DARWEN",301,7741.47,0,0
2024-11-01,99C,"NHS NORTH TYNESIDE",306,10579.14,0,0
2024-11-01,02T,"NHS CALDERDALE",315,9875.73,0,0
2024-11-01,05V,"NHS STAFFORD AND SURROUNDS",315,9069.4,0,0
2024-11-01,10R,"NHS PORTSMOUTH",320,10342.46,0,0
2024-11-01,03K,"NHS NORTH LINCOLNSHIRE",342,8366.13,0,0
2024-11-01,04C,"NHS LEICESTER CITY",343,7929.07,0,0
2024-11-01,03Q,"NHS VALE OF YORK",352,10401.22,0,0
2024-11-01,01E,"NHS GREATER PRESTON",353,10409.97,0,0
2024-11-01,02P,"NHS BARNSLEY",353,9499.55,0,0
2024-11-01,99F,"NHS CASTLE POINT AND ROCHFORD",356,11750.37,0,0
2024-11-01,01T,"NHS SOUTH SEFTON",375,10406.36,0,0
2024-11-01,03F,"NHS HULL",388,9816.62,0,0
2024-11-01,03W,"NHS EAST LEICESTERSHIRE AND RUTLAND",392,10271.4,0,0
2024-11-01,04Y,"NHS CANNOCK CHASE",408,12732.47,0,0
2024-11-01,02G,"NHS WEST LANCASHIRE",422,12410.63,0,0
2024-11-01,U2G6B,"NHS THAMES VALLEY ICB - U2G6B",427,15064.74,0,0
2024-11-01,02X,"NHS DONCASTER",433,11436.82,0,0
2024-11-01,01D,"NHS HEYWOOD, MIDDLETON AND ROCHDALE",436,12522.12,0,0
2024-11-01,06L,"NHS IPSWICH AND EAST SUFFOLK",439,10639.85,0,0
2024-11-01,00V,"NHS BURY",441,12558.68,0,0
2024-11-01,99G,"NHS SOUTHEND",455,14329.8,0,0
2024-11-01,00T,"NHS BOLTON",457,13917.07,0,0
2024-11-01,02E,"NHS WARRINGTON",462,14381.81,0,0
2024-11-01,05G,"NHS NORTH STAFFORDSHIRE",469,13162.21,0,0
2024-11-01,05Q,"NHS SOUTH EAST STAFFORDSHIRE AND SEISDON PENINSULA",479,15180.82,0,0
2024-11-01,99E,"NHS BASILDON AND BRENTWOOD",483,16650.33,0,0
2024-11-01,11X,"NHS SOMERSET",499,13865.49,0,0
2024-11-01,M2L0M,"NHS SHROPSHIRE, TELFORD AND WREKIN",507,16584.36,0,0
2024-11-01,01K,"NHS MORECAMBE BAY",510,13458.53,0,0
2024-11-01,01X,"NHS ST HELENS",512,14616.46,0,0
2024-11-01,15A,"NHS BERKSHIRE WEST",538,17361.56,0,0
2024-11-01,02A,"NHS TRAFFORD",544,17240.46,0,0
2024-11-01,07K,"NHS WEST SUFFOLK",551,13333.17,0,0
2024-11-01,03R,"NHS WAKEFIELD",562,14982.81,0,0
2024-11-01,00Y,"NHS OLDHAM",593,15880.81,0,0
2024-11-01,12F,"NHS WIRRAL",593,17033.69,0,0
2024-11-01,01H,"NHS NORTH CUMBRIA",599,15756.03,0,0
2024-11-01,05W,"NHS STOKE ON TRENT",615,16367.21,0,0
2024-11-01,04V,"NHS WEST LEICESTERSHIRE",637,15443.85,0,0
2024-11-01,01G,"NHS SALFORD",638,18557.96,0,0
2024-11-01,10Q,"NHS OXFORDSHIRE",648,19446.57,0,0
2024-11-01,02Y,"NHS EAST RIDING OF YORKSHIRE",668,17665.16,0,0
2024-11-01,07H,"NHS WEST ESSEX",681,17372.1,0,0
2024-11-01,01A,"NHS EAST LANCASHIRE",697,17279.87,0,0
2024-11-01,06N,"NHS HERTS VALLEYS",702,23314.55,0,0
2024-11-01,01W,"NHS STOCKPORT",703,20705.65,0,0
2024-11-01,11M,"NHS GLOUCESTERSHIRE",718,20973.05,0,0
2024-11-01,15C,"NHS BRISTOL, NORTH SOMERSET AND SOUTH GLOUCESTERSHIRE",726,26701.02,0,0
2024-11-01,01Y,"NHS TAMESIDE AND GLOSSOP",779,22513.64,0,0
2024-11-01,X2C4Y,"NHS KIRKLEES",784,27133,0,0
2024-11-01,00L,"NHS NORTHUMBERLAND",789,23176.43,0,0
2024-11-01,09D,"NHS BRIGHTON AND HOVE",806,28315.62,0,0
2024-11-01,99A,"NHS LIVERPOOL",830,24530.94,0,0
2024-11-01,00P,"NHS SUNDERLAND",839,26036.61,0,0
2024-11-01,03L,"NHS ROTHERHAM",898,23006.62,0,0
2024-11-01,11N,"NHS CORNWALL AND THE ISLES OF SCILLY",969,25714.3,0,0
2024-11-01,84H,"NHS COUNTY DURHAM",983,27195.06,0,0
2024-11-01,27D,"NHS CHESHIRE",1000,30130.82,0,0
2024-11-01,14Y,"NHS BUCKINGHAMSHIRE",1007,29052.94,0,0
2024-11-01,02H,"NHS WIGAN BOROUGH",1008,32003.72,0,0
2024-11-01,78H,"NHS NORTHAMPTONSHIRE",1008,24084.5,0,0
2024-11-01,15M,"NHS DERBY AND DERBYSHIRE",1045,31647.99,0,0
2024-11-01,42D,"NHS NORTH YORKSHIRE",1063,30019.44,0,0
2024-11-01,06T,"NHS NORTH EAST ESSEX",1070,25797.43,0,0
2024-11-01,14L,"NHS MANCHESTER",1082,28448.16,0,0
2024-11-01,06Q,"NHS MID ESSEX",1096,26667.37,0,0
2024-11-01,03N,"NHS SHEFFIELD",1208,32779.62,0,0
2024-11-01,13T,"NHS NEWCASTLE GATESHEAD",1225,39901.96,0,0
2024-11-01,52R,"NHS NOTTINGHAM AND NOTTINGHAMSHIRE",1424,39115.97,0,0
2024-11-01,06K,"NHS EAST AND NORTH HERTFORDSHIRE",1445,39932.44,0,0
2024-11-01,18C,"NHS HEREFORDSHIRE AND WORCESTERSHIRE",1542,48271.09,0,0
2024-11-01,71E,"NHS LINCOLNSHIRE",1577,39816.01,0,0
2024-11-01,15F,"NHS LEEDS",1582,49332.69,0,0
2024-11-01,72Q,"NHS SOUTH EAST LONDON",1594,55622.1,0,0
2024-11-01,36J,"NHS BRADFORD DISTRICT AND CRAVEN",1596,44416.82,0,0
2024-11-01,B2M3M,"NHS COVENTRY AND WARWICKSHIRE",1654,45636.65,0,0
2024-11-01,93C,"NHS NORTH CENTRAL LONDON",1673,59316.82,0,0
2024-11-01,06H,"NHS CAMBRIDGESHIRE AND PETERBOROUGH",1726,43127.13,0,0
2024-11-01,W2U3Z,"NHS NORTH WEST LONDON",1831,61879.09,0,0
2024-11-01,36L,"NHS SOUTH WEST LONDON",1890,67435.43,0,0
2024-11-01,11J,"NHS DORSET",1899,53633.34,0,0
2024-11-01,16C,"NHS TEES VALLEY",1961,55415.06,0,0
2024-11-01,97R,"NHS EAST SUSSEX",1986,63293.57,0,0
2024-11-01,92G,"NHS BATH AND NORTH EAST SOMERSET, SWINDON AND WILTSHIRE",2004,57863.69,0,0
2024-11-01,M1J4Y,"NHS BEDFORDSHIRE, LUTON AND MILTON KEYNES",2015,58746.43,0,0
2024-11-01,A3A8R,"NHS NORTH EAST LONDON",2156,78200.02,0,0
2024-11-01,15N,"NHS DEVON",2292,68403.03,0,0
2024-11-01,D2P2L,"NHS BLACK COUNTRY",2393,72085.47,0,0
2024-11-01,26A,"NHS NORFOLK AND WAVENEY",2461,66872.04,0,0
2024-11-01,92A,"NHS SURREY HEARTLANDS",2820,101852.84,0,0
2024-11-01,D9Y0V,"NHS HAMPSHIRE, SOUTHAMPTON AND ISLE OF WIGHT",2856,96970.58,0,0
2024-11-01,15E,"NHS BIRMINGHAM AND SOLIHULL",2906,86126.89,0,0
2024-11-01,70F,"NHS WEST SUSSEX",3216,109654.36,0,0
2024-11-01,91Q,"NHS KENT AND MEDWAY",3849,116356.28,0,0
2024-12-01,09W,"NHS MEDWAY",0,0,0,0
2024-12-01,D4U1Y,"NHS FRIMLEY",3,66.76,0,0
2024-12-01,05D,"NHS EAST STAFFORDSHIRE",197,5962.91,0,0
2024-12-01,07G,"NHS THURROCK",199,5561.71,0,0
2024-12-01,00R,"NHS BLACKPOOL",213,5578.17,0,0
2024-12-01,02M,"NHS FYLDE AND WYRE",232,6335.76,0,0
2024-12-01,02Q,"NHS BASSETLAW",239,5866.7,0,0
2024-12-01,00N,"NHS SOUTH TYNESIDE",254,7944.77,0,0
2024-12-01,01J,"NHS KNOWSLEY",254,6372.28,0,0
2024-12-01,03H,"NHS NORTH EAST LINCOLNSHIRE",256,6052.73,0,0
2024-12-01,01V,"NHS SOUTHPORT AND FORMBY",260,8006.52,0,0
2024-12-01,01F,"NHS HALTON",284,8203.54,0,0
2024-12-01,00Q,"NHS BLACKBURN WITH DARWEN",290,7738.92,0,0
2024-12-01,00X,"NHS CHORLEY AND SOUTH RIBBLE",305,9356.66,0,0
2024-12-01,04C,"NHS LEICESTER CITY",322,7540.2,0,0
2024-12-01,02T,"NHS CALDERDALE",324,10870.01,0,0
2024-12-01,10R,"NHS PORTSMOUTH",327,10541.22,0,0
2024-12-01,99C,"NHS NORTH TYNESIDE",334,11519.89,0,0
2024-12-01,05V,"NHS STAFFORD AND SURROUNDS",344,9826.19,0,0
2024-12-01,03K,"NHS NORTH LINCOLNSHIRE",350,8633.34,0,0
2024-12-01,01E,"NHS GREATER PRESTON",354,10824.06,0,0
2024-12-01,01T,"NHS SOUTH SEFTON",355,9686.2,0,0
2024-12-01,02P,"NHS BARNSLEY",370,9961.16,0,0
2024-12-01,04Y,"NHS CANNOCK CHASE",371,11251.49,0,0
2024-12-01,03Q,"NHS VALE OF YORK",372,10662.42,0,0
2024-12-01,99F,"NHS CASTLE POINT AND ROCHFORD",374,12812.1,0,0
2024-12-01,03W,"NHS EAST LEICESTERSHIRE AND RUTLAND",405,10447.2,0,0
2024-12-01,U2G6B,"NHS THAMES VALLEY ICB - U2G6B",405,13765.83,0,0
2024-12-01,03F,"NHS HULL",411,10081.73,0,0
2024-12-01,00V,"NHS BURY",438,12812.68,0,0
2024-12-01,02G,"NHS WEST LANCASHIRE",438,13185.52,0,0
2024-12-01,02X,"NHS DONCASTER",456,11980.17,0,0
2024-12-01,99G,"NHS SOUTHEND",467,15140.2,0,0
2024-12-01,06L,"NHS IPSWICH AND EAST SUFFOLK",473,11690.93,0,0
2024-12-01,00T,"NHS BOLTON",477,14801.83,0,0
2024-12-01,01D,"NHS HEYWOOD, MIDDLETON AND ROCHDALE",480,13287.93,0,0
2024-12-01,02E,"NHS WARRINGTON",483,14045.33,0,0
2024-12-01,M2L0M,"NHS SHROPSHIRE, TELFORD AND WREKIN",485,15450.69,0,0
2024-12-01,05G,"NHS NORTH STAFFORDSHIRE",489,13288.63,0,0
2024-12-01,11X,"NHS SOMERSET",498,13759.7,0,0
2024-12-01,05Q,"NHS SOUTH EAST STAFFORDSHIRE AND SEISDON PENINSULA",503,15938.38,0,0
2024-12-01,01K,"NHS MORECAMBE BAY",543,14532.82,0,0
2024-12-01,15A,"NHS BERKSHIRE WEST",548,18023.1,0,0
2024-12-01,01X,"NHS ST HELENS",556,15897.32,0,0
2024-12-01,99E,"NHS BASILDON AND BRENTWOOD",560,19116.81,0,0
2024-12-01,02A,"NHS TRAFFORD",573,18424.13,0,0
2024-12-01,03R,"NHS WAKEFIELD",595,16211.12,0,0
2024-12-01,07K,"NHS WEST SUFFOLK",604,14902.55,0,0
2024-12-01,01H,"NHS NORTH CUMBRIA",607,15858.73,0,0
2024-12-01,05W,"NHS STOKE ON TRENT",608,16567.36,0,0
2024-12-01,00Y,"NHS OLDHAM",610,16732.98,0,0
2024-12-01,12F,"NHS WIRRAL",638,18315.64,0,0
2024-12-01,01G,"NHS SALFORD",651,18730.53,0,0
2024-12-01,02Y,"NHS EAST RIDING OF YORKSHIRE",661,17314.77,0,0
2024-12-01,01A,"NHS EAST LANCASHIRE",682,16732.49,0,0
2024-12-01,10Q,"NHS OXFORDSHIRE",696,20354.52,0,0
2024-12-01,04V,"NHS WEST LEICESTERSHIRE",705,17216.12,0,0
2024-12-01,15C,"NHS BRISTOL, NORTH SOMERSET AND SOUTH GLOUCESTERSHIRE",705,25651.97,0,0
2024-12-01,07H,"NHS WEST ESSEX",724,18358.4,0,0
2024-12-01,01W,"NHS STOCKPORT",725,21953.74,0,0
2024-12-01,06N,"NHS HERTS VALLEYS",739,25141.35,0,0
2024-12-01,11M,"NHS GLOUCESTERSHIRE",748,20590.49,0,0
2024-12-01,X2C4Y,"NHS KIRKLEES",771,26915.36,0,0
2024-12-01,09D,"NHS BRIGHTON AND HOVE",786,27879.98,0,0
2024-12-01,01Y,"NHS TAMESIDE AND GLOSSOP",791,22921.37,0,0
2024-12-01,99A,"NHS LIVERPOOL",848,24383.24,0,0
2024-12-01,00P,"NHS SUNDERLAND",876,26877.47,0,0
2024-12-01,00L,"NHS NORTHUMBERLAND",885,25747.51,0,0
2024-12-01,03L,"NHS ROTHERHAM",957,24371.66,0,0
2024-12-01,84H,"NHS COUNTY DURHAM",999,28006.29,0,0
2024-12-01,78H,"NHS NORTHAMPTONSHIRE",1033,24710.36,0,0
2024-12-01,11N,"NHS CORNWALL AND THE ISLES OF SCILLY",1044,26815.73,0,0
2024-12-01,02H,"NHS WIGAN BOROUGH",1049,32583.71,0,0
2024-12-01,14Y,"NHS BUCKINGHAMSHIRE",1057,29774.27,0,0
2024-12-01,15M,"NHS DERBY AND DERBYSHIRE",1079,32682.51,0,0
2024-12-01,27D,"NHS CHESHIRE",1081,31790.83,0,0
2024-12-01,42D,"NHS NORTH YORKSHIRE",1087,30405.36,0,0
2024-12-01,14L,"NHS MANCHESTER",1107,30054.72,0,0
2024-12-01,06T,"NHS NORTH EAST ESSEX",1154,27546.13,0,0
2024-12-01,06Q,"NHS MID ESSEX",1167,28595.71,0,0
2024-12-01,03N,"NHS SHEFFIELD",1239,33129,0,0
2024-12-01,13T,"NHS NEWCASTLE GATESHEAD",1265,40750.67,0,0
2024-12-01,06K,"NHS EAST AND NORTH HERTFORDSHIRE",1424,39859.78,0,0
2024-12-01,52R,"NHS NOTTINGHAM AND NOTTINGHAMSHIRE",1440,39229.25,0,0
2024-12-01,72Q,"NHS SOUTH EAST LONDON",1554,54172.05,0,0
2024-12-01,18C,"NHS HEREFORDSHIRE AND WORCESTERSHIRE",1555,49386.34,0,0
2024-12-01,15F,"NHS LEEDS",1598,49342.89,0,0
2024-12-01,36J,"NHS BRADFORD DISTRICT AND CRAVEN",1624,45418.02,0,0
2024-12-01,71E,"NHS LINCOLNSHIRE",1644,41280.25,0,0
2024-12-01,B2M3M,"NHS COVENTRY AND WARWICKSHIRE",1650,46636.83,0,0
2024-12-01,06H,"NHS CAMBRIDGESHIRE AND PETERBOROUGH",1711,42684.18,0,0
2024-12-01,93C,"NHS NORTH CENTRAL LONDON",1723,62775.31,0,0
2024-12-01,W2U3Z,"NHS NORTH WEST LONDON",1794,60518.65,0,0
2024-12-01,16C,"NHS TEES VALLEY",1941,54918.66,0,0
2024-12-01,36L,"NHS SOUTH WEST LONDON",1951,69262.32,0,0
2024-12-01,92G,"NHS BATH AND NORTH EAST SOMERSET, SWINDON AND WILTSHIRE",1960,55253.63,0,0
2024-12-01,M1J4Y,"NHS BEDFORDSHIRE, LUTON AND MILTON KEYNES",1973,56392.36,0,0
2024-12-01,11J,"NHS DORSET",1999,56462.82,0,0
2024-12-01,97R,"NHS EAST SUSSEX",2046,65779.74,0,0
2024-12-01,A3A8R,"NHS NORTH EAST LONDON",2180,79127.45,0,0
2024-12-01,15N,"NHS DEVON",2297,68766.07,0,0
2024-12-01,D2P2L,"NHS BLACK COUNTRY",2442,73610.45,0,0
2024-12-01,26A,"NHS NORFOLK AND WAVENEY",2465,66063.49,0,0
2024-12-01,D9Y0V,"NHS HAMPSHIRE, SOUTHAMPTON AND ISLE OF WIGHT",2830,95777.52,0,0
2024-12-01,92A,"NHS SURREY HEARTLANDS",2896,104503.3,0,0
2024-12-01,15E,"NHS BIRMINGHAM AND SOLIHULL",3019,88927.05,0,0
2024-12-01,70F,"NHS WEST SUSSEX",3367,114780.11,0,0
2024-12-01,91Q,"NHS KENT AND MEDWAY",3970,121533.85,0,0
2025-01-01,09W,"NHS MEDWAY",0,0,0,0
2025-01-01,D4U1Y,"NHS FRIMLEY",7,212.5,0,0
2025-01-01,05D,"NHS EAST STAFFORDSHIRE",184,5478.69,0,0
2025-01-01,07G,"NHS THURROCK",221,6167.1,0,0
2025-01-01,00R,"NHS BLACKPOOL",223,5920.32,0,0
2025-01-01,00N,"NHS SOUTH TYNESIDE",234,7035.75,0,0
2025-01-01,01V,"NHS SOUTHPORT AND FORMBY",234,7027.5,0,0
2025-01-01,02M,"NHS FYLDE AND WYRE",238,6343.62,0,0
2025-01-01,02Q,"NHS BASSETLAW",249,5979.11,0,0
2025-01-01,01F,"NHS HALTON",253,7008.83,0,0
2025-01-01,03H,"NHS NORTH EAST LINCOLNSHIRE",261,6485.34,0,0
2025-01-01,01J,"NHS KNOWSLEY",285,7289.09,0,0
2025-01-01,00X,"NHS CHORLEY AND SOUTH RIBBLE",291,8564.27,0,0
2025-01-01,00Q,"NHS BLACKBURN WITH DARWEN",316,8292.43,0,0
2025-01-01,02T,"NHS CALDERDALE",320,10149.96,0,0
2025-01-01,10R,"NHS PORTSMOUTH",325,10663.01,0,0
2025-01-01,04C,"NHS LEICESTER CITY",330,7745.53,0,0
2025-01-01,05V,"NHS STAFFORD AND SURROUNDS",334,9353.03,0,0
2025-01-01,03K,"NHS NORTH LINCOLNSHIRE",337,8386.87,0,0
2025-01-01,99C,"NHS NORTH TYNESIDE",337,12283.5,0,0
2025-01-01,03Q,"NHS VALE OF YORK",356,10365.89,0,0
2025-01-01,01E,"NHS GREATER PRESTON",369,10977.85,0,0
2025-01-01,99F,"NHS CASTLE POINT AND ROCHFORD",370,12042.9,0,0
2025-01-01,02P,"NHS BARNSLEY",372,10325.66,0,0
2025-01-01,01T,"NHS SOUTH SEFTON",387,10698.77,0,0
2025-01-01,03F,"NHS HULL",404,10024.71,0,0
2025-01-01,02G,"NHS WEST LANCASHIRE",406,11863.31,0,0
2025-01-01,04Y,"NHS CANNOCK CHASE",415,12649.52,0,0
2025-01-01,03W,"NHS EAST LEICESTERSHIRE AND RUTLAND",421,10547.21,0,0
2025-01-01,U2G6B,"NHS THAMES VALLEY ICB - U2G6B",427,14443.2,0,0
2025-01-01,00V,"NHS BURY",428,12741.99,0,0
2025-01-01,01D,"NHS HEYWOOD, MIDDLETON AND ROCHDALE",431,12796.33,0,0
2025-01-01,99G,"NHS SOUTHEND",448,14138.78,0,0
2025-01-01,05G,"NHS NORTH STAFFORDSHIRE",459,12795.36,0,0
2025-01-01,06L,"NHS IPSWICH AND EAST SUFFOLK",459,11322.76,0,0
2025-01-01,02X,"NHS DONCASTER",477,12951.48,0,0
2025-01-01,M2L0M,"NHS SHROPSHIRE, TELFORD AND WREKIN",479,16065.6,0,0
2025-01-01,00T,"NHS BOLTON",480,15513.19,0,0
2025-01-01,02E,"NHS WARRINGTON",496,15477.29,0,0
2025-01-01,11X,"NHS SOMERSET",496,14118.04,0,0
2025-01-01,05Q,"NHS SOUTH EAST STAFFORDSHIRE AND SEISDON PENINSULA",501,15775.18,0,0
2025-01-01,99E,"NHS BASILDON AND BRENTWOOD",532,18401.6,0,0
2025-01-01,01K,"NHS MORECAMBE BAY",534,13831.03,0,0
2025-01-01,01X,"NHS ST HELENS",542,15344.45,0,0
2025-01-01,02A,"NHS TRAFFORD",544,17103.03,0,0
2025-01-01,07K,"NHS WEST SUFFOLK",581,13908.17,0,0
2025-01-01,15A,"NHS BERKSHIRE WEST",586,18859.77,0,0
2025-01-01,03R,"NHS WAKEFIELD",595,15657.25,0,0
2025-01-01,12F,"NHS WIRRAL",604,17335.7,0,0
2025-01-01,01H,"NHS NORTH CUMBRIA",636,17004.44,0,0
2025-01-01,05W,"NHS STOKE ON TRENT",644,16688.08,0,0
2025-01-01,00Y,"NHS OLDHAM",656,17387.28,0,0
2025-01-01,02Y,"NHS EAST RIDING OF YORKSHIRE",659,17777.99,0,0
2025-01-01,01G,"NHS SALFORD",660,19107.72,0,0
2025-01-01,10Q,"NHS OXFORDSHIRE",663,19380.93,0,0
2025-01-01,04V,"NHS WEST LEICESTERSHIRE",678,16734.58,0,0
2025-01-01,07H,"NHS WEST ESSEX",708,18659.95,0,0
2025-01-01,01A,"NHS EAST LANCASHIRE",709,17299.27,0,0
2025-01-01,15C,"NHS BRISTOL, NORTH SOMERSET AND SOUTH GLOUCESTERSHIRE",715,25891.75,0,0
2025-01-01,06N,"NHS HERTS VALLEYS",728,25063.93,0,0
2025-01-01,11M,"NHS GLOUCESTERSHIRE",729,20859.55,0,0
2025-01-01,09D,"NHS BRIGHTON AND HOVE",764,26567.9,0,0
2025-01-01,01W,"NHS STOCKPORT",773,22454.41,0,0
2025-01-01,01Y,"NHS TAMESIDE AND GLOSSOP",791,22425.3,0,0
2025-01-01,X2C4Y,"NHS KIRKLEES",792,27425.42,0,0
2025-01-01,99A,"NHS LIVERPOOL",809,23634.27,0,0
2025-01-01,00L,"NHS NORTHUMBERLAND",823,24566.94,0,0
2025-01-01,00P,"NHS SUNDERLAND",829,24933.86,0,0
2025-01-01,03L,"NHS ROTHERHAM",916,23328.19,0,0
2025-01-01,84H,"NHS COUNTY DURHAM",985,27477.56,0,0
2025-01-01,11N,"NHS CORNWALL AND THE ISLES OF SCILLY",1026,27112.82,0,0
2025-01-01,14Y,"NHS BUCKINGHAMSHIRE",1030,28882.75,0,0
2025-01-01,42D,"NHS NORTH YORKSHIRE",1030,28944.52,0,0
2025-01-01,27D,"NHS CHESHIRE",1071,31709.92,0,0
2025-01-01,02H,"NHS WIGAN BOROUGH",1074,33348.57,0,0
2025-01-01,15M,"NHS DERBY AND DERBYSHIRE",1112,34866.78,0,0
2025-01-01,78H,"NHS NORTHAMPTONSHIRE",1118,26913.11,0,0
2025-01-01,06Q,"NHS MID ESSEX",1143,27877.63,0,0
2025-01-01,06T,"NHS NORTH EAST ESSEX",1146,27659.87,0,0
2025-01-01,14L,"NHS MANCHESTER",1154,30661.68,0,0
2025-01-01,03N,"NHS SHEFFIELD",1255,33771.52,0,0
2025-01-01,13T,"NHS NEWCASTLE GATESHEAD",1260,41336.31,0,0
2025-01-01,06K,"NHS EAST AND NORTH HERTFORDSHIRE",1450,39597.24,0,0
2025-01-01,52R,"NHS NOTTINGHAM AND NOTTINGHAMSHIRE",1458,39931.36,0,0
2025-01-01,18C,"NHS HEREFORDSHIRE AND WORCESTERSHIRE",1513,47006.99,0,0
2025-01-01,15F,"NHS LEEDS",1600,49460.2,0,0
2025-01-01,72Q,"NHS SOUTH EAST LONDON",1619,54914,0,0
2025-01-01,71E,"NHS LINCOLNSHIRE",1667,42562.81,0,0
2025-01-01,36J,"NHS BRADFORD DISTRICT AND CRAVEN",1674,47576,0,0
2025-01-01,B2M3M,"NHS COVENTRY AND WARWICKSHIRE",1687,46487.59,0,0
2025-01-01,93C,"NHS NORTH CENTRAL LONDON",1746,61723.59,0,0
2025-01-01,06H,"NHS CAMBRIDGESHIRE AND PETERBOROUGH",1750,43860.76,0,0
2025-01-01,W2U3Z,"NHS NORTH WEST LONDON",1815,60554.85,0,0
2025-01-01,36L,"NHS SOUTH WEST LONDON",1955,70023.76,0,0
2025-01-01,16C,"NHS TEES VALLEY",1956,55707.65,0,0
2025-01-01,M1J4Y,"NHS BEDFORDSHIRE, LUTON AND MILTON KEYNES",2003,57846.5,0,0
2025-01-01,11J,"NHS DORSET",2017,56611.89,0,0
2025-01-01,97R,"NHS EAST SUSSEX",2029,64103.82,0,0
2025-01-01,92G,"NHS BATH AND NORTH EAST SOMERSET, SWINDON AND WILTSHIRE",2041,57293.21,0,0
2025-01-01,A3A8R,"NHS NORTH EAST LONDON",2180,76531.07,0,0
2025-01-01,15N,"NHS DEVON",2238,67463.27,0,0
2025-01-01,D2P2L,"NHS BLACK COUNTRY",2496,74170.7,0,0
2025-01-01,26A,"NHS NORFOLK AND WAVENEY",2523,66570.56,0,0
2025-01-01,D9Y0V,"NHS HAMPSHIRE, SOUTHAMPTON AND ISLE OF WIGHT",2749,93276.68,0,0
2025-01-01,92A,"NHS SURREY HEARTLANDS",2849,102191.05,0,0
2025-01-01,15E,"NHS BIRMINGHAM AND SOLIHULL",3112,91130.22,0,0
2025-01-01,70F,"NHS WEST SUSSEX",3257,111261.74,0,0
2025-01-01,91Q,"NHS KENT AND MEDWAY",3941,119062.72,0,0
2025-02-01,09W,"NHS MEDWAY",0,0,0,0
2025-02-01,D4U1Y,"NHS FRIMLEY",6,186.65,0,0
2025-02-01,05D,"NHS EAST STAFFORDSHIRE",166,5077.46,0,0
2025-02-01,07G,"NHS THURROCK",177,4969.15,0,0
2025-02-01,00R,"NHS BLACKPOOL",181,4710.57,0,0
2025-02-01,02M,"NHS FYLDE AND WYRE",199,5193.93,0,0
2025-02-01,01V,"NHS SOUTHPORT AND FORMBY",218,6811.53,0,0
2025-02-01,02Q,"NHS BASSETLAW",220,5345.07,0,0
2025-02-01,00N,"NHS SOUTH TYNESIDE",223,6828.91,0,0
2025-02-01,01F,"NHS HALTON",223,6080.65,0,0
2025-02-01,03H,"NHS NORTH EAST LINCOLNSHIRE",238,5929.37,0,0
2025-02-01,01J,"NHS KNOWSLEY",246,6163.68,0,0
2025-02-01,02T,"NHS CALDERDALE",269,8450.24,0,0
2025-02-01,10R,"NHS PORTSMOUTH",269,9051.74,0,0
2025-02-01,00Q,"NHS BLACKBURN WITH DARWEN",278,7005.47,0,0
2025-02-01,00X,"NHS CHORLEY AND SOUTH RIBBLE",279,8483.94,0,0
2025-02-01,99C,"NHS NORTH TYNESIDE",281,9951.78,0,0
2025-02-01,03K,"NHS NORTH LINCOLNSHIRE",287,7000.28,0,0
2025-02-01,02P,"NHS BARNSLEY",296,7981.9,0,0
2025-02-01,04C,"NHS LEICESTER CITY",301,7048.96,0,0
2025-02-01,01E,"NHS GREATER PRESTON",303,9167.45,0,0
2025-02-01,05V,"NHS STAFFORD AND SURROUNDS",306,8744.55,0,0
2025-02-01,01T,"NHS SOUTH SEFTON",307,8541.29,0,0
2025-02-01,03Q,"NHS VALE OF YORK",315,8965.55,0,0
2025-02-01,99F,"NHS CASTLE POINT AND ROCHFORD",322,11068.37,0,0
2025-02-01,04Y,"NHS CANNOCK CHASE",344,10526.02,0,0
2025-02-01,02G,"NHS WEST LANCASHIRE",354,10953.77,0,0
2025-02-01,03W,"NHS EAST LEICESTERSHIRE AND RUTLAND",359,8952.38,0,0
2025-02-01,03F,"NHS HULL",364,9303.82,0,0
2025-02-01,U2G6B,"NHS THAMES VALLEY ICB - U2G6B",371,12392.58,0,0
2025-02-01,01D,"NHS HEYWOOD, MIDDLETON AND ROCHDALE",391,11056.84,0,0
2025-02-01,05G,"NHS NORTH STAFFORDSHIRE",391,10503.95,0,0
2025-02-01,00V,"NHS BURY",392,11521.02,0,0
2025-02-01,99G,"NHS SOUTHEND",393,12399.84,0,0
2025-02-01,06L,"NHS IPSWICH AND EAST SUFFOLK",394,9625.02,0,0
2025-02-01,02X,"NHS DONCASTER",396,10323.88,0,0
2025-02-01,02E,"NHS WARRINGTON",402,12422.27,0,0
2025-02-01,M2L0M,"NHS SHROPSHIRE, TELFORD AND WREKIN",411,13174.42,0,0
2025-02-01,11X,"NHS SOMERSET",425,11811.55,0,0
2025-02-01,05Q,"NHS SOUTH EAST STAFFORDSHIRE AND SEISDON PENINSULA",433,13301.85,0,0
2025-02-01,00T,"NHS BOLTON",434,13240.62,0,0
2025-02-01,01K,"NHS MORECAMBE BAY",461,12244.42,0,0
2025-02-01,01X,"NHS ST HELENS",474,13627.66,0,0
2025-02-01,02A,"NHS TRAFFORD",490,15639.83,0,0
2025-02-01,99E,"NHS BASILDON AND BRENTWOOD",509,17304.76,0,0
2025-02-01,03R,"NHS WAKEFIELD",511,13778.41,0,0
2025-02-01,15A,"NHS BERKSHIRE WEST",512,16588.15,0,0
2025-02-01,07K,"NHS WEST SUFFOLK",517,12738.91,0,0
2025-02-01,05W,"NHS STOKE ON TRENT",537,14260.32,0,0
2025-02-01,01H,"NHS NORTH CUMBRIA",542,14068.38,0,0
2025-02-01,02Y,"NHS EAST RIDING OF YORKSHIRE",545,14047.78,0,0
2025-02-01,00Y,"NHS OLDHAM",546,14752.75,0,0
2025-02-01,01G,"NHS SALFORD",569,16356.81,0,0
2025-02-01,04V,"NHS WEST LEICESTERSHIRE",580,14169.38,0,0
2025-02-01,12F,"NHS WIRRAL",580,16732.06,0,0
2025-02-01,10Q,"NHS OXFORDSHIRE",581,17847.94,0,0
2025-02-01,01A,"NHS EAST LANCASHIRE",596,14414.76,0,0
2025-02-01,15C,"NHS BRISTOL, NORTH SOMERSET AND SOUTH GLOUCESTERSHIRE",613,22716.27,0,0
2025-02-01,07H,"NHS WEST ESSEX",621,16270.46,0,0
2025-02-01,01W,"NHS STOCKPORT",624,18995.74,0,0
2025-02-01,X2C4Y,"NHS KIRKLEES",629,22471.75,0,0
2025-02-01,09D,"NHS BRIGHTON AND HOVE",636,22687.13,0,0
2025-02-01,11M,"NHS GLOUCESTERSHIRE",645,18382.08,0,0
2025-02-01,06N,"NHS HERTS VALLEYS",652,21821.07,0,0
2025-02-01,01Y,"NHS TAMESIDE AND GLOSSOP",683,20091.01,0,0
2025-02-01,99A,"NHS LIVERPOOL",694,19953.08,0,0
2025-02-01,00L,"NHS NORTHUMBERLAND",701,20437.75,0,0
2025-02-01,00P,"NHS SUNDERLAND",751,23232.12,0,0
2025-02-01,03L,"NHS ROTHERHAM",801,20260.75,0,0
2025-02-01,84H,"NHS COUNTY DURHAM",853,24064.41,0,0
2025-02-01,11N,"NHS CORNWALL AND THE ISLES OF SCILLY",872,22721.57,0,0
2025-02-01,15M,"NHS DERBY AND DERBYSHIRE",891,27381.15,0,0
2025-02-01,02H,"NHS WIGAN BOROUGH",902,27798.63,0,0
2025-02-01,14Y,"NHS BUCKINGHAMSHIRE",923,26355.94,0,0
2025-02-01,06T,"NHS NORTH EAST ESSEX",924,22353.46,0,0
2025-02-01,78H,"NHS NORTHAMPTONSHIRE",932,22245.16,0,0
2025-02-01,27D,"NHS CHESHIRE",951,28326.57,0,0
2025-02-01,14L,"NHS MANCHESTER",958,26040.16,0,0
2025-02-01,06Q,"NHS MID ESSEX",989,24550.17,0,0
2025-02-01,42D,"NHS NORTH YORKSHIRE",994,27431.13,0,0
2025-02-01,03N,"NHS SHEFFIELD",1023,27107.89,0,0
2025-02-01,13T,"NHS NEWCASTLE GATESHEAD",1082,35712.9,0,0
2025-02-01,06K,"NHS EAST AND NORTH HERTFORDSHIRE",1237,33504.9,0,0
2025-02-01,52R,"NHS NOTTINGHAM AND NOTTINGHAMSHIRE",1256,33859.98,0,0
2025-02-01,18C,"NHS HEREFORDSHIRE AND WORCESTERSHIRE",1303,40827,0,0
2025-02-01,72Q,"NHS SOUTH EAST LONDON",1375,48855.72,0,0
2025-02-01,15F,"NHS LEEDS",1376,42204.66,0,0
2025-02-01,B2M3M,"NHS COVENTRY AND WARWICKSHIRE",1403,38529.32,0,0
2025-02-01,71E,"NHS LINCOLNSHIRE",1443,36554.09,0,0
2025-02-01,36J,"NHS BRADFORD DISTRICT AND CRAVEN",1467,40788.64,0,0
2025-02-01,06H,"NHS CAMBRIDGESHIRE AND PETERBOROUGH",1515,38037.81,0,0
2025-02-01,93C,"NHS NORTH CENTRAL LONDON",1521,53951.5,0,0
2025-02-01,W2U3Z,"NHS NORTH WEST LONDON",1576,52055.06,0,0
2025-02-01,36L,"NHS SOUTH WEST LONDON",1696,60275.86,0,0
2025-02-01,16C,"NHS TEES VALLEY",1728,48733.22,0,0
2025-02-01,11J,"NHS DORSET",1734,48819.6,0,0
2025-02-01,92G,"NHS BATH AND NORTH EAST SOMERSET, SWINDON AND WILTSHIRE",1752,49833.46,0,0
2025-02-01,M1J4Y,"NHS BEDFORDSHIRE, LUTON AND MILTON KEYNES",1762,49469.74,0,0
2025-02-01,97R,"NHS EAST SUSSEX",1772,57222.38,0,0
2025-02-01,15N,"NHS DEVON",1914,57256.76,0,0
2025-02-01,A3A8R,"NHS NORTH EAST LONDON",1957,71767.54,0,0
2025-02-01,26A,"NHS NORFOLK AND WAVENEY",2138,56686.83,0,0
2025-02-01,D2P2L,"NHS BLACK COUNTRY",2180,65553.93,0,0
2025-02-01,D9Y0V,"NHS HAMPSHIRE, SOUTHAMPTON AND ISLE OF WIGHT",2335,78999.07,0,0
2025-02-01,92A,"NHS SURREY HEARTLANDS",2513,90004.34,0,0
2025-02-01,15E,"NHS BIRMINGHAM AND SOLIHULL",2638,77671.5,0,0
2025-02-01,70F,"NHS WEST SUSSEX",2872,99280.14,0,0
2025-02-01,91Q,"NHS KENT AND MEDWAY",3298,100206.06,0,0
2025-03-01,09W,"NHS MEDWAY",0,0,0,0
2025-03-01,D4U1Y,"NHS FRIMLEY",1,16.6,0,0
2025-03-01,05D,"NHS EAST STAFFORDSHIRE",166,4579.1,0,0
2025-03-01,00R,"NHS BLACKPOOL",168,4700.6,0,0
2025-03-01,07G,"NHS THURROCK",197,5862.79,0,0
2025-03-01,02M,"NHS FYLDE AND WYRE",214,5711.83,0,0
2025-03-01,00N,"NHS SOUTH TYNESIDE",215,6753.81,0,0
2025-03-01,03H,"NHS NORTH EAST LINCOLNSHIRE",219,5385.03,0,0
2025-03-01,01F,"NHS HALTON",239,6731.77,0,0
2025-03-01,02Q,"NHS BASSETLAW",253,5935.4,0,0
2025-03-01,01J,"NHS KNOWSLEY",260,6849.25,0,0
2025-03-01,10R,"NHS PORTSMOUTH",266,8911.62,0,0
2025-03-01,00X,"NHS CHORLEY AND SOUTH RIBBLE",269,8100.99,0,0
2025-03-01,01V,"NHS SOUTHPORT AND FORMBY",269,8467.02,0,0
2025-03-01,00Q,"NHS BLACKBURN WITH DARWEN",286,7673.81,0,0
2025-03-01,05V,"NHS STAFFORD AND SURROUNDS",296,8458.11,0,0
2025-03-01,99C,"NHS NORTH TYNESIDE",298,10693.13,0,0
2025-03-01,03K,"NHS NORTH LINCOLNSHIRE",300,7419.16,0,0
2025-03-01,04C,"NHS LEICESTER CITY",300,6921.59,0,0
2025-03-01,02T,"NHS CALDERDALE",311,10052.88,0,0
2025-03-01,03Q,"NHS VALE OF YORK",318,9427.51,0,0
2025-03-01,99F,"NHS CASTLE POINT AND ROCHFORD",332,10767.44,0,0
2025-03-01,01E,"NHS GREATER PRESTON",341,10140.48,0,0
2025-03-01,03F,"NHS HULL",359,9103.57,0,0
2025-03-01,03W,"NHS EAST LEICESTERSHIRE AND RUTLAND",370,9165.64,0,0
2025-03-01,04Y,"NHS CANNOCK CHASE",370,11365.59,0,0
2025-03-01,02G,"NHS WEST LANCASHIRE",376,11386.98,0,0
2025-03-01,02P,"NHS BARNSLEY",380,10594.81,0,0
2025-03-01,02X,"NHS DONCASTER",400,10713.45,0,0
2025-03-01,U2G6B,"NHS THAMES VALLEY ICB - U2G6B",401,13897.17,0,0
2025-03-01,00V,"NHS BURY",404,11768.7,0,0
2025-03-01,01D,"NHS HEYWOOD, MIDDLETON AND ROCHDALE",405,11562.39,0,0
2025-03-01,05G,"NHS NORTH STAFFORDSHIRE",412,11066.94,0,0
2025-03-01,01T,"NHS SOUTH SEFTON",419,11868.59,0,0
2025-03-01,06L,"NHS IPSWICH AND EAST SUFFOLK",422,10397.47,0,0
2025-03-01,05Q,"NHS SOUTH EAST STAFFORDSHIRE AND SEISDON PENINSULA",433,13500.15,0,0
2025-03-01,00T,"NHS BOLTON",434,13564.59,0,0
2025-03-01,99G,"NHS SOUTHEND",435,13788.98,0,0
2025-03-01,M2L0M,"NHS SHROPSHIRE, TELFORD AND WREKIN",452,15012.69,0,0
2025-03-01,02E,"NHS WARRINGTON",455,14130.42,0,0
2025-03-01,01X,"NHS ST HELENS",460,13221.9,0,0
2025-03-01,11X,"NHS SOMERSET",464,12862,0,0
2025-03-01,01K,"NHS MORECAMBE BAY",472,12781.7,0,0
2025-03-01,99E,"NHS BASILDON AND BRENTWOOD",492,16128.04,0,0
2025-03-01,02A,"NHS TRAFFORD",494,16215.91,0,0
2025-03-01,07K,"NHS WEST SUFFOLK",522,12627.35,0,0
2025-03-01,03R,"NHS WAKEFIELD",531,14397.5,0,0
2025-03-01,15A,"NHS BERKSHIRE WEST",531,16699.17,0,0
2025-03-01,01H,"NHS NORTH CUMBRIA",571,14943.77,0,0
2025-03-01,00Y,"NHS OLDHAM",583,15480.24,0,0
2025-03-01,01G,"NHS SALFORD",583,16555.91,0,0
2025-03-01,05W,"NHS STOKE ON TRENT",587,15423.25,0,0
2025-03-01,10Q,"NHS OXFORDSHIRE",590,17635.65,0,0
2025-03-01,02Y,"NHS EAST RIDING OF YORKSHIRE",597,15708.49,0,0
2025-03-01,12F,"NHS WIRRAL",598,17115.46,0,0
2025-03-01,04V,"NHS WEST LEICESTERSHIRE",640,15477.86,0,0
2025-03-01,09D,"NHS BRIGHTON AND HOVE",645,22700.35,0,0
2025-03-01,07H,"NHS WEST ESSEX",646,16587.8,0,0
2025-03-01,15C,"NHS BRISTOL, NORTH SOMERSET AND SOUTH GLOUCESTERSHIRE",647,24062.17,0,0
2025-03-01,11M,"NHS GLOUCESTERSHIRE",661,18474.72,0,0
2025-03-01,01W,"NHS STOCKPORT",666,19510.69,0,0
2025-03-01,01A,"NHS EAST LANCASHIRE",668,15872.05,0,0
2025-03-01,06N,"NHS HERTS VALLEYS",676,22448.68,0,0
2025-03-01,01Y,"NHS TAMESIDE AND GLOSSOP",731,21075.77,0,0
2025-03-01,00L,"NHS NORTHUMBERLAND",753,21878.71,0,0
2025-03-01,99A,"NHS LIVERPOOL",763,22240.14,0,0
2025-03-01,X2C4Y,"NHS KIRKLEES",777,27370.99,0,0
2025-03-01,00P,"NHS SUNDERLAND",785,24297.21,0,0
2025-03-01,03L,"NHS ROTHERHAM",852,21420.54,0,0
2025-03-01,14Y,"NHS BUCKINGHAMSHIRE",901,25636.37,0,0
2025-03-01,84H,"NHS COUNTY DURHAM",941,25854.21,0,0
2025-03-01,11N,"NHS CORNWALL AND THE ISLES OF SCILLY",972,25840.45,0,0
2025-03-01,15M,"NHS DERBY AND DERBYSHIRE",973,29208.45,0,0
2025-03-01,42D,"NHS NORTH YORKSHIRE",974,27134.49,0,0
2025-03-01,27D,"NHS CHESHIRE",975,29005.84,0,0
2025-03-01,78H,"NHS NORTHAMPTONSHIRE",979,24041.18,0,0
2025-03-01,02H,"NHS WIGAN BOROUGH",981,30391.07,0,0
2025-03-01,14L,"NHS MANCHESTER",988,26225.11,0,0
2025-03-01,06Q,"NHS MID ESSEX",1049,25320.98,0,0
2025-03-01,06T,"NHS NORTH EAST ESSEX",1050,25134.32,0,0
2025-03-01,03N,"NHS SHEFFIELD",1118,30078.53,0,0
2025-03-01,13T,"NHS NEWCASTLE GATESHEAD",1138,36510.62,0,0
2025-03-01,06K,"NHS EAST AND NORTH HERTFORDSHIRE",1335,36646.29,0,0
2025-03-01,52R,"NHS NOTTINGHAM AND NOTTINGHAMSHIRE",1342,35820.57,0,0
2025-03-01,18C,"NHS HEREFORDSHIRE AND WORCESTERSHIRE",1343,41909.35,0,0
2025-03-01,72Q,"NHS SOUTH EAST LONDON",1461,51120.16,0,0
2025-03-01,15F,"NHS LEEDS",1462,44953.32,0,0
2025-03-01,71E,"NHS LINCOLNSHIRE",1465,36631.67,0,0
2025-03-01,B2M3M,"NHS COVENTRY AND WARWICKSHIRE",1465,40240.5,0,0
2025-03-01,36J,"NHS BRADFORD DISTRICT AND CRAVEN",1539,42839.61,0,0
2025-03-01,06H,"NHS CAMBRIDGESHIRE AND PETERBOROUGH",1584,39866.59,0,0
2025-03-01,93C,"NHS NORTH CENTRAL LONDON",1604,56935.64,0,0
2025-03-01,W2U3Z,"NHS NORTH WEST LONDON",1722,56876.91,0,0
2025-03-01,16C,"NHS TEES VALLEY",1739,50009.39,0,0
2025-03-01,11J,"NHS DORSET",1765,49592.66,0,0
2025-03-01,36L,"NHS SOUTH WEST LONDON",1772,62304.43,0,0
2025-03-01,97R,"NHS EAST SUSSEX",1803,57118.42,0,0
2025-03-01,92G,"NHS BATH AND NORTH EAST SOMERSET, SWINDON AND WILTSHIRE",1812,51270.53,0,0
2025-03-01,M1J4Y,"NHS BEDFORDSHIRE, LUTON AND MILTON KEYNES",1856,53990.24,0,0
2025-03-01,A3A8R,"NHS NORTH EAST LONDON",1977,71589.88,0,0
2025-03-01,15N,"NHS DEVON",2110,63586.8,0,0
2025-03-01,D2P2L,"NHS BLACK COUNTRY",2205,66549.73,0,0
2025-03-01,26A,"NHS NORFOLK AND WAVENEY",2297,61245.49,0,0
2025-03-01,D9Y0V,"NHS HAMPSHIRE, SOUTHAMPTON AND ISLE OF WIGHT",2434,81939.83,0,0
2025-03-01,92A,"NHS SURREY HEARTLANDS",2581,92487.46,0,0
2025-03-01,15E,"NHS BIRMINGHAM AND SOLIHULL",2697,79181.97,0,0
2025-03-01,70F,"NHS WEST SUSSEX",2978,101080.69,0,0
2025-03-01,91Q,"NHS KENT AND MEDWAY",3548,107452.35,0,0
2025-04-01,09W,"NHS MEDWAY",0,0,0,0
2025-04-01,D4U1Y,"NHS FRIMLEY",6,120.96,0,0
2025-04-01,05D,"NHS EAST STAFFORDSHIRE",159,4643.25,0,0
2025-04-01,07G,"NHS THURROCK",186,5125.81,0,0
2025-04-01,00R,"NHS BLACKPOOL",190,5077.85,0,0
2025-04-01,03H,"NHS NORTH EAST LINCOLNSHIRE",211,4975.76,0,0
2025-04-01,00N,"NHS SOUTH TYNESIDE",212,6579.88,0,0
2025-04-01,02Q,"NHS BASSETLAW",220,5346.15,0,0
2025-04-01,02M,"NHS FYLDE AND WYRE",223,5730.64,0,0
2025-04-01,01F,"NHS HALTON",241,6854.5,0,0
2025-04-01,01J,"NHS KNOWSLEY",248,6328.72,0,0
2025-04-01,10R,"NHS PORTSMOUTH",265,8298.08,0,0
2025-04-01,02T,"NHS CALDERDALE",274,8776.34,0,0
2025-04-01,00Q,"NHS BLACKBURN WITH DARWEN",275,7543.09,0,0
2025-04-01,01V,"NHS SOUTHPORT AND FORMBY",278,8800.32,0,0
2025-04-01,00X,"NHS CHORLEY AND SOUTH RIBBLE",292,8644.3,0,0
2025-04-01,03Q,"NHS VALE OF YORK",293,8411.13,0,0
2025-04-01,99C,"NHS NORTH TYNESIDE",299,10950.1,0,0
2025-04-01,05V,"NHS STAFFORD AND SURROUNDS",300,8444.32,0,0
2025-04-01,03K,"NHS NORTH LINCOLNSHIRE",306,7633.62,0,0
2025-04-01,04C,"NHS LEICESTER CITY",327,7648.58,0,0
2025-04-01,01E,"NHS GREATER PRESTON",333,10303.13,0,0
2025-04-01,04Y,"NHS CANNOCK CHASE",349,10551.83,0,0
2025-04-01,99F,"NHS CASTLE POINT AND ROCHFORD",355,11832.85,0,0
2025-04-01,U2G6B,"NHS THAMES VALLEY ICB - U2G6B",358,11790.18,0,0
2025-04-01,02P,"NHS BARNSLEY",363,9995,0,0
2025-04-01,03W,"NHS EAST LEICESTERSHIRE AND RUTLAND",367,9458.41,0,0
2025-04-01,03F,"NHS HULL",373,9261.17,0,0
2025-04-01,06L,"NHS IPSWICH AND EAST SUFFOLK",375,9572.4,0,0
2025-04-01,01D,"NHS HEYWOOD, MIDDLETON AND ROCHDALE",377,10635.82,0,0
2025-04-01,02E,"NHS WARRINGTON",385,11496.34,0,0
2025-04-01,02G,"NHS WEST LANCASHIRE",387,11541.64,0,0
2025-04-01,02X,"NHS DONCASTER",395,10624.98,0,0
2025-04-01,01T,"NHS SOUTH SEFTON",407,11475.29,0,0
2025-04-01,99G,"NHS SOUTHEND",407,12815.6,0,0
2025-04-01,M2L0M,"NHS SHROPSHIRE, TELFORD AND WREKIN",409,13511.07,0,0
2025-04-01,00V,"NHS BURY",416,12511.36,0,0
2025-04-01,05G,"NHS NORTH STAFFORDSHIRE",432,11539.11,0,0
2025-04-01,11X,"NHS SOMERSET",446,12407.45,0,0
2025-04-01,00T,"NHS BOLTON",452,13793.84,0,0
2025-04-01,05Q,"NHS SOUTH EAST STAFFORDSHIRE AND SEISDON PENINSULA",458,14211.43,0,0
2025-04-01,15A,"NHS BERKSHIRE WEST",467,15331.88,0,0
2025-04-01,01X,"NHS ST HELENS",481,13726.01,0,0
2025-04-01,01K,"NHS MORECAMBE BAY",500,13462.98,0,0
2025-04-01,02A,"NHS TRAFFORD",509,15972.43,0,0
2025-04-01,07K,"NHS WEST SUFFOLK",526,13079.38,0,0
2025-04-01,99E,"NHS BASILDON AND BRENTWOOD",529,18363.49,0,0
2025-04-01,03R,"NHS WAKEFIELD",531,13939.07,0,0
2025-04-01,00Y,"NHS OLDHAM",542,14172.18,0,0
2025-04-01,12F,"NHS WIRRAL",551,15660.94,0,0
2025-04-01,01H,"NHS NORTH CUMBRIA",562,14816.04,0,0
2025-04-01,05W,"NHS STOKE ON TRENT",566,15161.73,0,0
2025-04-01,01G,"NHS SALFORD",578,16849.17,0,0
2025-04-01,02Y,"NHS EAST RIDING OF YORKSHIRE",585,14923.93,0,0
2025-04-01,15C,"NHS BRISTOL, NORTH SOMERSET AND SOUTH GLOUCESTERSHIRE",588,21881.64,0,0
2025-04-01,04V,"NHS WEST LEICESTERSHIRE",596,14898.61,0,0
2025-04-01,10Q,"NHS OXFORDSHIRE",605,18141.37,0,0
2025-04-01,07H,"NHS WEST ESSEX",613,16094.12,0,0
2025-04-01,01W,"NHS STOCKPORT",615,18792.69,0,0
2025-04-01,01A,"NHS EAST LANCASHIRE",625,15305.83,0,0
2025-04-01,11M,"NHS GLOUCESTERSHIRE",631,17880.03,0,0
2025-04-01,01Y,"NHS TAMESIDE AND GLOSSOP",659,19532.45,0,0
2025-04-01,X2C4Y,"NHS KIRKLEES",676,22896.66,0,0
2025-04-01,09D,"NHS BRIGHTON AND HOVE",696,24235.28,0,0
2025-04-01,06N,"NHS HERTS VALLEYS",701,23828.45,0,0
2025-04-01,99A,"NHS LIVERPOOL",707,20156.68,0,0
2025-04-01,00P,"NHS SUNDERLAND",743,23118.23,0,0
2025-04-01,00L,"NHS NORTHUMBERLAND",755,22469.19,0,0
2025-04-01,03L,"NHS ROTHERHAM",821,20930.44,0,0
2025-04-01,11N,"NHS CORNWALL AND THE ISLES OF SCILLY",899,23513.99,0,0
2025-04-01,42D,"NHS NORTH YORKSHIRE",905,25157.03,0,0
2025-04-01,14Y,"NHS BUCKINGHAMSHIRE",920,26224.43,0,0
2025-04-01,27D,"NHS CHESHIRE",922,27356.15,0,0
2025-04-01,02H,"NHS WIGAN BOROUGH",934,28926.32,0,0
2025-04-01,84H,"NHS COUNTY DURHAM",936,26367.82,0,0
2025-04-01,06T,"NHS NORTH EAST ESSEX",944,22884.06,0,0
2025-04-01,78H,"NHS NORTHAMPTONSHIRE",969,23549.75,0,0
2025-04-01,15M,"NHS DERBY AND DERBYSHIRE",978,30844.61,0,0
2025-04-01,14L,"NHS MANCHESTER",998,26726.14,0,0
2025-04-01,06Q,"NHS MID ESSEX",1011,24444.09,0,0
2025-04-01,03N,"NHS SHEFFIELD",1138,30512.74,0,0
2025-04-01,13T,"NHS NEWCASTLE GATESHEAD",1181,39034.79,0,0
2025-04-01,06K,"NHS EAST AND NORTH HERTFORDSHIRE",1299,35270.4,0,0
2025-04-01,52R,"NHS NOTTINGHAM AND NOTTINGHAMSHIRE",1303,35777.19,0,0
2025-04-01,15F,"NHS LEEDS",1326,40911.16,0,0
2025-04-01,18C,"NHS HEREFORDSHIRE AND WORCESTERSHIRE",1346,41980.16,0,0
2025-04-01,72Q,"NHS SOUTH EAST LONDON",1394,49006.02,0,0
2025-04-01,71E,"NHS LINCOLNSHIRE",1444,36420.96,0,0
2025-04-01,36J,"NHS BRADFORD DISTRICT AND CRAVEN",1524,42797.84,0,0
2025-04-01,93C,"NHS NORTH CENTRAL LONDON",1573,55564.41,0,0
2025-04-01,06H,"NHS CAMBRIDGESHIRE AND PETERBOROUGH",1582,39816.34,0,0
2025-04-01,B2M3M,"NHS COVENTRY AND WARWICKSHIRE",1584,43637.25,0,0
2025-04-01,W2U3Z,"NHS NORTH WEST LONDON",1680,54931.23,0,0
2025-04-01,11J,"NHS DORSET",1701,48298.8,0,0
2025-04-01,92G,"NHS BATH AND NORTH EAST SOMERSET, SWINDON AND WILTSHIRE",1732,48998.46,0,0
2025-04-01,36L,"NHS SOUTH WEST LONDON",1749,62062.38,0,0
2025-04-01,16C,"NHS TEES VALLEY",1781,50209.19,0,0
2025-04-01,97R,"NHS EAST SUSSEX",1822,58979.22,0,0
2025-04-01,M1J4Y,"NHS BEDFORDSHIRE, LUTON AND MILTON KEYNES",1874,53328.05,0,0
2025-04-01,15N,"NHS DEVON",2022,60953.14,0,0
2025-04-01,A3A8R,"NHS NORTH EAST LONDON",2029,73532.99,0,0
2025-04-01,26A,"NHS NORFOLK AND WAVENEY",2163,57629.8,0,0
2025-04-01,D2P2L,"NHS BLACK COUNTRY",2223,65333.43,0,0
2025-04-01,D9Y0V,"NHS HAMPSHIRE, SOUTHAMPTON AND ISLE OF WIGHT",2323,78838.69,0,0
2025-04-01,92A,"NHS SURREY HEARTLANDS",2482,88881.66,0,0
2025-04-01,15E,"NHS BIRMINGHAM AND SOLIHULL",2704,78726.4,0,0
2025-04-01,70F,"NHS WEST SUSSEX",2981,102530,0,0
2025-04-01,91Q,"NHS KENT AND MEDWAY",3437,103652.07,0,0
2025-05-01,09W,"NHS MEDWAY",0,0,0,0
2025-05-01,D4U1Y,"NHS FRIMLEY",2,38.89,0,0
2025-05-01,05D,"NHS EAST STAFFORDSHIRE",156,4421.93,0,0
2025-05-01,00R,"NHS BLACKPOOL",204,5443.88,0,0
2025-05-01,07G,"NHS THURROCK",209,5902.3,0,0
2025-05-01,00N,"NHS SOUTH TYNESIDE",221,6622.31,0,0
2025-05-01,02M,"NHS FYLDE AND WYRE",225,6206.82,0,0
2025-05-01,02Q,"NHS BASSETLAW",235,5729.16,0,0
2025-05-01,03H,"NHS NORTH EAST LINCOLNSHIRE",252,6117.42,0,0
2025-05-01,01F,"NHS HALTON",254,7165.06,0,0
2025-05-01,01J,"NHS KNOWSLEY",254,6336.82,0,0
2025-05-01,10R,"NHS PORTSMOUTH",275,8988.85,0,0
2025-05-01,01V,"NHS SOUTHPORT AND FORMBY",284,8993.73,0,0
2025-05-01,02T,"NHS CALDERDALE",289,9405.72,0,0
2025-05-01,99C,"NHS NORTH TYNESIDE",292,10190.66,0,0
2025-05-01,00X,"NHS CHORLEY AND SOUTH RIBBLE",293,8743.54,0,0
2025-05-01,00Q,"NHS BLACKBURN WITH DARWEN",295,7709.99,0,0
2025-05-01,03Q,"NHS VALE OF YORK",306,9033.31,0,0
2025-05-01,05V,"NHS STAFFORD AND SURROUNDS",308,8995.52,0,0
2025-05-01,99F,"NHS CASTLE POINT AND ROCHFORD",312,10080.3,0,0
2025-05-01,03K,"NHS NORTH LINCOLNSHIRE",318,7653.87,0,0
2025-05-01,01E,"NHS GREATER PRESTON",329,10001.02,0,0
2025-05-01,04C,"NHS LEICESTER CITY",337,7591.11,0,0
2025-05-01,02P,"NHS BARNSLEY",364,10084.29,0,0
2025-05-01,03W,"NHS EAST LEICESTERSHIRE AND RUTLAND",367,9351.16,0,0
2025-05-01,03F,"NHS HULL",372,9424.13,0,0
2025-05-01,00V,"NHS BURY",380,11314.38,0,0
2025-05-01,04Y,"NHS CANNOCK CHASE",380,11965.81,0,0
2025-05-01,U2G6B,"NHS THAMES VALLEY ICB - U2G6B",389,12732.19,0,0
2025-05-01,02G,"NHS WEST LANCASHIRE",390,11630.34,0,0
2025-05-01,01D,"NHS HEYWOOD, MIDDLETON AND ROCHDALE",396,11593.44,0,0
2025-05-01,M2L0M,"NHS SHROPSHIRE, TELFORD AND WREKIN",406,13440.61,0,0
2025-05-01,02X,"NHS DONCASTER",414,10895.55,0,0
2025-05-01,05G,"NHS NORTH STAFFORDSHIRE",422,11495.74,0,0
2025-05-01,06L,"NHS IPSWICH AND EAST SUFFOLK",423,10798.25,0,0
2025-05-01,99G,"NHS SOUTHEND",430,14176.53,0,0
2025-05-01,00T,"NHS BOLTON",441,13950.69,0,0
2025-05-01,01T,"NHS SOUTH SEFTON",458,12725.69,0,0
2025-05-01,11X,"NHS SOMERSET",460,13076.29,0,0
2025-05-01,02E,"NHS WARRINGTON",477,14554.84,0,0
2025-05-01,01X,"NHS ST HELENS",479,13601.13,0,0
2025-05-01,02A,"NHS TRAFFORD",487,15322.36,0,0
2025-05-01,99E,"NHS BASILDON AND BRENTWOOD",496,17129.56,0,0
2025-05-01,05Q,"NHS SOUTH EAST STAFFORDSHIRE AND SEISDON PENINSULA",497,15753.91,0,0
2025-05-01,01K,"NHS MORECAMBE BAY",507,13388.84,0,0
2025-05-01,03R,"NHS WAKEFIELD",544,14429.05,0,0
2025-05-01,00Y,"NHS OLDHAM",551,14705.18,0,0
2025-05-01,07K,"NHS WEST SUFFOLK",555,13637.33,0,0
2025-05-01,15A,"NHS BERKSHIRE WEST",558,18078.53,0,0
2025-05-01,12F,"NHS WIRRAL",580,16781.66,0,0
2025-05-01,01G,"NHS SALFORD",582,17200.93,0,0
2025-05-01,05W,"NHS STOKE ON TRENT",589,15443.53,0,0
2025-05-01,02Y,"NHS EAST RIDING OF YORKSHIRE",600,15723.03,0,0
2025-05-01,10Q,"NHS OXFORDSHIRE",604,17581.92,0,0
2025-05-01,01H,"NHS NORTH CUMBRIA",609,16261.12,0,0
2025-05-01,01W,"NHS STOCKPORT",628,18880.06,0,0
2025-05-01,15C,"NHS BRISTOL, NORTH SOMERSET AND SOUTH GLOUCESTERSHIRE",632,23643.97,0,0
2025-05-01,04V,"NHS WEST LEICESTERSHIRE",636,15478.59,0,0
2025-05-01,01A,"NHS EAST LANCASHIRE",651,15773.37,0,0
2025-05-01,06N,"NHS HERTS VALLEYS",651,21457.11,0,0
2025-05-01,07H,"NHS WEST ESSEX",659,16905.1,0,0
2025-05-01,11M,"NHS GLOUCESTERSHIRE",669,19083.11,0,0
2025-05-01,X2C4Y,"NHS KIRKLEES",673,23362.26,0,0
2025-05-01,00L,"NHS NORTHUMBERLAND",727,21360.96,0,0
2025-05-01,01Y,"NHS TAMESIDE AND GLOSSOP",737,21470.68,0,0
2025-05-01,99A,"NHS LIVERPOOL",739,21483.8,0,0
2025-05-01,09D,"NHS BRIGHTON AND HOVE",744,26486.68,0,0
2025-05-01,00P,"NHS SUNDERLAND",769,23242.03,0,0
2025-05-01,03L,"NHS ROTHERHAM",859,21843.79,0,0
2025-05-01,84H,"NHS COUNTY DURHAM",915,25646.13,0,0
2025-05-01,11N,"NHS CORNWALL AND THE ISLES OF SCILLY",921,24190.15,0,0
2025-05-01,42D,"NHS NORTH YORKSHIRE",930,25826.04,0,0
2025-05-01,14L,"NHS MANCHESTER",966,25961.35,0,0
2025-05-01,02H,"NHS WIGAN BOROUGH",975,30672.46,0,0
2025-05-01,78H,"NHS NORTHAMPTONSHIRE",981,23862.06,0,0
2025-05-01,06T,"NHS NORTH EAST ESSEX",987,23574.27,0,0
2025-05-01,27D,"NHS CHESHIRE",1001,29547.03,0,0
2025-05-01,15M,"NHS DERBY AND DERBYSHIRE",1003,30517.1,0,0
2025-05-01,14Y,"NHS BUCKINGHAMSHIRE",1043,29996.84,0,0
2025-05-01,06Q,"NHS MID ESSEX",1080,26596.22,0,0
2025-05-01,03N,"NHS SHEFFIELD",1092,29527.08,0,0
2025-05-01,13T,"NHS NEWCASTLE GATESHEAD",1147,38605.71,0,0
2025-05-01,06K,"NHS EAST AND NORTH HERTFORDSHIRE",1289,34978.17,0,0
2025-05-01,18C,"NHS HEREFORDSHIRE AND WORCESTERSHIRE",1311,41424.94,0,0
2025-05-01,52R,"NHS NOTTINGHAM AND NOTTINGHAMSHIRE",1328,36235.54,0,0
2025-05-01,72Q,"NHS SOUTH EAST LONDON",1484,52008.81,0,0
2025-05-01,71E,"NHS LINCOLNSHIRE",1486,37467.67,0,0
2025-05-01,B2M3M,"NHS COVENTRY AND WARWICKSHIRE",1495,40743.07,0,0
2025-05-01,15F,"NHS LEEDS",1511,47067.83,0,0
2025-05-01,36J,"NHS BRADFORD DISTRICT AND CRAVEN",1512,42378.18,0,0
2025-05-01,06H,"NHS CAMBRIDGESHIRE AND PETERBOROUGH",1640,40752.86,0,0
2025-05-01,93C,"NHS NORTH CENTRAL LONDON",1644,58526.21,0,0
2025-05-01,97R,"NHS EAST SUSSEX",1764,55990.84,0,0
2025-05-01,92G,"NHS BATH AND NORTH EAST SOMERSET, SWINDON AND WILTSHIRE",1768,51013.38,0,0
2025-05-01,36L,"NHS SOUTH WEST LONDON",1772,63200.02,0,0
2025-05-01,16C,"NHS TEES VALLEY",1792,50710.68,0,0
2025-05-01,11J,"NHS DORSET",1803,51257.96,0,0
2025-05-01,W2U3Z,"NHS NORTH WEST LONDON",1842,61138.44,0,0
2025-05-01,M1J4Y,"NHS BEDFORDSHIRE, LUTON AND MILTON KEYNES",1881,54470.29,0,0
2025-05-01,15N,"NHS DEVON",2033,60541.23,0,0
2025-05-01,A3A8R,"NHS NORTH EAST LONDON",2062,75887.79,0,0
2025-05-01,26A,"NHS NORFOLK AND WAVENEY",2211,59338.63,0,0
2025-05-01,D2P2L,"NHS BLACK COUNTRY",2336,70156.34,0,0
2025-05-01,D9Y0V,"NHS HAMPSHIRE, SOUTHAMPTON AND ISLE OF WIGHT",2403,81508.59,0,0
2025-05-01,92A,"NHS SURREY HEARTLANDS",2497,89631.47,0,0
2025-05-01,15E,"NHS BIRMINGHAM AND SOLIHULL",2715,79256.76,0,0
2025-05-01,70F,"NHS WEST SUSSEX",3055,104327.48,0,0
2025-05-01,91Q,"NHS KENT AND MEDWAY",3569,108512.67,0,0
2025-06-01,09W,"NHS MEDWAY",0,0,0,0
2025-06-01,D4U1Y,"NHS FRIMLEY",0,0,0,0
2025-06-01,05D,"NHS EAST STAFFORDSHIRE",149,4368.97,0,0
2025-06-01,00R,"NHS BLACKPOOL",193,5410.98,0,0
2025-06-01,00N,"NHS SOUTH TYNESIDE",207,5939.9,0,0
2025-06-01,07G,"NHS THURROCK",207,6005.58,0,0
2025-06-01,02M,"NHS FYLDE AND WYRE",222,5903.03,0,0
2025-06-01,03H,"NHS NORTH EAST LINCOLNSHIRE",224,5557.34,0,0
2025-06-01,02Q,"NHS BASSETLAW",235,5727.12,0,0
2025-06-01,10R,"NHS PORTSMOUTH",246,8086.26,0,0
2025-06-01,01F,"NHS HALTON",249,7072.15,0,0
2025-06-01,99C,"NHS NORTH TYNESIDE",270,9325.85,0,0
2025-06-01,01J,"NHS KNOWSLEY",272,7073,0,0
2025-06-01,00Q,"NHS BLACKBURN WITH DARWEN",282,7273.48,0,0
2025-06-01,04C,"NHS LEICESTER CITY",291,6703.75,0,0
2025-06-01,00X,"NHS CHORLEY AND SOUTH RIBBLE",293,8737.38,0,0
2025-06-01,05V,"NHS STAFFORD AND SURROUNDS",293,8383.08,0,0
2025-06-01,03K,"NHS NORTH LINCOLNSHIRE",294,7286.67,0,0
2025-06-01,02T,"NHS CALDERDALE",296,9737.68,0,0
2025-06-01,01V,"NHS SOUTHPORT AND FORMBY",299,9297.22,0,0
2025-06-01,03Q,"NHS VALE OF YORK",310,8706.11,0,0
2025-06-01,99F,"NHS CASTLE POINT AND ROCHFORD",328,11174.56,0,0
2025-06-01,01E,"NHS GREATER PRESTON",334,10377.12,0,0
2025-06-01,03F,"NHS HULL",357,8906.43,0,0
2025-06-01,04Y,"NHS CANNOCK CHASE",357,10859.86,0,0
2025-06-01,03W,"NHS EAST LEICESTERSHIRE AND RUTLAND",363,9248.17,0,0
2025-06-01,02G,"NHS WEST LANCASHIRE",364,10702.86,0,0
2025-06-01,02P,"NHS BARNSLEY",370,10180.23,0,0
2025-06-01,U2G6B,"NHS THAMES VALLEY ICB - U2G6B",384,13394.48,0,0
2025-06-01,02X,"NHS DONCASTER",387,10157.88,0,0
2025-06-01,06L,"NHS IPSWICH AND EAST SUFFOLK",392,10022.3,0,0
2025-06-01,01D,"NHS HEYWOOD, MIDDLETON AND ROCHDALE",393,11654.48,0,0
2025-06-01,00V,"NHS BURY",398,12155.91,0,0
2025-06-01,05G,"NHS NORTH STAFFORDSHIRE",398,11178.13,0,0
2025-06-01,99G,"NHS SOUTHEND",398,12446.8,0,0
2025-06-01,M2L0M,"NHS SHROPSHIRE, TELFORD AND WREKIN",409,13366.95,0,0
2025-06-01,02E,"NHS WARRINGTON",419,12757.34,0,0
2025-06-01,05Q,"NHS SOUTH EAST STAFFORDSHIRE AND SEISDON PENINSULA",428,13479.39,0,0
2025-06-01,11X,"NHS SOMERSET",435,12217.53,0,0
2025-06-01,01T,"NHS SOUTH SEFTON",436,12249.46,0,0
2025-06-01,00T,"NHS BOLTON",441,13515.36,0,0
2025-06-01,01K,"NHS MORECAMBE BAY",459,12283.29,0,0
2025-06-01,01X,"NHS ST HELENS",464,13078.62,0,0
2025-06-01,02A,"NHS TRAFFORD",469,14911.99,0,0
2025-06-01,15A,"NHS BERKSHIRE WEST",471,15543.27,0,0
2025-06-01,99E,"NHS BASILDON AND BRENTWOOD",481,16672.74,0,0
2025-06-01,03R,"NHS WAKEFIELD",513,13742.36,0,0
2025-06-01,00Y,"NHS OLDHAM",539,14352.01,0,0
2025-06-01,07K,"NHS WEST SUFFOLK",541,13233.58,0,0
2025-06-01,04V,"NHS WEST LEICESTERSHIRE",555,13658.39,0,0
2025-06-01,05W,"NHS STOKE ON TRENT",556,14506.11,0,0
2025-06-01,01H,"NHS NORTH CUMBRIA",559,14737.7,0,0
2025-06-01,12F,"NHS WIRRAL",568,15974.12,0,0
2025-06-01,01G,"NHS SALFORD",571,16640.81,0,0
2025-06-01,02Y,"NHS EAST RIDING OF YORKSHIRE",578,14929.72,0,0
2025-06-01,10Q,"NHS OXFORDSHIRE",584,17935.13,0,0
2025-06-01,15C,"NHS BRISTOL, NORTH SOMERSET AND SOUTH GLOUCESTERSHIRE",585,22484.03,0,0
2025-06-01,01A,"NHS EAST LANCASHIRE",623,15224.53,0,0
2025-06-01,01W,"NHS STOCKPORT",648,19838.8,0,0
2025-06-01,07H,"NHS WEST ESSEX",654,17198.26,0,0
2025-06-01,11M,"NHS GLOUCESTERSHIRE",656,19116.3,0,0
2025-06-01,06N,"NHS HERTS VALLEYS",658,22444.85,0,0
2025-06-01,09D,"NHS BRIGHTON AND HOVE",660,23383.01,0,0
2025-06-01,01Y,"NHS TAMESIDE AND GLOSSOP",675,19656.7,0,0
2025-06-01,X2C4Y,"NHS KIRKLEES",678,23483.52,0,0
2025-06-01,00P,"NHS SUNDERLAND",711,21972.47,0,0
2025-06-01,00L,"NHS NORTHUMBERLAND",713,20920.11,0,0
2025-06-01,99A,"NHS LIVERPOOL",730,21239.43,0,0
2025-06-01,03L,"NHS ROTHERHAM",805,20262.77,0,0
2025-06-01,84H,"NHS COUNTY DURHAM",867,23932.15,0,0
2025-06-01,11N,"NHS CORNWALL AND THE ISLES OF SCILLY",899,23114.96,0,0
2025-06-01,15M,"NHS DERBY AND DERBYSHIRE",910,27207.88,0,0
2025-06-01,14Y,"NHS BUCKINGHAMSHIRE",917,26564.34,0,0
2025-06-01,02H,"NHS WIGAN BOROUGH",934,29034.13,0,0
2025-06-01,42D,"NHS NORTH YORKSHIRE",938,26717.45,0,0
2025-06-01,06T,"NHS NORTH EAST ESSEX",942,22596.09,0,0
2025-06-01,14L,"NHS MANCHESTER",968,26423.06,0,0
2025-06-01,78H,"NHS NORTHAMPTONSHIRE",983,24089.2,0,0
2025-06-01,27D,"NHS CHESHIRE",984,29702.53,0,0
2025-06-01,06Q,"NHS MID ESSEX",1035,25472.74,0,0
2025-06-01,03N,"NHS SHEFFIELD",1064,28233.57,0,0
2025-06-01,13T,"NHS NEWCASTLE GATESHEAD",1065,34704.83,0,0
2025-06-01,06K,"NHS EAST AND NORTH HERTFORDSHIRE",1236,33484.21,0,0
2025-06-01,52R,"NHS NOTTINGHAM AND NOTTINGHAMSHIRE",1260,34184.48,0,0
2025-06-01,18C,"NHS HEREFORDSHIRE AND WORCESTERSHIRE",1336,41573.94,0,0
2025-06-01,15F,"NHS LEEDS",1374,42462.23,0,0
2025-06-01,72Q,"NHS SOUTH EAST LONDON",1375,47354.05,0,0
2025-06-01,B2M3M,"NHS COVENTRY AND WARWICKSHIRE",1439,39863.4,0,0
2025-06-01,36J,"NHS BRADFORD DISTRICT AND CRAVEN",1446,40744.81,0,0
2025-06-01,71E,"NHS LINCOLNSHIRE",1505,37786.11,0,0
2025-06-01,06H,"NHS CAMBRIDGESHIRE AND PETERBOROUGH",1547,39029.39,0,0
2025-06-01,93C,"NHS NORTH CENTRAL LONDON",1571,56351.01,0,0
2025-06-01,36L,"NHS SOUTH WEST LONDON",1674,59372.5,0,0
2025-06-01,92G,"NHS BATH AND NORTH EAST SOMERSET, SWINDON AND WILTSHIRE",1681,47376.35,0,0
2025-06-01,97R,"NHS EAST SUSSEX",1696,54976.81,0,0
2025-06-01,11J,"NHS DORSET",1709,47997.94,0,0
2025-06-01,16C,"NHS TEES VALLEY",1728,48978.96,0,0
2025-06-01,W2U3Z,"NHS NORTH WEST LONDON",1738,58950.34,0,0
2025-06-01,M1J4Y,"NHS BEDFORDSHIRE, LUTON AND MILTON KEYNES",1762,50161.05,0,0
2025-06-01,A3A8R,"NHS NORTH EAST LONDON",1953,71230.98,0,0
2025-06-01,15N,"NHS DEVON",1967,59884.01,0,0
2025-06-01,26A,"NHS NORFOLK AND WAVENEY",2094,55628.42,0,0
2025-06-01,D2P2L,"NHS BLACK COUNTRY",2164,64625.33,0,0
2025-06-01,D9Y0V,"NHS HAMPSHIRE, SOUTHAMPTON AND ISLE OF WIGHT",2283,77208.55,0,0
2025-06-01,92A,"NHS SURREY HEARTLANDS",2418,87306.87,0,0
2025-06-01,15E,"NHS BIRMINGHAM AND SOLIHULL",2672,79266.32,0,0
2025-06-01,70F,"NHS WEST SUSSEX",2920,101219.08,0,0
2025-06-01,91Q,"NHS KENT AND MEDWAY",3415,103378.5,0,0
2025-07-01,09W,"NHS MEDWAY",0,0,0,0
2025-07-01,D4U1Y,"NHS FRIMLEY",1,16.6,0,0
2025-07-01,05D,"NHS EAST STAFFORDSHIRE",161,4961.79,0,0
2025-07-01,00R,"NHS BLACKPOOL",181,4694.52,0,0
2025-07-01,07G,"NHS THURROCK",203,5692.16,0,0
2025-07-01,00N,"NHS SOUTH TYNESIDE",221,6931.05,0,0
2025-07-01,02M,"NHS FYLDE AND WYRE",221,5856.16,0,0
2025-07-01,03H,"NHS NORTH EAST LINCOLNSHIRE",225,5645.3,0,0
2025-07-01,02Q,"NHS BASSETLAW",241,5854.02,0,0
2025-07-01,01F,"NHS HALTON",243,6976.94,0,0
2025-07-01,01J,"NHS KNOWSLEY",254,6550.29,0,0
2025-07-01,10R,"NHS PORTSMOUTH",264,8377.83,0,0
2025-07-01,00Q,"NHS BLACKBURN WITH DARWEN",268,6946.95,0,0
2025-07-01,00X,"NHS CHORLEY AND SOUTH RIBBLE",282,8000.55,0,0
2025-07-01,02T,"NHS CALDERDALE",290,9453.11,0,0
2025-07-01,04C,"NHS LEICESTER CITY",293,6668.7,0,0
2025-07-01,01V,"NHS SOUTHPORT AND FORMBY",296,9336.72,0,0
2025-07-01,99C,"NHS NORTH TYNESIDE",299,10538.57,0,0
2025-07-01,05V,"NHS STAFFORD AND SURROUNDS",300,8625.79,0,0
2025-07-01,03K,"NHS NORTH LINCOLNSHIRE",307,7683.63,0,0
2025-07-01,03Q,"NHS VALE OF YORK",323,9648.64,0,0
2025-07-01,04Y,"NHS CANNOCK CHASE",343,10351.01,0,0
2025-07-01,99F,"NHS CASTLE POINT AND ROCHFORD",346,11539.61,0,0
2025-07-01,01E,"NHS GREATER PRESTON",350,10473.81,0,0
2025-07-01,02G,"NHS WEST LANCASHIRE",358,11028.98,0,0
2025-07-01,02P,"NHS BARNSLEY",360,9696.73,0,0
2025-07-01,03F,"NHS HULL",361,8842.06,0,0
2025-07-01,U2G6B,"NHS THAMES VALLEY ICB - U2G6B",362,11931.21,0,0
2025-07-01,03W,"NHS EAST LEICESTERSHIRE AND RUTLAND",388,9855.99,0,0
2025-07-01,06L,"NHS IPSWICH AND EAST SUFFOLK",390,9870.01,0,0
2025-07-01,02X,"NHS DONCASTER",392,10428.14,0,0
2025-07-01,00V,"NHS BURY",415,12332.01,0,0
2025-07-01,01D,"NHS HEYWOOD, MIDDLETON AND ROCHDALE",418,12238.08,0,0
2025-07-01,05G,"NHS NORTH STAFFORDSHIRE",424,11621.63,0,0
2025-07-01,02E,"NHS WARRINGTON",436,13241.04,0,0
2025-07-01,M2L0M,"NHS SHROPSHIRE, TELFORD AND WREKIN",438,14545.5,0,0
2025-07-01,00T,"NHS BOLTON",439,13536.9,0,0
2025-07-01,99G,"NHS SOUTHEND",445,14284,0,0
2025-07-01,11X,"NHS SOMERSET",447,12252.2,0,0
2025-07-01,01T,"NHS SOUTH SEFTON",463,12944.24,0,0
2025-07-01,02A,"NHS TRAFFORD",497,15987.99,0,0
2025-07-01,01K,"NHS MORECAMBE BAY",510,13897.57,0,0
2025-07-01,05Q,"NHS SOUTH EAST STAFFORDSHIRE AND SEISDON PENINSULA",514,15970.06,0,0
2025-07-01,99E,"NHS BASILDON AND BRENTWOOD",516,17608.98,0,0
2025-07-01,01X,"NHS ST HELENS",517,14467.65,0,0
2025-07-01,03R,"NHS WAKEFIELD",528,14041.18,0,0
2025-07-01,15A,"NHS BERKSHIRE WEST",538,16864.03,0,0
2025-07-01,01G,"NHS SALFORD",555,15884,0,0
2025-07-01,12F,"NHS WIRRAL",560,16005.09,0,0
2025-07-01,07K,"NHS WEST SUFFOLK",581,14111.67,0,0
2025-07-01,15C,"NHS BRISTOL, NORTH SOMERSET AND SOUTH GLOUCESTERSHIRE",587,22330.31,0,0
2025-07-01,05W,"NHS STOKE ON TRENT",591,15652.44,0,0
2025-07-01,00Y,"NHS OLDHAM",599,15846.08,0,0
2025-07-01,01H,"NHS NORTH CUMBRIA",610,16495.27,0,0
2025-07-01,10Q,"NHS OXFORDSHIRE",626,18290.58,0,0
2025-07-01,02Y,"NHS EAST RIDING OF YORKSHIRE",629,16530.4,0,0
2025-07-01,04V,"NHS WEST LEICESTERSHIRE",642,15501.66,0,0
2025-07-01,09D,"NHS BRIGHTON AND HOVE",649,22871.9,0,0
2025-07-01,01W,"NHS STOCKPORT",655,19691.63,0,0
2025-07-01,01A,"NHS EAST LANCASHIRE",656,16252.97,0,0
2025-07-01,07H,"NHS WEST ESSEX",661,16949.79,0,0
2025-07-01,11M,"NHS GLOUCESTERSHIRE",671,18995.49,0,0
2025-07-01,06N,"NHS HERTS VALLEYS",688,22876.14,0,0
2025-07-01,X2C4Y,"NHS KIRKLEES",692,23751.45,0,0
2025-07-01,01Y,"NHS TAMESIDE AND GLOSSOP",700,20449.7,0,0
2025-07-01,99A,"NHS LIVERPOOL",736,21567.79,0,0
2025-07-01,00P,"NHS SUNDERLAND",738,23135.49,0,0
2025-07-01,00L,"NHS NORTHUMBERLAND",753,22144.59,0,0
2025-07-01,03L,"NHS ROTHERHAM",845,20976.53,0,0
2025-07-01,11N,"NHS CORNWALL AND THE ISLES OF SCILLY",893,23471.39,0,0
2025-07-01,27D,"NHS CHESHIRE",935,27681.86,0,0
2025-07-01,84H,"NHS COUNTY DURHAM",952,26714.37,0,0
2025-07-01,02H,"NHS WIGAN BOROUGH",954,29387.08,0,0
2025-07-01,78H,"NHS NORTHAMPTONSHIRE",971,23597.09,0,0
2025-07-01,14Y,"NHS BUCKINGHAMSHIRE",975,28141.93,0,0
2025-07-01,06T,"NHS NORTH EAST ESSEX",986,23556.95,0,0
2025-07-01,14L,"NHS MANCHESTER",993,26100.13,0,0
2025-07-01,15M,"NHS DERBY AND DERBYSHIRE",1005,30449.78,0,0
2025-07-01,42D,"NHS NORTH YORKSHIRE",1005,27925.23,0,0
2025-07-01,06Q,"NHS MID ESSEX",1045,25370.33,0,0
2025-07-01,03N,"NHS SHEFFIELD",1089,29413.45,0,0
2025-07-01,13T,"NHS NEWCASTLE GATESHEAD",1111,36677.03,0,0
2025-07-01,18C,"NHS HEREFORDSHIRE AND WORCESTERSHIRE",1321,41166.49,0,0
2025-07-01,52R,"NHS NOTTINGHAM AND NOTTINGHAMSHIRE",1331,36842.85,0,0
2025-07-01,06K,"NHS EAST AND NORTH HERTFORDSHIRE",1359,37663.01,0,0
2025-07-01,15F,"NHS LEEDS",1415,44136.85,0,0
2025-07-01,72Q,"NHS SOUTH EAST LONDON",1467,51942.09,0,0
2025-07-01,36J,"NHS BRADFORD DISTRICT AND CRAVEN",1492,41624.63,0,0
2025-07-01,B2M3M,"NHS COVENTRY AND WARWICKSHIRE",1505,40876.05,0,0
2025-07-01,71E,"NHS LINCOLNSHIRE",1506,37920.51,0,0
2025-07-01,06H,"NHS CAMBRIDGESHIRE AND PETERBOROUGH",1550,38800.11,0,0
2025-07-01,93C,"NHS NORTH CENTRAL LONDON",1630,57355.01,0,0
2025-07-01,16C,"NHS TEES VALLEY",1697,47520.55,0,0
2025-07-01,97R,"NHS EAST SUSSEX",1737,56065.33,0,0
2025-07-01,92G,"NHS BATH AND NORTH EAST SOMERSET, SWINDON AND WILTSHIRE",1746,50921.5,0,0
2025-07-01,W2U3Z,"NHS NORTH WEST LONDON",1755,58927.67,0,0
2025-07-01,11J,"NHS DORSET",1786,51132.83,0,0
2025-07-01,36L,"NHS SOUTH WEST LONDON",1791,63586.27,0,0
2025-07-01,M1J4Y,"NHS BEDFORDSHIRE, LUTON AND MILTON KEYNES",1915,55229.33,0,0
2025-07-01,A3A8R,"NHS NORTH EAST LONDON",1978,71076.36,0,0
2025-07-01,15N,"NHS DEVON",2014,60135.77,0,0
2025-07-01,26A,"NHS NORFOLK AND WAVENEY",2176,58084.6,0,0
2025-07-01,D2P2L,"NHS BLACK COUNTRY",2289,68227.56,0,0
2025-07-01,D9Y0V,"NHS HAMPSHIRE, SOUTHAMPTON AND ISLE OF WIGHT",2350,79795.88,0,0
2025-07-01,92A,"NHS SURREY HEARTLANDS",2464,88966.83,0,0
2025-07-01,15E,"NHS BIRMINGHAM AND SOLIHULL",2658,78769.22,0,0
2025-07-01,70F,"NHS WEST SUSSEX",2896,100281.33,0,0
2025-07-01,91Q,"NHS KENT AND MEDWAY",3523,106348.13,0,0
2025-08-01,09W,"NHS MEDWAY",0,0,0,0
2025-08-01,D4U1Y,"NHS FRIMLEY",3,75.59,0,0
2025-08-01,05D,"NHS EAST STAFFORDSHIRE",142,4075.5,0,0
2025-08-01,00R,"NHS BLACKPOOL",165,4355.96,0,0
2025-08-01,07G,"NHS THURROCK",176,5149.57,0,0
2025-08-01,03H,"NHS NORTH EAST LINCOLNSHIRE",181,4651.47,0,0
2025-08-01,00N,"NHS SOUTH TYNESIDE",194,5751.09,0,0
2025-08-01,02Q,"NHS BASSETLAW",212,5004.52,0,0
2025-08-01,10R,"NHS PORTSMOUTH",212,7195.74,0,0
2025-08-01,01F,"NHS HALTON",214,6538.33,0,0
2025-08-01,01J,"NHS KNOWSLEY",217,5488.61,0,0
2025-08-01,02M,"NHS FYLDE AND WYRE",219,5768.43,0,0
2025-08-01,01V,"NHS SOUTHPORT AND FORMBY",236,7235.57,0,0
2025-08-01,00X,"NHS CHORLEY AND SOUTH RIBBLE",254,7647.28,0,0
2025-08-01,99C,"NHS NORTH TYNESIDE",264,9496.39,0,0
2025-08-01,00Q,"NHS BLACKBURN WITH DARWEN",266,6984.83,0,0
2025-08-01,03K,"NHS NORTH LINCOLNSHIRE",266,6613.5,0,0
2025-08-01,04C,"NHS LEICESTER CITY",268,5916.86,0,0
2025-08-01,05V,"NHS STAFFORD AND SURROUNDS",270,7585.12,0,0
2025-08-01,03Q,"NHS VALE OF YORK",274,8097.56,0,0
2025-08-01,02T,"NHS CALDERDALE",278,9069.6,0,0
2025-08-01,01E,"NHS GREATER PRESTON",279,8434.92,0,0
2025-08-01,99F,"NHS CASTLE POINT AND ROCHFORD",289,9897.3,0,0
2025-08-01,03F,"NHS HULL",306,7559.9,0,0
2025-08-01,04Y,"NHS CANNOCK CHASE",318,9867.74,0,0
2025-08-01,03W,"NHS EAST LEICESTERSHIRE AND RUTLAND",332,8634.42,0,0
2025-08-01,02P,"NHS BARNSLEY",338,9400.84,0,0
2025-08-01,02G,"NHS WEST LANCASHIRE",346,10485.84,0,0
2025-08-01,U2G6B,"NHS THAMES VALLEY ICB - U2G6B",361,12189.95,0,0
2025-08-01,01D,"NHS HEYWOOD, MIDDLETON AND ROCHDALE",365,10318.24,0,0
2025-08-01,05G,"NHS NORTH STAFFORDSHIRE",365,10008.2,0,0
2025-08-01,02X,"NHS DONCASTER",366,9855.97,0,0
2025-08-01,00V,"NHS BURY",367,10830.37,0,0
2025-08-01,M2L0M,"NHS SHROPSHIRE, TELFORD AND WREKIN",377,12253.2,0,0
2025-08-01,11X,"NHS SOMERSET",379,11113.81,0,0
2025-08-01,01T,"NHS SOUTH SEFTON",384,10952.62,0,0
2025-08-01,06L,"NHS IPSWICH AND EAST SUFFOLK",384,9500.42,0,0
2025-08-01,99G,"NHS SOUTHEND",393,12482.01,0,0
2025-08-01,02E,"NHS WARRINGTON",396,11786.65,0,0
2025-08-01,00T,"NHS BOLTON",413,12446.39,0,0
2025-08-01,01X,"NHS ST HELENS",425,11981.4,0,0
2025-08-01,01K,"NHS MORECAMBE BAY",429,11669.37,0,0
2025-08-01,05Q,"NHS SOUTH EAST STAFFORDSHIRE AND SEISDON PENINSULA",429,13270.4,0,0
2025-08-01,02A,"NHS TRAFFORD",438,13898.55,0,0
2025-08-01,99E,"NHS BASILDON AND BRENTWOOD",458,15682.77,0,0
2025-08-01,15A,"NHS BERKSHIRE WEST",464,15248,0,0
2025-08-01,03R,"NHS WAKEFIELD",480,12517.46,0,0
2025-08-01,00Y,"NHS OLDHAM",491,12999.42,0,0
2025-08-01,15C,"NHS BRISTOL, NORTH SOMERSET AND SOUTH GLOUCESTERSHIRE",508,19091.75,0,0
2025-08-01,01G,"NHS SALFORD",512,14648.26,0,0
2025-08-01,07K,"NHS WEST SUFFOLK",513,12701.67,0,0
2025-08-01,01H,"NHS NORTH CUMBRIA",518,13500.32,0,0
2025-08-01,12F,"NHS WIRRAL",521,14903.42,0,0
2025-08-01,01A,"NHS EAST LANCASHIRE",534,13243.4,0,0
2025-08-01,05W,"NHS STOKE ON TRENT",535,13947.84,0,0
2025-08-01,10Q,"NHS OXFORDSHIRE",535,15964.84,0,0
2025-08-01,02Y,"NHS EAST RIDING OF YORKSHIRE",540,14292.11,0,0
2025-08-01,04V,"NHS WEST LEICESTERSHIRE",546,14001,0,0
2025-08-01,11M,"NHS GLOUCESTERSHIRE",571,16103.29,0,0
2025-08-01,06N,"NHS HERTS VALLEYS",581,19733.15,0,0
2025-08-01,01W,"NHS STOCKPORT",586,17536.48,0,0
2025-08-01,07H,"NHS WEST ESSEX",590,15179.29,0,0
2025-08-01,01Y,"NHS TAMESIDE AND GLOSSOP",591,17383.38,0,0
2025-08-01,X2C4Y,"NHS KIRKLEES",597,20601.82,0,0
2025-08-01,09D,"NHS BRIGHTON AND HOVE",611,21351.1,0,0
2025-08-01,99A,"NHS LIVERPOOL",642,18576.23,0,0
2025-08-01,00L,"NHS NORTHUMBERLAND",661,19250.03,0,0
2025-08-01,00P,"NHS SUNDERLAND",675,20271.63,0,0
2025-08-01,84H,"NHS COUNTY DURHAM",759,21693.85,0,0
2025-08-01,03L,"NHS ROTHERHAM",768,19422.97,0,0
2025-08-01,15M,"NHS DERBY AND DERBYSHIRE",825,25016.8,0,0
2025-08-01,11N,"NHS CORNWALL AND THE ISLES OF SCILLY",830,22262.45,0,0
2025-08-01,14L,"NHS MANCHESTER",840,23124.54,0,0
2025-08-01,14Y,"NHS BUCKINGHAMSHIRE",842,24440.4,0,0
2025-08-01,27D,"NHS CHESHIRE",871,26535.78,0,0
2025-08-01,02H,"NHS WIGAN BOROUGH",875,27655.49,0,0
2025-08-01,78H,"NHS NORTHAMPTONSHIRE",875,21421,0,0
2025-08-01,42D,"NHS NORTH YORKSHIRE",879,24968.01,0,0
2025-08-01,06T,"NHS NORTH EAST ESSEX",884,21303.88,0,0
2025-08-01,06Q,"NHS MID ESSEX",933,23141.22,0,0
2025-08-01,03N,"NHS SHEFFIELD",949,25855.27,0,0
2025-08-01,13T,"NHS NEWCASTLE GATESHEAD",998,32914.03,0,0
2025-08-01,52R,"NHS NOTTINGHAM AND NOTTINGHAMSHIRE",1152,31228.28,0,0
2025-08-01,06K,"NHS EAST AND NORTH HERTFORDSHIRE",1175,32074.14,0,0
2025-08-01,18C,"NHS HEREFORDSHIRE AND WORCESTERSHIRE",1180,37480.21,0,0
2025-08-01,72Q,"NHS SOUTH EAST LONDON",1203,42509.88,0,0
2025-08-01,15F,"NHS LEEDS",1248,39274.18,0,0
2025-08-01,71E,"NHS LINCOLNSHIRE",1272,31740.43,0,0
2025-08-01,B2M3M,"NHS COVENTRY AND WARWICKSHIRE",1327,36233.84,0,0
2025-08-01,36J,"NHS BRADFORD DISTRICT AND CRAVEN",1358,37996.67,0,0
2025-08-01,06H,"NHS CAMBRIDGESHIRE AND PETERBOROUGH",1393,34929.48,0,0
2025-08-01,93C,"NHS NORTH CENTRAL LONDON",1427,50427.88,0,0
2025-08-01,92G,"NHS BATH AND NORTH EAST SOMERSET, SWINDON AND WILTSHIRE",1491,42627.23,0,0
2025-08-01,36L,"NHS SOUTH WEST LONDON",1523,54831.18,0,0
2025-08-01,16C,"NHS TEES VALLEY",1541,43481.43,0,0
2025-08-01,W2U3Z,"NHS NORTH WEST LONDON",1566,53801.41,0,0
2025-08-01,11J,"NHS DORSET",1592,45451.81,0,0
2025-08-01,97R,"NHS EAST SUSSEX",1593,51689.36,0,0
2025-08-01,M1J4Y,"NHS BEDFORDSHIRE, LUTON AND MILTON KEYNES",1635,47452.05,0,0
2025-08-01,15N,"NHS DEVON",1776,53068.12,0,0
2025-08-01,A3A8R,"NHS NORTH EAST LONDON",1787,65479.38,0,0
2025-08-01,26A,"NHS NORFOLK AND WAVENEY",1967,53196.14,0,0
2025-08-01,D2P2L,"NHS BLACK COUNTRY",2018,60428.49,0,0
2025-08-01,D9Y0V,"NHS HAMPSHIRE, SOUTHAMPTON AND ISLE OF WIGHT",2145,73143.36,0,0
2025-08-01,92A,"NHS SURREY HEARTLANDS",2172,78692.23,0,0
2025-08-01,15E,"NHS BIRMINGHAM AND SOLIHULL",2273,66087.17,0,0
2025-08-01,70F,"NHS WEST SUSSEX",2593,89265.33,0,0
2025-08-01,91Q,"NHS KENT AND MEDWAY",3136,95552.8,0,0
2025-09-01,09W,"NHS MEDWAY",0,0,0,0
2025-09-01,D4U1Y,"NHS FRIMLEY",3,71.16,0,0
2025-09-01,05D,"NHS EAST STAFFORDSHIRE",154,4614.51,0,0
2025-09-01,00R,"NHS BLACKPOOL",194,5187.99,0,0
2025-09-01,07G,"NHS THURROCK",201,5517.15,0,0
2025-09-01,00N,"NHS SOUTH TYNESIDE",208,6341.83,0,0
2025-09-01,02Q,"NHS BASSETLAW",217,5331.77,0,0
2025-09-01,02M,"NHS FYLDE AND WYRE",225,5989.58,0,0
2025-09-01,10R,"NHS PORTSMOUTH",243,7937.62,0,0
2025-09-01,03H,"NHS NORTH EAST LINCOLNSHIRE",246,6235.73,0,0
2025-09-01,01J,"NHS KNOWSLEY",255,6542.14,0,0
2025-09-01,01F,"NHS HALTON",256,7507.06,0,0
2025-09-01,01V,"NHS SOUTHPORT AND FORMBY",264,8245.93,0,0
2025-09-01,00X,"NHS CHORLEY AND SOUTH RIBBLE",270,7868.81,0,0
2025-09-01,00Q,"NHS BLACKBURN WITH DARWEN",278,7060.65,0,0
2025-09-01,05V,"NHS STAFFORD AND SURROUNDS",280,7819.69,0,0
2025-09-01,99C,"NHS NORTH TYNESIDE",282,9916.29,0,0
2025-09-01,03K,"NHS NORTH LINCOLNSHIRE",287,7250.65,0,0
2025-09-01,04C,"NHS LEICESTER CITY",290,6667.4,0,0
2025-09-01,02T,"NHS CALDERDALE",295,9566.06,0,0
2025-09-01,03Q,"NHS VALE OF YORK",303,8748.69,0,0
2025-09-01,99F,"NHS CASTLE POINT AND ROCHFORD",309,10712.29,0,0
2025-09-01,01E,"NHS GREATER PRESTON",314,9438.27,0,0
2025-09-01,03F,"NHS HULL",329,8294.51,0,0
2025-09-01,04Y,"NHS CANNOCK CHASE",339,10479.7,0,0
2025-09-01,02G,"NHS WEST LANCASHIRE",341,10513.97,0,0
2025-09-01,U2G6B,"NHS THAMES VALLEY ICB - U2G6B",357,11406.94,0,0
2025-09-01,01D,"NHS HEYWOOD, MIDDLETON AND ROCHDALE",366,10899.68,0,0
2025-09-01,00V,"NHS BURY",373,11178.89,0,0
2025-09-01,02P,"NHS BARNSLEY",378,10216.72,0,0
2025-09-01,05G,"NHS NORTH STAFFORDSHIRE",384,10316.63,0,0
2025-09-01,02X,"NHS DONCASTER",393,10221.47,0,0
2025-09-01,03W,"NHS EAST LEICESTERSHIRE AND RUTLAND",399,10004.47,0,0
2025-09-01,99G,"NHS SOUTHEND",400,12883.36,0,0
2025-09-01,01T,"NHS SOUTH SEFTON",421,11699.58,0,0
2025-09-01,06L,"NHS IPSWICH AND EAST SUFFOLK",421,10552.52,0,0
2025-09-01,11X,"NHS SOMERSET",424,12277.36,0,0
2025-09-01,02E,"NHS WARRINGTON",436,13394.06,0,0
2025-09-01,02A,"NHS TRAFFORD",458,13981.48,0,0
2025-09-01,05Q,"NHS SOUTH EAST STAFFORDSHIRE AND SEISDON PENINSULA",459,14536.76,0,0
2025-09-01,M2L0M,"NHS SHROPSHIRE, TELFORD AND WREKIN",459,15392.02,0,0
2025-09-01,00T,"NHS BOLTON",460,13978.28,0,0
2025-09-01,01X,"NHS ST HELENS",470,13162.53,0,0
2025-09-01,01K,"NHS MORECAMBE BAY",487,12996.74,0,0
2025-09-01,99E,"NHS BASILDON AND BRENTWOOD",487,16468.42,0,0
2025-09-01,07K,"NHS WEST SUFFOLK",525,12593.27,0,0
2025-09-01,15A,"NHS BERKSHIRE WEST",535,17453.3,0,0
2025-09-01,01G,"NHS SALFORD",536,15570.79,0,0
2025-09-01,03R,"NHS WAKEFIELD",544,14254.34,0,0
2025-09-01,00Y,"NHS OLDHAM",553,15025.09,0,0
2025-09-01,05W,"NHS STOKE ON TRENT",557,14603.98,0,0
2025-09-01,15C,"NHS BRISTOL, NORTH SOMERSET AND SOUTH GLOUCESTERSHIRE",568,21256.84,0,0
2025-09-01,02Y,"NHS EAST RIDING OF YORKSHIRE",569,14821.54,0,0
2025-09-01,12F,"NHS WIRRAL",579,16660.54,0,0
2025-09-01,04V,"NHS WEST LEICESTERSHIRE",582,13998.75,0,0
2025-09-01,01H,"NHS NORTH CUMBRIA",583,15591.19,0,0
2025-09-01,10Q,"NHS OXFORDSHIRE",598,17388.27,0,0
2025-09-01,01W,"NHS STOCKPORT",620,18203.28,0,0
2025-09-01,07H,"NHS WEST ESSEX",623,16287.55,0,0
2025-09-01,01A,"NHS EAST LANCASHIRE",626,15319.61,0,0
2025-09-01,06N,"NHS HERTS VALLEYS",635,20611.56,0,0
2025-09-01,11M,"NHS GLOUCESTERSHIRE",645,18018.42,0,0
2025-09-01,01Y,"NHS TAMESIDE AND GLOSSOP",663,18908.94,0,0
2025-09-01,09D,"NHS BRIGHTON AND HOVE",677,23780.39,0,0
2025-09-01,99A,"NHS LIVERPOOL",695,20055.36,0,0
2025-09-01,X2C4Y,"NHS KIRKLEES",708,24621.36,0,0
2025-09-01,00L,"NHS NORTHUMBERLAND",713,20974.32,0,0
2025-09-01,00P,"NHS SUNDERLAND",721,21906.29,0,0
2025-09-01,03L,"NHS ROTHERHAM",828,20308.61,0,0
2025-09-01,11N,"NHS CORNWALL AND THE ISLES OF SCILLY",882,22443.99,0,0
2025-09-01,84H,"NHS COUNTY DURHAM",899,24748.77,0,0
2025-09-01,27D,"NHS CHESHIRE",913,27262.82,0,0
2025-09-01,02H,"NHS WIGAN BOROUGH",923,27808.36,0,0
2025-09-01,15M,"NHS DERBY AND DERBYSHIRE",927,28002.34,0,0
2025-09-01,14Y,"NHS BUCKINGHAMSHIRE",930,27510.46,0,0
2025-09-01,42D,"NHS NORTH YORKSHIRE",935,26209.45,0,0
2025-09-01,78H,"NHS NORTHAMPTONSHIRE",940,22531.07,0,0
2025-09-01,06T,"NHS NORTH EAST ESSEX",950,23057.05,0,0
2025-09-01,06Q,"NHS MID ESSEX",1004,24629.83,0,0
2025-09-01,14L,"NHS MANCHESTER",1006,26957.45,0,0
2025-09-01,03N,"NHS SHEFFIELD",1025,27424.44,0,0
2025-09-01,13T,"NHS NEWCASTLE GATESHEAD",1041,33616.72,0,0
2025-09-01,52R,"NHS NOTTINGHAM AND NOTTINGHAMSHIRE",1230,33261.89,0,0
2025-09-01,06K,"NHS EAST AND NORTH HERTFORDSHIRE",1237,33513.32,0,0
2025-09-01,18C,"NHS HEREFORDSHIRE AND WORCESTERSHIRE",1288,39879.13,0,0
2025-09-01,15F,"NHS LEEDS",1350,41017.76,0,0
2025-09-01,71E,"NHS LINCOLNSHIRE",1420,35394.6,0,0
2025-09-01,72Q,"NHS SOUTH EAST LONDON",1428,49747.65,0,0
2025-09-01,B2M3M,"NHS COVENTRY AND WARWICKSHIRE",1438,38918.16,0,0
2025-09-01,06H,"NHS CAMBRIDGESHIRE AND PETERBOROUGH",1461,36122.45,0,0
2025-09-01,36J,"NHS BRADFORD DISTRICT AND CRAVEN",1484,41040.99,0,0
2025-09-01,93C,"NHS NORTH CENTRAL LONDON",1557,55650.68,0,0
2025-09-01,92G,"NHS BATH AND NORTH EAST SOMERSET, SWINDON AND WILTSHIRE",1629,46233.36,0,0
2025-09-01,36L,"NHS SOUTH WEST LONDON",1650,57403.38,0,0
2025-09-01,16C,"NHS TEES VALLEY",1666,46583.51,0,0
2025-09-01,11J,"NHS DORSET",1711,49204.53,0,0
2025-09-01,97R,"NHS EAST SUSSEX",1714,54476.01,0,0
2025-09-01,W2U3Z,"NHS NORTH WEST LONDON",1730,57819.68,0,0
2025-09-01,M1J4Y,"NHS BEDFORDSHIRE, LUTON AND MILTON KEYNES",1798,51697.81,0,0
2025-09-01,A3A8R,"NHS NORTH EAST LONDON",1913,69513.48,0,0
2025-09-01,15N,"NHS DEVON",1978,59015.51,0,0
2025-09-01,26A,"NHS NORFOLK AND WAVENEY",2027,54669.45,0,0
2025-09-01,D9Y0V,"NHS HAMPSHIRE, SOUTHAMPTON AND ISLE OF WIGHT",2173,73245.01,0,0
2025-09-01,D2P2L,"NHS BLACK COUNTRY",2219,65771.1,0,0
2025-09-01,92A,"NHS SURREY HEARTLANDS",2319,82571.48,0,0
2025-09-01,15E,"NHS BIRMINGHAM AND SOLIHULL",2665,77022.31,0,0
2025-09-01,70F,"NHS WEST SUSSEX",2799,96433.54,0,0
2025-09-01,91Q,"NHS KENT AND MEDWAY",3300,99792.72,0,0
2025-10-01,09W,"NHS MEDWAY",0,0,0,0
2025-10-01,D4U1Y,"NHS FRIMLEY",4,94.63,0,0
2025-10-01,05D,"NHS EAST STAFFORDSHIRE",166,5083.07,0,0
2025-10-01,00N,"NHS SOUTH TYNESIDE",174,5162.39,0,0
2025-10-01,00R,"NHS BLACKPOOL",179,4866.13,0,0
2025-10-01,07G,"NHS THURROCK",191,5426.7,0,0
2025-10-01,02M,"NHS FYLDE AND WYRE",215,5753.84,0,0
2025-10-01,03H,"NHS NORTH EAST LINCOLNSHIRE",215,5195.4,0,0
2025-10-01,02Q,"NHS BASSETLAW",225,5422.43,0,0
2025-10-01,01F,"NHS HALTON",241,7013.58,0,0
2025-10-01,10R,"NHS PORTSMOUTH",247,8271.34,0,0
2025-10-01,01J,"NHS KNOWSLEY",263,6845.4,0,0
2025-10-01,03Q,"NHS VALE OF YORK",267,7576.6,0,0
2025-10-01,00X,"NHS CHORLEY AND SOUTH RIBBLE",270,7941.68,0,0
2025-10-01,99C,"NHS NORTH TYNESIDE",273,9191.5,0,0
2025-10-01,00Q,"NHS BLACKBURN WITH DARWEN",274,6879.39,0,0
2025-10-01,02T,"NHS CALDERDALE",288,9542.62,0,0
2025-10-01,03K,"NHS NORTH LINCOLNSHIRE",289,7094.9,0,0
2025-10-01,05V,"NHS STAFFORD AND SURROUNDS",303,8369.98,0,0
2025-10-01,99F,"NHS CASTLE POINT AND ROCHFORD",308,10384.32,0,0
2025-10-01,04C,"NHS LEICESTER CITY",310,6866.32,0,0
2025-10-01,01V,"NHS SOUTHPORT AND FORMBY",316,9569.03,0,0
2025-10-01,02G,"NHS WEST LANCASHIRE",331,9996.95,0,0
2025-10-01,01E,"NHS GREATER PRESTON",332,10017.46,0,0
2025-10-01,03F,"NHS HULL",346,8917.98,0,0
2025-10-01,03W,"NHS EAST LEICESTERSHIRE AND RUTLAND",358,9163.47,0,0
2025-10-01,04Y,"NHS CANNOCK CHASE",359,11069.66,0,0
2025-10-01,U2G6B,"NHS THAMES VALLEY ICB - U2G6B",379,12672.9,0,0
2025-10-01,00V,"NHS BURY",386,11242.61,0,0
2025-10-01,02X,"NHS DONCASTER",388,10506.8,0,0
2025-10-01,01D,"NHS HEYWOOD, MIDDLETON AND ROCHDALE",390,10983.69,0,0
2025-10-01,02P,"NHS BARNSLEY",396,11077.53,0,0
2025-10-01,06L,"NHS IPSWICH AND EAST SUFFOLK",396,10072.09,0,0
2025-10-01,05G,"NHS NORTH STAFFORDSHIRE",407,11012.62,0,0
2025-10-01,99G,"NHS SOUTHEND",421,13763.97,0,0
2025-10-01,M2L0M,"NHS SHROPSHIRE, TELFORD AND WREKIN",436,14355.25,0,0
2025-10-01,02E,"NHS WARRINGTON",445,13574.12,0,0
2025-10-01,11X,"NHS SOMERSET",451,12724.13,0,0
2025-10-01,00T,"NHS BOLTON",454,13996.77,0,0
2025-10-01,01T,"NHS SOUTH SEFTON",457,12757.47,0,0
2025-10-01,02A,"NHS TRAFFORD",459,14995.84,0,0
2025-10-01,01X,"NHS ST HELENS",461,13348.37,0,0
2025-10-01,05Q,"NHS SOUTH EAST STAFFORDSHIRE AND SEISDON PENINSULA",472,14749.79,0,0
2025-10-01,99E,"NHS BASILDON AND BRENTWOOD",495,17154.76,0,0
2025-10-01,15A,"NHS BERKSHIRE WEST",500,16378.01,0,0
2025-10-01,01K,"NHS MORECAMBE BAY",503,13566.42,0,0
2025-10-01,00Y,"NHS OLDHAM",521,13859.41,0,0
2025-10-01,07K,"NHS WEST SUFFOLK",530,13031.19,0,0
2025-10-01,03R,"NHS WAKEFIELD",537,14351.56,0,0
2025-10-01,01G,"NHS SALFORD",546,15939.27,0,0
2025-10-01,01H,"NHS NORTH CUMBRIA",563,15212.19,0,0
2025-10-01,12F,"NHS WIRRAL",566,15941.64,0,0
2025-10-01,15C,"NHS BRISTOL, NORTH SOMERSET AND SOUTH GLOUCESTERSHIRE",566,20968.26,0,0
2025-10-01,02Y,"NHS EAST RIDING OF YORKSHIRE",590,15518.13,0,0
2025-10-01,05W,"NHS STOKE ON TRENT",602,15402.11,0,0
2025-10-01,04V,"NHS WEST LEICESTERSHIRE",609,15165.83,0,0
2025-10-01,01W,"NHS STOCKPORT",620,18850.62,0,0
2025-10-01,01A,"NHS EAST LANCASHIRE",623,15259.37,0,0
2025-10-01,07H,"NHS WEST ESSEX",626,16179.13,0,0
2025-10-01,09D,"NHS BRIGHTON AND HOVE",638,23039.08,0,0
2025-10-01,01Y,"NHS TAMESIDE AND GLOSSOP",639,18799.67,0,0
2025-10-01,99A,"NHS LIVERPOOL",643,18959.51,0,0
2025-10-01,X2C4Y,"NHS KIRKLEES",648,22308.82,0,0
2025-10-01,10Q,"NHS OXFORDSHIRE",653,19228.26,0,0
2025-10-01,11M,"NHS GLOUCESTERSHIRE",657,18816.48,0,0
2025-10-01,06N,"NHS HERTS VALLEYS",671,22240.49,0,0
2025-10-01,00P,"NHS SUNDERLAND",705,21759.84,0,0
2025-10-01,00L,"NHS NORTHUMBERLAND",725,20703.08,0,0
2025-10-01,03L,"NHS ROTHERHAM",790,20188.19,0,0
2025-10-01,84H,"NHS COUNTY DURHAM",852,23919.03,0,0
2025-10-01,42D,"NHS NORTH YORKSHIRE",910,25920.37,0,0
2025-10-01,78H,"NHS NORTHAMPTONSHIRE",931,22834.9,0,0
2025-10-01,02H,"NHS WIGAN BOROUGH",945,29401.18,0,0
2025-10-01,15M,"NHS DERBY AND DERBYSHIRE",947,28592.11,0,0
2025-10-01,11N,"NHS CORNWALL AND THE ISLES OF SCILLY",957,25664.75,0,0
2025-10-01,14L,"NHS MANCHESTER",962,25867.07,0,0
2025-10-01,14Y,"NHS BUCKINGHAMSHIRE",962,27105.53,0,0
2025-10-01,06T,"NHS NORTH EAST ESSEX",974,23331.94,0,0
2025-10-01,27D,"NHS CHESHIRE",974,29466.61,0,0
2025-10-01,06Q,"NHS MID ESSEX",1009,25084.36,0,0
2025-10-01,13T,"NHS NEWCASTLE GATESHEAD",1029,33659.74,0,0
2025-10-01,03N,"NHS SHEFFIELD",1051,28313.34,0,0
2025-10-01,06K,"NHS EAST AND NORTH HERTFORDSHIRE",1267,34320.18,0,0
2025-10-01,52R,"NHS NOTTINGHAM AND NOTTINGHAMSHIRE",1278,34437.11,0,0
2025-10-01,18C,"NHS HEREFORDSHIRE AND WORCESTERSHIRE",1314,41279.39,0,0
2025-10-01,72Q,"NHS SOUTH EAST LONDON",1389,48107.99,0,0
2025-10-01,15F,"NHS LEEDS",1429,45013.77,0,0
2025-10-01,71E,"NHS LINCOLNSHIRE",1456,36421.77,0,0
2025-10-01,B2M3M,"NHS COVENTRY AND WARWICKSHIRE",1489,40360.55,0,0
2025-10-01,36J,"NHS BRADFORD DISTRICT AND CRAVEN",1495,42132.06,0,0
2025-10-01,06H,"NHS CAMBRIDGESHIRE AND PETERBOROUGH",1559,38967.51,0,0
2025-10-01,93C,"NHS NORTH CENTRAL LONDON",1572,55752.31,0,0
2025-10-01,16C,"NHS TEES VALLEY",1654,47191.77,0,0
2025-10-01,36L,"NHS SOUTH WEST LONDON",1670,58785.77,0,0
2025-10-01,97R,"NHS EAST SUSSEX",1704,53209.92,0,0
2025-10-01,M1J4Y,"NHS BEDFORDSHIRE, LUTON AND MILTON KEYNES",1708,48856.25,0,0
2025-10-01,W2U3Z,"NHS NORTH WEST LONDON",1720,56976.24,0,0
2025-10-01,11J,"NHS DORSET",1730,49121.34,0,0
2025-10-01,92G,"NHS BATH AND NORTH EAST SOMERSET, SWINDON AND WILTSHIRE",1735,49834.4,0,0
2025-10-01,15N,"NHS DEVON",1938,58355.39,0,0
2025-10-01,A3A8R,"NHS NORTH EAST LONDON",1947,69928.94,0,0
2025-10-01,26A,"NHS NORFOLK AND WAVENEY",2132,56569.15,0,0
2025-10-01,D2P2L,"NHS BLACK COUNTRY",2218,65347.84,0,0
2025-10-01,D9Y0V,"NHS HAMPSHIRE, SOUTHAMPTON AND ISLE OF WIGHT",2256,76283.16,0,0
2025-10-01,92A,"NHS SURREY HEARTLANDS",2341,84701.52,0,0
2025-10-01,15E,"NHS BIRMINGHAM AND SOLIHULL",2659,78680.22,0,0
2025-10-01,70F,"NHS WEST SUSSEX",2830,95638.39,0,0
2025-10-01,91Q,"NHS KENT AND MEDWAY",3441,103075.85,0,0
2025-11-01,09W,"NHS MEDWAY",0,0,0,0
2025-11-01,D4U1Y,"NHS FRIMLEY",3,61.07,0,0
2025-11-01,05D,"NHS EAST STAFFORDSHIRE",146,4119.58,0,0
2025-11-01,07G,"NHS THURROCK",157,4380.03,0,0
2025-11-01,00R,"NHS BLACKPOOL",180,4875.15,0,0
2025-11-01,00N,"NHS SOUTH TYNESIDE",187,5757.1,0,0
2025-11-01,03H,"NHS NORTH EAST LINCOLNSHIRE",217,5263.94,0,0
2025-11-01,01J,"NHS KNOWSLEY",218,5797.67,0,0
2025-11-01,02M,"NHS FYLDE AND WYRE",218,5811.95,0,0
2025-11-01,10R,"NHS PORTSMOUTH",218,7430.81,0,0
2025-11-01,02Q,"NHS BASSETLAW",219,5472.34,0,0
2025-11-01,01F,"NHS HALTON",230,6751.21,0,0
2025-11-01,00X,"NHS CHORLEY AND SOUTH RIBBLE",240,7097.63,0,0
2025-11-01,03K,"NHS NORTH LINCOLNSHIRE",250,6345.13,0,0
2025-11-01,00Q,"NHS BLACKBURN WITH DARWEN",255,6531.8,0,0
2025-11-01,99C,"NHS NORTH TYNESIDE",255,9314.55,0,0
2025-11-01,05V,"NHS STAFFORD AND SURROUNDS",259,7043.51,0,0
2025-11-01,02T,"NHS CALDERDALE",265,8534.57,0,0
2025-11-01,04C,"NHS LEICESTER CITY",266,6051.73,0,0
2025-11-01,03Q,"NHS VALE OF YORK",277,8257.44,0,0
2025-11-01,01V,"NHS SOUTHPORT AND FORMBY",285,8622.69,0,0
2025-11-01,03F,"NHS HULL",289,6949.94,0,0
2025-11-01,99F,"NHS CASTLE POINT AND ROCHFORD",290,9517.33,0,0
2025-11-01,01E,"NHS GREATER PRESTON",294,8635.55,0,0
2025-11-01,04Y,"NHS CANNOCK CHASE",306,9443.66,0,0
2025-11-01,02G,"NHS WEST LANCASHIRE",311,9390.86,0,0
2025-11-01,02X,"NHS DONCASTER",343,9018.53,0,0
2025-11-01,U2G6B,"NHS THAMES VALLEY ICB - U2G6B",343,11399.82,0,0
2025-11-01,03W,"NHS EAST LEICESTERSHIRE AND RUTLAND",349,8935.2,0,0
2025-11-01,02P,"NHS BARNSLEY",355,9620.86,0,0
2025-11-01,01D,"NHS HEYWOOD, MIDDLETON AND ROCHDALE",359,10611,0,0
2025-11-01,00V,"NHS BURY",361,10512.1,0,0
2025-11-01,99G,"NHS SOUTHEND",365,11267.97,0,0
2025-11-01,05G,"NHS NORTH STAFFORDSHIRE",366,9929.68,0,0
2025-11-01,06L,"NHS IPSWICH AND EAST SUFFOLK",369,9420.6,0,0
2025-11-01,02E,"NHS WARRINGTON",373,11381.49,0,0
2025-11-01,M2L0M,"NHS SHROPSHIRE, TELFORD AND WREKIN",387,13254.07,0,0
2025-11-01,11X,"NHS SOMERSET",403,11346.05,0,0
2025-11-01,01T,"NHS SOUTH SEFTON",405,11191.01,0,0
2025-11-01,00T,"NHS BOLTON",410,12522.34,0,0
2025-11-01,01K,"NHS MORECAMBE BAY",413,11015.41,0,0
2025-11-01,01X,"NHS ST HELENS",418,11834.52,0,0
2025-11-01,99E,"NHS BASILDON AND BRENTWOOD",435,14968.29,0,0
2025-11-01,02A,"NHS TRAFFORD",437,13866.69,0,0
2025-11-01,05Q,"NHS SOUTH EAST STAFFORDSHIRE AND SEISDON PENINSULA",444,14113.37,0,0
2025-11-01,01G,"NHS SALFORD",465,13535.99,0,0
2025-11-01,03R,"NHS WAKEFIELD",471,12427.32,0,0
2025-11-01,15A,"NHS BERKSHIRE WEST",471,14986.18,0,0
2025-11-01,15C,"NHS BRISTOL, NORTH SOMERSET AND SOUTH GLOUCESTERSHIRE",488,18086.54,0,0
2025-11-01,12F,"NHS WIRRAL",492,14246.25,0,0
2025-11-01,07K,"NHS WEST SUFFOLK",499,12285.72,0,0
2025-11-01,00Y,"NHS OLDHAM",510,13590.68,0,0
2025-11-01,10Q,"NHS OXFORDSHIRE",537,15692.96,0,0
2025-11-01,05W,"NHS STOKE ON TRENT",541,14356.12,0,0
2025-11-01,01A,"NHS EAST LANCASHIRE",544,13166.43,0,0
2025-11-01,04V,"NHS WEST LEICESTERSHIRE",545,13255.42,0,0
2025-11-01,02Y,"NHS EAST RIDING OF YORKSHIRE",552,14381.64,0,0
2025-11-01,01H,"NHS NORTH CUMBRIA",557,14950.1,0,0
2025-11-01,01W,"NHS STOCKPORT",570,17094.52,0,0
2025-11-01,11M,"NHS GLOUCESTERSHIRE",572,15949.95,0,0
2025-11-01,01Y,"NHS TAMESIDE AND GLOSSOP",584,17017.3,0,0
2025-11-01,06N,"NHS HERTS VALLEYS",587,19869.43,0,0
2025-11-01,09D,"NHS BRIGHTON AND HOVE",605,20996.33,0,0
2025-11-01,07H,"NHS WEST ESSEX",617,16270.73,0,0
2025-11-01,X2C4Y,"NHS KIRKLEES",620,21482.28,0,0
2025-11-01,00P,"NHS SUNDERLAND",623,18857.23,0,0
2025-11-01,99A,"NHS LIVERPOOL",627,18543.37,0,0
2025-11-01,00L,"NHS NORTHUMBERLAND",690,20287.29,0,0
2025-11-01,03L,"NHS ROTHERHAM",758,18770.22,0,0
2025-11-01,02H,"NHS WIGAN BOROUGH",818,24846.95,0,0
2025-11-01,84H,"NHS COUNTY DURHAM",822,22275.44,0,0
2025-11-01,11N,"NHS CORNWALL AND THE ISLES OF SCILLY",836,21621.15,0,0
2025-11-01,27D,"NHS CHESHIRE",846,24927.65,0,0
2025-11-01,42D,"NHS NORTH YORKSHIRE",848,23847.07,0,0
2025-11-01,78H,"NHS NORTHAMPTONSHIRE",852,20624.24,0,0
2025-11-01,15M,"NHS DERBY AND DERBYSHIRE",857,25391.44,0,0
2025-11-01,14L,"NHS MANCHESTER",869,23623.1,0,0
2025-11-01,14Y,"NHS BUCKINGHAMSHIRE",873,24988.47,0,0
2025-11-01,06T,"NHS NORTH EAST ESSEX",902,21584.09,0,0
2025-11-01,06Q,"NHS MID ESSEX",911,22411.48,0,0
2025-11-01,03N,"NHS SHEFFIELD",946,25319.63,0,0
2025-11-01,13T,"NHS NEWCASTLE GATESHEAD",973,31767.06,0,0
2025-11-01,52R,"NHS NOTTINGHAM AND NOTTINGHAMSHIRE",1115,30194.91,0,0
2025-11-01,06K,"NHS EAST AND NORTH HERTFORDSHIRE",1140,31061.35,0,0
2025-11-01,18C,"NHS HEREFORDSHIRE AND WORCESTERSHIRE",1193,37770.92,0,0
2025-11-01,72Q,"NHS SOUTH EAST LONDON",1263,45159.8,0,0
2025-11-01,15F,"NHS LEEDS",1282,39388.68,0,0
2025-11-01,B2M3M,"NHS COVENTRY AND WARWICKSHIRE",1312,36286.56,0,0
2025-11-01,71E,"NHS LINCOLNSHIRE",1334,33743.64,0,0
2025-11-01,06H,"NHS CAMBRIDGESHIRE AND PETERBOROUGH",1362,33717.13,0,0
2025-11-01,36J,"NHS BRADFORD DISTRICT AND CRAVEN",1394,38491.99,0,0
2025-11-01,16C,"NHS TEES VALLEY",1441,40477.47,0,0
2025-11-01,93C,"NHS NORTH CENTRAL LONDON",1448,50945.85,0,0
2025-11-01,W2U3Z,"NHS NORTH WEST LONDON",1512,50739.12,0,0
2025-11-01,92G,"NHS BATH AND NORTH EAST SOMERSET, SWINDON AND WILTSHIRE",1538,44580.61,0,0
2025-11-01,36L,"NHS SOUTH WEST LONDON",1563,55284.23,0,0
2025-11-01,11J,"NHS DORSET",1604,45560.78,0,0
2025-11-01,97R,"NHS EAST SUSSEX",1604,51717.7,0,0
2025-11-01,M1J4Y,"NHS BEDFORDSHIRE, LUTON AND MILTON KEYNES",1657,47991.14,0,0
2025-11-01,A3A8R,"NHS NORTH EAST LONDON",1805,65058.46,0,0
2025-11-01,15N,"NHS DEVON",1827,56321.3,0,0
2025-11-01,26A,"NHS NORFOLK AND WAVENEY",1866,49550.58,0,0
2025-11-01,D2P2L,"NHS BLACK COUNTRY",1918,56425.51,0,0
2025-11-01,D9Y0V,"NHS HAMPSHIRE, SOUTHAMPTON AND ISLE OF WIGHT",2033,69431.6,0,0
2025-11-01,92A,"NHS SURREY HEARTLANDS",2195,77935.78,0,0
2025-11-01,15E,"NHS BIRMINGHAM AND SOLIHULL",2337,67006.77,0,0
2025-11-01,70F,"NHS WEST SUSSEX",2601,89639.18,0,0
2025-11-01,91Q,"NHS KENT AND MEDWAY",3065,92586.34,0,0
2025-12-01,09W,"NHS MEDWAY",0,0,0,0
2025-12-01,D4U1Y,"NHS FRIMLEY",2,44.58,0,0
2025-12-01,05D,"NHS EAST STAFFORDSHIRE",175,5483.33,0,0
2025-12-01,00N,"NHS SOUTH TYNESIDE",185,5506.55,0,0
2025-12-01,00R,"NHS BLACKPOOL",195,5240.18,0,0
2025-12-01,07G,"NHS THURROCK",199,5594.74,0,0
2025-12-01,01J,"NHS KNOWSLEY",210,5627.14,0,0
2025-12-01,02M,"NHS FYLDE AND WYRE",221,5927.19,0,0
2025-12-01,03H,"NHS NORTH EAST LINCOLNSHIRE",221,5445.32,0,0
2025-12-01,10R,"NHS PORTSMOUTH",243,8151.67,0,0
2025-12-01,02Q,"NHS BASSETLAW",253,6052.85,0,0
2025-12-01,01F,"NHS HALTON",254,7456.95,0,0
2025-12-01,00Q,"NHS BLACKBURN WITH DARWEN",262,6769.07,0,0
2025-12-01,00X,"NHS CHORLEY AND SOUTH RIBBLE",277,8231.12,0,0
2025-12-01,03K,"NHS NORTH LINCOLNSHIRE",281,6973.63,0,0
2025-12-01,04C,"NHS LEICESTER CITY",292,6721.62,0,0
2025-12-01,02T,"NHS CALDERDALE",299,9589.48,0,0
2025-12-01,99C,"NHS NORTH TYNESIDE",305,10736.47,0,0
2025-12-01,01V,"NHS SOUTHPORT AND FORMBY",312,9725.94,0,0
2025-12-01,03Q,"NHS VALE OF YORK",316,9343.73,0,0
2025-12-01,01E,"NHS GREATER PRESTON",319,9515.52,0,0
2025-12-01,05V,"NHS STAFFORD AND SURROUNDS",321,9022.84,0,0
2025-12-01,99F,"NHS CASTLE POINT AND ROCHFORD",327,11231.41,0,0
2025-12-01,03F,"NHS HULL",334,8444.7,0,0
2025-12-01,02G,"NHS WEST LANCASHIRE",335,10208.47,0,0
2025-12-01,04Y,"NHS CANNOCK CHASE",336,10285.77,0,0
2025-12-01,05G,"NHS NORTH STAFFORDSHIRE",360,9761.83,0,0
2025-12-01,00V,"NHS BURY",369,10987.4,0,0
2025-12-01,02X,"NHS DONCASTER",369,10039.4,0,0
2025-12-01,01D,"NHS HEYWOOD, MIDDLETON AND ROCHDALE",376,10411,0,0
2025-12-01,U2G6B,"NHS THAMES VALLEY ICB - U2G6B",386,12769.69,0,0
2025-12-01,03W,"NHS EAST LEICESTERSHIRE AND RUTLAND",387,9835.56,0,0
2025-12-01,11X,"NHS SOMERSET",424,11762.39,0,0
2025-12-01,02P,"NHS BARNSLEY",429,11485.02,0,0
2025-12-01,02E,"NHS WARRINGTON",430,12886.13,0,0
2025-12-01,06L,"NHS IPSWICH AND EAST SUFFOLK",434,10888.62,0,0
2025-12-01,M2L0M,"NHS SHROPSHIRE, TELFORD AND WREKIN",434,14573.64,0,0
2025-12-01,99G,"NHS SOUTHEND",438,14375.87,0,0
2025-12-01,01T,"NHS SOUTH SEFTON",447,12568.14,0,0
2025-12-01,05Q,"NHS SOUTH EAST STAFFORDSHIRE AND SEISDON PENINSULA",447,13993.52,0,0
2025-12-01,00T,"NHS BOLTON",449,13516.5,0,0
2025-12-01,02A,"NHS TRAFFORD",465,14622.8,0,0
2025-12-01,01X,"NHS ST HELENS",473,13163.12,0,0
2025-12-01,99E,"NHS BASILDON AND BRENTWOOD",489,16542.18,0,0
2025-12-01,03R,"NHS WAKEFIELD",504,13327.45,0,0
2025-12-01,00Y,"NHS OLDHAM",517,14051.84,0,0
2025-12-01,01K,"NHS MORECAMBE BAY",520,13738.45,0,0
2025-12-01,15A,"NHS BERKSHIRE WEST",526,16757.34,0,0
2025-12-01,01G,"NHS SALFORD",527,15408.68,0,0
2025-12-01,07K,"NHS WEST SUFFOLK",532,12718.37,0,0
2025-12-01,15C,"NHS BRISTOL, NORTH SOMERSET AND SOUTH GLOUCESTERSHIRE",553,21014.36,0,0
2025-12-01,05W,"NHS STOKE ON TRENT",569,14685.72,0,0
2025-12-01,12F,"NHS WIRRAL",576,16314.69,0,0
2025-12-01,01H,"NHS NORTH CUMBRIA",585,15559.98,0,0
2025-12-01,02Y,"NHS EAST RIDING OF YORKSHIRE",599,15374.74,0,0
2025-12-01,01W,"NHS STOCKPORT",607,18520.06,0,0
2025-12-01,07H,"NHS WEST ESSEX",610,15537.89,0,0
2025-12-01,01A,"NHS EAST LANCASHIRE",615,15125.24,0,0
2025-12-01,09D,"NHS BRIGHTON AND HOVE",615,21386.9,0,0
2025-12-01,06N,"NHS HERTS VALLEYS",622,20364.3,0,0
2025-12-01,04V,"NHS WEST LEICESTERSHIRE",626,15239.46,0,0
2025-12-01,01Y,"NHS TAMESIDE AND GLOSSOP",635,18625.94,0,0
2025-12-01,10Q,"NHS OXFORDSHIRE",644,18957.6,0,0
2025-12-01,11M,"NHS GLOUCESTERSHIRE",669,18624.35,0,0
2025-12-01,99A,"NHS LIVERPOOL",677,20015.58,0,0
2025-12-01,00P,"NHS SUNDERLAND",686,21502.76,0,0
2025-12-01,00L,"NHS NORTHUMBERLAND",694,20028.83,0,0
2025-12-01,X2C4Y,"NHS KIRKLEES",701,23320.91,0,0
2025-12-01,03L,"NHS ROTHERHAM",772,19593.12,0,0
2025-12-01,42D,"NHS NORTH YORKSHIRE",885,24997.61,0,0
2025-12-01,84H,"NHS COUNTY DURHAM",893,24868.52,0,0
2025-12-01,78H,"NHS NORTHAMPTONSHIRE",911,22252.37,0,0
2025-12-01,27D,"NHS CHESHIRE",913,27724.2,0,0
2025-12-01,14L,"NHS MANCHESTER",919,24637.86,0,0
2025-12-01,11N,"NHS CORNWALL AND THE ISLES OF SCILLY",941,24836.19,0,0
2025-12-01,15M,"NHS DERBY AND DERBYSHIRE",964,28640.22,0,0
2025-12-01,02H,"NHS WIGAN BOROUGH",970,30035.52,0,0
2025-12-01,13T,"NHS NEWCASTLE GATESHEAD",970,31733.21,0,0
2025-12-01,14Y,"NHS BUCKINGHAMSHIRE",981,27837.73,0,0
2025-12-01,06T,"NHS NORTH EAST ESSEX",994,23783.99,0,0
2025-12-01,03N,"NHS SHEFFIELD",996,26863.05,0,0
2025-12-01,06Q,"NHS MID ESSEX",1032,25268.12,0,0
2025-12-01,06K,"NHS EAST AND NORTH HERTFORDSHIRE",1217,33419.34,0,0
2025-12-01,52R,"NHS NOTTINGHAM AND NOTTINGHAMSHIRE",1271,34045.35,0,0
2025-12-01,18C,"NHS HEREFORDSHIRE AND WORCESTERSHIRE",1282,40261.47,0,0
2025-12-01,72Q,"NHS SOUTH EAST LONDON",1323,46771.53,0,0
2025-12-01,15F,"NHS LEEDS",1328,41378,0,0
2025-12-01,71E,"NHS LINCOLNSHIRE",1409,35391.03,0,0
2025-12-01,36J,"NHS BRADFORD DISTRICT AND CRAVEN",1474,41091.28,0,0
2025-12-01,B2M3M,"NHS COVENTRY AND WARWICKSHIRE",1486,40266.57,0,0
2025-12-01,06H,"NHS CAMBRIDGESHIRE AND PETERBOROUGH",1520,38139.48,0,0
2025-12-01,93C,"NHS NORTH CENTRAL LONDON",1542,55477.05,0,0
2025-12-01,16C,"NHS TEES VALLEY",1576,44563.04,0,0
2025-12-01,W2U3Z,"NHS NORTH WEST LONDON",1587,51751.59,0,0
2025-12-01,92G,"NHS BATH AND NORTH EAST SOMERSET, SWINDON AND WILTSHIRE",1657,47054.84,0,0
2025-12-01,11J,"NHS DORSET",1689,47855.12,0,0
2025-12-01,36L,"NHS SOUTH WEST LONDON",1698,59820.69,0,0
2025-12-01,M1J4Y,"NHS BEDFORDSHIRE, LUTON AND MILTON KEYNES",1727,49734.92,0,0
2025-12-01,97R,"NHS EAST SUSSEX",1769,56009.15,0,0
2025-12-01,A3A8R,"NHS NORTH EAST LONDON",1858,67505.71,0,0
2025-12-01,15N,"NHS DEVON",1968,59060.6,0,0
2025-12-01,26A,"NHS NORFOLK AND WAVENEY",2089,55647.28,0,0
2025-12-01,D2P2L,"NHS BLACK COUNTRY",2106,62882.97,0,0
2025-12-01,D9Y0V,"NHS HAMPSHIRE, SOUTHAMPTON AND ISLE OF WIGHT",2272,76571.82,0,0
2025-12-01,92A,"NHS SURREY HEARTLANDS",2332,82384.25,0,0
2025-12-01,15E,"NHS BIRMINGHAM AND SOLIHULL",2528,74515.42,0,0
2025-12-01,70F,"NHS WEST SUSSEX",2804,96659.7,0,0
2025-12-01,91Q,"NHS KENT AND MEDWAY",3575,107052.06,0,0
2026-01-01,09W,"NHS MEDWAY",0,0,0,0
2026-01-01,D4U1Y,"NHS FRIMLEY",3,82.43,0,0
2026-01-01,05D,"NHS EAST STAFFORDSHIRE",151,4314.37,0,0
2026-01-01,00R,"NHS BLACKPOOL",174,4663.91,0,0
2026-01-01,07G,"NHS THURROCK",180,5078,0,0
2026-01-01,00N,"NHS SOUTH TYNESIDE",189,5636.26,0,0
2026-01-01,02M,"NHS FYLDE AND WYRE",196,5174.5,0,0
2026-01-01,01J,"NHS KNOWSLEY",200,5249.44,0,0
2026-01-01,03H,"NHS NORTH EAST LINCOLNSHIRE",217,5303.37,0,0
2026-01-01,02Q,"NHS BASSETLAW",237,5788.64,0,0
2026-01-01,00X,"NHS CHORLEY AND SOUTH RIBBLE",239,7066.57,0,0
2026-01-01,01F,"NHS HALTON",246,7087.02,0,0
2026-01-01,10R,"NHS PORTSMOUTH",246,8551.08,0,0
2026-01-01,99C,"NHS NORTH TYNESIDE",246,8982.82,0,0
2026-01-01,03Q,"NHS VALE OF YORK",251,7366.51,0,0
2026-01-01,05V,"NHS STAFFORD AND SURROUNDS",255,7191.88,0,0
2026-01-01,00Q,"NHS BLACKBURN WITH DARWEN",271,6764.1,0,0
2026-01-01,03K,"NHS NORTH LINCOLNSHIRE",277,6874.26,0,0
2026-01-01,02T,"NHS CALDERDALE",286,9324.8,0,0
2026-01-01,04C,"NHS LEICESTER CITY",288,6559.28,0,0
2026-01-01,01V,"NHS SOUTHPORT AND FORMBY",294,8710.34,0,0
2026-01-01,99F,"NHS CASTLE POINT AND ROCHFORD",294,9839.2,0,0
2026-01-01,01E,"NHS GREATER PRESTON",299,8615.3,0,0
2026-01-01,02G,"NHS WEST LANCASHIRE",303,9058.58,0,0
2026-01-01,U2G6B,"NHS THAMES VALLEY ICB - U2G6B",310,10162.22,0,0
2026-01-01,03F,"NHS HULL",321,7719.01,0,0
2026-01-01,04Y,"NHS CANNOCK CHASE",348,10937.1,0,0
2026-01-01,01D,"NHS HEYWOOD, MIDDLETON AND ROCHDALE",358,10271.41,0,0
2026-01-01,00V,"NHS BURY",359,10305.99,0,0
2026-01-01,03W,"NHS EAST LEICESTERSHIRE AND RUTLAND",360,9440.25,0,0
2026-01-01,02X,"NHS DONCASTER",361,9687.55,0,0
2026-01-01,02P,"NHS BARNSLEY",383,10465.82,0,0
2026-01-01,06L,"NHS IPSWICH AND EAST SUFFOLK",388,9858.76,0,0
2026-01-01,05G,"NHS NORTH STAFFORDSHIRE",390,10504.05,0,0
2026-01-01,11X,"NHS SOMERSET",393,10779.27,0,0
2026-01-01,99G,"NHS SOUTHEND",407,12723.11,0,0
2026-01-01,02E,"NHS WARRINGTON",411,12544.98,0,0
2026-01-01,02A,"NHS TRAFFORD",412,13296.18,0,0
2026-01-01,01T,"NHS SOUTH SEFTON",418,11382.85,0,0
2026-01-01,01X,"NHS ST HELENS",426,11758.75,0,0
2026-01-01,M2L0M,"NHS SHROPSHIRE, TELFORD AND WREKIN",432,14425.51,0,0
2026-01-01,05Q,"NHS SOUTH EAST STAFFORDSHIRE AND SEISDON PENINSULA",437,13458.57,0,0
2026-01-01,00T,"NHS BOLTON",445,13555.26,0,0
2026-01-01,99E,"NHS BASILDON AND BRENTWOOD",461,15931.76,0,0
2026-01-01,01K,"NHS MORECAMBE BAY",473,12323.76,0,0
2026-01-01,03R,"NHS WAKEFIELD",475,12837.04,0,0
2026-01-01,00Y,"NHS OLDHAM",494,13468.91,0,0
2026-01-01,07K,"NHS WEST SUFFOLK",499,12079.19,0,0
2026-01-01,15A,"NHS BERKSHIRE WEST",513,16590.78,0,0
2026-01-01,01G,"NHS SALFORD",517,15055.13,0,0
2026-01-01,12F,"NHS WIRRAL",520,14856.28,0,0
2026-01-01,15C,"NHS BRISTOL, NORTH SOMERSET AND SOUTH GLOUCESTERSHIRE",538,19793.66,0,0
2026-01-01,01H,"NHS NORTH CUMBRIA",542,14312.44,0,0
2026-01-01,02Y,"NHS EAST RIDING OF YORKSHIRE",551,14161.67,0,0
2026-01-01,04V,"NHS WEST LEICESTERSHIRE",558,13623.27,0,0
2026-01-01,07H,"NHS WEST ESSEX",580,15200.25,0,0
2026-01-01,09D,"NHS BRIGHTON AND HOVE",580,20301.11,0,0
2026-01-01,05W,"NHS STOKE ON TRENT",585,15391.62,0,0
2026-01-01,01W,"NHS STOCKPORT",593,17690.21,0,0
2026-01-01,06N,"NHS HERTS VALLEYS",594,20364.78,0,0
2026-01-01,10Q,"NHS OXFORDSHIRE",598,17345.11,0,0
2026-01-01,01A,"NHS EAST LANCASHIRE",599,14622.2,0,0
2026-01-01,01Y,"NHS TAMESIDE AND GLOSSOP",611,17623.23,0,0
2026-01-01,11M,"NHS GLOUCESTERSHIRE",613,17525.52,0,0
2026-01-01,00P,"NHS SUNDERLAND",626,19356.5,0,0
2026-01-01,99A,"NHS LIVERPOOL",632,18043.71,0,0
2026-01-01,00L,"NHS NORTHUMBERLAND",655,18915.62,0,0
2026-01-01,X2C4Y,"NHS KIRKLEES",658,22945.01,0,0
2026-01-01,03L,"NHS ROTHERHAM",725,18129.74,0,0
2026-01-01,84H,"NHS COUNTY DURHAM",819,22598.08,0,0
2026-01-01,78H,"NHS NORTHAMPTONSHIRE",824,20106.31,0,0
2026-01-01,11N,"NHS CORNWALL AND THE ISLES OF SCILLY",847,21981.99,0,0
2026-01-01,42D,"NHS NORTH YORKSHIRE",849,23651.78,0,0
2026-01-01,15M,"NHS DERBY AND DERBYSHIRE",860,25761.9,0,0
2026-01-01,02H,"NHS WIGAN BOROUGH",863,26309.69,0,0
2026-01-01,14L,"NHS MANCHESTER",894,24502.45,0,0
2026-01-01,27D,"NHS CHESHIRE",907,26697.29,0,0
2026-01-01,14Y,"NHS BUCKINGHAMSHIRE",911,26177.75,0,0
2026-01-01,06Q,"NHS MID ESSEX",935,23039.44,0,0
2026-01-01,06T,"NHS NORTH EAST ESSEX",935,22788.31,0,0
2026-01-01,13T,"NHS NEWCASTLE GATESHEAD",936,30315.07,0,0
2026-01-01,03N,"NHS SHEFFIELD",968,26240.29,0,0
2026-01-01,52R,"NHS NOTTINGHAM AND NOTTINGHAMSHIRE",1151,31458.18,0,0
2026-01-01,06K,"NHS EAST AND NORTH HERTFORDSHIRE",1161,31736.86,0,0
2026-01-01,18C,"NHS HEREFORDSHIRE AND WORCESTERSHIRE",1183,37388.8,0,0
2026-01-01,15F,"NHS LEEDS",1265,38745.01,0,0
2026-01-01,72Q,"NHS SOUTH EAST LONDON",1286,45110.2,0,0
2026-01-01,71E,"NHS LINCOLNSHIRE",1333,33389.75,0,0
2026-01-01,B2M3M,"NHS COVENTRY AND WARWICKSHIRE",1346,37101.69,0,0
2026-01-01,36J,"NHS BRADFORD DISTRICT AND CRAVEN",1381,37902.66,0,0
2026-01-01,93C,"NHS NORTH CENTRAL LONDON",1500,52559.79,0,0
2026-01-01,W2U3Z,"NHS NORTH WEST LONDON",1517,49841.02,0,0
2026-01-01,06H,"NHS CAMBRIDGESHIRE AND PETERBOROUGH",1522,38245.4,0,0
2026-01-01,16C,"NHS TEES VALLEY",1535,43151.66,0,0
2026-01-01,97R,"NHS EAST SUSSEX",1560,49461.16,0,0
2026-01-01,92G,"NHS BATH AND NORTH EAST SOMERSET, SWINDON AND WILTSHIRE",1586,46157.71,0,0
2026-01-01,36L,"NHS SOUTH WEST LONDON",1601,56658.45,0,0
2026-01-01,11J,"NHS DORSET",1629,45994.81,0,0
2026-01-01,M1J4Y,"NHS BEDFORDSHIRE, LUTON AND MILTON KEYNES",1697,49246.3,0,0
2026-01-01,A3A8R,"NHS NORTH EAST LONDON",1869,68023.72,0,0
2026-01-01,15N,"NHS DEVON",1926,58698.8,0,0
2026-01-01,26A,"NHS NORFOLK AND WAVENEY",1945,51900.69,0,0
2026-01-01,D2P2L,"NHS BLACK COUNTRY",2028,59625.59,0,0
2026-01-01,D9Y0V,"NHS HAMPSHIRE, SOUTHAMPTON AND ISLE OF WIGHT",2155,72494.37,0,0
2026-01-01,92A,"NHS SURREY HEARTLANDS",2262,80047.37,0,0
2026-01-01,15E,"NHS BIRMINGHAM AND SOLIHULL",2453,71281.69,0,0
2026-01-01,70F,"NHS WEST SUSSEX",2683,91485.76,0,0
2026-01-01,91Q,"NHS KENT AND MEDWAY",3201,96795.75,0,0
2026-02-01,09W,"NHS MEDWAY",0,0,0,0
2026-02-01,D4U1Y,"NHS FRIMLEY",3,82.43,0,0
2026-02-01,05D,"NHS EAST STAFFORDSHIRE",132,3868.78,0,0
2026-02-01,00R,"NHS BLACKPOOL",164,4312.09,0,0
2026-02-01,00N,"NHS SOUTH TYNESIDE",167,4892.27,0,0
2026-02-01,03H,"NHS NORTH EAST LINCOLNSHIRE",168,4159.88,0,0
2026-02-01,01J,"NHS KNOWSLEY",172,4597.04,0,0
2026-02-01,07G,"NHS THURROCK",175,4948.08,0,0
2026-02-01,02M,"NHS FYLDE AND WYRE",186,5005.44,0,0
2026-02-01,01F,"NHS HALTON",209,5899.8,0,0
2026-02-01,00X,"NHS CHORLEY AND SOUTH RIBBLE",220,6488.56,0,0
2026-02-01,99C,"NHS NORTH TYNESIDE",221,7765.15,0,0
2026-02-01,02Q,"NHS BASSETLAW",222,5297.77,0,0
2026-02-01,10R,"NHS PORTSMOUTH",222,7076.07,0,0
2026-02-01,00Q,"NHS BLACKBURN WITH DARWEN",230,6021.27,0,0
2026-02-01,03K,"NHS NORTH LINCOLNSHIRE",237,5893.31,0,0
2026-02-01,05V,"NHS STAFFORD AND SURROUNDS",251,7128.86,0,0
2026-02-01,02T,"NHS CALDERDALE",252,8105.48,0,0
2026-02-01,03Q,"NHS VALE OF YORK",253,7431.88,0,0
2026-02-01,01V,"NHS SOUTHPORT AND FORMBY",261,7894.45,0,0
2026-02-01,04Y,"NHS CANNOCK CHASE",262,8035.13,0,0
2026-02-01,99F,"NHS CASTLE POINT AND ROCHFORD",268,8755.33,0,0
2026-02-01,04C,"NHS LEICESTER CITY",271,6082.53,0,0
2026-02-01,01E,"NHS GREATER PRESTON",273,7948.53,0,0
2026-02-01,03F,"NHS HULL",285,7006.5,0,0
2026-02-01,02G,"NHS WEST LANCASHIRE",286,8619.59,0,0
2026-02-01,U2G6B,"NHS THAMES VALLEY ICB - U2G6B",287,10070.99,0,0
2026-02-01,00V,"NHS BURY",299,8660.4,0,0
2026-02-01,05G,"NHS NORTH STAFFORDSHIRE",309,8173.18,0,0
2026-02-01,02X,"NHS DONCASTER",313,8368.09,0,0
2026-02-01,02P,"NHS BARNSLEY",337,8970.05,0,0
2026-02-01,06L,"NHS IPSWICH AND EAST SUFFOLK",338,8497.19,0,0
2026-02-01,11X,"NHS SOMERSET",342,9454.49,0,0
2026-02-01,03W,"NHS EAST LEICESTERSHIRE AND RUTLAND",345,8846.47,0,0
2026-02-01,01D,"NHS HEYWOOD, MIDDLETON AND ROCHDALE",352,10154.72,0,0
2026-02-01,99G,"NHS SOUTHEND",353,11474.06,0,0
2026-02-01,M2L0M,"NHS SHROPSHIRE, TELFORD AND WREKIN",360,11998.23,0,0
2026-02-01,02E,"NHS WARRINGTON",366,10959.69,0,0
2026-02-01,02A,"NHS TRAFFORD",373,12156.75,0,0
2026-02-01,05Q,"NHS SOUTH EAST STAFFORDSHIRE AND SEISDON PENINSULA",380,11894.2,0,0
2026-02-01,01X,"NHS ST HELENS",393,10987,0,0
2026-02-01,01T,"NHS SOUTH SEFTON",399,11239.41,0,0
2026-02-01,00T,"NHS BOLTON",402,12164.51,0,0
2026-02-01,99E,"NHS BASILDON AND BRENTWOOD",405,14255.51,0,0
2026-02-01,01G,"NHS SALFORD",427,12124.04,0,0
2026-02-01,15C,"NHS BRISTOL, NORTH SOMERSET AND SOUTH GLOUCESTERSHIRE",435,16497.43,0,0
2026-02-01,00Y,"NHS OLDHAM",442,12260.63,0,0
2026-02-01,01K,"NHS MORECAMBE BAY",448,11491.97,0,0
2026-02-01,12F,"NHS WIRRAL",455,12988.17,0,0
2026-02-01,15A,"NHS BERKSHIRE WEST",455,15004.57,0,0
2026-02-01,07K,"NHS WEST SUFFOLK",464,11221.39,0,0
2026-02-01,05W,"NHS STOKE ON TRENT",472,11968.34,0,0
2026-02-01,03R,"NHS WAKEFIELD",476,12905.03,0,0
2026-02-01,09D,"NHS BRIGHTON AND HOVE",476,17550.98,0,0
2026-02-01,02Y,"NHS EAST RIDING OF YORKSHIRE",481,12676.34,0,0
2026-02-01,04V,"NHS WEST LEICESTERSHIRE",485,11951.26,0,0
2026-02-01,01H,"NHS NORTH CUMBRIA",496,12940.66,0,0
2026-02-01,01W,"NHS STOCKPORT",507,15287.56,0,0
2026-02-01,01A,"NHS EAST LANCASHIRE",522,12607.73,0,0
2026-02-01,01Y,"NHS TAMESIDE AND GLOSSOP",522,14849.5,0,0
2026-02-01,00P,"NHS SUNDERLAND",530,16333.82,0,0
2026-02-01,10Q,"NHS OXFORDSHIRE",532,15878.01,0,0
2026-02-01,07H,"NHS WEST ESSEX",533,13671.15,0,0
2026-02-01,06N,"NHS HERTS VALLEYS",534,17409.08,0,0
2026-02-01,00L,"NHS NORTHUMBERLAND",555,15718.15,0,0
2026-02-01,99A,"NHS LIVERPOOL",561,16664.33,0,0
2026-02-01,11M,"NHS GLOUCESTERSHIRE",566,15985.82,0,0
2026-02-01,X2C4Y,"NHS KIRKLEES",594,20150.4,0,0
2026-02-01,03L,"NHS ROTHERHAM",635,15984.7,0,0
2026-02-01,84H,"NHS COUNTY DURHAM",718,20172.88,0,0
2026-02-01,42D,"NHS NORTH YORKSHIRE",757,21111.3,0,0
2026-02-01,11N,"NHS CORNWALL AND THE ISLES OF SCILLY",768,20276.38,0,0
2026-02-01,14L,"NHS MANCHESTER",768,20994.19,0,0
2026-02-01,15M,"NHS DERBY AND DERBYSHIRE",768,23377.73,0,0
2026-02-01,78H,"NHS NORTHAMPTONSHIRE",776,18696.67,0,0
2026-02-01,14Y,"NHS BUCKINGHAMSHIRE",787,22839.04,0,0
2026-02-01,27D,"NHS CHESHIRE",787,23312.11,0,0
2026-02-01,06T,"NHS NORTH EAST ESSEX",793,18900.04,0,0
2026-02-01,02H,"NHS WIGAN BOROUGH",812,25178.37,0,0
2026-02-01,13T,"NHS NEWCASTLE GATESHEAD",815,26673.51,0,0
2026-02-01,03N,"NHS SHEFFIELD",864,22976.76,0,0
2026-02-01,06Q,"NHS MID ESSEX",928,22975.16,0,0
2026-02-01,06K,"NHS EAST AND NORTH HERTFORDSHIRE",1027,28013.08,0,0
2026-02-01,52R,"NHS NOTTINGHAM AND NOTTINGHAMSHIRE",1039,28021.82,0,0
2026-02-01,18C,"NHS HEREFORDSHIRE AND WORCESTERSHIRE",1068,33547.81,0,0
2026-02-01,15F,"NHS LEEDS",1184,37751.82,0,0
2026-02-01,B2M3M,"NHS COVENTRY AND WARWICKSHIRE",1196,32589.68,0,0
2026-02-01,72Q,"NHS SOUTH EAST LONDON",1199,41309.35,0,0
2026-02-01,71E,"NHS LINCOLNSHIRE",1238,30593.75,0,0
2026-02-01,06H,"NHS CAMBRIDGESHIRE AND PETERBOROUGH",1240,30852.04,0,0
2026-02-01,36J,"NHS BRADFORD DISTRICT AND CRAVEN",1256,35214.82,0,0
2026-02-01,16C,"NHS TEES VALLEY",1313,36122.83,0,0
2026-02-01,93C,"NHS NORTH CENTRAL LONDON",1334,46473.05,0,0
2026-02-01,W2U3Z,"NHS NORTH WEST LONDON",1359,43808.18,0,0
2026-02-01,97R,"NHS EAST SUSSEX",1361,43181.37,0,0
2026-02-01,11J,"NHS DORSET",1384,39575.89,0,0
2026-02-01,92G,"NHS BATH AND NORTH EAST SOMERSET, SWINDON AND WILTSHIRE",1416,40296.96,0,0
2026-02-01,36L,"NHS SOUTH WEST LONDON",1422,49713.05,0,0
2026-02-01,M1J4Y,"NHS BEDFORDSHIRE, LUTON AND MILTON KEYNES",1462,41437.9,0,0
2026-02-01,A3A8R,"NHS NORTH EAST LONDON",1631,58116.97,0,0
2026-02-01,15N,"NHS DEVON",1646,49786.21,0,0
2026-02-01,26A,"NHS NORFOLK AND WAVENEY",1784,47053.49,0,0
2026-02-01,D2P2L,"NHS BLACK COUNTRY",1813,53321.69,0,0
2026-02-01,D9Y0V,"NHS HAMPSHIRE, SOUTHAMPTON AND ISLE OF WIGHT",1884,64650.17,0,0
2026-02-01,92A,"NHS SURREY HEARTLANDS",1963,68664.05,0,0
2026-02-01,15E,"NHS BIRMINGHAM AND SOLIHULL",2165,63225.36,0,0
2026-02-01,70F,"NHS WEST SUSSEX",2362,80450.86,0,0
2026-02-01,91Q,"NHS KENT AND MEDWAY",2984,90535.5,0,0
2026-03-01,09W,"NHS MEDWAY",0,0,0,0
2026-03-01,D4U1Y,"NHS FRIMLEY",3,81.28,0,0
2026-03-01,05D,"NHS EAST STAFFORDSHIRE",166,4757.83,0,0
2026-03-01,07G,"NHS THURROCK",173,4960.27,0,0
2026-03-01,01J,"NHS KNOWSLEY",176,4446.18,0,0
2026-03-01,00N,"NHS SOUTH TYNESIDE",177,5591,0,0
2026-03-01,00R,"NHS BLACKPOOL",185,5128.51,0,0
2026-03-01,02M,"NHS FYLDE AND WYRE",195,5194.42,0,0
2026-03-01,03H,"NHS NORTH EAST LINCOLNSHIRE",208,4982.62,0,0
2026-03-01,10R,"NHS PORTSMOUTH",218,7644.09,0,0
2026-03-01,01F,"NHS HALTON",226,6798.5,0,0
2026-03-01,02Q,"NHS BASSETLAW",234,5698.39,0,0
2026-03-01,00Q,"NHS BLACKBURN WITH DARWEN",239,6191.9,0,0
2026-03-01,03K,"NHS NORTH LINCOLNSHIRE",242,6016.2,0,0
2026-03-01,99C,"NHS NORTH TYNESIDE",257,8868.52,0,0
2026-03-01,00X,"NHS CHORLEY AND SOUTH RIBBLE",263,7614.55,0,0
2026-03-01,99F,"NHS CASTLE POINT AND ROCHFORD",267,9355.86,0,0
2026-03-01,01V,"NHS SOUTHPORT AND FORMBY",269,8260.63,0,0
2026-03-01,02T,"NHS CALDERDALE",271,8656.25,0,0
2026-03-01,05V,"NHS STAFFORD AND SURROUNDS",275,7567.02,0,0
2026-03-01,03Q,"NHS VALE OF YORK",277,8136.49,0,0
2026-03-01,01E,"NHS GREATER PRESTON",292,8680.9,0,0
2026-03-01,04C,"NHS LEICESTER CITY",292,6498.09,0,0
2026-03-01,02G,"NHS WEST LANCASHIRE",294,8793.13,0,0
2026-03-01,03F,"NHS HULL",303,7483.1,0,0
2026-03-01,U2G6B,"NHS THAMES VALLEY ICB - U2G6B",311,10072.77,0,0
2026-03-01,99G,"NHS SOUTHEND",314,9946.61,0,0
2026-03-01,04Y,"NHS CANNOCK CHASE",326,9903.1,0,0
2026-03-01,02X,"NHS DONCASTER",333,8946.21,0,0
2026-03-01,01D,"NHS HEYWOOD, MIDDLETON AND ROCHDALE",346,10229.18,0,0
2026-03-01,06L,"NHS IPSWICH AND EAST SUFFOLK",365,9354.7,0,0
2026-03-01,03W,"NHS EAST LEICESTERSHIRE AND RUTLAND",366,9088.57,0,0
2026-03-01,00V,"NHS BURY",367,10746.57,0,0
2026-03-01,05G,"NHS NORTH STAFFORDSHIRE",379,10307.05,0,0
2026-03-01,02P,"NHS BARNSLEY",389,10631.65,0,0
2026-03-01,02A,"NHS TRAFFORD",391,12592.39,0,0
2026-03-01,11X,"NHS SOMERSET",393,10435.28,0,0
2026-03-01,02E,"NHS WARRINGTON",394,12082.81,0,0
2026-03-01,M2L0M,"NHS SHROPSHIRE, TELFORD AND WREKIN",401,13449.66,0,0
2026-03-01,00T,"NHS BOLTON",422,12981.53,0,0
2026-03-01,01T,"NHS SOUTH SEFTON",422,11576.31,0,0
2026-03-01,01X,"NHS ST HELENS",422,12177.49,0,0
2026-03-01,99E,"NHS BASILDON AND BRENTWOOD",426,14534.68,0,0
2026-03-01,05Q,"NHS SOUTH EAST STAFFORDSHIRE AND SEISDON PENINSULA",433,13427.64,0,0
2026-03-01,01K,"NHS MORECAMBE BAY",442,11635.26,0,0
2026-03-01,00Y,"NHS OLDHAM",446,11858.1,0,0
2026-03-01,03R,"NHS WAKEFIELD",463,12231.25,0,0
2026-03-01,15C,"NHS BRISTOL, NORTH SOMERSET AND SOUTH GLOUCESTERSHIRE",476,17796.91,0,0
2026-03-01,01H,"NHS NORTH CUMBRIA",485,13145.07,0,0
2026-03-01,15A,"NHS BERKSHIRE WEST",490,15748.7,0,0
2026-03-01,07K,"NHS WEST SUFFOLK",492,11821.95,0,0
2026-03-01,01G,"NHS SALFORD",504,14543.85,0,0
2026-03-01,12F,"NHS WIRRAL",514,14824.71,0,0
2026-03-01,02Y,"NHS EAST RIDING OF YORKSHIRE",517,13299.21,0,0
2026-03-01,09D,"NHS BRIGHTON AND HOVE",530,18481.74,0,0
2026-03-01,05W,"NHS STOKE ON TRENT",532,13853.03,0,0
2026-03-01,01Y,"NHS TAMESIDE AND GLOSSOP",538,15303,0,0
2026-03-01,01W,"NHS STOCKPORT",556,16470.48,0,0
2026-03-01,04V,"NHS WEST LEICESTERSHIRE",571,14052.93,0,0
2026-03-01,00P,"NHS SUNDERLAND",574,17570.69,0,0
2026-03-01,01A,"NHS EAST LANCASHIRE",575,13851.88,0,0
2026-03-01,10Q,"NHS OXFORDSHIRE",577,17064,0,0
2026-03-01,07H,"NHS WEST ESSEX",578,14595.37,0,0
2026-03-01,06N,"NHS HERTS VALLEYS",586,20014.76,0,0
2026-03-01,X2C4Y,"NHS KIRKLEES",587,19517.23,0,0
2026-03-01,11M,"NHS GLOUCESTERSHIRE",589,16270.95,0,0
2026-03-01,99A,"NHS LIVERPOOL",608,17256.96,0,0
2026-03-01,00L,"NHS NORTHUMBERLAND",612,17784.99,0,0
2026-03-01,03L,"NHS ROTHERHAM",692,17038.37,0,0
2026-03-01,84H,"NHS COUNTY DURHAM",788,21765.06,0,0
2026-03-01,78H,"NHS NORTHAMPTONSHIRE",817,20297.51,0,0
2026-03-01,42D,"NHS NORTH YORKSHIRE",828,23670.49,0,0
2026-03-01,11N,"NHS CORNWALL AND THE ISLES OF SCILLY",835,21872.02,0,0
2026-03-01,27D,"NHS CHESHIRE",835,24410.89,0,0
2026-03-01,14L,"NHS MANCHESTER",841,22599.39,0,0
2026-03-01,15M,"NHS DERBY AND DERBYSHIRE",849,25381.61,0,0
2026-03-01,02H,"NHS WIGAN BOROUGH",869,26491.62,0,0
2026-03-01,13T,"NHS NEWCASTLE GATESHEAD",881,29316.9,0,0
2026-03-01,14Y,"NHS BUCKINGHAMSHIRE",885,25692.83,0,0
2026-03-01,03N,"NHS SHEFFIELD",892,23842.92,0,0
2026-03-01,06T,"NHS NORTH EAST ESSEX",895,21760.04,0,0
2026-03-01,06Q,"NHS MID ESSEX",922,23093.83,0,0
2026-03-01,52R,"NHS NOTTINGHAM AND NOTTINGHAMSHIRE",1107,30272.75,0,0
2026-03-01,06K,"NHS EAST AND NORTH HERTFORDSHIRE",1126,30160.28,0,0
2026-03-01,18C,"NHS HEREFORDSHIRE AND WORCESTERSHIRE",1130,35720.45,0,0
2026-03-01,15F,"NHS LEEDS",1213,37576.43,0,0
2026-03-01,71E,"NHS LINCOLNSHIRE",1265,31872.09,0,0
2026-03-01,B2M3M,"NHS COVENTRY AND WARWICKSHIRE",1317,35618.56,0,0
2026-03-01,72Q,"NHS SOUTH EAST LONDON",1325,47139.21,0,0
2026-03-01,06H,"NHS CAMBRIDGESHIRE AND PETERBOROUGH",1363,34018.77,0,0
2026-03-01,93C,"NHS NORTH CENTRAL LONDON",1396,48996.11,0,0
2026-03-01,16C,"NHS TEES VALLEY",1399,39098.1,0,0
2026-03-01,36J,"NHS BRADFORD DISTRICT AND CRAVEN",1406,38900.08,0,0
2026-03-01,92G,"NHS BATH AND NORTH EAST SOMERSET, SWINDON AND WILTSHIRE",1468,42806.86,0,0
2026-03-01,97R,"NHS EAST SUSSEX",1481,46922.14,0,0
2026-03-01,11J,"NHS DORSET",1500,42927.32,0,0
2026-03-01,W2U3Z,"NHS NORTH WEST LONDON",1500,49284.88,0,0
2026-03-01,36L,"NHS SOUTH WEST LONDON",1506,53226.98,0,0
2026-03-01,M1J4Y,"NHS BEDFORDSHIRE, LUTON AND MILTON KEYNES",1588,45713.84,0,0
2026-03-01,15N,"NHS DEVON",1770,53514.66,0,0
2026-03-01,A3A8R,"NHS NORTH EAST LONDON",1774,64249.45,0,0
2026-03-01,26A,"NHS NORFOLK AND WAVENEY",1943,51921.82,0,0
2026-03-01,D2P2L,"NHS BLACK COUNTRY",1944,57533.53,0,0
2026-03-01,D9Y0V,"NHS HAMPSHIRE, SOUTHAMPTON AND ISLE OF WIGHT",1998,68420.27,0,0
2026-03-01,92A,"NHS SURREY HEARTLANDS",2033,72004.05,0,0
2026-03-01,15E,"NHS BIRMINGHAM AND SOLIHULL",2286,65398.99,0,0
2026-03-01,70F,"NHS WEST SUSSEX",2416,82932.81,0,0
2026-03-01,91Q,"NHS KENT AND MEDWAY",3126,93552.84,0,0
2026-04-01,09W,"NHS MEDWAY",0,0,0,0
2026-04-01,D4U1Y,"NHS FRIMLEY",2,53.41,0,0
2026-04-01,05D,"NHS EAST STAFFORDSHIRE",138,4033.66,0,0
2026-04-01,00N,"NHS SOUTH TYNESIDE",141,4561.04,0,0
2026-04-01,00R,"NHS BLACKPOOL",169,4366.24,0,0
2026-04-01,07G,"NHS THURROCK",172,4911.46,0,0
2026-04-01,01J,"NHS KNOWSLEY",176,4789,0,0
2026-04-01,02M,"NHS FYLDE AND WYRE",192,4990.55,0,0
2026-04-01,03H,"NHS NORTH EAST LINCOLNSHIRE",206,4871.44,0,0
2026-04-01,01F,"NHS HALTON",208,5798.03,0,0
2026-04-01,10R,"NHS PORTSMOUTH",224,7565.37,0,0
2026-04-01,00Q,"NHS BLACKBURN WITH DARWEN",228,6015.08,0,0
2026-04-01,03Q,"NHS VALE OF YORK",241,7137.52,0,0
2026-04-01,03K,"NHS NORTH LINCOLNSHIRE",242,6143.5,0,0
2026-04-01,05V,"NHS STAFFORD AND SURROUNDS",248,6693.96,0,0
2026-04-01,99F,"NHS CASTLE POINT AND ROCHFORD",249,8341.61,0,0
2026-04-01,02Q,"NHS BASSETLAW",254,6142.91,0,0
2026-04-01,02T,"NHS CALDERDALE",255,8071.56,0,0
2026-04-01,99C,"NHS NORTH TYNESIDE",255,9071.01,0,0
2026-04-01,00X,"NHS CHORLEY AND SOUTH RIBBLE",257,7397.15,0,0
2026-04-01,01E,"NHS GREATER PRESTON",257,7563.61,0,0
2026-04-01,04C,"NHS LEICESTER CITY",258,5816.67,0,0
2026-04-01,01V,"NHS SOUTHPORT AND FORMBY",274,8198.73,0,0
2026-04-01,03F,"NHS HULL",275,6892.42,0,0
2026-04-01,02G,"NHS WEST LANCASHIRE",286,8707.17,0,0
2026-04-01,04Y,"NHS CANNOCK CHASE",289,8820.15,0,0
2026-04-01,01D,"NHS HEYWOOD, MIDDLETON AND ROCHDALE",331,9182.56,0,0
2026-04-01,U2G6B,"NHS THAMES VALLEY ICB - U2G6B",331,11364.03,0,0
2026-04-01,03W,"NHS EAST LEICESTERSHIRE AND RUTLAND",333,8645.85,0,0
2026-04-01,02P,"NHS BARNSLEY",342,9087.34,0,0
2026-04-01,06L,"NHS IPSWICH AND EAST SUFFOLK",342,8517.45,0,0
2026-04-01,99G,"NHS SOUTHEND",347,11277.25,0,0
2026-04-01,00V,"NHS BURY",348,9943.84,0,0
2026-04-01,02X,"NHS DONCASTER",359,9487.03,0,0
2026-04-01,11X,"NHS SOMERSET",361,10106.4,0,0
2026-04-01,M2L0M,"NHS SHROPSHIRE, TELFORD AND WREKIN",362,11408.28,0,0
2026-04-01,05G,"NHS NORTH STAFFORDSHIRE",364,9709.66,0,0
2026-04-01,00T,"NHS BOLTON",376,11006.01,0,0
2026-04-01,02E,"NHS WARRINGTON",376,11648.38,0,0
2026-04-01,02A,"NHS TRAFFORD",382,11848.98,0,0
2026-04-01,01X,"NHS ST HELENS",384,11027.08,0,0
2026-04-01,05Q,"NHS SOUTH EAST STAFFORDSHIRE AND SEISDON PENINSULA",385,12119.58,0,0
2026-04-01,01T,"NHS SOUTH SEFTON",402,11183.35,0,0
2026-04-01,99E,"NHS BASILDON AND BRENTWOOD",417,14576.67,0,0
2026-04-01,01K,"NHS MORECAMBE BAY",421,11282.55,0,0
2026-04-01,15C,"NHS BRISTOL, NORTH SOMERSET AND SOUTH GLOUCESTERSHIRE",422,15779.57,0,0
2026-04-01,00Y,"NHS OLDHAM",449,12295.98,0,0
2026-04-01,15A,"NHS BERKSHIRE WEST",460,15027.09,0,0
2026-04-01,01G,"NHS SALFORD",463,13375.9,0,0
2026-04-01,09D,"NHS BRIGHTON AND HOVE",471,15951.29,0,0
2026-04-01,07K,"NHS WEST SUFFOLK",477,11576.64,0,0
2026-04-01,12F,"NHS WIRRAL",482,13612.12,0,0
2026-04-01,03R,"NHS WAKEFIELD",485,12629.74,0,0
2026-04-01,01H,"NHS NORTH CUMBRIA",498,13218.67,0,0
2026-04-01,02Y,"NHS EAST RIDING OF YORKSHIRE",510,13247.28,0,0
2026-04-01,01Y,"NHS TAMESIDE AND GLOSSOP",518,15376.32,0,0
2026-04-01,11M,"NHS GLOUCESTERSHIRE",521,14594.87,0,0
2026-04-01,04V,"NHS WEST LEICESTERSHIRE",522,12915.42,0,0
2026-04-01,01W,"NHS STOCKPORT",526,15552.69,0,0
2026-04-01,05W,"NHS STOKE ON TRENT",527,13569.67,0,0
2026-04-01,07H,"NHS WEST ESSEX",529,13828.75,0,0
2026-04-01,10Q,"NHS OXFORDSHIRE",529,15767.03,0,0
2026-04-01,06N,"NHS HERTS VALLEYS",541,18028.4,0,0
2026-04-01,99A,"NHS LIVERPOOL",545,16155.78,0,0
2026-04-01,01A,"NHS EAST LANCASHIRE",549,13573.99,0,0
2026-04-01,00P,"NHS SUNDERLAND",561,17679.36,0,0
2026-04-01,00L,"NHS NORTHUMBERLAND",577,16540.48,0,0
2026-04-01,X2C4Y,"NHS KIRKLEES",628,22231.35,0,0
2026-04-01,03L,"NHS ROTHERHAM",667,16926.93,0,0
2026-04-01,84H,"NHS COUNTY DURHAM",716,19992.89,0,0
2026-04-01,42D,"NHS NORTH YORKSHIRE",766,21632.64,0,0
2026-04-01,15M,"NHS DERBY AND DERBYSHIRE",775,23097.44,0,0
2026-04-01,78H,"NHS NORTHAMPTONSHIRE",777,19420.26,0,0
2026-04-01,14L,"NHS MANCHESTER",793,21351.9,0,0
2026-04-01,02H,"NHS WIGAN BOROUGH",802,24353.65,0,0
2026-04-01,14Y,"NHS BUCKINGHAMSHIRE",803,23132.59,0,0
2026-04-01,27D,"NHS CHESHIRE",824,24555.24,0,0
2026-04-01,11N,"NHS CORNWALL AND THE ISLES OF SCILLY",844,21816.74,0,0
2026-04-01,13T,"NHS NEWCASTLE GATESHEAD",858,27957.23,0,0
2026-04-01,06Q,"NHS MID ESSEX",867,21522.24,0,0
2026-04-01,06T,"NHS NORTH EAST ESSEX",870,20940.07,0,0
2026-04-01,03N,"NHS SHEFFIELD",881,23372.76,0,0
2026-04-01,06K,"NHS EAST AND NORTH HERTFORDSHIRE",1030,28282.4,0,0
2026-04-01,52R,"NHS NOTTINGHAM AND NOTTINGHAMSHIRE",1060,28724.62,0,0
2026-04-01,18C,"NHS HEREFORDSHIRE AND WORCESTERSHIRE",1113,34586.87,0,0
2026-04-01,15F,"NHS LEEDS",1156,35649.33,0,0
2026-04-01,72Q,"NHS SOUTH EAST LONDON",1184,39741.89,0,0
2026-04-01,B2M3M,"NHS COVENTRY AND WARWICKSHIRE",1250,33636.89,0,0
2026-04-01,71E,"NHS LINCOLNSHIRE",1269,32105.35,0,0
2026-04-01,06H,"NHS CAMBRIDGESHIRE AND PETERBOROUGH",1321,33259.27,0,0
2026-04-01,16C,"NHS TEES VALLEY",1336,37264.49,0,0
2026-04-01,36J,"NHS BRADFORD DISTRICT AND CRAVEN",1344,36949.96,0,0
2026-04-01,93C,"NHS NORTH CENTRAL LONDON",1347,48083.58,0,0
2026-04-01,11J,"NHS DORSET",1416,39876.17,0,0
2026-04-01,92G,"NHS BATH AND NORTH EAST SOMERSET, SWINDON AND WILTSHIRE",1420,40927.95,0,0
2026-04-01,97R,"NHS EAST SUSSEX",1420,46103.77,0,0
2026-04-01,M1J4Y,"NHS BEDFORDSHIRE, LUTON AND MILTON KEYNES",1486,42466.46,0,0
2026-04-01,W2U3Z,"NHS NORTH WEST LONDON",1489,49645.12,0,0
2026-04-01,36L,"NHS SOUTH WEST LONDON",1493,52380.79,0,0
2026-04-01,15N,"NHS DEVON",1635,49521.33,0,0
2026-04-01,A3A8R,"NHS NORTH EAST LONDON",1734,61917.13,0,0
2026-04-01,26A,"NHS NORFOLK AND WAVENEY",1812,48295.6,0,0
2026-04-01,D2P2L,"NHS BLACK COUNTRY",1899,56771.52,0,0
2026-04-01,D9Y0V,"NHS HAMPSHIRE, SOUTHAMPTON AND ISLE OF WIGHT",1907,64854.52,0,0
2026-04-01,92A,"NHS SURREY HEARTLANDS",1983,70980.51,0,0
2026-04-01,15E,"NHS BIRMINGHAM AND SOLIHULL",2234,65223.84,0,0
2026-04-01,70F,"NHS WEST SUSSEX",2378,82141.13,0,0
2026-04-01,91Q,"NHS KENT AND MEDWAY",3093,93268.09,0,0
2026-05-01,09W,"NHS MEDWAY",0,0,0,0
2026-05-01,D4U1Y,"NHS FRIMLEY",1,22.29,0,0
2026-05-01,05D,"NHS EAST STAFFORDSHIRE",139,4216.89,0,0
2026-05-01,07G,"NHS THURROCK",159,4535.89,0,0
2026-05-01,00N,"NHS SOUTH TYNESIDE",162,4977.23,0,0
2026-05-01,00R,"NHS BLACKPOOL",163,4535.84,0,0
2026-05-01,01J,"NHS KNOWSLEY",169,4332.18,0,0
2026-05-01,03H,"NHS NORTH EAST LINCOLNSHIRE",180,4368.16,0,0
2026-05-01,10R,"NHS PORTSMOUTH",199,6541.58,0,0
2026-05-01,01F,"NHS HALTON",204,5769.78,0,0
2026-05-01,02M,"NHS FYLDE AND WYRE",210,5690.45,0,0
2026-05-01,00X,"NHS CHORLEY AND SOUTH RIBBLE",221,6503.87,0,0
2026-05-01,01V,"NHS SOUTHPORT AND FORMBY",224,6947.37,0,0
2026-05-01,02Q,"NHS BASSETLAW",229,5541.09,0,0
2026-05-01,03K,"NHS NORTH LINCOLNSHIRE",229,5788.42,0,0
2026-05-01,00Q,"NHS BLACKBURN WITH DARWEN",236,6004.66,0,0
2026-05-01,99C,"NHS NORTH TYNESIDE",242,8885.96,0,0
2026-05-01,01E,"NHS GREATER PRESTON",244,7060.9,0,0
2026-05-01,03Q,"NHS VALE OF YORK",244,7168.37,0,0
2026-05-01,04C,"NHS LEICESTER CITY",249,5529.59,0,0
2026-05-01,05V,"NHS STAFFORD AND SURROUNDS",255,6943.5,0,0
2026-05-01,02G,"NHS WEST LANCASHIRE",260,7855.95,0,0
2026-05-01,02T,"NHS CALDERDALE",267,8622.97,0,0
2026-05-01,U2G6B,"NHS THAMES VALLEY ICB - U2G6B",267,8927.24,0,0
2026-05-01,99F,"NHS CASTLE POINT AND ROCHFORD",272,9242.88,0,0
2026-05-01,00V,"NHS BURY",291,8726.86,0,0
2026-05-01,03F,"NHS HULL",297,7096.21,0,0
2026-05-01,04Y,"NHS CANNOCK CHASE",307,9475.04,0,0
2026-05-01,02X,"NHS DONCASTER",312,8206.06,0,0
2026-05-01,01D,"NHS HEYWOOD, MIDDLETON AND ROCHDALE",315,9479.63,0,0
2026-05-01,03W,"NHS EAST LEICESTERSHIRE AND RUTLAND",329,8483.65,0,0
2026-05-01,06L,"NHS IPSWICH AND EAST SUFFOLK",333,8505.69,0,0
2026-05-01,02P,"NHS BARNSLEY",337,9107.78,0,0
2026-05-01,99G,"NHS SOUTHEND",352,11445.21,0,0
2026-05-01,02E,"NHS WARRINGTON",361,10748.74,0,0
2026-05-01,05G,"NHS NORTH STAFFORDSHIRE",365,10012.67,0,0
2026-05-01,02A,"NHS TRAFFORD",371,11896.09,0,0
2026-05-01,11X,"NHS SOMERSET",371,10210.74,0,0
2026-05-01,05Q,"NHS SOUTH EAST STAFFORDSHIRE AND SEISDON PENINSULA",374,11776.05,0,0
2026-05-01,01T,"NHS SOUTH SEFTON",381,10700.94,0,0
2026-05-01,M2L0M,"NHS SHROPSHIRE, TELFORD AND WREKIN",387,12956.63,0,0
2026-05-01,01X,"NHS ST HELENS",388,10856.77,0,0
2026-05-01,01K,"NHS MORECAMBE BAY",390,10090.45,0,0
2026-05-01,00T,"NHS BOLTON",400,11608.94,0,0
2026-05-01,99E,"NHS BASILDON AND BRENTWOOD",411,14119.82,0,0
2026-05-01,15A,"NHS BERKSHIRE WEST",415,13218.02,0,0
2026-05-01,01G,"NHS SALFORD",430,12505.66,0,0
2026-05-01,03R,"NHS WAKEFIELD",430,11542.37,0,0
2026-05-01,00Y,"NHS OLDHAM",456,12203.06,0,0
2026-05-01,15C,"NHS BRISTOL, NORTH SOMERSET AND SOUTH GLOUCESTERSHIRE",456,17320.55,0,0
2026-05-01,12F,"NHS WIRRAL",461,12805.58,0,0
2026-05-01,07K,"NHS WEST SUFFOLK",467,11457.83,0,0
2026-05-01,09D,"NHS BRIGHTON AND HOVE",480,17137.15,0,0
2026-05-01,01H,"NHS NORTH CUMBRIA",491,13156.71,0,0
2026-05-01,05W,"NHS STOKE ON TRENT",499,12456.36,0,0
2026-05-01,00P,"NHS SUNDERLAND",503,15715.93,0,0
2026-05-01,02Y,"NHS EAST RIDING OF YORKSHIRE",505,13239.13,0,0
2026-05-01,01W,"NHS STOCKPORT",522,15314.32,0,0
2026-05-01,01Y,"NHS TAMESIDE AND GLOSSOP",522,15019.16,0,0
2026-05-01,99A,"NHS LIVERPOOL",522,15393.53,0,0
2026-05-01,04V,"NHS WEST LEICESTERSHIRE",532,12736.96,0,0
2026-05-01,07H,"NHS WEST ESSEX",532,13665.87,0,0
2026-05-01,11M,"NHS GLOUCESTERSHIRE",532,15068.18,0,0
2026-05-01,01A,"NHS EAST LANCASHIRE",533,12953.67,0,0
2026-05-01,X2C4Y,"NHS KIRKLEES",552,18538.85,0,0
2026-05-01,06N,"NHS HERTS VALLEYS",559,18653.52,0,0
2026-05-01,10Q,"NHS OXFORDSHIRE",569,16553.06,0,0
2026-05-01,00L,"NHS NORTHUMBERLAND",596,17262.43,0,0
2026-05-01,03L,"NHS ROTHERHAM",637,16166.63,0,0
2026-05-01,11N,"NHS CORNWALL AND THE ISLES OF SCILLY",728,19013.26,0,0
2026-05-01,84H,"NHS COUNTY DURHAM",732,20528.31,0,0
2026-05-01,15M,"NHS DERBY AND DERBYSHIRE",755,23106.31,0,0
2026-05-01,78H,"NHS NORTHAMPTONSHIRE",765,18933.54,0,0
2026-05-01,27D,"NHS CHESHIRE",783,23032.59,0,0
2026-05-01,42D,"NHS NORTH YORKSHIRE",787,22458.36,0,0
2026-05-01,02H,"NHS WIGAN BOROUGH",794,24001.66,0,0
2026-05-01,14L,"NHS MANCHESTER",794,21296.42,0,0
2026-05-01,13T,"NHS NEWCASTLE GATESHEAD",822,27617.57,0,0
2026-05-01,03N,"NHS SHEFFIELD",832,22370.33,0,0
2026-05-01,14Y,"NHS BUCKINGHAMSHIRE",833,24182.91,0,0
2026-05-01,06T,"NHS NORTH EAST ESSEX",874,20971.98,0,0
2026-05-01,06Q,"NHS MID ESSEX",882,22160.16,0,0
2026-05-01,52R,"NHS NOTTINGHAM AND NOTTINGHAMSHIRE",937,25650.86,0,0
2026-05-01,18C,"NHS HEREFORDSHIRE AND WORCESTERSHIRE",1000,31544.73,0,0
2026-05-01,06K,"NHS EAST AND NORTH HERTFORDSHIRE",1060,29255.4,0,0
2026-05-01,15F,"NHS LEEDS",1174,36598.87,0,0
2026-05-01,72Q,"NHS SOUTH EAST LONDON",1187,42389.9,0,0
2026-05-01,71E,"NHS LINCOLNSHIRE",1215,30230.73,0,0
2026-05-01,B2M3M,"NHS COVENTRY AND WARWICKSHIRE",1223,33219.92,0,0
2026-05-01,16C,"NHS TEES VALLEY",1263,35510.46,0,0
2026-05-01,06H,"NHS CAMBRIDGESHIRE AND PETERBOROUGH",1290,32326.04,0,0
2026-05-01,92G,"NHS BATH AND NORTH EAST SOMERSET, SWINDON AND WILTSHIRE",1307,37667.56,0,0
2026-05-01,36J,"NHS BRADFORD DISTRICT AND CRAVEN",1316,36901.31,0,0
2026-05-01,93C,"NHS NORTH CENTRAL LONDON",1352,48920.64,0,0
2026-05-01,11J,"NHS DORSET",1367,39226.8,0,0
2026-05-01,36L,"NHS SOUTH WEST LONDON",1374,48678.69,0,0
2026-05-01,97R,"NHS EAST SUSSEX",1384,43883,0,0
2026-05-01,W2U3Z,"NHS NORTH WEST LONDON",1397,46597.14,0,0
2026-05-01,M1J4Y,"NHS BEDFORDSHIRE, LUTON AND MILTON KEYNES",1492,43127,0,0
2026-05-01,15N,"NHS DEVON",1560,47531.09,0,0
2026-05-01,A3A8R,"NHS NORTH EAST LONDON",1600,57597.65,0,0
2026-05-01,26A,"NHS NORFOLK AND WAVENEY",1757,46597.25,0,0
2026-05-01,D2P2L,"NHS BLACK COUNTRY",1803,53762,0,0
2026-05-01,D9Y0V,"NHS HAMPSHIRE, SOUTHAMPTON AND ISLE OF WIGHT",1842,62400.73,0,0
2026-05-01,92A,"NHS SURREY HEARTLANDS",1849,66016.2,0,0
2026-05-01,15E,"NHS BIRMINGHAM AND SOLIHULL",2024,57876.68,0,0
2026-05-01,70F,"NHS WEST SUSSEX",2248,78021.06,0,0
2026-05-01,91Q,"NHS KENT AND MEDWAY",2886,86987.67,0,0
2026-06-01,09W,"NHS MEDWAY",0,0,0,0
2026-06-01,D4U1Y,"NHS FRIMLEY",0,0,0,0
2026-06-01,05D,"NHS EAST STAFFORDSHIRE",142,4168.29,0,0
2026-06-01,01J,"NHS KNOWSLEY",161,4256.58,0,0
2026-06-01,00N,"NHS SOUTH TYNESIDE",167,5262.04,0,0
2026-06-01,00R,"NHS BLACKPOOL",172,4426.63,0,0
2026-06-01,07G,"NHS THURROCK",175,4965.21,0,0
2026-06-01,03H,"NHS NORTH EAST LINCOLNSHIRE",195,4836.04,0,0
2026-06-01,02M,"NHS FYLDE AND WYRE",206,5454.84,0,0
2026-06-01,10R,"NHS PORTSMOUTH",216,7597.62,0,0
2026-06-01,03K,"NHS NORTH LINCOLNSHIRE",223,5551.11,0,0
2026-06-01,00X,"NHS CHORLEY AND SOUTH RIBBLE",226,6435.1,0,0
2026-06-01,01F,"NHS HALTON",226,6486.13,0,0
2026-06-01,05V,"NHS STAFFORD AND SURROUNDS",226,6311.88,0,0
2026-06-01,02Q,"NHS BASSETLAW",235,5744.28,0,0
2026-06-01,00Q,"NHS BLACKBURN WITH DARWEN",236,6265.74,0,0
2026-06-01,01V,"NHS SOUTHPORT AND FORMBY",245,7461.09,0,0
2026-06-01,99C,"NHS NORTH TYNESIDE",246,8350.85,0,0
2026-06-01,01E,"NHS GREATER PRESTON",256,7515.6,0,0
2026-06-01,99F,"NHS CASTLE POINT AND ROCHFORD",257,8622.76,0,0
2026-06-01,03Q,"NHS VALE OF YORK",261,7296.6,0,0
2026-06-01,02T,"NHS CALDERDALE",266,8653.02,0,0
2026-06-01,04Y,"NHS CANNOCK CHASE",266,7642.55,0,0
2026-06-01,04C,"NHS LEICESTER CITY",276,6212.78,0,0
2026-06-01,03F,"NHS HULL",289,7214.93,0,0
2026-06-01,02G,"NHS WEST LANCASHIRE",290,8741.02,0,0
2026-06-01,05G,"NHS NORTH STAFFORDSHIRE",319,8500.23,0,0
2026-06-01,02P,"NHS BARNSLEY",323,8490.28,0,0
2026-06-01,U2G6B,"NHS THAMES VALLEY ICB - U2G6B",337,11252.55,0,0
2026-06-01,02X,"NHS DONCASTER",347,9264.34,0,0
2026-06-01,01D,"NHS HEYWOOD, MIDDLETON AND ROCHDALE",349,9830.48,0,0
2026-06-01,00V,"NHS BURY",350,10125.63,0,0
2026-06-01,99G,"NHS SOUTHEND",354,11638.94,0,0
2026-06-01,06L,"NHS IPSWICH AND EAST SUFFOLK",358,8948.1,0,0
2026-06-01,03W,"NHS EAST LEICESTERSHIRE AND RUTLAND",361,9101.65,0,0
2026-06-01,M2L0M,"NHS SHROPSHIRE, TELFORD AND WREKIN",361,11842.36,0,0
2026-06-01,01T,"NHS SOUTH SEFTON",373,10315.71,0,0
2026-06-01,11X,"NHS SOMERSET",375,10292.8,0,0
2026-06-01,02A,"NHS TRAFFORD",381,12434.98,0,0
2026-06-01,02E,"NHS WARRINGTON",382,11828.91,0,0
2026-06-01,00T,"NHS BOLTON",394,11816.3,0,0
2026-06-01,01X,"NHS ST HELENS",401,11263.01,0,0
2026-06-01,05Q,"NHS SOUTH EAST STAFFORDSHIRE AND SEISDON PENINSULA",411,12954.73,0,0
2026-06-01,00Y,"NHS OLDHAM",425,11533.33,0,0
2026-06-01,99E,"NHS BASILDON AND BRENTWOOD",431,14858.79,0,0
2026-06-01,15A,"NHS BERKSHIRE WEST",434,14185.81,0,0
2026-06-01,15C,"NHS BRISTOL, NORTH SOMERSET AND SOUTH GLOUCESTERSHIRE",436,16964.65,0,0
2026-06-01,01H,"NHS NORTH CUMBRIA",438,11456.4,0,0
2026-06-01,01K,"NHS MORECAMBE BAY",439,11346.52,0,0
2026-06-01,09D,"NHS BRIGHTON AND HOVE",456,15885.43,0,0
2026-06-01,12F,"NHS WIRRAL",461,13078.13,0,0
2026-06-01,01G,"NHS SALFORD",468,13481.88,0,0
2026-06-01,02Y,"NHS EAST RIDING OF YORKSHIRE",482,12445.65,0,0
2026-06-01,03R,"NHS WAKEFIELD",489,13045.48,0,0
2026-06-01,05W,"NHS STOKE ON TRENT",498,13047.17,0,0
2026-06-01,00P,"NHS SUNDERLAND",502,15423.62,0,0
2026-06-01,04V,"NHS WEST LEICESTERSHIRE",504,11880.56,0,0
2026-06-01,01Y,"NHS TAMESIDE AND GLOSSOP",510,15193.06,0,0
2026-06-01,07K,"NHS WEST SUFFOLK",518,12514.95,0,0
2026-06-01,01W,"NHS STOCKPORT",525,15993.15,0,0
2026-06-01,07H,"NHS WEST ESSEX",532,13628.45,0,0
2026-06-01,99A,"NHS LIVERPOOL",533,15715.24,0,0
2026-06-01,10Q,"NHS OXFORDSHIRE",534,15866.36,0,0
2026-06-01,01A,"NHS EAST LANCASHIRE",537,13169.27,0,0
2026-06-01,11M,"NHS GLOUCESTERSHIRE",548,15784.76,0,0
2026-06-01,06N,"NHS HERTS VALLEYS",550,18437.24,0,0
2026-06-01,00L,"NHS NORTHUMBERLAND",561,15832.45,0,0
2026-06-01,X2C4Y,"NHS KIRKLEES",589,20154.01,0,0
2026-06-01,03L,"NHS ROTHERHAM",603,15155.44,0,0
2026-06-01,78H,"NHS NORTHAMPTONSHIRE",727,17572.67,0,0
2026-06-01,84H,"NHS COUNTY DURHAM",742,21258.59,0,0
2026-06-01,15M,"NHS DERBY AND DERBYSHIRE",768,23327.78,0,0
2026-06-01,14L,"NHS MANCHESTER",771,20791.12,0,0
2026-06-01,27D,"NHS CHESHIRE",777,23200.83,0,0
2026-06-01,42D,"NHS NORTH YORKSHIRE",803,22248.36,0,0
2026-06-01,02H,"NHS WIGAN BOROUGH",807,25195.84,0,0
2026-06-01,14Y,"NHS BUCKINGHAMSHIRE",823,23376.51,0,0
2026-06-01,11N,"NHS CORNWALL AND THE ISLES OF SCILLY",825,21296.01,0,0
2026-06-01,13T,"NHS NEWCASTLE GATESHEAD",828,27178.15,0,0
2026-06-01,03N,"NHS SHEFFIELD",863,23000.28,0,0
2026-06-01,06T,"NHS NORTH EAST ESSEX",878,21264.25,0,0
2026-06-01,06Q,"NHS MID ESSEX",881,21741.6,0,0
2026-06-01,52R,"NHS NOTTINGHAM AND NOTTINGHAMSHIRE",979,26716.04,0,0
2026-06-01,06K,"NHS EAST AND NORTH HERTFORDSHIRE",1038,28597.59,0,0
2026-06-01,18C,"NHS HEREFORDSHIRE AND WORCESTERSHIRE",1102,34488.48,0,0
2026-06-01,15F,"NHS LEEDS",1154,35548.43,0,0
2026-06-01,72Q,"NHS SOUTH EAST LONDON",1197,41795.62,0,0
2026-06-01,71E,"NHS LINCOLNSHIRE",1235,30848.85,0,0
2026-06-01,16C,"NHS TEES VALLEY",1264,35086.58,0,0
2026-06-01,B2M3M,"NHS COVENTRY AND WARWICKSHIRE",1289,34786.15,0,0
2026-06-01,97R,"NHS EAST SUSSEX",1330,42289.81,0,0
2026-06-01,06H,"NHS CAMBRIDGESHIRE AND PETERBOROUGH",1334,33003.62,0,0
2026-06-01,93C,"NHS NORTH CENTRAL LONDON",1356,47031.6,0,0
2026-06-01,11J,"NHS DORSET",1391,39492.87,0,0
2026-06-01,36J,"NHS BRADFORD DISTRICT AND CRAVEN",1391,38425.63,0,0
2026-06-01,92G,"NHS BATH AND NORTH EAST SOMERSET, SWINDON AND WILTSHIRE",1392,39218.93,0,0
2026-06-01,36L,"NHS SOUTH WEST LONDON",1418,50025.4,0,0
2026-06-01,W2U3Z,"NHS NORTH WEST LONDON",1492,49318.61,0,0
2026-06-01,M1J4Y,"NHS BEDFORDSHIRE, LUTON AND MILTON KEYNES",1533,43576.48,0,0
2026-06-01,15N,"NHS DEVON",1589,47285.22,0,0
2026-06-01,26A,"NHS NORFOLK AND WAVENEY",1753,47273.82,0,0
2026-06-01,A3A8R,"NHS NORTH EAST LONDON",1760,62300.41,0,0
2026-06-01,D9Y0V,"NHS HAMPSHIRE, SOUTHAMPTON AND ISLE OF WIGHT",1782,61045.91,0,0
2026-06-01,D2P2L,"NHS BLACK COUNTRY",1893,55789.95,0,0
2026-06-01,92A,"NHS SURREY HEARTLANDS",1941,69155.09,0,0
2026-06-01,15E,"NHS BIRMINGHAM AND SOLIHULL",2200,63547.87,0,0
2026-06-01,70F,"NHS WEST SUSSEX",2299,79751.54,0,0
2026-06-01,91Q,"NHS KENT AND MEDWAY",3049,92182.49,0,0