date,id,name,y_items,y_actual_cost,x_items,x_actual_cost
2021-07-01,09W,"NHS MEDWAY",0,0,0,0
2021-07-01,D4U1Y,"NHS FRIMLEY",3,78.36,0,0
2021-07-01,00Q,"NHS BLACKBURN WITH DARWEN",164,4910.75,0,0
2021-07-01,03H,"NHS NORTH EAST LINCOLNSHIRE",168,5015.15,0,0
2021-07-01,02G,"NHS WEST LANCASHIRE",255,8254,0,0
2021-07-01,02T,"NHS CALDERDALE",316,11936.33,0,0
2021-07-01,10R,"NHS PORTSMOUTH",323,14260.23,0,0
2021-07-01,01J,"NHS KNOWSLEY",336,10134.93,0,0
2021-07-01,05D,"NHS EAST STAFFORDSHIRE",338,10996,0,0
2021-07-01,01V,"NHS SOUTHPORT AND FORMBY",347,12093.34,0,0
2021-07-01,00R,"NHS BLACKPOOL",406,11415.21,0,0
2021-07-01,12F,"NHS WIRRAL",411,13791.3,0,0
2021-07-01,01Y,"NHS TAMESIDE AND GLOSSOP",436,15345.21,0,0
2021-07-01,02M,"NHS FYLDE AND WYRE",441,13464.52,0,0
2021-07-01,02Q,"NHS BASSETLAW",451,12825.32,0,0
2021-07-01,05G,"NHS NORTH STAFFORDSHIRE",453,14235.21,0,0
2021-07-01,01G,"NHS SALFORD",469,15228.12,0,0
2021-07-01,01X,"NHS ST HELENS",472,14941,0,0
2021-07-01,03K,"NHS NORTH LINCOLNSHIRE",489,14208.82,0,0
2021-07-01,04Y,"NHS CANNOCK CHASE",494,17212.8,0,0
2021-07-01,99G,"NHS SOUTHEND",501,18910.06,0,0
2021-07-01,00V,"NHS BURY",504,15985.73,0,0
2021-07-01,05W,"NHS STOKE ON TRENT",535,17082.78,0,0
2021-07-01,01T,"NHS SOUTH SEFTON",536,16482.26,0,0
2021-07-01,99C,"NHS NORTH TYNESIDE",555,22252.85,0,0
2021-07-01,07G,"NHS THURROCK",572,17030.71,0,0
2021-07-01,99F,"NHS CASTLE POINT AND ROCHFORD",573,19798.57,0,0
2021-07-01,02P,"NHS BARNSLEY",576,19367.78,0,0
2021-07-01,01D,"NHS HEYWOOD, MIDDLETON AND ROCHDALE",585,18858.89,0,0
2021-07-01,01F,"NHS HALTON",592,19041.73,0,0
2021-07-01,02A,"NHS TRAFFORD",606,21548.48,0,0
2021-07-01,05Q,"NHS SOUTH EAST STAFFORDSHIRE AND SEISDON PENINSULA",611,22227.34,0,0
2021-07-01,05V,"NHS STAFFORD AND SURROUNDS",611,21561.05,0,0
2021-07-01,01K,"NHS MORECAMBE BAY",621,21260.9,0,0
2021-07-01,02E,"NHS WARRINGTON",636,22253.83,0,0
2021-07-01,00N,"NHS SOUTH TYNESIDE",641,23663.84,0,0
2021-07-01,01H,"NHS NORTH CUMBRIA",667,23310.07,0,0
2021-07-01,00P,"NHS SUNDERLAND",668,24760.73,0,0
2021-07-01,03R,"NHS WAKEFIELD",701,25400.89,0,0
2021-07-01,09D,"NHS BRIGHTON AND HOVE",740,32425.06,0,0
2021-07-01,U2G6B,"NHS THAMES VALLEY ICB - U2G6B",747,26667.87,0,0
2021-07-01,99E,"NHS BASILDON AND BRENTWOOD",756,25910.72,0,0
2021-07-01,00X,"NHS CHORLEY AND SOUTH RIBBLE",770,25702.07,0,0
2021-07-01,03Q,"NHS VALE OF YORK",789,29304.86,0,0
2021-07-01,02H,"NHS WIGAN BOROUGH",808,27177.84,0,0
2021-07-01,06L,"NHS IPSWICH AND EAST SUFFOLK",840,26575.08,0,0
2021-07-01,00Y,"NHS OLDHAM",842,27922.38,0,0
2021-07-01,01E,"NHS GREATER PRESTON",850,29266.97,0,0
2021-07-01,04C,"NHS LEICESTER CITY",862,28118.44,0,0
2021-07-01,00T,"NHS BOLTON",903,30703.86,0,0
2021-07-01,01W,"NHS STOCKPORT",970,32989.28,0,0
2021-07-01,06Q,"NHS MID ESSEX",998,30167.32,0,0
2021-07-01,06N,"NHS HERTS VALLEYS",1023,39621.56,0,0
2021-07-01,01A,"NHS EAST LANCASHIRE",1071,32885.26,0,0
2021-07-01,11X,"NHS SOMERSET",1086,36761.68,0,0
2021-07-01,36J,"NHS BRADFORD DISTRICT AND CRAVEN",1108,37834.28,0,0
2021-07-01,07K,"NHS WEST SUFFOLK",1135,32570.4,0,0
2021-07-01,07H,"NHS WEST ESSEX",1140,36488.5,0,0
2021-07-01,03L,"NHS ROTHERHAM",1158,35302.14,0,0
2021-07-01,06T,"NHS NORTH EAST ESSEX",1224,35157.79,0,0
2021-07-01,03F,"NHS HULL",1237,36778.61,0,0
2021-07-01,00L,"NHS NORTHUMBERLAND",1241,42286.72,0,0
2021-07-01,X2C4Y,"NHS KIRKLEES",1318,52719.82,0,0
2021-07-01,02X,"NHS DONCASTER",1325,40578.45,0,0
2021-07-01,04V,"NHS WEST LEICESTERSHIRE",1328,44311.58,0,0
2021-07-01,14L,"NHS MANCHESTER",1463,46964.47,0,0
2021-07-01,02Y,"NHS EAST RIDING OF YORKSHIRE",1500,47327.67,0,0
2021-07-01,15A,"NHS BERKSHIRE WEST",1500,51571.8,0,0
2021-07-01,11M,"NHS GLOUCESTERSHIRE",1545,54939.51,0,0
2021-07-01,M2L0M,"NHS SHROPSHIRE, TELFORD AND WREKIN",1563,60631.16,0,0
2021-07-01,99A,"NHS LIVERPOOL",1602,50034.21,0,0
2021-07-01,15F,"NHS LEEDS",1700,63886.19,0,0
2021-07-01,06K,"NHS EAST AND NORTH HERTFORDSHIRE",1702,52853.78,0,0
2021-07-01,13T,"NHS NEWCASTLE GATESHEAD",1717,63612.87,0,0
2021-07-01,15M,"NHS DERBY AND DERBYSHIRE",1914,75833.62,0,0
2021-07-01,14Y,"NHS BUCKINGHAMSHIRE",1928,65779.72,0,0
2021-07-01,84H,"NHS COUNTY DURHAM",1935,67779.28,0,0
2021-07-01,78H,"NHS NORTHAMPTONSHIRE",1957,56772.43,0,0
2021-07-01,18C,"NHS HEREFORDSHIRE AND WORCESTERSHIRE",1965,71469.27,0,0
2021-07-01,03W,"NHS EAST LEICESTERSHIRE AND RUTLAND",1970,66250.46,0,0
2021-07-01,15C,"NHS BRISTOL, NORTH SOMERSET AND SOUTH GLOUCESTERSHIRE",1970,87415.37,0,0
2021-07-01,27D,"NHS CHESHIRE",1991,67648.64,0,0
2021-07-01,92G,"NHS BATH AND NORTH EAST SOMERSET, SWINDON AND WILTSHIRE",2004,76838.28,0,0
2021-07-01,97R,"NHS EAST SUSSEX",2075,72962.52,0,0
2021-07-01,11N,"NHS CORNWALL AND THE ISLES OF SCILLY",2088,66392.11,0,0
2021-07-01,10Q,"NHS OXFORDSHIRE",2258,81266.44,0,0
2021-07-01,42D,"NHS NORTH YORKSHIRE",2304,75258.25,0,0
2021-07-01,B2M3M,"NHS COVENTRY AND WARWICKSHIRE",2339,73187.41,0,0
2021-07-01,M1J4Y,"NHS BEDFORDSHIRE, LUTON AND MILTON KEYNES",2431,83986.58,0,0
2021-07-01,70F,"NHS WEST SUSSEX",2492,97708.3,0,0
2021-07-01,72Q,"NHS SOUTH EAST LONDON",2583,106901.32,0,0
2021-07-01,11J,"NHS DORSET",2601,91872.89,0,0
2021-07-01,93C,"NHS NORTH CENTRAL LONDON",2683,104670.26,0,0
2021-07-01,03N,"NHS SHEFFIELD",3243,110460.41,0,0
2021-07-01,36L,"NHS SOUTH WEST LONDON",3280,123894.7,0,0
2021-07-01,06H,"NHS CAMBRIDGESHIRE AND PETERBOROUGH",3288,99904.53,0,0
2021-07-01,D2P2L,"NHS BLACK COUNTRY",3298,119599.81,0,0
2021-07-01,15E,"NHS BIRMINGHAM AND SOLIHULL",3358,125436.29,0,0
2021-07-01,26A,"NHS NORFOLK AND WAVENEY",3710,123157.97,0,0
2021-07-01,16C,"NHS TEES VALLEY",3772,126994.6,0,0
2021-07-01,92A,"NHS SURREY HEARTLANDS",3938,152647.95,0,0
2021-07-01,A3A8R,"NHS NORTH EAST LONDON",4132,149806.75,0,0
2021-07-01,D9Y0V,"NHS HAMPSHIRE, SOUTHAMPTON AND ISLE OF WIGHT",4326,168096.17,0,0
2021-07-01,15N,"NHS DEVON",4386,151971.35,0,0
2021-07-01,52R,"NHS NOTTINGHAM AND NOTTINGHAMSHIRE",4653,156755.29,0,0
2021-07-01,71E,"NHS LINCOLNSHIRE",4834,146561.91,0,0
2021-07-01,W2U3Z,"NHS NORTH WEST LONDON",5293,205148.63,0,0
2021-07-01,91Q,"NHS KENT AND MEDWAY",8355,286980.19,0,0
2021-08-01,09W,"NHS MEDWAY",0,0,0,0
2021-08-01,D4U1Y,"NHS FRIMLEY",1,26.14,0,0
2021-08-01,03H,"NHS NORTH EAST LINCOLNSHIRE",160,4561.67,0,0
2021-08-01,00Q,"NHS BLACKBURN WITH DARWEN",184,5646.55,0,0
2021-08-01,02G,"NHS WEST LANCASHIRE",216,7188.7,0,0
2021-08-01,05D,"NHS EAST STAFFORDSHIRE",290,9227.16,0,0
2021-08-01,10R,"NHS PORTSMOUTH",300,13748.61,0,0
2021-08-01,01J,"NHS KNOWSLEY",309,9489.35,0,0
2021-08-01,00R,"NHS BLACKPOOL",337,9816.32,0,0
2021-08-01,01V,"NHS SOUTHPORT AND FORMBY",339,11632.46,0,0
2021-08-01,02T,"NHS CALDERDALE",346,13932.11,0,0
2021-08-01,12F,"NHS WIRRAL",380,12625.91,0,0
2021-08-01,01Y,"NHS TAMESIDE AND GLOSSOP",387,13658.28,0,0
2021-08-01,00V,"NHS BURY",428,13462.71,0,0
2021-08-01,01X,"NHS ST HELENS",428,13854.72,0,0
2021-08-01,01G,"NHS SALFORD",433,14534.18,0,0
2021-08-01,04Y,"NHS CANNOCK CHASE",434,15109.06,0,0
2021-08-01,02M,"NHS FYLDE AND WYRE",435,13044.03,0,0
2021-08-01,02Q,"NHS BASSETLAW",436,12691.56,0,0
2021-08-01,05G,"NHS NORTH STAFFORDSHIRE",463,14716.96,0,0
2021-08-01,99G,"NHS SOUTHEND",466,16625.09,0,0
2021-08-01,03K,"NHS NORTH LINCOLNSHIRE",470,13644.86,0,0
2021-08-01,01T,"NHS SOUTH SEFTON",472,14521.58,0,0
2021-08-01,05W,"NHS STOKE ON TRENT",508,16703.98,0,0
2021-08-01,99F,"NHS CASTLE POINT AND ROCHFORD",512,18284.91,0,0
2021-08-01,02P,"NHS BARNSLEY",534,17893.06,0,0
2021-08-01,99C,"NHS NORTH TYNESIDE",534,21878.26,0,0
2021-08-01,05V,"NHS STAFFORD AND SURROUNDS",548,19539.17,0,0
2021-08-01,01F,"NHS HALTON",563,18089.64,0,0
2021-08-01,01D,"NHS HEYWOOD, MIDDLETON AND ROCHDALE",565,18246.39,0,0
2021-08-01,01K,"NHS MORECAMBE BAY",565,19526.16,0,0
2021-08-01,00N,"NHS SOUTH TYNESIDE",570,20755.05,0,0
2021-08-01,07G,"NHS THURROCK",587,17527.73,0,0
2021-08-01,05Q,"NHS SOUTH EAST STAFFORDSHIRE AND SEISDON PENINSULA",591,21591.45,0,0
2021-08-01,02E,"NHS WARRINGTON",599,20624.74,0,0
2021-08-01,02A,"NHS TRAFFORD",613,22532.48,0,0
2021-08-01,01H,"NHS NORTH CUMBRIA",624,21054.75,0,0
2021-08-01,03R,"NHS WAKEFIELD",649,23956.96,0,0
2021-08-01,00P,"NHS SUNDERLAND",680,24676.04,0,0
2021-08-01,99E,"NHS BASILDON AND BRENTWOOD",698,23487.29,0,0
2021-08-01,U2G6B,"NHS THAMES VALLEY ICB - U2G6B",719,26767,0,0
2021-08-01,09D,"NHS BRIGHTON AND HOVE",725,31888.73,0,0
2021-08-01,00Y,"NHS OLDHAM",750,24363.34,0,0
2021-08-01,04C,"NHS LEICESTER CITY",770,25108.27,0,0
2021-08-01,01E,"NHS GREATER PRESTON",784,27002.93,0,0
2021-08-01,06L,"NHS IPSWICH AND EAST SUFFOLK",792,25171.39,0,0
2021-08-01,02H,"NHS WIGAN BOROUGH",801,27199.14,0,0
2021-08-01,00X,"NHS CHORLEY AND SOUTH RIBBLE",805,27055.53,0,0
2021-08-01,03Q,"NHS VALE OF YORK",806,29210.9,0,0
2021-08-01,00T,"NHS BOLTON",923,30610.83,0,0
2021-08-01,06N,"NHS HERTS VALLEYS",950,36529.4,0,0
2021-08-01,06Q,"NHS MID ESSEX",966,29237.2,0,0
2021-08-01,01A,"NHS EAST LANCASHIRE",967,29304.19,0,0
2021-08-01,01W,"NHS STOCKPORT",1005,33878.28,0,0
2021-08-01,07H,"NHS WEST ESSEX",1028,32753.46,0,0
2021-08-01,11X,"NHS SOMERSET",1041,36032.42,0,0
2021-08-01,03L,"NHS ROTHERHAM",1081,32637.68,0,0
2021-08-01,36J,"NHS BRADFORD DISTRICT AND CRAVEN",1091,37276,0,0
2021-08-01,07K,"NHS WEST SUFFOLK",1109,32334.51,0,0
2021-08-01,06T,"NHS NORTH EAST ESSEX",1124,31957.58,0,0
2021-08-01,00L,"NHS NORTHUMBERLAND",1214,42737.96,0,0
2021-08-01,02X,"NHS DONCASTER",1214,36911.8,0,0
2021-08-01,03F,"NHS HULL",1250,37918.5,0,0
2021-08-01,04V,"NHS WEST LEICESTERSHIRE",1263,42216.09,0,0
2021-08-01,X2C4Y,"NHS KIRKLEES",1290,51925.07,0,0
2021-08-01,14L,"NHS MANCHESTER",1363,44079.61,0,0
2021-08-01,15A,"NHS BERKSHIRE WEST",1396,48292.72,0,0
2021-08-01,02Y,"NHS EAST RIDING OF YORKSHIRE",1408,44398.1,0,0
2021-08-01,11M,"NHS GLOUCESTERSHIRE",1447,52133.92,0,0
2021-08-01,M2L0M,"NHS SHROPSHIRE, TELFORD AND WREKIN",1504,58365.94,0,0
2021-08-01,99A,"NHS LIVERPOOL",1527,48086.87,0,0
2021-08-01,06K,"NHS EAST AND NORTH HERTFORDSHIRE",1577,49327.55,0,0
2021-08-01,13T,"NHS NEWCASTLE GATESHEAD",1577,58174.01,0,0
2021-08-01,15F,"NHS LEEDS",1585,58108.12,0,0
2021-08-01,03W,"NHS EAST LEICESTERSHIRE AND RUTLAND",1745,59493.39,0,0
2021-08-01,15M,"NHS DERBY AND DERBYSHIRE",1755,70012.25,0,0
2021-08-01,78H,"NHS NORTHAMPTONSHIRE",1761,51419.25,0,0
2021-08-01,14Y,"NHS BUCKINGHAMSHIRE",1785,62250.64,0,0
2021-08-01,84H,"NHS COUNTY DURHAM",1816,64094.88,0,0
2021-08-01,27D,"NHS CHESHIRE",1828,62918.79,0,0
2021-08-01,15C,"NHS BRISTOL, NORTH SOMERSET AND SOUTH GLOUCESTERSHIRE",1859,83263.11,0,0
2021-08-01,18C,"NHS HEREFORDSHIRE AND WORCESTERSHIRE",1900,70048.99,0,0
2021-08-01,92G,"NHS BATH AND NORTH EAST SOMERSET, SWINDON AND WILTSHIRE",1919,71671.97,0,0
2021-08-01,97R,"NHS EAST SUSSEX",1952,69020.46,0,0
2021-08-01,11N,"NHS CORNWALL AND THE ISLES OF SCILLY",1993,63360.51,0,0
2021-08-01,10Q,"NHS OXFORDSHIRE",2200,79893.03,0,0
2021-08-01,B2M3M,"NHS COVENTRY AND WARWICKSHIRE",2233,70905.28,0,0
2021-08-01,42D,"NHS NORTH YORKSHIRE",2268,74076.56,0,0
2021-08-01,93C,"NHS NORTH CENTRAL LONDON",2360,92402.08,0,0
2021-08-01,70F,"NHS WEST SUSSEX",2365,94217.1,0,0
2021-08-01,72Q,"NHS SOUTH EAST LONDON",2379,96818.33,0,0
2021-08-01,M1J4Y,"NHS BEDFORDSHIRE, LUTON AND MILTON KEYNES",2404,83438.73,0,0
2021-08-01,11J,"NHS DORSET",2550,90403.46,0,0
2021-08-01,03N,"NHS SHEFFIELD",2961,99582.58,0,0
2021-08-01,06H,"NHS CAMBRIDGESHIRE AND PETERBOROUGH",2979,89097.62,0,0
2021-08-01,36L,"NHS SOUTH WEST LONDON",3055,116817.13,0,0
2021-08-01,15E,"NHS BIRMINGHAM AND SOLIHULL",3187,118373.49,0,0
2021-08-01,D2P2L,"NHS BLACK COUNTRY",3208,115708.37,0,0
2021-08-01,26A,"NHS NORFOLK AND WAVENEY",3511,116825.59,0,0
2021-08-01,16C,"NHS TEES VALLEY",3548,118338.7,0,0
2021-08-01,92A,"NHS SURREY HEARTLANDS",3751,145332.15,0,0
2021-08-01,A3A8R,"NHS NORTH EAST LONDON",3978,142841.78,0,0
2021-08-01,D9Y0V,"NHS HAMPSHIRE, SOUTHAMPTON AND ISLE OF WIGHT",4103,160700.75,0,0
2021-08-01,15N,"NHS DEVON",4153,143152.35,0,0
2021-08-01,52R,"NHS NOTTINGHAM AND NOTTINGHAMSHIRE",4540,152410.21,0,0
2021-08-01,71E,"NHS LINCOLNSHIRE",4556,139372.38,0,0
2021-08-01,W2U3Z,"NHS NORTH WEST LONDON",4857,187993.67,0,0
2021-08-01,91Q,"NHS KENT AND MEDWAY",7614,261604.25,0,0
2021-09-01,09W,"NHS MEDWAY",0,0,0,0
2021-09-01,D4U1Y,"NHS FRIMLEY",1,26.12,0,0
2021-09-01,03H,"NHS NORTH EAST LINCOLNSHIRE",175,5196.9,0,0
2021-09-01,00Q,"NHS BLACKBURN WITH DARWEN",179,5170.92,0,0
2021-09-01,02G,"NHS WEST LANCASHIRE",243,7964.91,0,0
2021-09-01,10R,"NHS PORTSMOUTH",287,12272.7,0,0
2021-09-01,01J,"NHS KNOWSLEY",344,10550.47,0,0
2021-09-01,05D,"NHS EAST STAFFORDSHIRE",344,11071.81,0,0
2021-09-01,01V,"NHS SOUTHPORT AND FORMBY",360,12482.43,0,0
2021-09-01,00R,"NHS BLACKPOOL",368,10759.66,0,0
2021-09-01,02T,"NHS CALDERDALE",374,14531.83,0,0
2021-09-01,12F,"NHS WIRRAL",401,13683.81,0,0
2021-09-01,01Y,"NHS TAMESIDE AND GLOSSOP",427,14649.98,0,0
2021-09-01,05G,"NHS NORTH STAFFORDSHIRE",442,14127.54,0,0
2021-09-01,01G,"NHS SALFORD",451,14833.01,0,0
2021-09-01,02M,"NHS FYLDE AND WYRE",460,13997.06,0,0
2021-09-01,01X,"NHS ST HELENS",470,15198.69,0,0
2021-09-01,02Q,"NHS BASSETLAW",472,13814.77,0,0
2021-09-01,04Y,"NHS CANNOCK CHASE",473,16347.33,0,0
2021-09-01,99G,"NHS SOUTHEND",490,18201.02,0,0
2021-09-01,00V,"NHS BURY",500,16034.36,0,0
2021-09-01,03K,"NHS NORTH LINCOLNSHIRE",518,14754.24,0,0
2021-09-01,05W,"NHS STOKE ON TRENT",545,17823.12,0,0
2021-09-01,01T,"NHS SOUTH SEFTON",558,17444.76,0,0
2021-09-01,01K,"NHS MORECAMBE BAY",567,19584.77,0,0
2021-09-01,99C,"NHS NORTH TYNESIDE",567,22600.53,0,0
2021-09-01,00N,"NHS SOUTH TYNESIDE",572,21230.1,0,0
2021-09-01,99F,"NHS CASTLE POINT AND ROCHFORD",574,19885.62,0,0
2021-09-01,02P,"NHS BARNSLEY",578,19024.08,0,0
2021-09-01,07G,"NHS THURROCK",582,17366.38,0,0
2021-09-01,01F,"NHS HALTON",588,18750.38,0,0
2021-09-01,01D,"NHS HEYWOOD, MIDDLETON AND ROCHDALE",597,20042.67,0,0
2021-09-01,05V,"NHS STAFFORD AND SURROUNDS",601,21686.66,0,0
2021-09-01,05Q,"NHS SOUTH EAST STAFFORDSHIRE AND SEISDON PENINSULA",607,22483.48,0,0
2021-09-01,02A,"NHS TRAFFORD",638,22849.37,0,0
2021-09-01,02E,"NHS WARRINGTON",639,21674.67,0,0
2021-09-01,01H,"NHS NORTH CUMBRIA",696,23396.76,0,0
2021-09-01,03R,"NHS WAKEFIELD",721,26361.37,0,0
2021-09-01,U2G6B,"NHS THAMES VALLEY ICB - U2G6B",722,26022.12,0,0
2021-09-01,99E,"NHS BASILDON AND BRENTWOOD",724,24795.14,0,0
2021-09-01,00P,"NHS SUNDERLAND",726,26975.03,0,0
2021-09-01,09D,"NHS BRIGHTON AND HOVE",785,34023.99,0,0
2021-09-01,00Y,"NHS OLDHAM",813,26715.07,0,0
2021-09-01,02H,"NHS WIGAN BOROUGH",838,27537.76,0,0
2021-09-01,00X,"NHS CHORLEY AND SOUTH RIBBLE",841,28255.61,0,0
2021-09-01,06L,"NHS IPSWICH AND EAST SUFFOLK",843,26764.92,0,0
2021-09-01,04C,"NHS LEICESTER CITY",863,28321.06,0,0
2021-09-01,01E,"NHS GREATER PRESTON",868,30291.95,0,0
2021-09-01,03Q,"NHS VALE OF YORK",878,32105.84,0,0
2021-09-01,00T,"NHS BOLTON",913,30853.86,0,0
2021-09-01,01W,"NHS STOCKPORT",942,31611.25,0,0
2021-09-01,06N,"NHS HERTS VALLEYS",987,38503.07,0,0
2021-09-01,06Q,"NHS MID ESSEX",993,30264.91,0,0
2021-09-01,01A,"NHS EAST LANCASHIRE",1035,31598.62,0,0
2021-09-01,07H,"NHS WEST ESSEX",1078,33647.53,0,0
2021-09-01,11X,"NHS SOMERSET",1094,37458.58,0,0
2021-09-01,07K,"NHS WEST SUFFOLK",1118,32536.89,0,0
2021-09-01,36J,"NHS BRADFORD DISTRICT AND CRAVEN",1122,38778.98,0,0
2021-09-01,06T,"NHS NORTH EAST ESSEX",1167,33962.04,0,0
2021-09-01,03L,"NHS ROTHERHAM",1195,36182.4,0,0
2021-09-01,02X,"NHS DONCASTER",1239,37579.55,0,0
2021-09-01,00L,"NHS NORTHUMBERLAND",1276,43674.5,0,0
2021-09-01,04V,"NHS WEST LEICESTERSHIRE",1344,44510.66,0,0
2021-09-01,X2C4Y,"NHS KIRKLEES",1345,53778.88,0,0
2021-09-01,03F,"NHS HULL",1357,41744.93,0,0
2021-09-01,14L,"NHS MANCHESTER",1511,49291.09,0,0
2021-09-01,15A,"NHS BERKSHIRE WEST",1526,52043.66,0,0
2021-09-01,99A,"NHS LIVERPOOL",1527,47724.97,0,0
2021-09-01,02Y,"NHS EAST RIDING OF YORKSHIRE",1545,48661.8,0,0
2021-09-01,11M,"NHS GLOUCESTERSHIRE",1559,56089.3,0,0
2021-09-01,M2L0M,"NHS SHROPSHIRE, TELFORD AND WREKIN",1601,61035.97,0,0
2021-09-01,06K,"NHS EAST AND NORTH HERTFORDSHIRE",1615,50270.05,0,0
2021-09-01,15F,"NHS LEEDS",1667,61979.26,0,0
2021-09-01,13T,"NHS NEWCASTLE GATESHEAD",1733,64277.9,0,0
2021-09-01,78H,"NHS NORTHAMPTONSHIRE",1767,50975.75,0,0
2021-09-01,15M,"NHS DERBY AND DERBYSHIRE",1851,74106.07,0,0
2021-09-01,27D,"NHS CHESHIRE",1893,64082.6,0,0
2021-09-01,14Y,"NHS BUCKINGHAMSHIRE",1952,67136.13,0,0
2021-09-01,15C,"NHS BRISTOL, NORTH SOMERSET AND SOUTH GLOUCESTERSHIRE",1973,86861.03,0,0
2021-09-01,92G,"NHS BATH AND NORTH EAST SOMERSET, SWINDON AND WILTSHIRE",1994,75059.05,0,0
2021-09-01,03W,"NHS EAST LEICESTERSHIRE AND RUTLAND",1997,69055.85,0,0
2021-09-01,18C,"NHS HEREFORDSHIRE AND WORCESTERSHIRE",1997,73490.26,0,0
2021-09-01,97R,"NHS EAST SUSSEX",2096,73899.19,0,0
2021-09-01,84H,"NHS COUNTY DURHAM",2108,75271.64,0,0
2021-09-01,11N,"NHS CORNWALL AND THE ISLES OF SCILLY",2121,67617.74,0,0
2021-09-01,10Q,"NHS OXFORDSHIRE",2293,83532.72,0,0
2021-09-01,42D,"NHS NORTH YORKSHIRE",2361,76534.63,0,0
2021-09-01,M1J4Y,"NHS BEDFORDSHIRE, LUTON AND MILTON KEYNES",2362,81774.64,0,0
2021-09-01,B2M3M,"NHS COVENTRY AND WARWICKSHIRE",2430,76291.71,0,0
2021-09-01,70F,"NHS WEST SUSSEX",2442,95728.25,0,0
2021-09-01,72Q,"NHS SOUTH EAST LONDON",2549,104593.48,0,0
2021-09-01,11J,"NHS DORSET",2580,90481.84,0,0
2021-09-01,93C,"NHS NORTH CENTRAL LONDON",2704,104086.45,0,0
2021-09-01,06H,"NHS CAMBRIDGESHIRE AND PETERBOROUGH",3179,96162.21,0,0
2021-09-01,03N,"NHS SHEFFIELD",3182,107772.84,0,0
2021-09-01,36L,"NHS SOUTH WEST LONDON",3186,121034.33,0,0
2021-09-01,15E,"NHS BIRMINGHAM AND SOLIHULL",3413,126414.58,0,0
2021-09-01,D2P2L,"NHS BLACK COUNTRY",3436,124940.06,0,0
2021-09-01,26A,"NHS NORFOLK AND WAVENEY",3629,120689.1,0,0
2021-09-01,16C,"NHS TEES VALLEY",3665,122305.93,0,0
2021-09-01,92A,"NHS SURREY HEARTLANDS",3792,146438.5,0,0
2021-09-01,A3A8R,"NHS NORTH EAST LONDON",4228,151785.26,0,0
2021-09-01,15N,"NHS DEVON",4316,149157.3,0,0
2021-09-01,D9Y0V,"NHS HAMPSHIRE, SOUTHAMPTON AND ISLE OF WIGHT",4395,170604.96,0,0
2021-09-01,52R,"NHS NOTTINGHAM AND NOTTINGHAMSHIRE",4695,157321.97,0,0
2021-09-01,71E,"NHS LINCOLNSHIRE",4777,145551.08,0,0
2021-09-01,W2U3Z,"NHS NORTH WEST LONDON",5201,201891.89,0,0
2021-09-01,91Q,"NHS KENT AND MEDWAY",8159,280833.03,0,0
2021-10-01,09W,"NHS MEDWAY",0,0,0,0
2021-10-01,D4U1Y,"NHS FRIMLEY",3,78.3,0,0
2021-10-01,03H,"NHS NORTH EAST LINCOLNSHIRE",162,4933.24,0,0
2021-10-01,00Q,"NHS BLACKBURN WITH DARWEN",168,5194.33,0,0
2021-10-01,02G,"NHS WEST LANCASHIRE",221,6969.26,0,0
2021-10-01,05D,"NHS EAST STAFFORDSHIRE",279,9108.96,0,0
2021-10-01,01J,"NHS KNOWSLEY",325,9762.36,0,0
2021-10-01,02T,"NHS CALDERDALE",331,12958.68,0,0
2021-10-01,01V,"NHS SOUTHPORT AND FORMBY",332,11067.09,0,0
2021-10-01,10R,"NHS PORTSMOUTH",333,14576.47,0,0
2021-10-01,00R,"NHS BLACKPOOL",364,10767.38,0,0
2021-10-01,12F,"NHS WIRRAL",393,13520.45,0,0
2021-10-01,01X,"NHS ST HELENS",411,13233.65,0,0
2021-10-01,02Q,"NHS BASSETLAW",420,11993.89,0,0
2021-10-01,01Y,"NHS TAMESIDE AND GLOSSOP",422,15282.07,0,0
2021-10-01,00V,"NHS BURY",431,13286.07,0,0
2021-10-01,01G,"NHS SALFORD",443,14199.39,0,0
2021-10-01,02M,"NHS FYLDE AND WYRE",457,13755.34,0,0
2021-10-01,03K,"NHS NORTH LINCOLNSHIRE",464,13337.61,0,0
2021-10-01,05G,"NHS NORTH STAFFORDSHIRE",464,14903.61,0,0
2021-10-01,01T,"NHS SOUTH SEFTON",473,14695.49,0,0
2021-10-01,04Y,"NHS CANNOCK CHASE",474,16835.06,0,0
2021-10-01,99G,"NHS SOUTHEND",493,18387.78,0,0
2021-10-01,05W,"NHS STOKE ON TRENT",517,16705.18,0,0
2021-10-01,01D,"NHS HEYWOOD, MIDDLETON AND ROCHDALE",534,17161.93,0,0
2021-10-01,99F,"NHS CASTLE POINT AND ROCHFORD",540,19027.52,0,0
2021-10-01,99C,"NHS NORTH TYNESIDE",544,22119.63,0,0
2021-10-01,01F,"NHS HALTON",559,17958.17,0,0
2021-10-01,07G,"NHS THURROCK",567,16927.25,0,0
2021-10-01,02P,"NHS BARNSLEY",570,19079.98,0,0
2021-10-01,05Q,"NHS SOUTH EAST STAFFORDSHIRE AND SEISDON PENINSULA",578,21428.5,0,0
2021-10-01,02A,"NHS TRAFFORD",579,21350.37,0,0
2021-10-01,00N,"NHS SOUTH TYNESIDE",584,21298.21,0,0
2021-10-01,05V,"NHS STAFFORD AND SURROUNDS",595,20932.49,0,0
2021-10-01,01K,"NHS MORECAMBE BAY",613,21258.71,0,0
2021-10-01,02E,"NHS WARRINGTON",631,22029.41,0,0
2021-10-01,00P,"NHS SUNDERLAND",645,23738.58,0,0
2021-10-01,01H,"NHS NORTH CUMBRIA",654,22484.66,0,0
2021-10-01,03R,"NHS WAKEFIELD",668,24651.92,0,0
2021-10-01,99E,"NHS BASILDON AND BRENTWOOD",682,23034.49,0,0
2021-10-01,U2G6B,"NHS THAMES VALLEY ICB - U2G6B",726,26126.94,0,0
2021-10-01,02H,"NHS WIGAN BOROUGH",759,25135.82,0,0
2021-10-01,09D,"NHS BRIGHTON AND HOVE",771,34385.72,0,0
2021-10-01,00Y,"NHS OLDHAM",774,25475.26,0,0
2021-10-01,00X,"NHS CHORLEY AND SOUTH RIBBLE",790,26310.38,0,0
2021-10-01,04C,"NHS LEICESTER CITY",807,26401.89,0,0
2021-10-01,06L,"NHS IPSWICH AND EAST SUFFOLK",809,25460.24,0,0
2021-10-01,03Q,"NHS VALE OF YORK",823,30015.32,0,0
2021-10-01,01E,"NHS GREATER PRESTON",847,28633.15,0,0
2021-10-01,00T,"NHS BOLTON",879,29951.32,0,0
2021-10-01,01W,"NHS STOCKPORT",941,32026.4,0,0
2021-10-01,06N,"NHS HERTS VALLEYS",964,36383.74,0,0
2021-10-01,06Q,"NHS MID ESSEX",977,29533.02,0,0
2021-10-01,01A,"NHS EAST LANCASHIRE",1008,30486.98,0,0
2021-10-01,11X,"NHS SOMERSET",1063,36409.35,0,0
2021-10-01,36J,"NHS BRADFORD DISTRICT AND CRAVEN",1073,35745.85,0,0
2021-10-01,07H,"NHS WEST ESSEX",1083,34139.87,0,0
2021-10-01,03L,"NHS ROTHERHAM",1104,33632.83,0,0
2021-10-01,07K,"NHS WEST SUFFOLK",1109,32051.59,0,0
2021-10-01,06T,"NHS NORTH EAST ESSEX",1140,33044.75,0,0
2021-10-01,04V,"NHS WEST LEICESTERSHIRE",1196,39464.7,0,0
2021-10-01,00L,"NHS NORTHUMBERLAND",1217,42047.91,0,0
2021-10-01,02X,"NHS DONCASTER",1243,37535.29,0,0
2021-10-01,X2C4Y,"NHS KIRKLEES",1254,50346.59,0,0
2021-10-01,14L,"NHS MANCHESTER",1358,43472.81,0,0
2021-10-01,03F,"NHS HULL",1365,42546.71,0,0
2021-10-01,02Y,"NHS EAST RIDING OF YORKSHIRE",1447,46341.3,0,0
2021-10-01,15A,"NHS BERKSHIRE WEST",1449,51143.37,0,0
2021-10-01,99A,"NHS LIVERPOOL",1483,46853.23,0,0
2021-10-01,11M,"NHS GLOUCESTERSHIRE",1484,53230.4,0,0
2021-10-01,15F,"NHS LEEDS",1523,55659.25,0,0
2021-10-01,M2L0M,"NHS SHROPSHIRE, TELFORD AND WREKIN",1568,59884.16,0,0
2021-10-01,13T,"NHS NEWCASTLE GATESHEAD",1575,58752.38,0,0
2021-10-01,06K,"NHS EAST AND NORTH HERTFORDSHIRE",1583,49410.4,0,0
2021-10-01,78H,"NHS NORTHAMPTONSHIRE",1671,49071.51,0,0
2021-10-01,15M,"NHS DERBY AND DERBYSHIRE",1769,70194.71,0,0
2021-10-01,03W,"NHS EAST LEICESTERSHIRE AND RUTLAND",1816,61714.37,0,0
2021-10-01,14Y,"NHS BUCKINGHAMSHIRE",1822,62849.25,0,0
2021-10-01,27D,"NHS CHESHIRE",1892,63712.18,0,0
2021-10-01,15C,"NHS BRISTOL, NORTH SOMERSET AND SOUTH GLOUCESTERSHIRE",1895,82982.66,0,0
2021-10-01,92G,"NHS BATH AND NORTH EAST SOMERSET, SWINDON AND WILTSHIRE",1923,72230.01,0,0
2021-10-01,84H,"NHS COUNTY DURHAM",1952,68514.44,0,0
2021-10-01,18C,"NHS HEREFORDSHIRE AND WORCESTERSHIRE",1978,72736.72,0,0
2021-10-01,97R,"NHS EAST SUSSEX",2016,70679.17,0,0
2021-10-01,11N,"NHS CORNWALL AND THE ISLES OF SCILLY",2057,65236.4,0,0
2021-10-01,42D,"NHS NORTH YORKSHIRE",2246,73404.35,0,0
2021-10-01,B2M3M,"NHS COVENTRY AND WARWICKSHIRE",2267,71425.54,0,0
2021-10-01,10Q,"NHS OXFORDSHIRE",2273,82840.17,0,0
2021-10-01,70F,"NHS WEST SUSSEX",2409,93881.12,0,0
2021-10-01,M1J4Y,"NHS BEDFORDSHIRE, LUTON AND MILTON KEYNES",2478,85832.59,0,0
2021-10-01,72Q,"NHS SOUTH EAST LONDON",2486,100836.92,0,0
2021-10-01,11J,"NHS DORSET",2555,90216.09,0,0
2021-10-01,93C,"NHS NORTH CENTRAL LONDON",2621,101764.75,0,0
2021-10-01,03N,"NHS SHEFFIELD",3066,103218.4,0,0
2021-10-01,36L,"NHS SOUTH WEST LONDON",3168,120740.44,0,0
2021-10-01,06H,"NHS CAMBRIDGESHIRE AND PETERBOROUGH",3196,95411.28,0,0
2021-10-01,D2P2L,"NHS BLACK COUNTRY",3236,119671.36,0,0
2021-10-01,15E,"NHS BIRMINGHAM AND SOLIHULL",3335,123625.49,0,0
2021-10-01,16C,"NHS TEES VALLEY",3540,118592.24,0,0
2021-10-01,26A,"NHS NORFOLK AND WAVENEY",3609,120369.87,0,0
2021-10-01,92A,"NHS SURREY HEARTLANDS",3887,150791.38,0,0
2021-10-01,A3A8R,"NHS NORTH EAST LONDON",4091,148056.87,0,0
2021-10-01,15N,"NHS DEVON",4148,143655.7,0,0
2021-10-01,D9Y0V,"NHS HAMPSHIRE, SOUTHAMPTON AND ISLE OF WIGHT",4324,169569.4,0,0
2021-10-01,52R,"NHS NOTTINGHAM AND NOTTINGHAMSHIRE",4458,148606.4,0,0
2021-10-01,71E,"NHS LINCOLNSHIRE",4625,140782.58,0,0
2021-10-01,W2U3Z,"NHS NORTH WEST LONDON",5092,197917.91,0,0
2021-10-01,91Q,"NHS KENT AND MEDWAY",7948,271588.19,0,0
2021-11-01,09W,"NHS MEDWAY",0,0,0,0
2021-11-01,D4U1Y,"NHS FRIMLEY",4,130.64,0,0
2021-11-01,03H,"NHS NORTH EAST LINCOLNSHIRE",173,5173.14,0,0
2021-11-01,00Q,"NHS BLACKBURN WITH DARWEN",181,5382.32,0,0
2021-11-01,02G,"NHS WEST LANCASHIRE",232,7446.13,0,0
2021-11-01,01J,"NHS KNOWSLEY",317,9745.45,0,0
2021-11-01,10R,"NHS PORTSMOUTH",325,14093.9,0,0
2021-11-01,05D,"NHS EAST STAFFORDSHIRE",327,10606.73,0,0
2021-11-01,01V,"NHS SOUTHPORT AND FORMBY",336,11626.04,0,0
2021-11-01,02T,"NHS CALDERDALE",379,14969.56,0,0
2021-11-01,12F,"NHS WIRRAL",403,13951.27,0,0
2021-11-01,00R,"NHS BLACKPOOL",405,11796.65,0,0
2021-11-01,01Y,"NHS TAMESIDE AND GLOSSOP",419,14434.63,0,0
2021-11-01,03K,"NHS NORTH LINCOLNSHIRE",444,12697.09,0,0
2021-11-01,04Y,"NHS CANNOCK CHASE",444,15544.85,0,0
2021-11-01,02Q,"NHS BASSETLAW",449,12971.91,0,0
2021-11-01,01X,"NHS ST HELENS",454,14474.24,0,0
2021-11-01,05G,"NHS NORTH STAFFORDSHIRE",468,14708.79,0,0
2021-11-01,00V,"NHS BURY",470,14814,0,0
2021-11-01,01G,"NHS SALFORD",474,15649.73,0,0
2021-11-01,01T,"NHS SOUTH SEFTON",512,15963.59,0,0
2021-11-01,02M,"NHS FYLDE AND WYRE",519,15636.53,0,0
2021-11-01,00N,"NHS SOUTH TYNESIDE",535,20299.25,0,0
2021-11-01,99C,"NHS NORTH TYNESIDE",535,21147.99,0,0
2021-11-01,99G,"NHS SOUTHEND",541,20207.92,0,0
2021-11-01,05W,"NHS STOKE ON TRENT",543,17191.53,0,0
2021-11-01,99F,"NHS CASTLE POINT AND ROCHFORD",554,19450.58,0,0
2021-11-01,02P,"NHS BARNSLEY",573,18954.44,0,0
2021-11-01,07G,"NHS THURROCK",577,17387.41,0,0
2021-11-01,05Q,"NHS SOUTH EAST STAFFORDSHIRE AND SEISDON PENINSULA",583,21370.52,0,0
2021-11-01,05V,"NHS STAFFORD AND SURROUNDS",588,21226.39,0,0
2021-11-01,01D,"NHS HEYWOOD, MIDDLETON AND ROCHDALE",603,19594.95,0,0
2021-11-01,01F,"NHS HALTON",610,19594.99,0,0
2021-11-01,02A,"NHS TRAFFORD",627,22494.19,0,0
2021-11-01,01K,"NHS MORECAMBE BAY",629,21644.73,0,0
2021-11-01,02E,"NHS WARRINGTON",662,23069.1,0,0
2021-11-01,03R,"NHS WAKEFIELD",663,24505.51,0,0
2021-11-01,00P,"NHS SUNDERLAND",671,25014.94,0,0
2021-11-01,01H,"NHS NORTH CUMBRIA",710,24595.67,0,0
2021-11-01,99E,"NHS BASILDON AND BRENTWOOD",734,25133.16,0,0
2021-11-01,U2G6B,"NHS THAMES VALLEY ICB - U2G6B",776,28528.93,0,0
2021-11-01,00Y,"NHS OLDHAM",780,25969.54,0,0
2021-11-01,04C,"NHS LEICESTER CITY",815,25996.13,0,0
2021-11-01,01E,"NHS GREATER PRESTON",822,28242.02,0,0
2021-11-01,06L,"NHS IPSWICH AND EAST SUFFOLK",823,25823.82,0,0
2021-11-01,09D,"NHS BRIGHTON AND HOVE",834,35685.62,0,0
2021-11-01,00X,"NHS CHORLEY AND SOUTH RIBBLE",839,28216.33,0,0
2021-11-01,02H,"NHS WIGAN BOROUGH",845,28712.66,0,0
2021-11-01,00T,"NHS BOLTON",892,30214.94,0,0
2021-11-01,03Q,"NHS VALE OF YORK",945,35216.34,0,0
2021-11-01,01W,"NHS STOCKPORT",987,33781,0,0
2021-11-01,06Q,"NHS MID ESSEX",989,29704.88,0,0
2021-11-01,01A,"NHS EAST LANCASHIRE",1001,30306.9,0,0
2021-11-01,06N,"NHS HERTS VALLEYS",1019,39578.8,0,0
2021-11-01,11X,"NHS SOMERSET",1074,36626.65,0,0
2021-11-01,06T,"NHS NORTH EAST ESSEX",1080,30790.22,0,0
2021-11-01,07H,"NHS WEST ESSEX",1086,34616.36,0,0
2021-11-01,03L,"NHS ROTHERHAM",1101,33272.93,0,0
2021-11-01,36J,"NHS BRADFORD DISTRICT AND CRAVEN",1124,38901.35,0,0
2021-11-01,07K,"NHS WEST SUFFOLK",1134,32395.57,0,0
2021-11-01,00L,"NHS NORTHUMBERLAND",1244,42388.37,0,0
2021-11-01,02X,"NHS DONCASTER",1255,38145.59,0,0
2021-11-01,04V,"NHS WEST LEICESTERSHIRE",1283,43316.12,0,0
2021-11-01,X2C4Y,"NHS KIRKLEES",1334,53046.16,0,0
2021-11-01,15A,"NHS BERKSHIRE WEST",1399,48148.7,0,0
2021-11-01,02Y,"NHS EAST RIDING OF YORKSHIRE",1458,45680.14,0,0
2021-11-01,03F,"NHS HULL",1464,46348.98,0,0
2021-11-01,14L,"NHS MANCHESTER",1465,46662.44,0,0
2021-11-01,99A,"NHS LIVERPOOL",1538,48700.42,0,0
2021-11-01,11M,"NHS GLOUCESTERSHIRE",1582,57800.1,0,0
2021-11-01,13T,"NHS NEWCASTLE GATESHEAD",1618,59343.88,0,0
2021-11-01,M2L0M,"NHS SHROPSHIRE, TELFORD AND WREKIN",1627,63232.37,0,0
2021-11-01,15F,"NHS LEEDS",1671,62465,0,0
2021-11-01,06K,"NHS EAST AND NORTH HERTFORDSHIRE",1700,53167.23,0,0
2021-11-01,78H,"NHS NORTHAMPTONSHIRE",1724,50502.44,0,0
2021-11-01,15M,"NHS DERBY AND DERBYSHIRE",1860,75420.37,0,0
2021-11-01,03W,"NHS EAST LEICESTERSHIRE AND RUTLAND",1921,66579.32,0,0
2021-11-01,27D,"NHS CHESHIRE",1936,66345.48,0,0
2021-11-01,14Y,"NHS BUCKINGHAMSHIRE",1952,67728.64,0,0
2021-11-01,92G,"NHS BATH AND NORTH EAST SOMERSET, SWINDON AND WILTSHIRE",1994,75380.93,0,0
2021-11-01,18C,"NHS HEREFORDSHIRE AND WORCESTERSHIRE",1998,72388.19,0,0
2021-11-01,84H,"NHS COUNTY DURHAM",2015,71583.79,0,0
2021-11-01,11N,"NHS CORNWALL AND THE ISLES OF SCILLY",2051,65506.88,0,0
2021-11-01,97R,"NHS EAST SUSSEX",2133,75200.21,0,0
2021-11-01,15C,"NHS BRISTOL, NORTH SOMERSET AND SOUTH GLOUCESTERSHIRE",2142,93471.27,0,0
2021-11-01,10Q,"NHS OXFORDSHIRE",2260,82474.81,0,0
2021-11-01,42D,"NHS NORTH YORKSHIRE",2414,79391.07,0,0
2021-11-01,B2M3M,"NHS COVENTRY AND WARWICKSHIRE",2416,75791.48,0,0
2021-11-01,72Q,"NHS SOUTH EAST LONDON",2498,102564.74,0,0
2021-11-01,M1J4Y,"NHS BEDFORDSHIRE, LUTON AND MILTON KEYNES",2550,89727.62,0,0
2021-11-01,70F,"NHS WEST SUSSEX",2608,103047.73,0,0
2021-11-01,11J,"NHS DORSET",2649,92822.59,0,0
2021-11-01,93C,"NHS NORTH CENTRAL LONDON",2691,104486.86,0,0
2021-11-01,03N,"NHS SHEFFIELD",3198,108736.76,0,0
2021-11-01,36L,"NHS SOUTH WEST LONDON",3233,122226.59,0,0
2021-11-01,06H,"NHS CAMBRIDGESHIRE AND PETERBOROUGH",3396,101614.71,0,0
2021-11-01,15E,"NHS BIRMINGHAM AND SOLIHULL",3460,126525.67,0,0
2021-11-01,D2P2L,"NHS BLACK COUNTRY",3475,129072.08,0,0
2021-11-01,16C,"NHS TEES VALLEY",3568,118273.79,0,0
2021-11-01,26A,"NHS NORFOLK AND WAVENEY",3681,121972.5,0,0
2021-11-01,92A,"NHS SURREY HEARTLANDS",3956,154460.49,0,0
2021-11-01,A3A8R,"NHS NORTH EAST LONDON",4305,153801.9,0,0
2021-11-01,D9Y0V,"NHS HAMPSHIRE, SOUTHAMPTON AND ISLE OF WIGHT",4418,172068.33,0,0
2021-11-01,15N,"NHS DEVON",4422,153379.72,0,0
2021-11-01,52R,"NHS NOTTINGHAM AND NOTTINGHAMSHIRE",4632,156492.98,0,0
2021-11-01,71E,"NHS LINCOLNSHIRE",4773,145748.73,0,0
2021-11-01,W2U3Z,"NHS NORTH WEST LONDON",5276,202390.9,0,0
2021-11-01,91Q,"NHS KENT AND MEDWAY",7930,273464.35,0,0
2021-12-01,09W,"NHS MEDWAY",0,0,0,0
2021-12-01,D4U1Y,"NHS FRIMLEY",4,130.74,0,0
2021-12-01,00Q,"NHS BLACKBURN WITH DARWEN",173,5046.61,0,0
2021-12-01,03H,"NHS NORTH EAST LINCOLNSHIRE",184,5451.78,0,0
2021-12-01,02G,"NHS WEST LANCASHIRE",268,8759.19,0,0
2021-12-01,05D,"NHS EAST STAFFORDSHIRE",342,11294.64,0,0
2021-12-01,10R,"NHS PORTSMOUTH",352,15255.24,0,0
2021-12-01,01J,"NHS KNOWSLEY",374,11452.63,0,0
2021-12-01,01V,"NHS SOUTHPORT AND FORMBY",381,13452.14,0,0
2021-12-01,02T,"NHS CALDERDALE",390,15634.68,0,0
2021-12-01,00R,"NHS BLACKPOOL",395,11648.86,0,0
2021-12-01,12F,"NHS WIRRAL",422,14341.38,0,0
2021-12-01,01Y,"NHS TAMESIDE AND GLOSSOP",439,15491.56,0,0
2021-12-01,01X,"NHS ST HELENS",460,14877.64,0,0
2021-12-01,01G,"NHS SALFORD",463,15295.89,0,0
2021-12-01,02Q,"NHS BASSETLAW",490,14132.51,0,0
2021-12-01,05G,"NHS NORTH STAFFORDSHIRE",499,16105.96,0,0
2021-12-01,04Y,"NHS CANNOCK CHASE",504,17687.79,0,0
2021-12-01,02M,"NHS FYLDE AND WYRE",522,16053.7,0,0
2021-12-01,99G,"NHS SOUTHEND",525,19125.67,0,0
2021-12-01,00V,"NHS BURY",531,16577.37,0,0
2021-12-01,03K,"NHS NORTH LINCOLNSHIRE",539,15478.52,0,0
2021-12-01,01T,"NHS SOUTH SEFTON",567,17335.84,0,0
2021-12-01,05W,"NHS STOKE ON TRENT",579,18930.36,0,0
2021-12-01,01D,"NHS HEYWOOD, MIDDLETON AND ROCHDALE",590,19753.8,0,0
2021-12-01,02P,"NHS BARNSLEY",592,19492.11,0,0
2021-12-01,01F,"NHS HALTON",614,19963.09,0,0
2021-12-01,99C,"NHS NORTH TYNESIDE",622,25621.85,0,0
2021-12-01,02A,"NHS TRAFFORD",625,22642.28,0,0
2021-12-01,07G,"NHS THURROCK",629,19152.77,0,0
2021-12-01,99F,"NHS CASTLE POINT AND ROCHFORD",637,23387.2,0,0
2021-12-01,00N,"NHS SOUTH TYNESIDE",640,23687.92,0,0
2021-12-01,02E,"NHS WARRINGTON",657,23073.92,0,0
2021-12-01,05V,"NHS STAFFORD AND SURROUNDS",671,24014.19,0,0
2021-12-01,05Q,"NHS SOUTH EAST STAFFORDSHIRE AND SEISDON PENINSULA",687,26302.12,0,0
2021-12-01,01K,"NHS MORECAMBE BAY",696,24184.54,0,0
2021-12-01,01H,"NHS NORTH CUMBRIA",730,24954.97,0,0
2021-12-01,03R,"NHS WAKEFIELD",740,27505.07,0,0
2021-12-01,99E,"NHS BASILDON AND BRENTWOOD",751,26172.31,0,0
2021-12-01,00P,"NHS SUNDERLAND",759,28132.76,0,0
2021-12-01,00Y,"NHS OLDHAM",803,26695.68,0,0
2021-12-01,U2G6B,"NHS THAMES VALLEY ICB - U2G6B",857,31178.83,0,0
2021-12-01,02H,"NHS WIGAN BOROUGH",858,29034.65,0,0
2021-12-01,04C,"NHS LEICESTER CITY",873,28722.25,0,0
2021-12-01,09D,"NHS BRIGHTON AND HOVE",876,39020.14,0,0
2021-12-01,00X,"NHS CHORLEY AND SOUTH RIBBLE",894,30173.03,0,0
2021-12-01,01E,"NHS GREATER PRESTON",903,31858.78,0,0
2021-12-01,06L,"NHS IPSWICH AND EAST SUFFOLK",907,28654.36,0,0
2021-12-01,03Q,"NHS VALE OF YORK",919,33531.43,0,0
2021-12-01,00T,"NHS BOLTON",928,30839.96,0,0
2021-12-01,01W,"NHS STOCKPORT",1023,34186.66,0,0
2021-12-01,06Q,"NHS MID ESSEX",1059,31910.7,0,0
2021-12-01,01A,"NHS EAST LANCASHIRE",1100,33807.96,0,0
2021-12-01,06N,"NHS HERTS VALLEYS",1129,43087.03,0,0
2021-12-01,36J,"NHS BRADFORD DISTRICT AND CRAVEN",1150,39428.43,0,0
2021-12-01,11X,"NHS SOMERSET",1178,40655.45,0,0
2021-12-01,07H,"NHS WEST ESSEX",1217,37520,0,0
2021-12-01,07K,"NHS WEST SUFFOLK",1225,35361.63,0,0
2021-12-01,03L,"NHS ROTHERHAM",1227,37090.02,0,0
2021-12-01,06T,"NHS NORTH EAST ESSEX",1233,35115.38,0,0
2021-12-01,X2C4Y,"NHS KIRKLEES",1324,53152.51,0,0
2021-12-01,00L,"NHS NORTHUMBERLAND",1342,46774.15,0,0
2021-12-01,04V,"NHS WEST LEICESTERSHIRE",1358,44239.26,0,0
2021-12-01,02X,"NHS DONCASTER",1429,43613.79,0,0
2021-12-01,03F,"NHS HULL",1535,48777.36,0,0
2021-12-01,14L,"NHS MANCHESTER",1578,51836,0,0
2021-12-01,15A,"NHS BERKSHIRE WEST",1625,56539.55,0,0
2021-12-01,02Y,"NHS EAST RIDING OF YORKSHIRE",1629,51441.54,0,0
2021-12-01,99A,"NHS LIVERPOOL",1636,51575.3,0,0
2021-12-01,11M,"NHS GLOUCESTERSHIRE",1688,61060.73,0,0
2021-12-01,15F,"NHS LEEDS",1753,64853.71,0,0
2021-12-01,06K,"NHS EAST AND NORTH HERTFORDSHIRE",1756,54228.3,0,0
2021-12-01,13T,"NHS NEWCASTLE GATESHEAD",1776,65886.87,0,0
2021-12-01,78H,"NHS NORTHAMPTONSHIRE",1815,52816.52,0,0
2021-12-01,M2L0M,"NHS SHROPSHIRE, TELFORD AND WREKIN",1815,70353.24,0,0
2021-12-01,15M,"NHS DERBY AND DERBYSHIRE",1968,78904.08,0,0
2021-12-01,27D,"NHS CHESHIRE",1974,67769.53,0,0
2021-12-01,03W,"NHS EAST LEICESTERSHIRE AND RUTLAND",2090,71546.5,0,0
2021-12-01,14Y,"NHS BUCKINGHAMSHIRE",2105,73284.89,0,0
2021-12-01,84H,"NHS COUNTY DURHAM",2145,76096.81,0,0
2021-12-01,18C,"NHS HEREFORDSHIRE AND WORCESTERSHIRE",2156,79058.33,0,0
2021-12-01,92G,"NHS BATH AND NORTH EAST SOMERSET, SWINDON AND WILTSHIRE",2163,80942.95,0,0
2021-12-01,15C,"NHS BRISTOL, NORTH SOMERSET AND SOUTH GLOUCESTERSHIRE",2233,98197.36,0,0
2021-12-01,97R,"NHS EAST SUSSEX",2287,80448.6,0,0
2021-12-01,11N,"NHS CORNWALL AND THE ISLES OF SCILLY",2302,74329.08,0,0
2021-12-01,42D,"NHS NORTH YORKSHIRE",2513,82106.58,0,0
2021-12-01,B2M3M,"NHS COVENTRY AND WARWICKSHIRE",2646,83615.58,0,0
2021-12-01,10Q,"NHS OXFORDSHIRE",2670,98616.68,0,0
2021-12-01,72Q,"NHS SOUTH EAST LONDON",2690,110448.8,0,0
2021-12-01,M1J4Y,"NHS BEDFORDSHIRE, LUTON AND MILTON KEYNES",2714,95392.81,0,0
2021-12-01,70F,"NHS WEST SUSSEX",2719,105716.42,0,0
2021-12-01,93C,"NHS NORTH CENTRAL LONDON",2854,110293.96,0,0
2021-12-01,11J,"NHS DORSET",2882,102672.51,0,0
2021-12-01,03N,"NHS SHEFFIELD",3432,117004.92,0,0
2021-12-01,15E,"NHS BIRMINGHAM AND SOLIHULL",3585,133813.11,0,0
2021-12-01,36L,"NHS SOUTH WEST LONDON",3593,136805.71,0,0
2021-12-01,06H,"NHS CAMBRIDGESHIRE AND PETERBOROUGH",3603,107772.32,0,0
2021-12-01,D2P2L,"NHS BLACK COUNTRY",3899,148401.42,0,0
2021-12-01,16C,"NHS TEES VALLEY",3939,133281.18,0,0
2021-12-01,26A,"NHS NORFOLK AND WAVENEY",3953,131897.61,0,0
2021-12-01,A3A8R,"NHS NORTH EAST LONDON",4230,154887.52,0,0
2021-12-01,92A,"NHS SURREY HEARTLANDS",4310,167652.9,0,0
2021-12-01,15N,"NHS DEVON",4694,162401.43,0,0
2021-12-01,52R,"NHS NOTTINGHAM AND NOTTINGHAMSHIRE",4980,166510.82,0,0
2021-12-01,D9Y0V,"NHS HAMPSHIRE, SOUTHAMPTON AND ISLE OF WIGHT",5064,198071.89,0,0
2021-12-01,71E,"NHS LINCOLNSHIRE",5223,160045.36,0,0
2021-12-01,W2U3Z,"NHS NORTH WEST LONDON",5379,208325.71,0,0
2021-12-01,91Q,"NHS KENT AND MEDWAY",8745,302592.63,0,0
2022-01-01,09W,"NHS MEDWAY",0,0,0,0
2022-01-01,D4U1Y,"NHS FRIMLEY",1,26.21,0,0
2022-01-01,03H,"NHS NORTH EAST LINCOLNSHIRE",171,5109.89,0,0
2022-01-01,00Q,"NHS BLACKBURN WITH DARWEN",183,5398.32,0,0
2022-01-01,02G,"NHS WEST LANCASHIRE",216,7022.76,0,0
2022-01-01,01V,"NHS SOUTHPORT AND FORMBY",316,10612.63,0,0
2022-01-01,10R,"NHS PORTSMOUTH",317,13913.12,0,0
2022-01-01,02T,"NHS CALDERDALE",320,12406.96,0,0
2022-01-01,05D,"NHS EAST STAFFORDSHIRE",323,10559.68,0,0
2022-01-01,01J,"NHS KNOWSLEY",330,10088.91,0,0
2022-01-01,00R,"NHS BLACKPOOL",367,10796.63,0,0
2022-01-01,01X,"NHS ST HELENS",399,13023.52,0,0
2022-01-01,12F,"NHS WIRRAL",405,13495.19,0,0
2022-01-01,01G,"NHS SALFORD",423,13966.83,0,0
2022-01-01,01Y,"NHS TAMESIDE AND GLOSSOP",424,14346.66,0,0
2022-01-01,02Q,"NHS BASSETLAW",433,12408.01,0,0
2022-01-01,04Y,"NHS CANNOCK CHASE",456,16350.85,0,0
2022-01-01,05G,"NHS NORTH STAFFORDSHIRE",457,14621.61,0,0
2022-01-01,03K,"NHS NORTH LINCOLNSHIRE",459,13232.72,0,0
2022-01-01,02M,"NHS FYLDE AND WYRE",470,14294.09,0,0
2022-01-01,00V,"NHS BURY",471,15093.82,0,0
2022-01-01,99G,"NHS SOUTHEND",479,17241.79,0,0
2022-01-01,01T,"NHS SOUTH SEFTON",496,15617.96,0,0
2022-01-01,00N,"NHS SOUTH TYNESIDE",504,18656.61,0,0
2022-01-01,05W,"NHS STOKE ON TRENT",518,16705.37,0,0
2022-01-01,02P,"NHS BARNSLEY",537,18250.79,0,0
2022-01-01,99F,"NHS CASTLE POINT AND ROCHFORD",555,19233.37,0,0
2022-01-01,05Q,"NHS SOUTH EAST STAFFORDSHIRE AND SEISDON PENINSULA",564,20700.42,0,0
2022-01-01,99C,"NHS NORTH TYNESIDE",564,22651.96,0,0
2022-01-01,01F,"NHS HALTON",566,18159.69,0,0
2022-01-01,01D,"NHS HEYWOOD, MIDDLETON AND ROCHDALE",567,18631.27,0,0
2022-01-01,01K,"NHS MORECAMBE BAY",578,19783.29,0,0
2022-01-01,07G,"NHS THURROCK",579,17530.84,0,0
2022-01-01,05V,"NHS STAFFORD AND SURROUNDS",589,21067.05,0,0
2022-01-01,02E,"NHS WARRINGTON",619,21775.13,0,0
2022-01-01,02A,"NHS TRAFFORD",632,23582.7,0,0
2022-01-01,00P,"NHS SUNDERLAND",660,24290.29,0,0
2022-01-01,03R,"NHS WAKEFIELD",685,25574,0,0
2022-01-01,99E,"NHS BASILDON AND BRENTWOOD",694,23884.63,0,0
2022-01-01,01H,"NHS NORTH CUMBRIA",719,24931.06,0,0
2022-01-01,U2G6B,"NHS THAMES VALLEY ICB - U2G6B",728,26281.97,0,0
2022-01-01,00Y,"NHS OLDHAM",761,25391.73,0,0
2022-01-01,09D,"NHS BRIGHTON AND HOVE",761,32778.52,0,0
2022-01-01,01E,"NHS GREATER PRESTON",802,27788.81,0,0
2022-01-01,04C,"NHS LEICESTER CITY",815,26715.29,0,0
2022-01-01,02H,"NHS WIGAN BOROUGH",822,27488.08,0,0
2022-01-01,06L,"NHS IPSWICH AND EAST SUFFOLK",824,25887.7,0,0
2022-01-01,00X,"NHS CHORLEY AND SOUTH RIBBLE",825,27461.86,0,0
2022-01-01,03Q,"NHS VALE OF YORK",866,31613.7,0,0
2022-01-01,00T,"NHS BOLTON",867,28837.57,0,0
2022-01-01,01W,"NHS STOCKPORT",969,33645.53,0,0
2022-01-01,06N,"NHS HERTS VALLEYS",1010,39290.58,0,0
2022-01-01,01A,"NHS EAST LANCASHIRE",1018,30593.64,0,0
2022-01-01,06Q,"NHS MID ESSEX",1022,31574.44,0,0
2022-01-01,11X,"NHS SOMERSET",1058,36814.11,0,0
2022-01-01,06T,"NHS NORTH EAST ESSEX",1076,31065.14,0,0
2022-01-01,07H,"NHS WEST ESSEX",1081,34784.84,0,0
2022-01-01,36J,"NHS BRADFORD DISTRICT AND CRAVEN",1124,38362.22,0,0
2022-01-01,03L,"NHS ROTHERHAM",1137,34708.21,0,0
2022-01-01,07K,"NHS WEST SUFFOLK",1168,33461.49,0,0
2022-01-01,00L,"NHS NORTHUMBERLAND",1205,41204.41,0,0
2022-01-01,04V,"NHS WEST LEICESTERSHIRE",1241,41073.8,0,0
2022-01-01,02X,"NHS DONCASTER",1244,37328.94,0,0
2022-01-01,X2C4Y,"NHS KIRKLEES",1297,52116.5,0,0
2022-01-01,02Y,"NHS EAST RIDING OF YORKSHIRE",1420,44676.27,0,0
2022-01-01,15A,"NHS BERKSHIRE WEST",1428,49588.77,0,0
2022-01-01,03F,"NHS HULL",1442,45609.05,0,0
2022-01-01,14L,"NHS MANCHESTER",1444,47783.33,0,0
2022-01-01,99A,"NHS LIVERPOOL",1468,46526.24,0,0
2022-01-01,11M,"NHS GLOUCESTERSHIRE",1482,53478.7,0,0
2022-01-01,M2L0M,"NHS SHROPSHIRE, TELFORD AND WREKIN",1515,58442.16,0,0
2022-01-01,78H,"NHS NORTHAMPTONSHIRE",1567,46276.79,0,0
2022-01-01,15F,"NHS LEEDS",1594,59048.1,0,0
2022-01-01,06K,"NHS EAST AND NORTH HERTFORDSHIRE",1619,50979.74,0,0
2022-01-01,13T,"NHS NEWCASTLE GATESHEAD",1640,61144.84,0,0
2022-01-01,27D,"NHS CHESHIRE",1780,61027.11,0,0
2022-01-01,03W,"NHS EAST LEICESTERSHIRE AND RUTLAND",1807,61432.44,0,0
2022-01-01,15M,"NHS DERBY AND DERBYSHIRE",1840,73653.73,0,0
2022-01-01,14Y,"NHS BUCKINGHAMSHIRE",1866,64694.46,0,0
2022-01-01,92G,"NHS BATH AND NORTH EAST SOMERSET, SWINDON AND WILTSHIRE",1925,71269.23,0,0
2022-01-01,18C,"NHS HEREFORDSHIRE AND WORCESTERSHIRE",1964,70965.78,0,0
2022-01-01,11N,"NHS CORNWALL AND THE ISLES OF SCILLY",1994,62937.69,0,0
2022-01-01,15C,"NHS BRISTOL, NORTH SOMERSET AND SOUTH GLOUCESTERSHIRE",2004,87264.7,0,0
2022-01-01,84H,"NHS COUNTY DURHAM",2030,71849.05,0,0
2022-01-01,97R,"NHS EAST SUSSEX",2102,73838.91,0,0
2022-01-01,B2M3M,"NHS COVENTRY AND WARWICKSHIRE",2332,73632.32,0,0
2022-01-01,10Q,"NHS OXFORDSHIRE",2356,85654.62,0,0
2022-01-01,42D,"NHS NORTH YORKSHIRE",2371,78094.17,0,0
2022-01-01,72Q,"NHS SOUTH EAST LONDON",2526,104808.7,0,0
2022-01-01,M1J4Y,"NHS BEDFORDSHIRE, LUTON AND MILTON KEYNES",2526,88802.66,0,0
2022-01-01,70F,"NHS WEST SUSSEX",2562,99620.99,0,0
2022-01-01,11J,"NHS DORSET",2610,91932.65,0,0
2022-01-01,93C,"NHS NORTH CENTRAL LONDON",2664,103566.19,0,0
2022-01-01,03N,"NHS SHEFFIELD",3065,103073.29,0,0
2022-01-01,36L,"NHS SOUTH WEST LONDON",3248,123258.44,0,0
2022-01-01,15E,"NHS BIRMINGHAM AND SOLIHULL",3377,125264,0,0
2022-01-01,06H,"NHS CAMBRIDGESHIRE AND PETERBOROUGH",3388,100909.25,0,0
2022-01-01,D2P2L,"NHS BLACK COUNTRY",3586,135927.44,0,0
2022-01-01,26A,"NHS NORFOLK AND WAVENEY",3683,123069.23,0,0
2022-01-01,16C,"NHS TEES VALLEY",3710,123892.43,0,0
2022-01-01,92A,"NHS SURREY HEARTLANDS",3888,152731.91,0,0
2022-01-01,A3A8R,"NHS NORTH EAST LONDON",4097,148101.32,0,0
2022-01-01,15N,"NHS DEVON",4320,149748.34,0,0
2022-01-01,D9Y0V,"NHS HAMPSHIRE, SOUTHAMPTON AND ISLE OF WIGHT",4481,175305.52,0,0
2022-01-01,52R,"NHS NOTTINGHAM AND NOTTINGHAMSHIRE",4491,150984.37,0,0
2022-01-01,71E,"NHS LINCOLNSHIRE",4616,140706.26,0,0
2022-01-01,W2U3Z,"NHS NORTH WEST LONDON",5170,201066.48,0,0
2022-01-01,91Q,"NHS KENT AND MEDWAY",7823,268565.73,0,0
2022-02-01,09W,"NHS MEDWAY",0,0,0,0
2022-02-01,D4U1Y,"NHS FRIMLEY",0,0,0,0
2022-02-01,00Q,"NHS BLACKBURN WITH DARWEN",148,4536.87,0,0
2022-02-01,03H,"NHS NORTH EAST LINCOLNSHIRE",158,4694.22,0,0
2022-02-01,02G,"NHS WEST LANCASHIRE",230,7368.89,0,0
2022-02-01,01V,"NHS SOUTHPORT AND FORMBY",295,10226.98,0,0
2022-02-01,01J,"NHS KNOWSLEY",312,9532.54,0,0
2022-02-01,05D,"NHS EAST STAFFORDSHIRE",321,10698.59,0,0
2022-02-01,00R,"NHS BLACKPOOL",322,9454.03,0,0
2022-02-01,10R,"NHS PORTSMOUTH",324,14342.84,0,0
2022-02-01,02T,"NHS CALDERDALE",327,13084.71,0,0
2022-02-01,12F,"NHS WIRRAL",360,12416.71,0,0
2022-02-01,01Y,"NHS TAMESIDE AND GLOSSOP",370,12665.86,0,0
2022-02-01,05G,"NHS NORTH STAFFORDSHIRE",388,12416.45,0,0
2022-02-01,04Y,"NHS CANNOCK CHASE",396,13924.3,0,0
2022-02-01,01X,"NHS ST HELENS",399,13242.88,0,0
2022-02-01,01G,"NHS SALFORD",404,13308.54,0,0
2022-02-01,02Q,"NHS BASSETLAW",422,12233.38,0,0
2022-02-01,02M,"NHS FYLDE AND WYRE",428,13163.79,0,0
2022-02-01,00V,"NHS BURY",437,13584.12,0,0
2022-02-01,03K,"NHS NORTH LINCOLNSHIRE",437,12770.3,0,0
2022-02-01,01T,"NHS SOUTH SEFTON",475,15026.33,0,0
2022-02-01,05W,"NHS STOKE ON TRENT",482,15799.8,0,0
2022-02-01,01F,"NHS HALTON",483,16088.04,0,0
2022-02-01,01D,"NHS HEYWOOD, MIDDLETON AND ROCHDALE",484,15694.91,0,0
2022-02-01,99G,"NHS SOUTHEND",484,17556.05,0,0
2022-02-01,02P,"NHS BARNSLEY",500,16717.19,0,0
2022-02-01,99F,"NHS CASTLE POINT AND ROCHFORD",502,18250.83,0,0
2022-02-01,99C,"NHS NORTH TYNESIDE",510,20544.71,0,0
2022-02-01,07G,"NHS THURROCK",523,15655.76,0,0
2022-02-01,05V,"NHS STAFFORD AND SURROUNDS",525,18591.42,0,0
2022-02-01,05Q,"NHS SOUTH EAST STAFFORDSHIRE AND SEISDON PENINSULA",537,20086.24,0,0
2022-02-01,00N,"NHS SOUTH TYNESIDE",540,20322.3,0,0
2022-02-01,02A,"NHS TRAFFORD",555,19614.73,0,0
2022-02-01,02E,"NHS WARRINGTON",558,19011.87,0,0
2022-02-01,01K,"NHS MORECAMBE BAY",566,19496.16,0,0
2022-02-01,03R,"NHS WAKEFIELD",600,22551.12,0,0
2022-02-01,00P,"NHS SUNDERLAND",621,22997.12,0,0
2022-02-01,01H,"NHS NORTH CUMBRIA",634,21973.01,0,0
2022-02-01,99E,"NHS BASILDON AND BRENTWOOD",656,22473.17,0,0
2022-02-01,02H,"NHS WIGAN BOROUGH",673,23063.32,0,0
2022-02-01,U2G6B,"NHS THAMES VALLEY ICB - U2G6B",680,25173.58,0,0
2022-02-01,00X,"NHS CHORLEY AND SOUTH RIBBLE",696,23286.36,0,0
2022-02-01,01E,"NHS GREATER PRESTON",707,24531.45,0,0
2022-02-01,00Y,"NHS OLDHAM",710,23666.66,0,0
2022-02-01,04C,"NHS LEICESTER CITY",737,23706.39,0,0
2022-02-01,09D,"NHS BRIGHTON AND HOVE",744,32278.23,0,0
2022-02-01,00T,"NHS BOLTON",750,24977.84,0,0
2022-02-01,06L,"NHS IPSWICH AND EAST SUFFOLK",760,24254.4,0,0
2022-02-01,03Q,"NHS VALE OF YORK",829,30732.13,0,0
2022-02-01,06Q,"NHS MID ESSEX",894,27114.33,0,0
2022-02-01,01W,"NHS STOCKPORT",900,30458.27,0,0
2022-02-01,01A,"NHS EAST LANCASHIRE",930,28714.78,0,0
2022-02-01,06N,"NHS HERTS VALLEYS",944,36225.46,0,0
2022-02-01,11X,"NHS SOMERSET",960,33603.12,0,0
2022-02-01,36J,"NHS BRADFORD DISTRICT AND CRAVEN",995,34601.07,0,0
2022-02-01,07H,"NHS WEST ESSEX",996,31244.42,0,0
2022-02-01,06T,"NHS NORTH EAST ESSEX",1032,29659.1,0,0
2022-02-01,03L,"NHS ROTHERHAM",1041,31442.85,0,0
2022-02-01,07K,"NHS WEST SUFFOLK",1074,31558.44,0,0
2022-02-01,02X,"NHS DONCASTER",1087,33291.45,0,0
2022-02-01,00L,"NHS NORTHUMBERLAND",1134,39398.99,0,0
2022-02-01,04V,"NHS WEST LEICESTERSHIRE",1144,38049.09,0,0
2022-02-01,X2C4Y,"NHS KIRKLEES",1153,46779.44,0,0
2022-02-01,14L,"NHS MANCHESTER",1264,41210.54,0,0
2022-02-01,15A,"NHS BERKSHIRE WEST",1295,44748.23,0,0
2022-02-01,03F,"NHS HULL",1314,41748.35,0,0
2022-02-01,99A,"NHS LIVERPOOL",1353,43282.47,0,0
2022-02-01,M2L0M,"NHS SHROPSHIRE, TELFORD AND WREKIN",1355,52860.48,0,0
2022-02-01,15F,"NHS LEEDS",1393,51631.67,0,0
2022-02-01,11M,"NHS GLOUCESTERSHIRE",1395,50056.95,0,0
2022-02-01,02Y,"NHS EAST RIDING OF YORKSHIRE",1447,45967.08,0,0
2022-02-01,78H,"NHS NORTHAMPTONSHIRE",1476,43452.49,0,0
2022-02-01,13T,"NHS NEWCASTLE GATESHEAD",1502,55971.68,0,0
2022-02-01,06K,"NHS EAST AND NORTH HERTFORDSHIRE",1507,47464.2,0,0
2022-02-01,27D,"NHS CHESHIRE",1632,55460.73,0,0
2022-02-01,03W,"NHS EAST LEICESTERSHIRE AND RUTLAND",1657,56679.21,0,0
2022-02-01,15M,"NHS DERBY AND DERBYSHIRE",1668,67650.86,0,0
2022-02-01,92G,"NHS BATH AND NORTH EAST SOMERSET, SWINDON AND WILTSHIRE",1722,65198.84,0,0
2022-02-01,18C,"NHS HEREFORDSHIRE AND WORCESTERSHIRE",1750,64423.23,0,0
2022-02-01,84H,"NHS COUNTY DURHAM",1845,65660.96,0,0
2022-02-01,14Y,"NHS BUCKINGHAMSHIRE",1848,63548.31,0,0
2022-02-01,11N,"NHS CORNWALL AND THE ISLES OF SCILLY",1925,60977.97,0,0
2022-02-01,15C,"NHS BRISTOL, NORTH SOMERSET AND SOUTH GLOUCESTERSHIRE",1939,84837.91,0,0
2022-02-01,97R,"NHS EAST SUSSEX",1991,69986.5,0,0
2022-02-01,42D,"NHS NORTH YORKSHIRE",2073,68371.7,0,0
2022-02-01,10Q,"NHS OXFORDSHIRE",2201,81063.01,0,0
2022-02-01,72Q,"NHS SOUTH EAST LONDON",2213,91972.08,0,0
2022-02-01,M1J4Y,"NHS BEDFORDSHIRE, LUTON AND MILTON KEYNES",2215,77893.95,0,0
2022-02-01,B2M3M,"NHS COVENTRY AND WARWICKSHIRE",2243,71536.15,0,0
2022-02-01,70F,"NHS WEST SUSSEX",2304,89795.63,0,0
2022-02-01,11J,"NHS DORSET",2408,84723.81,0,0
2022-02-01,93C,"NHS NORTH CENTRAL LONDON",2441,95054.99,0,0
2022-02-01,03N,"NHS SHEFFIELD",2884,98218.77,0,0
2022-02-01,36L,"NHS SOUTH WEST LONDON",2910,110920.07,0,0
2022-02-01,15E,"NHS BIRMINGHAM AND SOLIHULL",3061,114146.1,0,0
2022-02-01,06H,"NHS CAMBRIDGESHIRE AND PETERBOROUGH",3277,99579.24,0,0
2022-02-01,16C,"NHS TEES VALLEY",3352,111698.09,0,0
2022-02-01,D2P2L,"NHS BLACK COUNTRY",3355,129091.39,0,0
2022-02-01,26A,"NHS NORFOLK AND WAVENEY",3424,113131.02,0,0
2022-02-01,92A,"NHS SURREY HEARTLANDS",3448,135696.01,0,0
2022-02-01,A3A8R,"NHS NORTH EAST LONDON",3832,139137.34,0,0
2022-02-01,15N,"NHS DEVON",3915,135253.34,0,0
2022-02-01,D9Y0V,"NHS HAMPSHIRE, SOUTHAMPTON AND ISLE OF WIGHT",4241,165877.04,0,0
2022-02-01,52R,"NHS NOTTINGHAM AND NOTTINGHAMSHIRE",4281,143557.28,0,0
2022-02-01,71E,"NHS LINCOLNSHIRE",4285,131147.06,0,0
2022-02-01,W2U3Z,"NHS NORTH WEST LONDON",4681,181076.82,0,0
2022-02-01,91Q,"NHS KENT AND MEDWAY",7265,251534.87,0,0
2022-03-01,09W,"NHS MEDWAY",0,0,0,0
2022-03-01,D4U1Y,"NHS FRIMLEY",4,104.8,0,0
2022-03-01,03H,"NHS NORTH EAST LINCOLNSHIRE",171,5160.39,0,0
2022-03-01,00Q,"NHS BLACKBURN WITH DARWEN",177,5265.33,0,0
2022-03-01,02G,"NHS WEST LANCASHIRE",249,8277.48,0,0
2022-03-01,05D,"NHS EAST STAFFORDSHIRE",324,10346.3,0,0
2022-03-01,01V,"NHS SOUTHPORT AND FORMBY",346,12023.04,0,0
2022-03-01,02T,"NHS CALDERDALE",360,13934.68,0,0
2022-03-01,10R,"NHS PORTSMOUTH",367,16068.85,0,0
2022-03-01,01J,"NHS KNOWSLEY",379,11709.29,0,0
2022-03-01,00R,"NHS BLACKPOOL",385,11251.11,0,0
2022-03-01,12F,"NHS WIRRAL",417,14157.97,0,0
2022-03-01,01X,"NHS ST HELENS",430,14197.42,0,0
2022-03-01,01Y,"NHS TAMESIDE AND GLOSSOP",453,15873.6,0,0
2022-03-01,02Q,"NHS BASSETLAW",463,13372.46,0,0
2022-03-01,05G,"NHS NORTH STAFFORDSHIRE",470,15009.09,0,0
2022-03-01,04Y,"NHS CANNOCK CHASE",487,17641.32,0,0
2022-03-01,00V,"NHS BURY",488,15245.52,0,0
2022-03-01,03K,"NHS NORTH LINCOLNSHIRE",497,14354.22,0,0
2022-03-01,01G,"NHS SALFORD",499,16109.75,0,0
2022-03-01,01T,"NHS SOUTH SEFTON",501,15559.95,0,0
2022-03-01,99G,"NHS SOUTHEND",525,19121.31,0,0
2022-03-01,02M,"NHS FYLDE AND WYRE",526,16043.82,0,0
2022-03-01,05W,"NHS STOKE ON TRENT",536,16961.24,0,0
2022-03-01,00N,"NHS SOUTH TYNESIDE",545,20456.98,0,0
2022-03-01,99C,"NHS NORTH TYNESIDE",564,23481.54,0,0
2022-03-01,02P,"NHS BARNSLEY",565,18728.69,0,0
2022-03-01,99F,"NHS CASTLE POINT AND ROCHFORD",567,19593.07,0,0
2022-03-01,01F,"NHS HALTON",576,18467.33,0,0
2022-03-01,07G,"NHS THURROCK",589,17969.73,0,0
2022-03-01,02A,"NHS TRAFFORD",602,22054.99,0,0
2022-03-01,01D,"NHS HEYWOOD, MIDDLETON AND ROCHDALE",612,19894.84,0,0
2022-03-01,05Q,"NHS SOUTH EAST STAFFORDSHIRE AND SEISDON PENINSULA",623,23128.68,0,0
2022-03-01,01K,"NHS MORECAMBE BAY",631,21413.08,0,0
2022-03-01,02E,"NHS WARRINGTON",638,22395.82,0,0
2022-03-01,05V,"NHS STAFFORD AND SURROUNDS",655,23429.65,0,0
2022-03-01,00P,"NHS SUNDERLAND",662,24556.37,0,0
2022-03-01,99E,"NHS BASILDON AND BRENTWOOD",698,23457,0,0
2022-03-01,03R,"NHS WAKEFIELD",712,25970.82,0,0
2022-03-01,01H,"NHS NORTH CUMBRIA",755,26113.81,0,0
2022-03-01,U2G6B,"NHS THAMES VALLEY ICB - U2G6B",803,29611.68,0,0
2022-03-01,00X,"NHS CHORLEY AND SOUTH RIBBLE",808,27202.8,0,0
2022-03-01,02H,"NHS WIGAN BOROUGH",823,27373.21,0,0
2022-03-01,00Y,"NHS OLDHAM",840,27386.51,0,0
2022-03-01,04C,"NHS LEICESTER CITY",845,27164,0,0
2022-03-01,09D,"NHS BRIGHTON AND HOVE",852,37664.14,0,0
2022-03-01,06L,"NHS IPSWICH AND EAST SUFFOLK",853,27253.06,0,0
2022-03-01,01E,"NHS GREATER PRESTON",856,29428.88,0,0
2022-03-01,03Q,"NHS VALE OF YORK",909,33474.64,0,0
2022-03-01,00T,"NHS BOLTON",918,31040.24,0,0
2022-03-01,01W,"NHS STOCKPORT",960,33070.09,0,0
2022-03-01,06Q,"NHS MID ESSEX",993,30489.04,0,0
2022-03-01,01A,"NHS EAST LANCASHIRE",1031,31446.49,0,0
2022-03-01,11X,"NHS SOMERSET",1083,37010.37,0,0
2022-03-01,06N,"NHS HERTS VALLEYS",1089,41974.02,0,0
2022-03-01,36J,"NHS BRADFORD DISTRICT AND CRAVEN",1091,37666.92,0,0
2022-03-01,07H,"NHS WEST ESSEX",1112,34733.2,0,0
2022-03-01,06T,"NHS NORTH EAST ESSEX",1128,32704.33,0,0
2022-03-01,07K,"NHS WEST SUFFOLK",1176,33881.52,0,0
2022-03-01,03L,"NHS ROTHERHAM",1196,35966.13,0,0
2022-03-01,00L,"NHS NORTHUMBERLAND",1276,44790.42,0,0
2022-03-01,M2L0M,"NHS SHROPSHIRE, TELFORD AND WREKIN",1287,49947.07,0,0
2022-03-01,02X,"NHS DONCASTER",1301,39607.15,0,0
2022-03-01,04V,"NHS WEST LEICESTERSHIRE",1321,43678.3,0,0
2022-03-01,X2C4Y,"NHS KIRKLEES",1333,53537.93,0,0
2022-03-01,15A,"NHS BERKSHIRE WEST",1494,51836.45,0,0
2022-03-01,99A,"NHS LIVERPOOL",1506,47818.77,0,0
2022-03-01,14L,"NHS MANCHESTER",1507,48761.58,0,0
2022-03-01,03F,"NHS HULL",1510,48682.98,0,0
2022-03-01,02Y,"NHS EAST RIDING OF YORKSHIRE",1550,50107.76,0,0
2022-03-01,11M,"NHS GLOUCESTERSHIRE",1588,57558.06,0,0
2022-03-01,15F,"NHS LEEDS",1655,61527.64,0,0
2022-03-01,13T,"NHS NEWCASTLE GATESHEAD",1674,62039.18,0,0
2022-03-01,78H,"NHS NORTHAMPTONSHIRE",1729,50385.51,0,0
2022-03-01,06K,"NHS EAST AND NORTH HERTFORDSHIRE",1743,54209.57,0,0
2022-03-01,27D,"NHS CHESHIRE",1842,63139.72,0,0
2022-03-01,03W,"NHS EAST LEICESTERSHIRE AND RUTLAND",1904,65495.87,0,0
2022-03-01,14Y,"NHS BUCKINGHAMSHIRE",1922,66739.98,0,0
2022-03-01,15M,"NHS DERBY AND DERBYSHIRE",1944,77948.08,0,0
2022-03-01,92G,"NHS BATH AND NORTH EAST SOMERSET, SWINDON AND WILTSHIRE",2075,77476.45,0,0
2022-03-01,84H,"NHS COUNTY DURHAM",2081,74507.15,0,0
2022-03-01,18C,"NHS HEREFORDSHIRE AND WORCESTERSHIRE",2100,77644.31,0,0
2022-03-01,97R,"NHS EAST SUSSEX",2149,76692.77,0,0
2022-03-01,11N,"NHS CORNWALL AND THE ISLES OF SCILLY",2150,67851.42,0,0
2022-03-01,15C,"NHS BRISTOL, NORTH SOMERSET AND SOUTH GLOUCESTERSHIRE",2165,94880.57,0,0
2022-03-01,42D,"NHS NORTH YORKSHIRE",2401,79741.8,0,0
2022-03-01,B2M3M,"NHS COVENTRY AND WARWICKSHIRE",2498,79629.5,0,0
2022-03-01,10Q,"NHS OXFORDSHIRE",2512,93742.1,0,0
2022-03-01,M1J4Y,"NHS BEDFORDSHIRE, LUTON AND MILTON KEYNES",2557,89765.19,0,0
2022-03-01,70F,"NHS WEST SUSSEX",2595,101312.94,0,0
2022-03-01,72Q,"NHS SOUTH EAST LONDON",2629,106447.11,0,0
2022-03-01,11J,"NHS DORSET",2739,96299.26,0,0
2022-03-01,93C,"NHS NORTH CENTRAL LONDON",2782,108033.27,0,0
2022-03-01,03N,"NHS SHEFFIELD",3105,104279.68,0,0
2022-03-01,36L,"NHS SOUTH WEST LONDON",3385,130127.61,0,0
2022-03-01,15E,"NHS BIRMINGHAM AND SOLIHULL",3482,129605,0,0
2022-03-01,16C,"NHS TEES VALLEY",3734,127801.01,0,0
2022-03-01,06H,"NHS CAMBRIDGESHIRE AND PETERBOROUGH",3796,115447.7,0,0
2022-03-01,26A,"NHS NORFOLK AND WAVENEY",3818,127227.74,0,0
2022-03-01,D2P2L,"NHS BLACK COUNTRY",3858,150361.07,0,0
2022-03-01,92A,"NHS SURREY HEARTLANDS",3917,155713.43,0,0
2022-03-01,A3A8R,"NHS NORTH EAST LONDON",4198,152656.31,0,0
2022-03-01,15N,"NHS DEVON",4408,153674.45,0,0
2022-03-01,52R,"NHS NOTTINGHAM AND NOTTINGHAMSHIRE",4746,158931.33,0,0
2022-03-01,D9Y0V,"NHS HAMPSHIRE, SOUTHAMPTON AND ISLE OF WIGHT",4818,188690.18,0,0
2022-03-01,71E,"NHS LINCOLNSHIRE",4821,147962.4,0,0
2022-03-01,W2U3Z,"NHS NORTH WEST LONDON",5259,202800.25,0,0
2022-03-01,91Q,"NHS KENT AND MEDWAY",8258,284785.22,0,0
2022-04-01,09W,"NHS MEDWAY",0,0,0,0
2022-04-01,D4U1Y,"NHS FRIMLEY",5,131.05,0,0
2022-04-01,03H,"NHS NORTH EAST LINCOLNSHIRE",168,5189.48,0,0
2022-04-01,00Q,"NHS BLACKBURN WITH DARWEN",177,5268.25,0,0
2022-04-01,02G,"NHS WEST LANCASHIRE",216,7155.11,0,0
2022-04-01,01V,"NHS SOUTHPORT AND FORMBY",314,10680.18,0,0
2022-04-01,05D,"NHS EAST STAFFORDSHIRE",320,10404.42,0,0
2022-04-01,10R,"NHS PORTSMOUTH",324,14191.02,0,0
2022-04-01,01J,"NHS KNOWSLEY",346,10798.46,0,0
2022-04-01,02T,"NHS CALDERDALE",354,14152.05,0,0
2022-04-01,00R,"NHS BLACKPOOL",365,10877.24,0,0
2022-04-01,12F,"NHS WIRRAL",389,12960.4,0,0
2022-04-01,01Y,"NHS TAMESIDE AND GLOSSOP",397,13222.54,0,0
2022-04-01,01X,"NHS ST HELENS",408,13262,0,0
2022-04-01,05G,"NHS NORTH STAFFORDSHIRE",418,13536.57,0,0
2022-04-01,01G,"NHS SALFORD",426,13550.38,0,0
2022-04-01,00V,"NHS BURY",437,13471.94,0,0
2022-04-01,04Y,"NHS CANNOCK CHASE",440,15410.66,0,0
2022-04-01,02Q,"NHS BASSETLAW",441,12882.01,0,0
2022-04-01,03K,"NHS NORTH LINCOLNSHIRE",447,12920.8,0,0
2022-04-01,02M,"NHS FYLDE AND WYRE",455,13851.34,0,0
2022-04-01,99C,"NHS NORTH TYNESIDE",497,20454.83,0,0
2022-04-01,99G,"NHS SOUTHEND",499,18136.2,0,0
2022-04-01,01T,"NHS SOUTH SEFTON",501,15411.43,0,0
2022-04-01,05W,"NHS STOKE ON TRENT",515,16682.3,0,0
2022-04-01,02P,"NHS BARNSLEY",517,17153.74,0,0
2022-04-01,01F,"NHS HALTON",539,17586.57,0,0
2022-04-01,07G,"NHS THURROCK",543,16538.28,0,0
2022-04-01,01D,"NHS HEYWOOD, MIDDLETON AND ROCHDALE",548,18032.04,0,0
2022-04-01,00N,"NHS SOUTH TYNESIDE",553,20835.41,0,0
2022-04-01,99F,"NHS CASTLE POINT AND ROCHFORD",556,20036.21,0,0
2022-04-01,02E,"NHS WARRINGTON",560,19473.13,0,0
2022-04-01,05Q,"NHS SOUTH EAST STAFFORDSHIRE AND SEISDON PENINSULA",562,20861.71,0,0
2022-04-01,05V,"NHS STAFFORD AND SURROUNDS",562,20193.15,0,0
2022-04-01,02A,"NHS TRAFFORD",606,21910.27,0,0
2022-04-01,01K,"NHS MORECAMBE BAY",621,21372.65,0,0
2022-04-01,00P,"NHS SUNDERLAND",626,23325.21,0,0
2022-04-01,03R,"NHS WAKEFIELD",664,25159.51,0,0
2022-04-01,99E,"NHS BASILDON AND BRENTWOOD",670,22958.86,0,0
2022-04-01,01H,"NHS NORTH CUMBRIA",706,24189.1,0,0
2022-04-01,09D,"NHS BRIGHTON AND HOVE",713,30989.68,0,0
2022-04-01,U2G6B,"NHS THAMES VALLEY ICB - U2G6B",728,26784.8,0,0
2022-04-01,00Y,"NHS OLDHAM",762,24872.74,0,0
2022-04-01,02H,"NHS WIGAN BOROUGH",762,26208.89,0,0
2022-04-01,00X,"NHS CHORLEY AND SOUTH RIBBLE",799,26995.41,0,0
2022-04-01,00T,"NHS BOLTON",802,26405.97,0,0
2022-04-01,04C,"NHS LEICESTER CITY",803,26327.34,0,0
2022-04-01,06L,"NHS IPSWICH AND EAST SUFFOLK",811,25538.87,0,0
2022-04-01,03Q,"NHS VALE OF YORK",823,30073.64,0,0
2022-04-01,01E,"NHS GREATER PRESTON",828,28868.81,0,0
2022-04-01,01W,"NHS STOCKPORT",891,30415.53,0,0
2022-04-01,01A,"NHS EAST LANCASHIRE",969,29852.59,0,0
2022-04-01,06N,"NHS HERTS VALLEYS",982,38695.31,0,0
2022-04-01,11X,"NHS SOMERSET",992,33991.05,0,0
2022-04-01,06Q,"NHS MID ESSEX",997,29838.16,0,0
2022-04-01,36J,"NHS BRADFORD DISTRICT AND CRAVEN",1005,34359.62,0,0
2022-04-01,07H,"NHS WEST ESSEX",1029,32144.89,0,0
2022-04-01,M2L0M,"NHS SHROPSHIRE, TELFORD AND WREKIN",1066,40711.32,0,0
2022-04-01,03L,"NHS ROTHERHAM",1088,33037.73,0,0
2022-04-01,06T,"NHS NORTH EAST ESSEX",1117,32276.66,0,0
2022-04-01,07K,"NHS WEST SUFFOLK",1132,33048.6,0,0
2022-04-01,02X,"NHS DONCASTER",1172,35999.28,0,0
2022-04-01,X2C4Y,"NHS KIRKLEES",1217,49453.32,0,0
2022-04-01,00L,"NHS NORTHUMBERLAND",1220,42850,0,0
2022-04-01,04V,"NHS WEST LEICESTERSHIRE",1234,40701.72,0,0
2022-04-01,14L,"NHS MANCHESTER",1365,43796.21,0,0
2022-04-01,15A,"NHS BERKSHIRE WEST",1389,48812.35,0,0
2022-04-01,99A,"NHS LIVERPOOL",1400,44661.24,0,0
2022-04-01,03F,"NHS HULL",1460,46744.83,0,0
2022-04-01,11M,"NHS GLOUCESTERSHIRE",1481,53973.9,0,0
2022-04-01,02Y,"NHS EAST RIDING OF YORKSHIRE",1482,47056.64,0,0
2022-04-01,15F,"NHS LEEDS",1494,56255.01,0,0
2022-04-01,13T,"NHS NEWCASTLE GATESHEAD",1554,58588.13,0,0
2022-04-01,78H,"NHS NORTHAMPTONSHIRE",1569,46062.65,0,0
2022-04-01,06K,"NHS EAST AND NORTH HERTFORDSHIRE",1596,49745.26,0,0
2022-04-01,03W,"NHS EAST LEICESTERSHIRE AND RUTLAND",1707,58470.08,0,0
2022-04-01,15M,"NHS DERBY AND DERBYSHIRE",1744,70509.7,0,0
2022-04-01,27D,"NHS CHESHIRE",1771,60056.48,0,0
2022-04-01,92G,"NHS BATH AND NORTH EAST SOMERSET, SWINDON AND WILTSHIRE",1836,68898.21,0,0
2022-04-01,18C,"NHS HEREFORDSHIRE AND WORCESTERSHIRE",1853,69210.28,0,0
2022-04-01,14Y,"NHS BUCKINGHAMSHIRE",1873,65178.83,0,0
2022-04-01,84H,"NHS COUNTY DURHAM",1910,68010.55,0,0
2022-04-01,11N,"NHS CORNWALL AND THE ISLES OF SCILLY",2000,63356.29,0,0
2022-04-01,15C,"NHS BRISTOL, NORTH SOMERSET AND SOUTH GLOUCESTERSHIRE",2028,89535.25,0,0
2022-04-01,97R,"NHS EAST SUSSEX",2048,71744.26,0,0
2022-04-01,42D,"NHS NORTH YORKSHIRE",2256,73785.85,0,0
2022-04-01,10Q,"NHS OXFORDSHIRE",2338,84767.39,0,0
2022-04-01,B2M3M,"NHS COVENTRY AND WARWICKSHIRE",2351,75179.37,0,0
2022-04-01,M1J4Y,"NHS BEDFORDSHIRE, LUTON AND MILTON KEYNES",2391,83277.13,0,0
2022-04-01,72Q,"NHS SOUTH EAST LONDON",2404,99024.22,0,0
2022-04-01,70F,"NHS WEST SUSSEX",2442,95054.38,0,0
2022-04-01,93C,"NHS NORTH CENTRAL LONDON",2529,97545.44,0,0
2022-04-01,11J,"NHS DORSET",2627,92042.71,0,0
2022-04-01,03N,"NHS SHEFFIELD",3067,104049.77,0,0
2022-04-01,15E,"NHS BIRMINGHAM AND SOLIHULL",3167,117596.15,0,0
2022-04-01,36L,"NHS SOUTH WEST LONDON",3198,122338.68,0,0
2022-04-01,D2P2L,"NHS BLACK COUNTRY",3457,133345.54,0,0
2022-04-01,26A,"NHS NORFOLK AND WAVENEY",3517,117368.39,0,0
2022-04-01,16C,"NHS TEES VALLEY",3556,119526.39,0,0
2022-04-01,06H,"NHS CAMBRIDGESHIRE AND PETERBOROUGH",3599,108397.73,0,0
2022-04-01,92A,"NHS SURREY HEARTLANDS",3713,144886.79,0,0
2022-04-01,A3A8R,"NHS NORTH EAST LONDON",3836,139926.09,0,0
2022-04-01,15N,"NHS DEVON",4243,146763.72,0,0
2022-04-01,D9Y0V,"NHS HAMPSHIRE, SOUTHAMPTON AND ISLE OF WIGHT",4366,169495.74,0,0
2022-04-01,52R,"NHS NOTTINGHAM AND NOTTINGHAMSHIRE",4411,148131.34,0,0
2022-04-01,71E,"NHS LINCOLNSHIRE",4522,139436.57,0,0
2022-04-01,W2U3Z,"NHS NORTH WEST LONDON",4847,187516.71,0,0
2022-04-01,91Q,"NHS KENT AND MEDWAY",7627,263363.88,0,0
2022-05-01,09W,"NHS MEDWAY",0,0,0,0
2022-05-01,D4U1Y,"NHS FRIMLEY",1,26.21,0,0
2022-05-01,03H,"NHS NORTH EAST LINCOLNSHIRE",156,4756.17,0,0
2022-05-01,00Q,"NHS BLACKBURN WITH DARWEN",197,5896.12,0,0
2022-05-01,02G,"NHS WEST LANCASHIRE",229,7703.91,0,0
2022-05-01,05D,"NHS EAST STAFFORDSHIRE",295,9642.5,0,0
2022-05-01,01J,"NHS KNOWSLEY",326,10141.19,0,0
2022-05-01,01V,"NHS SOUTHPORT AND FORMBY",332,11568.81,0,0
2022-05-01,10R,"NHS PORTSMOUTH",336,15367,0,0
2022-05-01,02T,"NHS CALDERDALE",380,14751.94,0,0
2022-05-01,12F,"NHS WIRRAL",387,13219.74,0,0
2022-05-01,00R,"NHS BLACKPOOL",389,11687.39,0,0
2022-05-01,01X,"NHS ST HELENS",403,13364,0,0
2022-05-01,02Q,"NHS BASSETLAW",419,12132.63,0,0
2022-05-01,01Y,"NHS TAMESIDE AND GLOSSOP",425,15132.35,0,0
2022-05-01,02M,"NHS FYLDE AND WYRE",461,13822.42,0,0
2022-05-01,01G,"NHS SALFORD",462,15093.53,0,0
2022-05-01,05G,"NHS NORTH STAFFORDSHIRE",462,14857.25,0,0
2022-05-01,04Y,"NHS CANNOCK CHASE",465,16521.08,0,0
2022-05-01,00V,"NHS BURY",471,14779.31,0,0
2022-05-01,03K,"NHS NORTH LINCOLNSHIRE",475,13704.28,0,0
2022-05-01,99G,"NHS SOUTHEND",484,17647.72,0,0
2022-05-01,05W,"NHS STOKE ON TRENT",525,16718.41,0,0
2022-05-01,01F,"NHS HALTON",531,17216.03,0,0
2022-05-01,07G,"NHS THURROCK",534,16115.68,0,0
2022-05-01,01T,"NHS SOUTH SEFTON",546,17163.95,0,0
2022-05-01,00N,"NHS SOUTH TYNESIDE",548,20647.68,0,0
2022-05-01,02P,"NHS BARNSLEY",550,18787.73,0,0
2022-05-01,05V,"NHS STAFFORD AND SURROUNDS",581,20673.62,0,0
2022-05-01,05Q,"NHS SOUTH EAST STAFFORDSHIRE AND SEISDON PENINSULA",582,22114.89,0,0
2022-05-01,99C,"NHS NORTH TYNESIDE",584,24079.59,0,0
2022-05-01,99F,"NHS CASTLE POINT AND ROCHFORD",593,21067.21,0,0
2022-05-01,01D,"NHS HEYWOOD, MIDDLETON AND ROCHDALE",600,19836.4,0,0
2022-05-01,02A,"NHS TRAFFORD",614,22639.24,0,0
2022-05-01,01K,"NHS MORECAMBE BAY",617,21210.99,0,0
2022-05-01,02E,"NHS WARRINGTON",624,21368.99,0,0
2022-05-01,01H,"NHS NORTH CUMBRIA",684,23332.65,0,0
2022-05-01,99E,"NHS BASILDON AND BRENTWOOD",700,23635.67,0,0
2022-05-01,00P,"NHS SUNDERLAND",705,26635.01,0,0
2022-05-01,U2G6B,"NHS THAMES VALLEY ICB - U2G6B",729,26412.72,0,0
2022-05-01,03R,"NHS WAKEFIELD",731,28403.26,0,0
2022-05-01,02H,"NHS WIGAN BOROUGH",750,24658,0,0
2022-05-01,00Y,"NHS OLDHAM",760,24802.07,0,0
2022-05-01,04C,"NHS LEICESTER CITY",766,24880.79,0,0
2022-05-01,00X,"NHS CHORLEY AND SOUTH RIBBLE",767,25823.73,0,0
2022-05-01,06L,"NHS IPSWICH AND EAST SUFFOLK",789,24564.25,0,0
2022-05-01,09D,"NHS BRIGHTON AND HOVE",836,36695.09,0,0
2022-05-01,01E,"NHS GREATER PRESTON",837,29347.58,0,0
2022-05-01,03Q,"NHS VALE OF YORK",848,31573.76,0,0
2022-05-01,00T,"NHS BOLTON",881,29911.46,0,0
2022-05-01,01W,"NHS STOCKPORT",967,33435.61,0,0
2022-05-01,01A,"NHS EAST LANCASHIRE",979,29807.12,0,0
2022-05-01,06Q,"NHS MID ESSEX",984,29727,0,0
2022-05-01,11X,"NHS SOMERSET",1054,35857.52,0,0
2022-05-01,06N,"NHS HERTS VALLEYS",1085,41779.42,0,0
2022-05-01,07H,"NHS WEST ESSEX",1100,34915.91,0,0
2022-05-01,36J,"NHS BRADFORD DISTRICT AND CRAVEN",1107,38073.58,0,0
2022-05-01,06T,"NHS NORTH EAST ESSEX",1134,33161.02,0,0
2022-05-01,M2L0M,"NHS SHROPSHIRE, TELFORD AND WREKIN",1141,43428.04,0,0
2022-05-01,07K,"NHS WEST SUFFOLK",1151,33329.98,0,0
2022-05-01,03L,"NHS ROTHERHAM",1155,35074.78,0,0
2022-05-01,04V,"NHS WEST LEICESTERSHIRE",1240,41151.84,0,0
2022-05-01,02X,"NHS DONCASTER",1241,38245.46,0,0
2022-05-01,00L,"NHS NORTHUMBERLAND",1255,44059.78,0,0
2022-05-01,X2C4Y,"NHS KIRKLEES",1291,51736.03,0,0
2022-05-01,03F,"NHS HULL",1441,46328.92,0,0
2022-05-01,02Y,"NHS EAST RIDING OF YORKSHIRE",1463,47217.14,0,0
2022-05-01,14L,"NHS MANCHESTER",1472,48411.92,0,0
2022-05-01,99A,"NHS LIVERPOOL",1493,47324.98,0,0
2022-05-01,11M,"NHS GLOUCESTERSHIRE",1531,55024,0,0
2022-05-01,15A,"NHS BERKSHIRE WEST",1545,54186.72,0,0
2022-05-01,13T,"NHS NEWCASTLE GATESHEAD",1600,59493.47,0,0
2022-05-01,15F,"NHS LEEDS",1603,59165.48,0,0
2022-05-01,78H,"NHS NORTHAMPTONSHIRE",1628,47416.22,0,0
2022-05-01,06K,"NHS EAST AND NORTH HERTFORDSHIRE",1724,53350.88,0,0
2022-05-01,27D,"NHS CHESHIRE",1758,60554.97,0,0
2022-05-01,14Y,"NHS BUCKINGHAMSHIRE",1874,65178.77,0,0
2022-05-01,15M,"NHS DERBY AND DERBYSHIRE",1877,74255.77,0,0
2022-05-01,03W,"NHS EAST LEICESTERSHIRE AND RUTLAND",1927,66868.07,0,0
2022-05-01,92G,"NHS BATH AND NORTH EAST SOMERSET, SWINDON AND WILTSHIRE",1970,74084.82,0,0
2022-05-01,18C,"NHS HEREFORDSHIRE AND WORCESTERSHIRE",1973,72654.74,0,0
2022-05-01,84H,"NHS COUNTY DURHAM",2057,73328.56,0,0
2022-05-01,11N,"NHS CORNWALL AND THE ISLES OF SCILLY",2090,66591.7,0,0
2022-05-01,15C,"NHS BRISTOL, NORTH SOMERSET AND SOUTH GLOUCESTERSHIRE",2101,92765.71,0,0
2022-05-01,97R,"NHS EAST SUSSEX",2131,75475.95,0,0
2022-05-01,42D,"NHS NORTH YORKSHIRE",2333,76849.56,0,0
2022-05-01,10Q,"NHS OXFORDSHIRE",2351,87998.14,0,0
2022-05-01,B2M3M,"NHS COVENTRY AND WARWICKSHIRE",2473,80051.02,0,0
2022-05-01,72Q,"NHS SOUTH EAST LONDON",2508,102489.22,0,0
2022-05-01,70F,"NHS WEST SUSSEX",2558,99567.63,0,0
2022-05-01,M1J4Y,"NHS BEDFORDSHIRE, LUTON AND MILTON KEYNES",2586,90492.03,0,0
2022-05-01,11J,"NHS DORSET",2610,91682.98,0,0
2022-05-01,93C,"NHS NORTH CENTRAL LONDON",2652,101718.31,0,0
2022-05-01,03N,"NHS SHEFFIELD",3176,107762.36,0,0
2022-05-01,36L,"NHS SOUTH WEST LONDON",3285,125877.14,0,0
2022-05-01,15E,"NHS BIRMINGHAM AND SOLIHULL",3378,126244.9,0,0
2022-05-01,16C,"NHS TEES VALLEY",3703,124002.62,0,0
2022-05-01,26A,"NHS NORFOLK AND WAVENEY",3719,123905.24,0,0
2022-05-01,D2P2L,"NHS BLACK COUNTRY",3773,145607.12,0,0
2022-05-01,92A,"NHS SURREY HEARTLANDS",3798,148537.94,0,0
2022-05-01,06H,"NHS CAMBRIDGESHIRE AND PETERBOROUGH",3830,116261.46,0,0
2022-05-01,A3A8R,"NHS NORTH EAST LONDON",4231,154689.23,0,0
2022-05-01,15N,"NHS DEVON",4304,150899.89,0,0
2022-05-01,52R,"NHS NOTTINGHAM AND NOTTINGHAMSHIRE",4655,156158.14,0,0
2022-05-01,71E,"NHS LINCOLNSHIRE",4695,145093.41,0,0
2022-05-01,D9Y0V,"NHS HAMPSHIRE, SOUTHAMPTON AND ISLE OF WIGHT",4889,193565.48,0,0
2022-05-01,W2U3Z,"NHS NORTH WEST LONDON",5166,201418.04,0,0
2022-05-01,91Q,"NHS KENT AND MEDWAY",7858,272400.77,0,0
2022-06-01,09W,"NHS MEDWAY",0,0,0,0
2022-06-01,D4U1Y,"NHS FRIMLEY",7,183.45,0,0
2022-06-01,00Q,"NHS BLACKBURN WITH DARWEN",172,5188.59,0,0
2022-06-01,03H,"NHS NORTH EAST LINCOLNSHIRE",182,5607.72,0,0
2022-06-01,02G,"NHS WEST LANCASHIRE",229,7546.71,0,0
2022-06-01,05D,"NHS EAST STAFFORDSHIRE",318,10323.74,0,0
2022-06-01,01V,"NHS SOUTHPORT AND FORMBY",324,11097.19,0,0
2022-06-01,10R,"NHS PORTSMOUTH",332,14987.07,0,0
2022-06-01,01J,"NHS KNOWSLEY",347,10822.42,0,0
2022-06-01,00R,"NHS BLACKPOOL",370,11359.7,0,0
2022-06-01,02T,"NHS CALDERDALE",371,14738.68,0,0
2022-06-01,01Y,"NHS TAMESIDE AND GLOSSOP",383,13114.87,0,0
2022-06-01,12F,"NHS WIRRAL",384,13101.83,0,0
2022-06-01,01X,"NHS ST HELENS",422,13848.82,0,0
2022-06-01,00V,"NHS BURY",423,13390.39,0,0
2022-06-01,02M,"NHS FYLDE AND WYRE",450,13848.33,0,0
2022-06-01,02Q,"NHS BASSETLAW",453,12853.23,0,0
2022-06-01,01G,"NHS SALFORD",467,15276.94,0,0
2022-06-01,04Y,"NHS CANNOCK CHASE",471,16927.12,0,0
2022-06-01,03K,"NHS NORTH LINCOLNSHIRE",474,13756.7,0,0
2022-06-01,05G,"NHS NORTH STAFFORDSHIRE",474,15106.13,0,0
2022-06-01,01T,"NHS SOUTH SEFTON",476,14910.36,0,0
2022-06-01,99C,"NHS NORTH TYNESIDE",499,20018.4,0,0
2022-06-01,05W,"NHS STOKE ON TRENT",510,15958.56,0,0
2022-06-01,01D,"NHS HEYWOOD, MIDDLETON AND ROCHDALE",524,17255.22,0,0
2022-06-01,99G,"NHS SOUTHEND",526,19534.21,0,0
2022-06-01,01F,"NHS HALTON",530,17477.96,0,0
2022-06-01,02P,"NHS BARNSLEY",537,17503.97,0,0
2022-06-01,00N,"NHS SOUTH TYNESIDE",538,20320.09,0,0
2022-06-01,07G,"NHS THURROCK",540,16128.82,0,0
2022-06-01,05Q,"NHS SOUTH EAST STAFFORDSHIRE AND SEISDON PENINSULA",547,19704.5,0,0
2022-06-01,02A,"NHS TRAFFORD",554,19966.69,0,0
2022-06-01,02E,"NHS WARRINGTON",566,19914.45,0,0
2022-06-01,99F,"NHS CASTLE POINT AND ROCHFORD",574,20084.74,0,0
2022-06-01,05V,"NHS STAFFORD AND SURROUNDS",578,20450.97,0,0
2022-06-01,00P,"NHS SUNDERLAND",628,23097.77,0,0
2022-06-01,01K,"NHS MORECAMBE BAY",639,21669.55,0,0
2022-06-01,99E,"NHS BASILDON AND BRENTWOOD",716,24303.73,0,0
2022-06-01,03R,"NHS WAKEFIELD",720,27630.31,0,0
2022-06-01,01H,"NHS NORTH CUMBRIA",727,25140.32,0,0
2022-06-01,09D,"NHS BRIGHTON AND HOVE",743,32620.67,0,0
2022-06-01,U2G6B,"NHS THAMES VALLEY ICB - U2G6B",763,27775.08,0,0
2022-06-01,03Q,"NHS VALE OF YORK",786,28848.84,0,0
2022-06-01,00X,"NHS CHORLEY AND SOUTH RIBBLE",793,26570.49,0,0
2022-06-01,00Y,"NHS OLDHAM",794,26164.57,0,0
2022-06-01,04C,"NHS LEICESTER CITY",796,25811.06,0,0
2022-06-01,02H,"NHS WIGAN BOROUGH",830,28116.53,0,0
2022-06-01,00T,"NHS BOLTON",837,27448.66,0,0
2022-06-01,06L,"NHS IPSWICH AND EAST SUFFOLK",853,27091.99,0,0
2022-06-01,01E,"NHS GREATER PRESTON",857,29884.71,0,0
2022-06-01,06Q,"NHS MID ESSEX",939,29137.3,0,0
2022-06-01,01W,"NHS STOCKPORT",946,32662.49,0,0
2022-06-01,01A,"NHS EAST LANCASHIRE",969,29649.66,0,0
2022-06-01,07H,"NHS WEST ESSEX",1001,31482.87,0,0
2022-06-01,11X,"NHS SOMERSET",1007,34364.09,0,0
2022-06-01,06N,"NHS HERTS VALLEYS",1027,40508.25,0,0
2022-06-01,36J,"NHS BRADFORD DISTRICT AND CRAVEN",1069,37011.98,0,0
2022-06-01,M2L0M,"NHS SHROPSHIRE, TELFORD AND WREKIN",1088,40860.05,0,0
2022-06-01,06T,"NHS NORTH EAST ESSEX",1141,33056.38,0,0
2022-06-01,03L,"NHS ROTHERHAM",1153,35100.84,0,0
2022-06-01,07K,"NHS WEST SUFFOLK",1154,33304.13,0,0
2022-06-01,00L,"NHS NORTHUMBERLAND",1189,41426.19,0,0
2022-06-01,04V,"NHS WEST LEICESTERSHIRE",1228,41282.86,0,0
2022-06-01,X2C4Y,"NHS KIRKLEES",1248,50936.48,0,0
2022-06-01,02X,"NHS DONCASTER",1253,38336.96,0,0
2022-06-01,15A,"NHS BERKSHIRE WEST",1363,47046.52,0,0
2022-06-01,14L,"NHS MANCHESTER",1415,45320.1,0,0
2022-06-01,99A,"NHS LIVERPOOL",1420,44914.1,0,0
2022-06-01,03F,"NHS HULL",1473,47350.75,0,0
2022-06-01,11M,"NHS GLOUCESTERSHIRE",1520,54329.85,0,0
2022-06-01,02Y,"NHS EAST RIDING OF YORKSHIRE",1536,48802.33,0,0
2022-06-01,78H,"NHS NORTHAMPTONSHIRE",1556,45777.84,0,0
2022-06-01,15F,"NHS LEEDS",1567,58994.74,0,0
2022-06-01,13T,"NHS NEWCASTLE GATESHEAD",1581,59034.65,0,0
2022-06-01,27D,"NHS CHESHIRE",1734,59034.93,0,0
2022-06-01,06K,"NHS EAST AND NORTH HERTFORDSHIRE",1766,55604.27,0,0
2022-06-01,15M,"NHS DERBY AND DERBYSHIRE",1813,72814.25,0,0
2022-06-01,03W,"NHS EAST LEICESTERSHIRE AND RUTLAND",1842,62493.2,0,0
2022-06-01,92G,"NHS BATH AND NORTH EAST SOMERSET, SWINDON AND WILTSHIRE",1846,68254.94,0,0
2022-06-01,18C,"NHS HEREFORDSHIRE AND WORCESTERSHIRE",1875,68554.02,0,0
2022-06-01,14Y,"NHS BUCKINGHAMSHIRE",1893,66043.35,0,0
2022-06-01,11N,"NHS CORNWALL AND THE ISLES OF SCILLY",1954,61888.36,0,0
2022-06-01,84H,"NHS COUNTY DURHAM",2010,71873.9,0,0
2022-06-01,15C,"NHS BRISTOL, NORTH SOMERSET AND SOUTH GLOUCESTERSHIRE",2017,88298.31,0,0
2022-06-01,97R,"NHS EAST SUSSEX",2064,72672.35,0,0
2022-06-01,42D,"NHS NORTH YORKSHIRE",2184,71634.8,0,0
2022-06-01,10Q,"NHS OXFORDSHIRE",2399,88116.52,0,0
2022-06-01,M1J4Y,"NHS BEDFORDSHIRE, LUTON AND MILTON KEYNES",2449,85486.86,0,0
2022-06-01,B2M3M,"NHS COVENTRY AND WARWICKSHIRE",2469,79749.46,0,0
2022-06-01,72Q,"NHS SOUTH EAST LONDON",2507,103327.14,0,0
2022-06-01,70F,"NHS WEST SUSSEX",2513,98571.26,0,0
2022-06-01,11J,"NHS DORSET",2532,88944.31,0,0
2022-06-01,93C,"NHS NORTH CENTRAL LONDON",2623,103354.77,0,0
2022-06-01,03N,"NHS SHEFFIELD",3014,101434.1,0,0
2022-06-01,15E,"NHS BIRMINGHAM AND SOLIHULL",3295,121528.73,0,0
2022-06-01,36L,"NHS SOUTH WEST LONDON",3303,125745.93,0,0
2022-06-01,16C,"NHS TEES VALLEY",3647,121925.4,0,0
2022-06-01,D2P2L,"NHS BLACK COUNTRY",3711,142580.54,0,0
2022-06-01,26A,"NHS NORFOLK AND WAVENEY",3718,124102.52,0,0
2022-06-01,06H,"NHS CAMBRIDGESHIRE AND PETERBOROUGH",3734,112515.12,0,0
2022-06-01,92A,"NHS SURREY HEARTLANDS",3784,147895.94,0,0
2022-06-01,A3A8R,"NHS NORTH EAST LONDON",4035,146173.53,0,0
2022-06-01,15N,"NHS DEVON",4178,145959.72,0,0
2022-06-01,52R,"NHS NOTTINGHAM AND NOTTINGHAMSHIRE",4456,148860.34,0,0
2022-06-01,D9Y0V,"NHS HAMPSHIRE, SOUTHAMPTON AND ISLE OF WIGHT",4579,180215.29,0,0
2022-06-01,71E,"NHS LINCOLNSHIRE",4600,141594.45,0,0
2022-06-01,W2U3Z,"NHS NORTH WEST LONDON",5034,194828.07,0,0
2022-06-01,91Q,"NHS KENT AND MEDWAY",7797,271861.77,0,0
2022-07-01,09W,"NHS MEDWAY",0,0,0,0
2022-07-01,D4U1Y,"NHS FRIMLEY",2,78.56,0,0
2022-07-01,03H,"NHS NORTH EAST LINCOLNSHIRE",165,5028.63,0,0
2022-07-01,00Q,"NHS BLACKBURN WITH DARWEN",168,4976.43,0,0
2022-07-01,02G,"NHS WEST LANCASHIRE",228,7464.4,0,0
2022-07-01,01V,"NHS SOUTHPORT AND FORMBY",296,10358.23,0,0
2022-07-01,05D,"NHS EAST STAFFORDSHIRE",298,9454.45,0,0
2022-07-01,01J,"NHS KNOWSLEY",321,10005.06,0,0
2022-07-01,10R,"NHS PORTSMOUTH",337,15071.36,0,0
2022-07-01,02T,"NHS CALDERDALE",362,14417.13,0,0
2022-07-01,12F,"NHS WIRRAL",385,13186.76,0,0
2022-07-01,00R,"NHS BLACKPOOL",388,11943.3,0,0
2022-07-01,01X,"NHS ST HELENS",390,12624.06,0,0
2022-07-01,02Q,"NHS BASSETLAW",418,12231.19,0,0
2022-07-01,01G,"NHS SALFORD",434,14457.27,0,0
2022-07-01,01Y,"NHS TAMESIDE AND GLOSSOP",436,14771.48,0,0
2022-07-01,02M,"NHS FYLDE AND WYRE",465,14090.42,0,0
2022-07-01,04Y,"NHS CANNOCK CHASE",466,16604.45,0,0
2022-07-01,01T,"NHS SOUTH SEFTON",468,14614.76,0,0
2022-07-01,99G,"NHS SOUTHEND",478,17507.89,0,0
2022-07-01,03K,"NHS NORTH LINCOLNSHIRE",485,14103.38,0,0
2022-07-01,00V,"NHS BURY",486,15295.74,0,0
2022-07-01,05G,"NHS NORTH STAFFORDSHIRE",486,16002.06,0,0
2022-07-01,00N,"NHS SOUTH TYNESIDE",491,17992.41,0,0
2022-07-01,01F,"NHS HALTON",507,16552.69,0,0
2022-07-01,05W,"NHS STOKE ON TRENT",520,16644.44,0,0
2022-07-01,02P,"NHS BARNSLEY",543,18110.67,0,0
2022-07-01,99C,"NHS NORTH TYNESIDE",546,22339.17,0,0
2022-07-01,07G,"NHS THURROCK",555,16801.56,0,0
2022-07-01,01D,"NHS HEYWOOD, MIDDLETON AND ROCHDALE",560,18320.47,0,0
2022-07-01,02A,"NHS TRAFFORD",562,20506.73,0,0
2022-07-01,02E,"NHS WARRINGTON",570,19747.51,0,0
2022-07-01,05V,"NHS STAFFORD AND SURROUNDS",570,20375.33,0,0
2022-07-01,99F,"NHS CASTLE POINT AND ROCHFORD",575,20428.21,0,0
2022-07-01,01K,"NHS MORECAMBE BAY",598,20598.1,0,0
2022-07-01,05Q,"NHS SOUTH EAST STAFFORDSHIRE AND SEISDON PENINSULA",614,23073.02,0,0
2022-07-01,00P,"NHS SUNDERLAND",650,24173.05,0,0
2022-07-01,99E,"NHS BASILDON AND BRENTWOOD",660,22549.92,0,0
2022-07-01,01H,"NHS NORTH CUMBRIA",663,22208.15,0,0
2022-07-01,02H,"NHS WIGAN BOROUGH",699,23231.02,0,0
2022-07-01,03R,"NHS WAKEFIELD",727,28205.78,0,0
2022-07-01,00X,"NHS CHORLEY AND SOUTH RIBBLE",738,25025.1,0,0
2022-07-01,U2G6B,"NHS THAMES VALLEY ICB - U2G6B",748,27499.28,0,0
2022-07-01,04C,"NHS LEICESTER CITY",760,24684.98,0,0
2022-07-01,00Y,"NHS OLDHAM",765,24737.5,0,0
2022-07-01,09D,"NHS BRIGHTON AND HOVE",781,33979.57,0,0
2022-07-01,06L,"NHS IPSWICH AND EAST SUFFOLK",782,24551.96,0,0
2022-07-01,01E,"NHS GREATER PRESTON",786,27237.86,0,0
2022-07-01,00T,"NHS BOLTON",808,27198.98,0,0
2022-07-01,03Q,"NHS VALE OF YORK",863,31728.52,0,0
2022-07-01,01W,"NHS STOCKPORT",878,29791.81,0,0
2022-07-01,01A,"NHS EAST LANCASHIRE",919,27683.95,0,0
2022-07-01,06Q,"NHS MID ESSEX",939,28716.74,0,0
2022-07-01,06N,"NHS HERTS VALLEYS",1024,40278.5,0,0
2022-07-01,11X,"NHS SOMERSET",1037,35826.52,0,0
2022-07-01,07H,"NHS WEST ESSEX",1047,33235.34,0,0
2022-07-01,36J,"NHS BRADFORD DISTRICT AND CRAVEN",1062,36679.41,0,0
2022-07-01,07K,"NHS WEST SUFFOLK",1089,31480.15,0,0
2022-07-01,06T,"NHS NORTH EAST ESSEX",1092,31455.51,0,0
2022-07-01,03L,"NHS ROTHERHAM",1127,33603.98,0,0
2022-07-01,M2L0M,"NHS SHROPSHIRE, TELFORD AND WREKIN",1148,43864.67,0,0
2022-07-01,02X,"NHS DONCASTER",1179,35581.26,0,0
2022-07-01,00L,"NHS NORTHUMBERLAND",1207,42858.98,0,0
2022-07-01,X2C4Y,"NHS KIRKLEES",1247,50426.76,0,0
2022-07-01,04V,"NHS WEST LEICESTERSHIRE",1262,41786.51,0,0
2022-07-01,99A,"NHS LIVERPOOL",1336,42612.94,0,0
2022-07-01,15A,"NHS BERKSHIRE WEST",1403,48856.66,0,0
2022-07-01,14L,"NHS MANCHESTER",1422,46266.28,0,0
2022-07-01,11M,"NHS GLOUCESTERSHIRE",1433,51408.72,0,0
2022-07-01,78H,"NHS NORTHAMPTONSHIRE",1509,44576.55,0,0
2022-07-01,15F,"NHS LEEDS",1517,56372.77,0,0
2022-07-01,03F,"NHS HULL",1554,48977.74,0,0
2022-07-01,02Y,"NHS EAST RIDING OF YORKSHIRE",1562,50127.01,0,0
2022-07-01,13T,"NHS NEWCASTLE GATESHEAD",1596,59686.26,0,0
2022-07-01,27D,"NHS CHESHIRE",1659,56910.57,0,0
2022-07-01,06K,"NHS EAST AND NORTH HERTFORDSHIRE",1746,53429.68,0,0
2022-07-01,15M,"NHS DERBY AND DERBYSHIRE",1844,74872.66,0,0
2022-07-01,03W,"NHS EAST LEICESTERSHIRE AND RUTLAND",1848,64216.38,0,0
2022-07-01,92G,"NHS BATH AND NORTH EAST SOMERSET, SWINDON AND WILTSHIRE",1883,70067.41,0,0
2022-07-01,14Y,"NHS BUCKINGHAMSHIRE",1912,66468.59,0,0
2022-07-01,84H,"NHS COUNTY DURHAM",1929,69376.64,0,0
2022-07-01,18C,"NHS HEREFORDSHIRE AND WORCESTERSHIRE",1948,71780.8,0,0
2022-07-01,97R,"NHS EAST SUSSEX",1976,70121.69,0,0
2022-07-01,11N,"NHS CORNWALL AND THE ISLES OF SCILLY",2019,64751.87,0,0
2022-07-01,15C,"NHS BRISTOL, NORTH SOMERSET AND SOUTH GLOUCESTERSHIRE",2041,90257.82,0,0
2022-07-01,42D,"NHS NORTH YORKSHIRE",2279,75540.86,0,0
2022-07-01,72Q,"NHS SOUTH EAST LONDON",2426,100564.7,0,0
2022-07-01,10Q,"NHS OXFORDSHIRE",2435,89918.68,0,0
2022-07-01,B2M3M,"NHS COVENTRY AND WARWICKSHIRE",2458,80036.87,0,0
2022-07-01,70F,"NHS WEST SUSSEX",2472,96427.52,0,0
2022-07-01,M1J4Y,"NHS BEDFORDSHIRE, LUTON AND MILTON KEYNES",2474,86269.56,0,0
2022-07-01,11J,"NHS DORSET",2533,90654.91,0,0
2022-07-01,93C,"NHS NORTH CENTRAL LONDON",2592,101313.21,0,0
2022-07-01,03N,"NHS SHEFFIELD",3075,103610.23,0,0
2022-07-01,36L,"NHS SOUTH WEST LONDON",3191,123260.35,0,0
2022-07-01,15E,"NHS BIRMINGHAM AND SOLIHULL",3361,124990.28,0,0
2022-07-01,26A,"NHS NORFOLK AND WAVENEY",3556,118292.85,0,0
2022-07-01,16C,"NHS TEES VALLEY",3697,125426.39,0,0
2022-07-01,D2P2L,"NHS BLACK COUNTRY",3700,143556.84,0,0
2022-07-01,92A,"NHS SURREY HEARTLANDS",3739,146801.22,0,0
2022-07-01,06H,"NHS CAMBRIDGESHIRE AND PETERBOROUGH",3769,113873.19,0,0
2022-07-01,A3A8R,"NHS NORTH EAST LONDON",3970,144149.15,0,0
2022-07-01,15N,"NHS DEVON",4109,143321.32,0,0
2022-07-01,52R,"NHS NOTTINGHAM AND NOTTINGHAMSHIRE",4541,152283.07,0,0
2022-07-01,71E,"NHS LINCOLNSHIRE",4589,140778.27,0,0
2022-07-01,D9Y0V,"NHS HAMPSHIRE, SOUTHAMPTON AND ISLE OF WIGHT",4736,188336.16,0,0
2022-07-01,W2U3Z,"NHS NORTH WEST LONDON",4948,191849.93,0,0
2022-07-01,91Q,"NHS KENT AND MEDWAY",7406,256315.97,0,0
2022-08-01,09W,"NHS MEDWAY",0,0,0,0
2022-08-01,D4U1Y,"NHS FRIMLEY",1,26.18,0,0
2022-08-01,00Q,"NHS BLACKBURN WITH DARWEN",189,5575.97,0,0
2022-08-01,03H,"NHS NORTH EAST LINCOLNSHIRE",189,5798.31,0,0
2022-08-01,02G,"NHS WEST LANCASHIRE",217,7303.37,0,0
2022-08-01,05D,"NHS EAST STAFFORDSHIRE",314,10051.54,0,0
2022-08-01,01V,"NHS SOUTHPORT AND FORMBY",322,10876.47,0,0
2022-08-01,01J,"NHS KNOWSLEY",334,10287.88,0,0
2022-08-01,02T,"NHS CALDERDALE",357,14474.86,0,0
2022-08-01,10R,"NHS PORTSMOUTH",366,16895.47,0,0
2022-08-01,12F,"NHS WIRRAL",378,12800.46,0,0
2022-08-01,00R,"NHS BLACKPOOL",410,12944.77,0,0
2022-08-01,00V,"NHS BURY",414,12957.91,0,0
2022-08-01,01X,"NHS ST HELENS",423,13834.68,0,0
2022-08-01,01Y,"NHS TAMESIDE AND GLOSSOP",434,15156.23,0,0
2022-08-01,01G,"NHS SALFORD",446,14868.58,0,0
2022-08-01,02Q,"NHS BASSETLAW",448,13206.48,0,0
2022-08-01,99G,"NHS SOUTHEND",459,16818.19,0,0
2022-08-01,04Y,"NHS CANNOCK CHASE",480,16922.98,0,0
2022-08-01,05G,"NHS NORTH STAFFORDSHIRE",480,15640.43,0,0
2022-08-01,02M,"NHS FYLDE AND WYRE",493,15221.58,0,0
2022-08-01,03K,"NHS NORTH LINCOLNSHIRE",494,14213.94,0,0
2022-08-01,01T,"NHS SOUTH SEFTON",508,15758.96,0,0
2022-08-01,00N,"NHS SOUTH TYNESIDE",525,19815.11,0,0
2022-08-01,99F,"NHS CASTLE POINT AND ROCHFORD",538,18755.4,0,0
2022-08-01,99C,"NHS NORTH TYNESIDE",547,22105.02,0,0
2022-08-01,05W,"NHS STOKE ON TRENT",552,17656.65,0,0
2022-08-01,01F,"NHS HALTON",553,18350.07,0,0
2022-08-01,02P,"NHS BARNSLEY",553,18061.92,0,0
2022-08-01,07G,"NHS THURROCK",553,17093.74,0,0
2022-08-01,05V,"NHS STAFFORD AND SURROUNDS",556,19893.38,0,0
2022-08-01,01D,"NHS HEYWOOD, MIDDLETON AND ROCHDALE",561,18428.7,0,0
2022-08-01,02A,"NHS TRAFFORD",573,21124.08,0,0
2022-08-01,05Q,"NHS SOUTH EAST STAFFORDSHIRE AND SEISDON PENINSULA",586,21097.94,0,0
2022-08-01,02E,"NHS WARRINGTON",603,21346.87,0,0
2022-08-01,01K,"NHS MORECAMBE BAY",643,21621.37,0,0
2022-08-01,00P,"NHS SUNDERLAND",661,24618.46,0,0
2022-08-01,99E,"NHS BASILDON AND BRENTWOOD",661,22511.97,0,0
2022-08-01,01H,"NHS NORTH CUMBRIA",716,24525.96,0,0
2022-08-01,03R,"NHS WAKEFIELD",725,27471.29,0,0
2022-08-01,09D,"NHS BRIGHTON AND HOVE",738,32338.76,0,0
2022-08-01,U2G6B,"NHS THAMES VALLEY ICB - U2G6B",750,27641.86,0,0
2022-08-01,04C,"NHS LEICESTER CITY",781,24816.29,0,0
2022-08-01,00X,"NHS CHORLEY AND SOUTH RIBBLE",801,26949.1,0,0
2022-08-01,00Y,"NHS OLDHAM",804,26556.63,0,0
2022-08-01,02H,"NHS WIGAN BOROUGH",826,27682.17,0,0
2022-08-01,00T,"NHS BOLTON",838,27551.42,0,0
2022-08-01,06L,"NHS IPSWICH AND EAST SUFFOLK",856,27352.47,0,0
2022-08-01,01E,"NHS GREATER PRESTON",864,29566.37,0,0
2022-08-01,03Q,"NHS VALE OF YORK",898,33386.86,0,0
2022-08-01,01W,"NHS STOCKPORT",945,32367.48,0,0
2022-08-01,06N,"NHS HERTS VALLEYS",989,38674.06,0,0
2022-08-01,06Q,"NHS MID ESSEX",996,30416.4,0,0
2022-08-01,07H,"NHS WEST ESSEX",1032,32524.09,0,0
2022-08-01,11X,"NHS SOMERSET",1050,36043.32,0,0
2022-08-01,01A,"NHS EAST LANCASHIRE",1051,32538.35,0,0
2022-08-01,36J,"NHS BRADFORD DISTRICT AND CRAVEN",1055,36516.12,0,0
2022-08-01,06T,"NHS NORTH EAST ESSEX",1087,31151.18,0,0
2022-08-01,03L,"NHS ROTHERHAM",1133,33743.44,0,0
2022-08-01,07K,"NHS WEST SUFFOLK",1134,32903.23,0,0
2022-08-01,M2L0M,"NHS SHROPSHIRE, TELFORD AND WREKIN",1143,44037.73,0,0
2022-08-01,04V,"NHS WEST LEICESTERSHIRE",1226,40625.56,0,0
2022-08-01,X2C4Y,"NHS KIRKLEES",1235,49732.92,0,0
2022-08-01,02X,"NHS DONCASTER",1248,37866.2,0,0
2022-08-01,00L,"NHS NORTHUMBERLAND",1263,43831.34,0,0
2022-08-01,14L,"NHS MANCHESTER",1392,44880.99,0,0
2022-08-01,15A,"NHS BERKSHIRE WEST",1419,49197.15,0,0
2022-08-01,99A,"NHS LIVERPOOL",1461,45706.12,0,0
2022-08-01,03F,"NHS HULL",1462,46163.99,0,0
2022-08-01,11M,"NHS GLOUCESTERSHIRE",1478,53632.66,0,0
2022-08-01,78H,"NHS NORTHAMPTONSHIRE",1489,43715.41,0,0
2022-08-01,15F,"NHS LEEDS",1561,57115.83,0,0
2022-08-01,02Y,"NHS EAST RIDING OF YORKSHIRE",1606,52377.62,0,0
2022-08-01,13T,"NHS NEWCASTLE GATESHEAD",1664,62363.96,0,0
2022-08-01,27D,"NHS CHESHIRE",1788,61461.62,0,0
2022-08-01,15M,"NHS DERBY AND DERBYSHIRE",1830,72098.91,0,0
2022-08-01,06K,"NHS EAST AND NORTH HERTFORDSHIRE",1843,56778.28,0,0
2022-08-01,92G,"NHS BATH AND NORTH EAST SOMERSET, SWINDON AND WILTSHIRE",1894,70789.45,0,0
2022-08-01,03W,"NHS EAST LEICESTERSHIRE AND RUTLAND",1903,65399.78,0,0
2022-08-01,18C,"NHS HEREFORDSHIRE AND WORCESTERSHIRE",1904,69949.51,0,0
2022-08-01,14Y,"NHS BUCKINGHAMSHIRE",1910,67454.23,0,0
2022-08-01,84H,"NHS COUNTY DURHAM",1988,70609.56,0,0
2022-08-01,11N,"NHS CORNWALL AND THE ISLES OF SCILLY",2001,63748.91,0,0
2022-08-01,97R,"NHS EAST SUSSEX",2065,72493.51,0,0
2022-08-01,15C,"NHS BRISTOL, NORTH SOMERSET AND SOUTH GLOUCESTERSHIRE",2140,96557.09,0,0
2022-08-01,M1J4Y,"NHS BEDFORDSHIRE, LUTON AND MILTON KEYNES",2407,84025.25,0,0
2022-08-01,42D,"NHS NORTH YORKSHIRE",2412,79139.3,0,0
2022-08-01,70F,"NHS WEST SUSSEX",2425,94989.35,0,0
2022-08-01,B2M3M,"NHS COVENTRY AND WARWICKSHIRE",2472,80505.52,0,0
2022-08-01,72Q,"NHS SOUTH EAST LONDON",2477,102540.92,0,0
2022-08-01,10Q,"NHS OXFORDSHIRE",2504,93391.83,0,0
2022-08-01,93C,"NHS NORTH CENTRAL LONDON",2527,99048.22,0,0
2022-08-01,11J,"NHS DORSET",2586,90136.58,0,0
2022-08-01,03N,"NHS SHEFFIELD",3048,103005.62,0,0
2022-08-01,36L,"NHS SOUTH WEST LONDON",3186,121651.69,0,0
2022-08-01,15E,"NHS BIRMINGHAM AND SOLIHULL",3423,128942.25,0,0
2022-08-01,92A,"NHS SURREY HEARTLANDS",3585,142103.48,0,0
2022-08-01,D2P2L,"NHS BLACK COUNTRY",3714,142631.16,0,0
2022-08-01,26A,"NHS NORFOLK AND WAVENEY",3715,124473.15,0,0
2022-08-01,16C,"NHS TEES VALLEY",3815,128370.86,0,0
2022-08-01,06H,"NHS CAMBRIDGESHIRE AND PETERBOROUGH",3901,118041.29,0,0
2022-08-01,A3A8R,"NHS NORTH EAST LONDON",4037,148601.46,0,0
2022-08-01,15N,"NHS DEVON",4282,149475.47,0,0
2022-08-01,71E,"NHS LINCOLNSHIRE",4514,139094.63,0,0
2022-08-01,52R,"NHS NOTTINGHAM AND NOTTINGHAMSHIRE",4563,153589.91,0,0
2022-08-01,D9Y0V,"NHS HAMPSHIRE, SOUTHAMPTON AND ISLE OF WIGHT",4772,189047.72,0,0
2022-08-01,W2U3Z,"NHS NORTH WEST LONDON",4792,187940.29,0,0
2022-08-01,91Q,"NHS KENT AND MEDWAY",7776,269268.72,0,0
2022-09-01,09W,"NHS MEDWAY",0,0,0,0
2022-09-01,D4U1Y,"NHS FRIMLEY",3,78.54,0,0
2022-09-01,03H,"NHS NORTH EAST LINCOLNSHIRE",151,4712.57,0,0
2022-09-01,00Q,"NHS BLACKBURN WITH DARWEN",202,6126.46,0,0
2022-09-01,02G,"NHS WEST LANCASHIRE",219,7095.07,0,0
2022-09-01,01V,"NHS SOUTHPORT AND FORMBY",317,10747.1,0,0
2022-09-01,05D,"NHS EAST STAFFORDSHIRE",327,10497.99,0,0
2022-09-01,01J,"NHS KNOWSLEY",332,10302.34,0,0
2022-09-01,02T,"NHS CALDERDALE",357,14136.75,0,0
2022-09-01,10R,"NHS PORTSMOUTH",392,18049.74,0,0
2022-09-01,01X,"NHS ST HELENS",403,13155.9,0,0
2022-09-01,12F,"NHS WIRRAL",411,14098.09,0,0
2022-09-01,00V,"NHS BURY",438,13876.02,0,0
2022-09-01,01G,"NHS SALFORD",453,14713.64,0,0
2022-09-01,02Q,"NHS BASSETLAW",456,13247.65,0,0
2022-09-01,03K,"NHS NORTH LINCOLNSHIRE",465,13286.55,0,0
2022-09-01,01Y,"NHS TAMESIDE AND GLOSSOP",467,16310.34,0,0
2022-09-01,02M,"NHS FYLDE AND WYRE",474,14687.06,0,0
2022-09-01,01T,"NHS SOUTH SEFTON",494,15564.75,0,0
2022-09-01,04Y,"NHS CANNOCK CHASE",503,17540.74,0,0
2022-09-01,05G,"NHS NORTH STAFFORDSHIRE",504,16192.45,0,0
2022-09-01,99G,"NHS SOUTHEND",504,18051.09,0,0
2022-09-01,05W,"NHS STOKE ON TRENT",505,16101.4,0,0
2022-09-01,01F,"NHS HALTON",517,16952.13,0,0
2022-09-01,00R,"NHS BLACKPOOL",519,16860.55,0,0
2022-09-01,02P,"NHS BARNSLEY",527,17854.8,0,0
2022-09-01,00N,"NHS SOUTH TYNESIDE",529,19660.92,0,0
2022-09-01,99C,"NHS NORTH TYNESIDE",553,22422.29,0,0
2022-09-01,02A,"NHS TRAFFORD",567,20368.04,0,0
2022-09-01,05V,"NHS STAFFORD AND SURROUNDS",575,20498.4,0,0
2022-09-01,99F,"NHS CASTLE POINT AND ROCHFORD",576,20197.95,0,0
2022-09-01,07G,"NHS THURROCK",589,18025.67,0,0
2022-09-01,02E,"NHS WARRINGTON",595,20473.06,0,0
2022-09-01,01D,"NHS HEYWOOD, MIDDLETON AND ROCHDALE",603,19805.8,0,0
2022-09-01,05Q,"NHS SOUTH EAST STAFFORDSHIRE AND SEISDON PENINSULA",605,22488.33,0,0
2022-09-01,01K,"NHS MORECAMBE BAY",654,22475.06,0,0
2022-09-01,99E,"NHS BASILDON AND BRENTWOOD",696,23955.02,0,0
2022-09-01,00P,"NHS SUNDERLAND",706,26284.4,0,0
2022-09-01,U2G6B,"NHS THAMES VALLEY ICB - U2G6B",717,25852.69,0,0
2022-09-01,01H,"NHS NORTH CUMBRIA",718,24712.35,0,0
2022-09-01,09D,"NHS BRIGHTON AND HOVE",736,32356.46,0,0
2022-09-01,03R,"NHS WAKEFIELD",767,29713.41,0,0
2022-09-01,00Y,"NHS OLDHAM",777,25369.27,0,0
2022-09-01,02H,"NHS WIGAN BOROUGH",798,26822.01,0,0
2022-09-01,00X,"NHS CHORLEY AND SOUTH RIBBLE",804,27005.38,0,0
2022-09-01,00T,"NHS BOLTON",812,26809.16,0,0
2022-09-01,06L,"NHS IPSWICH AND EAST SUFFOLK",828,25930.16,0,0
2022-09-01,04C,"NHS LEICESTER CITY",834,27215.01,0,0
2022-09-01,01E,"NHS GREATER PRESTON",843,29387.31,0,0
2022-09-01,03Q,"NHS VALE OF YORK",856,31781.68,0,0
2022-09-01,01W,"NHS STOCKPORT",932,31743.95,0,0
2022-09-01,06Q,"NHS MID ESSEX",1005,31127.51,0,0
2022-09-01,11X,"NHS SOMERSET",1015,34922.58,0,0
2022-09-01,01A,"NHS EAST LANCASHIRE",1016,31207.51,0,0
2022-09-01,07H,"NHS WEST ESSEX",1029,31992.55,0,0
2022-09-01,06N,"NHS HERTS VALLEYS",1063,41140.56,0,0
2022-09-01,36J,"NHS BRADFORD DISTRICT AND CRAVEN",1096,37280.86,0,0
2022-09-01,07K,"NHS WEST SUFFOLK",1132,32698.75,0,0
2022-09-01,06T,"NHS NORTH EAST ESSEX",1136,32974.8,0,0
2022-09-01,03L,"NHS ROTHERHAM",1142,34585.81,0,0
2022-09-01,X2C4Y,"NHS KIRKLEES",1143,46703.03,0,0
2022-09-01,M2L0M,"NHS SHROPSHIRE, TELFORD AND WREKIN",1160,43887.02,0,0
2022-09-01,02X,"NHS DONCASTER",1214,37465.57,0,0
2022-09-01,04V,"NHS WEST LEICESTERSHIRE",1245,41456.13,0,0
2022-09-01,00L,"NHS NORTHUMBERLAND",1253,43798.37,0,0
2022-09-01,99A,"NHS LIVERPOOL",1375,44298.31,0,0
2022-09-01,15A,"NHS BERKSHIRE WEST",1423,49309.18,0,0
2022-09-01,78H,"NHS NORTHAMPTONSHIRE",1446,43001.71,0,0
2022-09-01,03F,"NHS HULL",1448,46641.62,0,0
2022-09-01,14L,"NHS MANCHESTER",1492,48369.33,0,0
2022-09-01,15F,"NHS LEEDS",1502,55591.96,0,0
2022-09-01,11M,"NHS GLOUCESTERSHIRE",1508,54595.98,0,0
2022-09-01,02Y,"NHS EAST RIDING OF YORKSHIRE",1599,52672.75,0,0
2022-09-01,13T,"NHS NEWCASTLE GATESHEAD",1635,62058.58,0,0
2022-09-01,27D,"NHS CHESHIRE",1693,57818.56,0,0
2022-09-01,06K,"NHS EAST AND NORTH HERTFORDSHIRE",1811,55686.6,0,0
2022-09-01,14Y,"NHS BUCKINGHAMSHIRE",1851,64898.68,0,0
2022-09-01,03W,"NHS EAST LEICESTERSHIRE AND RUTLAND",1855,65055.81,0,0
2022-09-01,15M,"NHS DERBY AND DERBYSHIRE",1869,74818.32,0,0
2022-09-01,92G,"NHS BATH AND NORTH EAST SOMERSET, SWINDON AND WILTSHIRE",1874,70917.35,0,0
2022-09-01,18C,"NHS HEREFORDSHIRE AND WORCESTERSHIRE",1921,69790.05,0,0
2022-09-01,11N,"NHS CORNWALL AND THE ISLES OF SCILLY",1967,62514.97,0,0
2022-09-01,84H,"NHS COUNTY DURHAM",2040,73865.83,0,0
2022-09-01,97R,"NHS EAST SUSSEX",2159,75920.37,0,0
2022-09-01,15C,"NHS BRISTOL, NORTH SOMERSET AND SOUTH GLOUCESTERSHIRE",2160,95171.03,0,0
2022-09-01,42D,"NHS NORTH YORKSHIRE",2295,75943.9,0,0
2022-09-01,72Q,"NHS SOUTH EAST LONDON",2352,96639.04,0,0
2022-09-01,10Q,"NHS OXFORDSHIRE",2405,89151.41,0,0
2022-09-01,70F,"NHS WEST SUSSEX",2416,94702.16,0,0
2022-09-01,M1J4Y,"NHS BEDFORDSHIRE, LUTON AND MILTON KEYNES",2437,85542.82,0,0
2022-09-01,B2M3M,"NHS COVENTRY AND WARWICKSHIRE",2449,79875.37,0,0
2022-09-01,11J,"NHS DORSET",2609,91929.44,0,0
2022-09-01,93C,"NHS NORTH CENTRAL LONDON",2709,105738.02,0,0
2022-09-01,03N,"NHS SHEFFIELD",3023,101319.23,0,0
2022-09-01,36L,"NHS SOUTH WEST LONDON",3208,123514.52,0,0
2022-09-01,15E,"NHS BIRMINGHAM AND SOLIHULL",3459,128961.07,0,0
2022-09-01,26A,"NHS NORFOLK AND WAVENEY",3710,122396.4,0,0
2022-09-01,92A,"NHS SURREY HEARTLANDS",3711,146077.78,0,0
2022-09-01,16C,"NHS TEES VALLEY",3752,126177.47,0,0
2022-09-01,D2P2L,"NHS BLACK COUNTRY",3779,147350.19,0,0
2022-09-01,06H,"NHS CAMBRIDGESHIRE AND PETERBOROUGH",3863,117193.89,0,0
2022-09-01,A3A8R,"NHS NORTH EAST LONDON",4064,149892.1,0,0
2022-09-01,15N,"NHS DEVON",4189,146342.09,0,0
2022-09-01,52R,"NHS NOTTINGHAM AND NOTTINGHAMSHIRE",4523,150602,0,0
2022-09-01,71E,"NHS LINCOLNSHIRE",4561,140973.32,0,0
2022-09-01,D9Y0V,"NHS HAMPSHIRE, SOUTHAMPTON AND ISLE OF WIGHT",5008,198591.74,0,0
2022-09-01,W2U3Z,"NHS NORTH WEST LONDON",5062,196763.47,0,0
2022-09-01,91Q,"NHS KENT AND MEDWAY",7623,265053.22,0,0
2022-10-01,09W,"NHS MEDWAY",0,0,0,0
2022-10-01,D4U1Y,"NHS FRIMLEY",3,78.48,0,0
2022-10-01,03H,"NHS NORTH EAST LINCOLNSHIRE",162,5022.18,0,0
2022-10-01,00Q,"NHS BLACKBURN WITH DARWEN",169,4943.92,0,0
2022-10-01,02G,"NHS WEST LANCASHIRE",190,6225.35,0,0
2022-10-01,05D,"NHS EAST STAFFORDSHIRE",260,8840.32,0,0
2022-10-01,01V,"NHS SOUTHPORT AND FORMBY",302,10462.56,0,0
2022-10-01,01J,"NHS KNOWSLEY",323,9926.83,0,0
2022-10-01,02T,"NHS CALDERDALE",364,14346.18,0,0
2022-10-01,10R,"NHS PORTSMOUTH",371,16372.62,0,0
2022-10-01,12F,"NHS WIRRAL",380,12973.65,0,0
2022-10-01,01X,"NHS ST HELENS",400,13235.39,0,0
2022-10-01,02Q,"NHS BASSETLAW",406,11770.75,0,0
2022-10-01,01Y,"NHS TAMESIDE AND GLOSSOP",441,15432.22,0,0
2022-10-01,01G,"NHS SALFORD",454,15092.52,0,0
2022-10-01,02M,"NHS FYLDE AND WYRE",455,13941.34,0,0
2022-10-01,00V,"NHS BURY",456,14517.32,0,0
2022-10-01,04Y,"NHS CANNOCK CHASE",457,15955.33,0,0
2022-10-01,03K,"NHS NORTH LINCOLNSHIRE",471,13261.36,0,0
2022-10-01,00R,"NHS BLACKPOOL",478,15537.29,0,0
2022-10-01,01F,"NHS HALTON",483,15681.11,0,0
2022-10-01,05G,"NHS NORTH STAFFORDSHIRE",494,16610.87,0,0
2022-10-01,01T,"NHS SOUTH SEFTON",504,15328.43,0,0
2022-10-01,99G,"NHS SOUTHEND",508,18479.22,0,0
2022-10-01,99F,"NHS CASTLE POINT AND ROCHFORD",509,17786.29,0,0
2022-10-01,02P,"NHS BARNSLEY",514,17315.44,0,0
2022-10-01,99C,"NHS NORTH TYNESIDE",515,20806.33,0,0
2022-10-01,01D,"NHS HEYWOOD, MIDDLETON AND ROCHDALE",529,16740.69,0,0
2022-10-01,00N,"NHS SOUTH TYNESIDE",538,20296.73,0,0
2022-10-01,07G,"NHS THURROCK",539,16897.45,0,0
2022-10-01,05V,"NHS STAFFORD AND SURROUNDS",541,19812.53,0,0
2022-10-01,05Q,"NHS SOUTH EAST STAFFORDSHIRE AND SEISDON PENINSULA",545,20427.51,0,0
2022-10-01,05W,"NHS STOKE ON TRENT",551,17773.74,0,0
2022-10-01,02E,"NHS WARRINGTON",565,19891.87,0,0
2022-10-01,02A,"NHS TRAFFORD",573,21081.58,0,0
2022-10-01,00P,"NHS SUNDERLAND",623,23121.73,0,0
2022-10-01,01K,"NHS MORECAMBE BAY",671,21853.52,0,0
2022-10-01,99E,"NHS BASILDON AND BRENTWOOD",699,23488.7,0,0
2022-10-01,U2G6B,"NHS THAMES VALLEY ICB - U2G6B",717,26809.55,0,0
2022-10-01,00Y,"NHS OLDHAM",727,23815.87,0,0
2022-10-01,03R,"NHS WAKEFIELD",727,28077.74,0,0
2022-10-01,01H,"NHS NORTH CUMBRIA",737,25213.18,0,0
2022-10-01,00X,"NHS CHORLEY AND SOUTH RIBBLE",747,24888.14,0,0
2022-10-01,02H,"NHS WIGAN BOROUGH",747,24705.23,0,0
2022-10-01,04C,"NHS LEICESTER CITY",770,25450.73,0,0
2022-10-01,06L,"NHS IPSWICH AND EAST SUFFOLK",778,24977.35,0,0
2022-10-01,01E,"NHS GREATER PRESTON",806,28261.67,0,0
2022-10-01,09D,"NHS BRIGHTON AND HOVE",824,35883.91,0,0
2022-10-01,00T,"NHS BOLTON",863,28942.51,0,0
2022-10-01,03Q,"NHS VALE OF YORK",926,34721.05,0,0
2022-10-01,01W,"NHS STOCKPORT",928,32355.36,0,0
2022-10-01,01A,"NHS EAST LANCASHIRE",968,29047.47,0,0
2022-10-01,06Q,"NHS MID ESSEX",971,29477.32,0,0
2022-10-01,11X,"NHS SOMERSET",1034,35963.01,0,0
2022-10-01,06T,"NHS NORTH EAST ESSEX",1037,30080.61,0,0
2022-10-01,36J,"NHS BRADFORD DISTRICT AND CRAVEN",1041,35729.64,0,0
2022-10-01,07H,"NHS WEST ESSEX",1062,33388.26,0,0
2022-10-01,06N,"NHS HERTS VALLEYS",1076,42083.48,0,0
2022-10-01,03L,"NHS ROTHERHAM",1102,33507.8,0,0
2022-10-01,07K,"NHS WEST SUFFOLK",1129,32485.63,0,0
2022-10-01,M2L0M,"NHS SHROPSHIRE, TELFORD AND WREKIN",1143,43996.34,0,0
2022-10-01,02X,"NHS DONCASTER",1157,35325.74,0,0
2022-10-01,X2C4Y,"NHS KIRKLEES",1157,46739.04,0,0
2022-10-01,00L,"NHS NORTHUMBERLAND",1204,41959.26,0,0
2022-10-01,04V,"NHS WEST LEICESTERSHIRE",1205,40437.12,0,0
2022-10-01,99A,"NHS LIVERPOOL",1369,43396.77,0,0
2022-10-01,15A,"NHS BERKSHIRE WEST",1426,49734.45,0,0
2022-10-01,78H,"NHS NORTHAMPTONSHIRE",1437,42883.78,0,0
2022-10-01,03F,"NHS HULL",1465,46350.63,0,0
2022-10-01,14L,"NHS MANCHESTER",1469,47540.53,0,0
2022-10-01,15F,"NHS LEEDS",1491,54312.32,0,0
2022-10-01,11M,"NHS GLOUCESTERSHIRE",1509,54571.97,0,0
2022-10-01,02Y,"NHS EAST RIDING OF YORKSHIRE",1602,51840.18,0,0
2022-10-01,13T,"NHS NEWCASTLE GATESHEAD",1603,59582.73,0,0
2022-10-01,27D,"NHS CHESHIRE",1667,57511.07,0,0
2022-10-01,15M,"NHS DERBY AND DERBYSHIRE",1781,70761.62,0,0
2022-10-01,18C,"NHS HEREFORDSHIRE AND WORCESTERSHIRE",1789,66331.19,0,0
2022-10-01,03W,"NHS EAST LEICESTERSHIRE AND RUTLAND",1800,62040.58,0,0
2022-10-01,06K,"NHS EAST AND NORTH HERTFORDSHIRE",1815,55256.83,0,0
2022-10-01,92G,"NHS BATH AND NORTH EAST SOMERSET, SWINDON AND WILTSHIRE",1860,69466.26,0,0
2022-10-01,84H,"NHS COUNTY DURHAM",1893,67259.64,0,0
2022-10-01,11N,"NHS CORNWALL AND THE ISLES OF SCILLY",1900,59463.28,0,0
2022-10-01,14Y,"NHS BUCKINGHAMSHIRE",2044,71977.47,0,0
2022-10-01,97R,"NHS EAST SUSSEX",2054,72358.59,0,0
2022-10-01,15C,"NHS BRISTOL, NORTH SOMERSET AND SOUTH GLOUCESTERSHIRE",2204,97516.09,0,0
2022-10-01,42D,"NHS NORTH YORKSHIRE",2274,73873.62,0,0
2022-10-01,B2M3M,"NHS COVENTRY AND WARWICKSHIRE",2421,77998.12,0,0
2022-10-01,M1J4Y,"NHS BEDFORDSHIRE, LUTON AND MILTON KEYNES",2439,85072.14,0,0
2022-10-01,70F,"NHS WEST SUSSEX",2494,97505.4,0,0
2022-10-01,72Q,"NHS SOUTH EAST LONDON",2494,104880.62,0,0
2022-10-01,10Q,"NHS OXFORDSHIRE",2551,93868.99,0,0
2022-10-01,11J,"NHS DORSET",2571,91844.88,0,0
2022-10-01,93C,"NHS NORTH CENTRAL LONDON",2608,101430.68,0,0
2022-10-01,03N,"NHS SHEFFIELD",3060,102887.1,0,0
2022-10-01,36L,"NHS SOUTH WEST LONDON",3322,126124.01,0,0
2022-10-01,15E,"NHS BIRMINGHAM AND SOLIHULL",3338,124226.88,0,0
2022-10-01,D2P2L,"NHS BLACK COUNTRY",3507,134452.23,0,0
2022-10-01,26A,"NHS NORFOLK AND WAVENEY",3679,122755.39,0,0
2022-10-01,92A,"NHS SURREY HEARTLANDS",3684,145550.88,0,0
2022-10-01,16C,"NHS TEES VALLEY",3685,125132.46,0,0
2022-10-01,06H,"NHS CAMBRIDGESHIRE AND PETERBOROUGH",3885,117066.33,0,0
2022-10-01,A3A8R,"NHS NORTH EAST LONDON",4108,149063.16,0,0
2022-10-01,15N,"NHS DEVON",4207,147398.09,0,0
2022-10-01,71E,"NHS LINCOLNSHIRE",4462,136109.97,0,0
2022-10-01,52R,"NHS NOTTINGHAM AND NOTTINGHAMSHIRE",4494,151627.1,0,0
2022-10-01,W2U3Z,"NHS NORTH WEST LONDON",4908,191601.31,0,0
2022-10-01,D9Y0V,"NHS HAMPSHIRE, SOUTHAMPTON AND ISLE OF WIGHT",5075,201129.75,0,0
2022-10-01,91Q,"NHS KENT AND MEDWAY",7717,267124.71,0,0
2022-11-01,09W,"NHS MEDWAY",0,0,0,0
2022-11-01,D4U1Y,"NHS FRIMLEY",4,91.67,0,0
2022-11-01,00Q,"NHS BLACKBURN WITH DARWEN",169,5080.74,0,0
2022-11-01,03H,"NHS NORTH EAST LINCOLNSHIRE",173,5604.26,0,0
2022-11-01,02G,"NHS WEST LANCASHIRE",234,7935.06,0,0
2022-11-01,01V,"NHS SOUTHPORT AND FORMBY",330,11614.43,0,0
2022-11-01,01J,"NHS KNOWSLEY",339,10541.18,0,0
2022-11-01,05D,"NHS EAST STAFFORDSHIRE",347,11182.02,0,0
2022-11-01,02T,"NHS CALDERDALE",389,15201.62,0,0
2022-11-01,12F,"NHS WIRRAL",395,13212.03,0,0
2022-11-01,10R,"NHS PORTSMOUTH",410,18304.08,0,0
2022-11-01,01X,"NHS ST HELENS",413,13879.86,0,0
2022-11-01,00V,"NHS BURY",428,13670.65,0,0
2022-11-01,01Y,"NHS TAMESIDE AND GLOSSOP",439,15228.39,0,0
2022-11-01,02Q,"NHS BASSETLAW",462,13670.53,0,0
2022-11-01,01G,"NHS SALFORD",469,15124.07,0,0
2022-11-01,03K,"NHS NORTH LINCOLNSHIRE",475,13788.09,0,0
2022-11-01,04Y,"NHS CANNOCK CHASE",486,17388.69,0,0
2022-11-01,00R,"NHS BLACKPOOL",501,15765.89,0,0
2022-11-01,01T,"NHS SOUTH SEFTON",513,16067.08,0,0
2022-11-01,05G,"NHS NORTH STAFFORDSHIRE",514,16812.62,0,0
2022-11-01,00N,"NHS SOUTH TYNESIDE",519,19064.6,0,0
2022-11-01,01F,"NHS HALTON",519,16747.83,0,0
2022-11-01,99G,"NHS SOUTHEND",529,19444.3,0,0
2022-11-01,02M,"NHS FYLDE AND WYRE",536,17257.68,0,0
2022-11-01,01D,"NHS HEYWOOD, MIDDLETON AND ROCHDALE",549,18541.38,0,0
2022-11-01,05W,"NHS STOKE ON TRENT",557,17926.28,0,0
2022-11-01,02P,"NHS BARNSLEY",560,18698.29,0,0
2022-11-01,07G,"NHS THURROCK",563,17153.87,0,0
2022-11-01,99C,"NHS NORTH TYNESIDE",565,22625.48,0,0
2022-11-01,99F,"NHS CASTLE POINT AND ROCHFORD",571,20321.73,0,0
2022-11-01,05V,"NHS STAFFORD AND SURROUNDS",573,20138,0,0
2022-11-01,02E,"NHS WARRINGTON",574,19955.38,0,0
2022-11-01,02A,"NHS TRAFFORD",580,21133.49,0,0
2022-11-01,05Q,"NHS SOUTH EAST STAFFORDSHIRE AND SEISDON PENINSULA",583,21709.42,0,0
2022-11-01,00P,"NHS SUNDERLAND",661,24524.64,0,0
2022-11-01,99E,"NHS BASILDON AND BRENTWOOD",682,23778.71,0,0
2022-11-01,01K,"NHS MORECAMBE BAY",740,25325.27,0,0
2022-11-01,01H,"NHS NORTH CUMBRIA",751,25756.26,0,0
2022-11-01,00Y,"NHS OLDHAM",770,25429.17,0,0
2022-11-01,03R,"NHS WAKEFIELD",780,29617.8,0,0
2022-11-01,00X,"NHS CHORLEY AND SOUTH RIBBLE",784,26476.57,0,0
2022-11-01,U2G6B,"NHS THAMES VALLEY ICB - U2G6B",801,29421.81,0,0
2022-11-01,04C,"NHS LEICESTER CITY",806,26018.6,0,0
2022-11-01,02H,"NHS WIGAN BOROUGH",810,27864.26,0,0
2022-11-01,00T,"NHS BOLTON",817,26895.75,0,0
2022-11-01,09D,"NHS BRIGHTON AND HOVE",817,36542.68,0,0
2022-11-01,06L,"NHS IPSWICH AND EAST SUFFOLK",838,26356.88,0,0
2022-11-01,01E,"NHS GREATER PRESTON",852,29671.1,0,0
2022-11-01,03Q,"NHS VALE OF YORK",882,31974.9,0,0
2022-11-01,01W,"NHS STOCKPORT",890,30653.35,0,0
2022-11-01,06Q,"NHS MID ESSEX",974,29814.39,0,0
2022-11-01,11X,"NHS SOMERSET",1020,35129.87,0,0
2022-11-01,06T,"NHS NORTH EAST ESSEX",1043,30431.39,0,0
2022-11-01,07H,"NHS WEST ESSEX",1053,33010.03,0,0
2022-11-01,01A,"NHS EAST LANCASHIRE",1055,32356.18,0,0
2022-11-01,06N,"NHS HERTS VALLEYS",1078,41231.61,0,0
2022-11-01,36J,"NHS BRADFORD DISTRICT AND CRAVEN",1112,37789.56,0,0
2022-11-01,03L,"NHS ROTHERHAM",1159,35067.62,0,0
2022-11-01,07K,"NHS WEST SUFFOLK",1169,33913.1,0,0
2022-11-01,M2L0M,"NHS SHROPSHIRE, TELFORD AND WREKIN",1187,45016.63,0,0
2022-11-01,04V,"NHS WEST LEICESTERSHIRE",1256,41625.85,0,0
2022-11-01,02X,"NHS DONCASTER",1268,39192.08,0,0
2022-11-01,00L,"NHS NORTHUMBERLAND",1282,44453.01,0,0
2022-11-01,X2C4Y,"NHS KIRKLEES",1353,54285.27,0,0
2022-11-01,99A,"NHS LIVERPOOL",1372,43486.98,0,0
2022-11-01,78H,"NHS NORTHAMPTONSHIRE",1422,42137.46,0,0
2022-11-01,15A,"NHS BERKSHIRE WEST",1427,49913.15,0,0
2022-11-01,14L,"NHS MANCHESTER",1440,46720.85,0,0
2022-11-01,11M,"NHS GLOUCESTERSHIRE",1494,54114.75,0,0
2022-11-01,03F,"NHS HULL",1520,48227.16,0,0
2022-11-01,15F,"NHS LEEDS",1520,56289.63,0,0
2022-11-01,13T,"NHS NEWCASTLE GATESHEAD",1604,60483.49,0,0
2022-11-01,02Y,"NHS EAST RIDING OF YORKSHIRE",1663,54757.37,0,0
2022-11-01,27D,"NHS CHESHIRE",1699,58507.9,0,0
2022-11-01,15M,"NHS DERBY AND DERBYSHIRE",1857,74460.99,0,0
2022-11-01,92G,"NHS BATH AND NORTH EAST SOMERSET, SWINDON AND WILTSHIRE",1891,71370.51,0,0
2022-11-01,03W,"NHS EAST LEICESTERSHIRE AND RUTLAND",1934,66738.27,0,0
2022-11-01,06K,"NHS EAST AND NORTH HERTFORDSHIRE",1942,59409.12,0,0
2022-11-01,18C,"NHS HEREFORDSHIRE AND WORCESTERSHIRE",1977,73263.42,0,0
2022-11-01,14Y,"NHS BUCKINGHAMSHIRE",2007,71019.41,0,0
2022-11-01,11N,"NHS CORNWALL AND THE ISLES OF SCILLY",2008,63895.66,0,0
2022-11-01,84H,"NHS COUNTY DURHAM",2027,72644.21,0,0
2022-11-01,97R,"NHS EAST SUSSEX",2248,80289.86,0,0
2022-11-01,42D,"NHS NORTH YORKSHIRE",2288,75233.68,0,0
2022-11-01,15C,"NHS BRISTOL, NORTH SOMERSET AND SOUTH GLOUCESTERSHIRE",2323,102583.95,0,0
2022-11-01,72Q,"NHS SOUTH EAST LONDON",2467,100975.97,0,0
2022-11-01,M1J4Y,"NHS BEDFORDSHIRE, LUTON AND MILTON KEYNES",2494,87466.74,0,0
2022-11-01,B2M3M,"NHS COVENTRY AND WARWICKSHIRE",2504,81392.15,0,0
2022-11-01,70F,"NHS WEST SUSSEX",2550,99679.8,0,0
2022-11-01,10Q,"NHS OXFORDSHIRE",2608,96903.06,0,0
2022-11-01,11J,"NHS DORSET",2674,94745.73,0,0
2022-11-01,93C,"NHS NORTH CENTRAL LONDON",2776,108466.99,0,0
2022-11-01,03N,"NHS SHEFFIELD",3178,106129.09,0,0
2022-11-01,36L,"NHS SOUTH WEST LONDON",3307,128343.29,0,0
2022-11-01,15E,"NHS BIRMINGHAM AND SOLIHULL",3484,130780.11,0,0
2022-11-01,92A,"NHS SURREY HEARTLANDS",3698,146278.49,0,0
2022-11-01,26A,"NHS NORFOLK AND WAVENEY",3798,126793.23,0,0
2022-11-01,D2P2L,"NHS BLACK COUNTRY",3813,148572.73,0,0
2022-11-01,16C,"NHS TEES VALLEY",3910,131714.66,0,0
2022-11-01,06H,"NHS CAMBRIDGESHIRE AND PETERBOROUGH",4023,120843.27,0,0
2022-11-01,A3A8R,"NHS NORTH EAST LONDON",4108,148877.3,0,0
2022-11-01,15N,"NHS DEVON",4328,151060.95,0,0
2022-11-01,71E,"NHS LINCOLNSHIRE",4644,144079.13,0,0
2022-11-01,52R,"NHS NOTTINGHAM AND NOTTINGHAMSHIRE",4707,157783.12,0,0
2022-11-01,W2U3Z,"NHS NORTH WEST LONDON",5044,196717.54,0,0
2022-11-01,D9Y0V,"NHS HAMPSHIRE, SOUTHAMPTON AND ISLE OF WIGHT",5140,204791.72,0,0
2022-11-01,91Q,"NHS KENT AND MEDWAY",7857,273761.76,0,0
2022-12-01,09W,"NHS MEDWAY",0,0,0,0
2022-12-01,D4U1Y,"NHS FRIMLEY",5,130.95,0,0
2022-12-01,03H,"NHS NORTH EAST LINCOLNSHIRE",186,5617.17,0,0
2022-12-01,00Q,"NHS BLACKBURN WITH DARWEN",200,6101.73,0,0
2022-12-01,02G,"NHS WEST LANCASHIRE",237,7620.45,0,0
2022-12-01,05D,"NHS EAST STAFFORDSHIRE",329,10735.95,0,0
2022-12-01,01V,"NHS SOUTHPORT AND FORMBY",331,11129.3,0,0
2022-12-01,01J,"NHS KNOWSLEY",359,11142.78,0,0
2022-12-01,02T,"NHS CALDERDALE",384,15292.11,0,0
2022-12-01,10R,"NHS PORTSMOUTH",409,18813.19,0,0
2022-12-01,01X,"NHS ST HELENS",439,14756.19,0,0
2022-12-01,12F,"NHS WIRRAL",441,15240.5,0,0
2022-12-01,00V,"NHS BURY",448,14167.3,0,0
2022-12-01,01G,"NHS SALFORD",461,15397.8,0,0
2022-12-01,02Q,"NHS BASSETLAW",471,13669.76,0,0
2022-12-01,01Y,"NHS TAMESIDE AND GLOSSOP",485,17073.38,0,0
2022-12-01,00R,"NHS BLACKPOOL",488,15725.29,0,0
2022-12-01,04Y,"NHS CANNOCK CHASE",512,18447.97,0,0
2022-12-01,01F,"NHS HALTON",517,16550.24,0,0
2022-12-01,03K,"NHS NORTH LINCOLNSHIRE",527,15135.67,0,0
2022-12-01,02M,"NHS FYLDE AND WYRE",535,16889.94,0,0
2022-12-01,01T,"NHS SOUTH SEFTON",547,16995.63,0,0
2022-12-01,02P,"NHS BARNSLEY",551,18421.96,0,0
2022-12-01,05G,"NHS NORTH STAFFORDSHIRE",552,18146.86,0,0
2022-12-01,07G,"NHS THURROCK",553,17401.15,0,0
2022-12-01,02A,"NHS TRAFFORD",560,20477.32,0,0
2022-12-01,05W,"NHS STOKE ON TRENT",575,18134.69,0,0
2022-12-01,99C,"NHS NORTH TYNESIDE",577,23815.09,0,0
2022-12-01,99G,"NHS SOUTHEND",578,21380.63,0,0
2022-12-01,01D,"NHS HEYWOOD, MIDDLETON AND ROCHDALE",600,19286.79,0,0
2022-12-01,99F,"NHS CASTLE POINT AND ROCHFORD",601,21145.27,0,0
2022-12-01,00N,"NHS SOUTH TYNESIDE",607,22545.88,0,0
2022-12-01,05V,"NHS STAFFORD AND SURROUNDS",611,21511.23,0,0
2022-12-01,02E,"NHS WARRINGTON",642,22153.66,0,0
2022-12-01,05Q,"NHS SOUTH EAST STAFFORDSHIRE AND SEISDON PENINSULA",649,24719.01,0,0
2022-12-01,00P,"NHS SUNDERLAND",672,24954.99,0,0
2022-12-01,99E,"NHS BASILDON AND BRENTWOOD",722,25007.94,0,0
2022-12-01,01H,"NHS NORTH CUMBRIA",729,24652.77,0,0
2022-12-01,01K,"NHS MORECAMBE BAY",730,24300.46,0,0
2022-12-01,03R,"NHS WAKEFIELD",743,27508.05,0,0
2022-12-01,00Y,"NHS OLDHAM",799,26265.43,0,0
2022-12-01,00X,"NHS CHORLEY AND SOUTH RIBBLE",810,27351.86,0,0
2022-12-01,U2G6B,"NHS THAMES VALLEY ICB - U2G6B",814,30597.83,0,0
2022-12-01,09D,"NHS BRIGHTON AND HOVE",822,35113.41,0,0
2022-12-01,04C,"NHS LEICESTER CITY",853,27339.4,0,0
2022-12-01,06L,"NHS IPSWICH AND EAST SUFFOLK",865,27297.28,0,0
2022-12-01,00T,"NHS BOLTON",872,29014.93,0,0
2022-12-01,02H,"NHS WIGAN BOROUGH",877,29420.75,0,0
2022-12-01,01E,"NHS GREATER PRESTON",892,31410.07,0,0
2022-12-01,03Q,"NHS VALE OF YORK",953,34643.37,0,0
2022-12-01,01W,"NHS STOCKPORT",970,33819.53,0,0
2022-12-01,06Q,"NHS MID ESSEX",1020,30886,0,0
2022-12-01,01A,"NHS EAST LANCASHIRE",1061,32262.41,0,0
2022-12-01,11X,"NHS SOMERSET",1102,37784.82,0,0
2022-12-01,06T,"NHS NORTH EAST ESSEX",1119,32380.13,0,0
2022-12-01,07H,"NHS WEST ESSEX",1121,35220.19,0,0
2022-12-01,07K,"NHS WEST SUFFOLK",1164,33583.31,0,0
2022-12-01,36J,"NHS BRADFORD DISTRICT AND CRAVEN",1184,40156.85,0,0
2022-12-01,03L,"NHS ROTHERHAM",1213,37028.92,0,0
2022-12-01,06N,"NHS HERTS VALLEYS",1297,50039.8,0,0
2022-12-01,00L,"NHS NORTHUMBERLAND",1314,45353.35,0,0
2022-12-01,M2L0M,"NHS SHROPSHIRE, TELFORD AND WREKIN",1315,50160.52,0,0
2022-12-01,02X,"NHS DONCASTER",1319,40681.96,0,0
2022-12-01,X2C4Y,"NHS KIRKLEES",1324,54045.52,0,0
2022-12-01,04V,"NHS WEST LEICESTERSHIRE",1394,46113.6,0,0
2022-12-01,99A,"NHS LIVERPOOL",1463,46848.72,0,0
2022-12-01,78H,"NHS NORTHAMPTONSHIRE",1533,45368.25,0,0
2022-12-01,03F,"NHS HULL",1552,49284.23,0,0
2022-12-01,15A,"NHS BERKSHIRE WEST",1570,54949.9,0,0
2022-12-01,14L,"NHS MANCHESTER",1582,52360.42,0,0
2022-12-01,15F,"NHS LEEDS",1583,58131.8,0,0
2022-12-01,11M,"NHS GLOUCESTERSHIRE",1587,57737.51,0,0
2022-12-01,02Y,"NHS EAST RIDING OF YORKSHIRE",1738,58209.65,0,0
2022-12-01,13T,"NHS NEWCASTLE GATESHEAD",1739,65751.8,0,0
2022-12-01,27D,"NHS CHESHIRE",1837,62763.54,0,0
2022-12-01,03W,"NHS EAST LEICESTERSHIRE AND RUTLAND",1935,68029.25,0,0
2022-12-01,92G,"NHS BATH AND NORTH EAST SOMERSET, SWINDON AND WILTSHIRE",1940,72216.56,0,0
2022-12-01,06K,"NHS EAST AND NORTH HERTFORDSHIRE",1984,60347.97,0,0
2022-12-01,15M,"NHS DERBY AND DERBYSHIRE",2001,79840.22,0,0
2022-12-01,18C,"NHS HEREFORDSHIRE AND WORCESTERSHIRE",2073,76895.64,0,0
2022-12-01,11N,"NHS CORNWALL AND THE ISLES OF SCILLY",2131,67177.07,0,0
2022-12-01,84H,"NHS COUNTY DURHAM",2140,77378.21,0,0
2022-12-01,14Y,"NHS BUCKINGHAMSHIRE",2178,75676.69,0,0
2022-12-01,97R,"NHS EAST SUSSEX",2249,80087.67,0,0
2022-12-01,15C,"NHS BRISTOL, NORTH SOMERSET AND SOUTH GLOUCESTERSHIRE",2342,102576.64,0,0
2022-12-01,B2M3M,"NHS COVENTRY AND WARWICKSHIRE",2534,82368.16,0,0
2022-12-01,42D,"NHS NORTH YORKSHIRE",2611,85583.73,0,0
2022-12-01,70F,"NHS WEST SUSSEX",2660,104700,0,0
2022-12-01,M1J4Y,"NHS BEDFORDSHIRE, LUTON AND MILTON KEYNES",2666,93287.17,0,0
2022-12-01,72Q,"NHS SOUTH EAST LONDON",2686,110526.32,0,0
2022-12-01,10Q,"NHS OXFORDSHIRE",2699,100797.42,0,0
2022-12-01,93C,"NHS NORTH CENTRAL LONDON",2754,107084.84,0,0
2022-12-01,11J,"NHS DORSET",2771,97409.88,0,0
2022-12-01,03N,"NHS SHEFFIELD",3305,111515.35,0,0
2022-12-01,36L,"NHS SOUTH WEST LONDON",3529,134069.7,0,0
2022-12-01,15E,"NHS BIRMINGHAM AND SOLIHULL",3628,136204.45,0,0
2022-12-01,D2P2L,"NHS BLACK COUNTRY",3822,147633.03,0,0
2022-12-01,16C,"NHS TEES VALLEY",3915,133537.26,0,0
2022-12-01,92A,"NHS SURREY HEARTLANDS",3978,157566.18,0,0
2022-12-01,26A,"NHS NORFOLK AND WAVENEY",3985,132217.59,0,0
2022-12-01,A3A8R,"NHS NORTH EAST LONDON",4270,156669.73,0,0
2022-12-01,06H,"NHS CAMBRIDGESHIRE AND PETERBOROUGH",4319,129711.76,0,0
2022-12-01,15N,"NHS DEVON",4627,162506.68,0,0
2022-12-01,71E,"NHS LINCOLNSHIRE",4773,147551.04,0,0
2022-12-01,52R,"NHS NOTTINGHAM AND NOTTINGHAMSHIRE",4973,167983.49,0,0
2022-12-01,W2U3Z,"NHS NORTH WEST LONDON",5297,207334.87,0,0
2022-12-01,D9Y0V,"NHS HAMPSHIRE, SOUTHAMPTON AND ISLE OF WIGHT",5430,216729.89,0,0
2022-12-01,91Q,"NHS KENT AND MEDWAY",8297,291153.75,0,0
2023-01-01,09W,"NHS MEDWAY",0,0,0,0
2023-01-01,D4U1Y,"NHS FRIMLEY",0,0,0,0
2023-01-01,03H,"NHS NORTH EAST LINCOLNSHIRE",176,5471.82,0,0
2023-01-01,00Q,"NHS BLACKBURN WITH DARWEN",208,6193.73,0,0
2023-01-01,02G,"NHS WEST LANCASHIRE",215,7216.91,0,0
2023-01-01,01V,"NHS SOUTHPORT AND FORMBY",312,10838.33,0,0
2023-01-01,05D,"NHS EAST STAFFORDSHIRE",325,10785.45,0,0
2023-01-01,01J,"NHS KNOWSLEY",334,10327.11,0,0
2023-01-01,02T,"NHS CALDERDALE",378,14590.58,0,0
2023-01-01,12F,"NHS WIRRAL",388,13305.3,0,0
2023-01-01,01X,"NHS ST HELENS",418,13738.54,0,0
2023-01-01,01G,"NHS SALFORD",452,14670.26,0,0
2023-01-01,02Q,"NHS BASSETLAW",453,13292.39,0,0
2023-01-01,10R,"NHS PORTSMOUTH",457,20166.16,0,0
2023-01-01,00V,"NHS BURY",462,14722.79,0,0
2023-01-01,01F,"NHS HALTON",465,15470.45,0,0
2023-01-01,04Y,"NHS CANNOCK CHASE",465,16322.98,0,0
2023-01-01,00R,"NHS BLACKPOOL",467,14617.89,0,0
2023-01-01,01Y,"NHS TAMESIDE AND GLOSSOP",472,16533.02,0,0
2023-01-01,03K,"NHS NORTH LINCOLNSHIRE",478,13974.2,0,0
2023-01-01,02M,"NHS FYLDE AND WYRE",487,15391.21,0,0
2023-01-01,01T,"NHS SOUTH SEFTON",508,15589.15,0,0
2023-01-01,00N,"NHS SOUTH TYNESIDE",515,18763.4,0,0
2023-01-01,99G,"NHS SOUTHEND",523,19209.47,0,0
2023-01-01,02P,"NHS BARNSLEY",527,17438.41,0,0
2023-01-01,05W,"NHS STOKE ON TRENT",536,17084.73,0,0
2023-01-01,05G,"NHS NORTH STAFFORDSHIRE",537,17149.8,0,0
2023-01-01,07G,"NHS THURROCK",558,17373.25,0,0
2023-01-01,05V,"NHS STAFFORD AND SURROUNDS",559,19956.9,0,0
2023-01-01,05Q,"NHS SOUTH EAST STAFFORDSHIRE AND SEISDON PENINSULA",572,21754.65,0,0
2023-01-01,02A,"NHS TRAFFORD",582,20994.08,0,0
2023-01-01,01D,"NHS HEYWOOD, MIDDLETON AND ROCHDALE",584,19118.48,0,0
2023-01-01,99F,"NHS CASTLE POINT AND ROCHFORD",587,20876.01,0,0
2023-01-01,99C,"NHS NORTH TYNESIDE",588,23473.21,0,0
2023-01-01,02E,"NHS WARRINGTON",619,21335.6,0,0
2023-01-01,00P,"NHS SUNDERLAND",633,23237.68,0,0
2023-01-01,99E,"NHS BASILDON AND BRENTWOOD",706,24130.47,0,0
2023-01-01,01K,"NHS MORECAMBE BAY",731,24458,0,0
2023-01-01,01H,"NHS NORTH CUMBRIA",755,26188.68,0,0
2023-01-01,09D,"NHS BRIGHTON AND HOVE",760,33444.15,0,0
2023-01-01,00Y,"NHS OLDHAM",764,25259.34,0,0
2023-01-01,U2G6B,"NHS THAMES VALLEY ICB - U2G6B",765,28040.17,0,0
2023-01-01,03R,"NHS WAKEFIELD",772,29417.34,0,0
2023-01-01,04C,"NHS LEICESTER CITY",798,26256.72,0,0
2023-01-01,00X,"NHS CHORLEY AND SOUTH RIBBLE",818,27804.61,0,0
2023-01-01,02H,"NHS WIGAN BOROUGH",825,27726.07,0,0
2023-01-01,00T,"NHS BOLTON",846,28172.27,0,0
2023-01-01,01E,"NHS GREATER PRESTON",855,28932.92,0,0
2023-01-01,06L,"NHS IPSWICH AND EAST SUFFOLK",856,27343.19,0,0
2023-01-01,01W,"NHS STOCKPORT",939,32370.74,0,0
2023-01-01,03Q,"NHS VALE OF YORK",971,36646.68,0,0
2023-01-01,01A,"NHS EAST LANCASHIRE",1002,30626.3,0,0
2023-01-01,06Q,"NHS MID ESSEX",1017,30716.56,0,0
2023-01-01,07H,"NHS WEST ESSEX",1019,32121.21,0,0
2023-01-01,11X,"NHS SOMERSET",1051,35675.46,0,0
2023-01-01,36J,"NHS BRADFORD DISTRICT AND CRAVEN",1103,38235.82,0,0
2023-01-01,06T,"NHS NORTH EAST ESSEX",1127,33473.6,0,0
2023-01-01,06N,"NHS HERTS VALLEYS",1148,43299.27,0,0
2023-01-01,04V,"NHS WEST LEICESTERSHIRE",1207,40256.24,0,0
2023-01-01,03L,"NHS ROTHERHAM",1212,36977.94,0,0
2023-01-01,02X,"NHS DONCASTER",1225,37712.67,0,0
2023-01-01,07K,"NHS WEST SUFFOLK",1235,36109.13,0,0
2023-01-01,00L,"NHS NORTHUMBERLAND",1247,43132.47,0,0
2023-01-01,M2L0M,"NHS SHROPSHIRE, TELFORD AND WREKIN",1259,47607.21,0,0
2023-01-01,X2C4Y,"NHS KIRKLEES",1271,51459.71,0,0
2023-01-01,99A,"NHS LIVERPOOL",1322,43078.84,0,0
2023-01-01,15A,"NHS BERKSHIRE WEST",1443,49860.17,0,0
2023-01-01,78H,"NHS NORTHAMPTONSHIRE",1443,42658.49,0,0
2023-01-01,14L,"NHS MANCHESTER",1467,47724.05,0,0
2023-01-01,03F,"NHS HULL",1530,48537.99,0,0
2023-01-01,11M,"NHS GLOUCESTERSHIRE",1541,55568.07,0,0
2023-01-01,15F,"NHS LEEDS",1627,60002.8,0,0
2023-01-01,02Y,"NHS EAST RIDING OF YORKSHIRE",1641,54071.01,0,0
2023-01-01,13T,"NHS NEWCASTLE GATESHEAD",1713,64122.96,0,0
2023-01-01,27D,"NHS CHESHIRE",1714,57936.38,0,0
2023-01-01,03W,"NHS EAST LEICESTERSHIRE AND RUTLAND",1799,61734.92,0,0
2023-01-01,15M,"NHS DERBY AND DERBYSHIRE",1821,72950.63,0,0
2023-01-01,92G,"NHS BATH AND NORTH EAST SOMERSET, SWINDON AND WILTSHIRE",1873,70588.28,0,0
2023-01-01,18C,"NHS HEREFORDSHIRE AND WORCESTERSHIRE",1958,72312.06,0,0
2023-01-01,06K,"NHS EAST AND NORTH HERTFORDSHIRE",1993,60531.06,0,0
2023-01-01,84H,"NHS COUNTY DURHAM",1998,71118.55,0,0
2023-01-01,14Y,"NHS BUCKINGHAMSHIRE",2064,72152.26,0,0
2023-01-01,11N,"NHS CORNWALL AND THE ISLES OF SCILLY",2098,66377.38,0,0
2023-01-01,97R,"NHS EAST SUSSEX",2189,77938.33,0,0
2023-01-01,15C,"NHS BRISTOL, NORTH SOMERSET AND SOUTH GLOUCESTERSHIRE",2291,102014.51,0,0
2023-01-01,42D,"NHS NORTH YORKSHIRE",2360,77870.39,0,0
2023-01-01,72Q,"NHS SOUTH EAST LONDON",2455,102407.12,0,0
2023-01-01,M1J4Y,"NHS BEDFORDSHIRE, LUTON AND MILTON KEYNES",2559,89303.09,0,0
2023-01-01,B2M3M,"NHS COVENTRY AND WARWICKSHIRE",2577,84357.14,0,0
2023-01-01,70F,"NHS WEST SUSSEX",2633,102354.89,0,0
2023-01-01,10Q,"NHS OXFORDSHIRE",2702,99060.64,0,0
2023-01-01,11J,"NHS DORSET",2737,96111.81,0,0
2023-01-01,93C,"NHS NORTH CENTRAL LONDON",2844,108498.04,0,0
2023-01-01,03N,"NHS SHEFFIELD",3216,108633.55,0,0
2023-01-01,36L,"NHS SOUTH WEST LONDON",3324,126946.15,0,0
2023-01-01,15E,"NHS BIRMINGHAM AND SOLIHULL",3466,128430.23,0,0
2023-01-01,D2P2L,"NHS BLACK COUNTRY",3662,141942.94,0,0
2023-01-01,26A,"NHS NORFOLK AND WAVENEY",3741,124998.23,0,0
2023-01-01,92A,"NHS SURREY HEARTLANDS",3746,148866.89,0,0
2023-01-01,16C,"NHS TEES VALLEY",3905,131399.43,0,0
2023-01-01,06H,"NHS CAMBRIDGESHIRE AND PETERBOROUGH",4205,126200.56,0,0
2023-01-01,15N,"NHS DEVON",4291,151310.19,0,0
2023-01-01,A3A8R,"NHS NORTH EAST LONDON",4322,158386.64,0,0
2023-01-01,71E,"NHS LINCOLNSHIRE",4615,141927.64,0,0
2023-01-01,52R,"NHS NOTTINGHAM AND NOTTINGHAMSHIRE",4809,163006.6,0,0
2023-01-01,W2U3Z,"NHS NORTH WEST LONDON",5001,195909.17,0,0
2023-01-01,D9Y0V,"NHS HAMPSHIRE, SOUTHAMPTON AND ISLE OF WIGHT",5227,208401.87,0,0
2023-01-01,91Q,"NHS KENT AND MEDWAY",7923,276917.75,0,0
2023-02-01,09W,"NHS MEDWAY",0,0,0,0
2023-02-01,D4U1Y,"NHS FRIMLEY",3,105.03,0,0
2023-02-01,03H,"NHS NORTH EAST LINCOLNSHIRE",163,5094.11,0,0
2023-02-01,00Q,"NHS BLACKBURN WITH DARWEN",175,5488.08,0,0
2023-02-01,02G,"NHS WEST LANCASHIRE",209,6840.37,0,0
2023-02-01,01V,"NHS SOUTHPORT AND FORMBY",279,9610.46,0,0
2023-02-01,05D,"NHS EAST STAFFORDSHIRE",286,9347.54,0,0
2023-02-01,01J,"NHS KNOWSLEY",298,9269.45,0,0
2023-02-01,02T,"NHS CALDERDALE",345,13233.62,0,0
2023-02-01,01X,"NHS ST HELENS",360,12183.79,0,0
2023-02-01,12F,"NHS WIRRAL",360,12511.88,0,0
2023-02-01,10R,"NHS PORTSMOUTH",362,16606.83,0,0
2023-02-01,04Y,"NHS CANNOCK CHASE",413,14835.56,0,0
2023-02-01,01G,"NHS SALFORD",416,13418.18,0,0
2023-02-01,02Q,"NHS BASSETLAW",416,12289.23,0,0
2023-02-01,01Y,"NHS TAMESIDE AND GLOSSOP",421,14546.95,0,0
2023-02-01,02M,"NHS FYLDE AND WYRE",430,13614.63,0,0
2023-02-01,00R,"NHS BLACKPOOL",435,13680.99,0,0
2023-02-01,00V,"NHS BURY",435,13838.42,0,0
2023-02-01,01F,"NHS HALTON",448,14389.87,0,0
2023-02-01,03K,"NHS NORTH LINCOLNSHIRE",449,12945.28,0,0
2023-02-01,01T,"NHS SOUTH SEFTON",455,14206.12,0,0
2023-02-01,02P,"NHS BARNSLEY",470,15557.86,0,0
2023-02-01,00N,"NHS SOUTH TYNESIDE",472,17435,0,0
2023-02-01,99G,"NHS SOUTHEND",481,17684.46,0,0
2023-02-01,05G,"NHS NORTH STAFFORDSHIRE",484,15951.66,0,0
2023-02-01,07G,"NHS THURROCK",492,15282.6,0,0
2023-02-01,99C,"NHS NORTH TYNESIDE",495,19863.3,0,0
2023-02-01,99F,"NHS CASTLE POINT AND ROCHFORD",498,17185.9,0,0
2023-02-01,02A,"NHS TRAFFORD",524,18748.07,0,0
2023-02-01,05V,"NHS STAFFORD AND SURROUNDS",527,18944.54,0,0
2023-02-01,02E,"NHS WARRINGTON",532,18459.43,0,0
2023-02-01,05W,"NHS STOKE ON TRENT",532,17343.78,0,0
2023-02-01,05Q,"NHS SOUTH EAST STAFFORDSHIRE AND SEISDON PENINSULA",536,20060.58,0,0
2023-02-01,01D,"NHS HEYWOOD, MIDDLETON AND ROCHDALE",545,17501.49,0,0
2023-02-01,00P,"NHS SUNDERLAND",584,21518.08,0,0
2023-02-01,99E,"NHS BASILDON AND BRENTWOOD",654,22542.45,0,0
2023-02-01,01K,"NHS MORECAMBE BAY",667,22358.47,0,0
2023-02-01,01H,"NHS NORTH CUMBRIA",668,22593.66,0,0
2023-02-01,04C,"NHS LEICESTER CITY",672,21295.91,0,0
2023-02-01,03R,"NHS WAKEFIELD",688,26270.33,0,0
2023-02-01,00Y,"NHS OLDHAM",705,22740.11,0,0
2023-02-01,00X,"NHS CHORLEY AND SOUTH RIBBLE",706,23724.5,0,0
2023-02-01,U2G6B,"NHS THAMES VALLEY ICB - U2G6B",720,26992.57,0,0
2023-02-01,06L,"NHS IPSWICH AND EAST SUFFOLK",753,23302.72,0,0
2023-02-01,09D,"NHS BRIGHTON AND HOVE",779,34014.86,0,0
2023-02-01,02H,"NHS WIGAN BOROUGH",782,26704.51,0,0
2023-02-01,00T,"NHS BOLTON",785,26271.5,0,0
2023-02-01,01E,"NHS GREATER PRESTON",785,27321.36,0,0
2023-02-01,01W,"NHS STOCKPORT",832,29015.19,0,0
2023-02-01,03Q,"NHS VALE OF YORK",851,31429.9,0,0
2023-02-01,06Q,"NHS MID ESSEX",923,28121.56,0,0
2023-02-01,01A,"NHS EAST LANCASHIRE",936,28175.82,0,0
2023-02-01,36J,"NHS BRADFORD DISTRICT AND CRAVEN",941,31378.55,0,0
2023-02-01,11X,"NHS SOMERSET",942,32951.99,0,0
2023-02-01,07H,"NHS WEST ESSEX",955,29907.61,0,0
2023-02-01,06T,"NHS NORTH EAST ESSEX",978,28818.69,0,0
2023-02-01,03L,"NHS ROTHERHAM",1071,32666.56,0,0
2023-02-01,M2L0M,"NHS SHROPSHIRE, TELFORD AND WREKIN",1077,41149.38,0,0
2023-02-01,07K,"NHS WEST SUFFOLK",1083,31679.78,0,0
2023-02-01,02X,"NHS DONCASTER",1128,34688.28,0,0
2023-02-01,00L,"NHS NORTHUMBERLAND",1136,39976.66,0,0
2023-02-01,X2C4Y,"NHS KIRKLEES",1136,46172.27,0,0
2023-02-01,04V,"NHS WEST LEICESTERSHIRE",1152,38191.81,0,0
2023-02-01,06N,"NHS HERTS VALLEYS",1237,47997.7,0,0
2023-02-01,99A,"NHS LIVERPOOL",1272,40886.63,0,0
2023-02-01,78H,"NHS NORTHAMPTONSHIRE",1274,38376.43,0,0
2023-02-01,15A,"NHS BERKSHIRE WEST",1300,45844.91,0,0
2023-02-01,14L,"NHS MANCHESTER",1343,43366.3,0,0
2023-02-01,11M,"NHS GLOUCESTERSHIRE",1346,48548.7,0,0
2023-02-01,03F,"NHS HULL",1359,43511.04,0,0
2023-02-01,15F,"NHS LEEDS",1359,49770.6,0,0
2023-02-01,13T,"NHS NEWCASTLE GATESHEAD",1513,57096.59,0,0
2023-02-01,02Y,"NHS EAST RIDING OF YORKSHIRE",1521,50793.99,0,0
2023-02-01,27D,"NHS CHESHIRE",1557,53181.55,0,0
2023-02-01,15M,"NHS DERBY AND DERBYSHIRE",1651,65470.21,0,0
2023-02-01,92G,"NHS BATH AND NORTH EAST SOMERSET, SWINDON AND WILTSHIRE",1675,62411.16,0,0
2023-02-01,03W,"NHS EAST LEICESTERSHIRE AND RUTLAND",1721,60129.37,0,0
2023-02-01,18C,"NHS HEREFORDSHIRE AND WORCESTERSHIRE",1754,64910.8,0,0
2023-02-01,84H,"NHS COUNTY DURHAM",1788,63910.9,0,0
2023-02-01,11N,"NHS CORNWALL AND THE ISLES OF SCILLY",1810,57725.18,0,0
2023-02-01,06K,"NHS EAST AND NORTH HERTFORDSHIRE",1828,55261.97,0,0
2023-02-01,14Y,"NHS BUCKINGHAMSHIRE",1855,64460.99,0,0
2023-02-01,97R,"NHS EAST SUSSEX",1940,69292.29,0,0
2023-02-01,42D,"NHS NORTH YORKSHIRE",2132,70340.6,0,0
2023-02-01,15C,"NHS BRISTOL, NORTH SOMERSET AND SOUTH GLOUCESTERSHIRE",2184,96635.23,0,0
2023-02-01,B2M3M,"NHS COVENTRY AND WARWICKSHIRE",2223,73022.92,0,0
2023-02-01,72Q,"NHS SOUTH EAST LONDON",2244,93368.09,0,0
2023-02-01,M1J4Y,"NHS BEDFORDSHIRE, LUTON AND MILTON KEYNES",2301,79403.45,0,0
2023-02-01,11J,"NHS DORSET",2386,82960.12,0,0
2023-02-01,10Q,"NHS OXFORDSHIRE",2443,90584.99,0,0
2023-02-01,70F,"NHS WEST SUSSEX",2460,96309.49,0,0
2023-02-01,93C,"NHS NORTH CENTRAL LONDON",2568,100183.69,0,0
2023-02-01,03N,"NHS SHEFFIELD",2895,96919.92,0,0
2023-02-01,36L,"NHS SOUTH WEST LONDON",3125,117987.26,0,0
2023-02-01,15E,"NHS BIRMINGHAM AND SOLIHULL",3159,119116.42,0,0
2023-02-01,D2P2L,"NHS BLACK COUNTRY",3312,128318.49,0,0
2023-02-01,92A,"NHS SURREY HEARTLANDS",3355,133186.12,0,0
2023-02-01,26A,"NHS NORFOLK AND WAVENEY",3428,114253.4,0,0
2023-02-01,16C,"NHS TEES VALLEY",3503,118411.92,0,0
2023-02-01,06H,"NHS CAMBRIDGESHIRE AND PETERBOROUGH",3887,117043.83,0,0
2023-02-01,A3A8R,"NHS NORTH EAST LONDON",3949,143537.27,0,0
2023-02-01,15N,"NHS DEVON",4067,144859.34,0,0
2023-02-01,71E,"NHS LINCOLNSHIRE",4100,126530.68,0,0
2023-02-01,52R,"NHS NOTTINGHAM AND NOTTINGHAMSHIRE",4316,144235.26,0,0
2023-02-01,W2U3Z,"NHS NORTH WEST LONDON",4639,180504.19,0,0
2023-02-01,D9Y0V,"NHS HAMPSHIRE, SOUTHAMPTON AND ISLE OF WIGHT",4663,186236.65,0,0
2023-02-01,91Q,"NHS KENT AND MEDWAY",7163,249035.23,0,0
2023-03-01,09W,"NHS MEDWAY",0,0,0,0
2023-03-01,D4U1Y,"NHS FRIMLEY",4,91.92,0,0
2023-03-01,03H,"NHS NORTH EAST LINCOLNSHIRE",166,5001.99,0,0
2023-03-01,00Q,"NHS BLACKBURN WITH DARWEN",212,6328.1,0,0
2023-03-01,02G,"NHS WEST LANCASHIRE",218,7049.89,0,0
2023-03-01,05D,"NHS EAST STAFFORDSHIRE",309,10396.83,0,0
2023-03-01,01V,"NHS SOUTHPORT AND FORMBY",315,10935.55,0,0
2023-03-01,01J,"NHS KNOWSLEY",355,11080.44,0,0
2023-03-01,12F,"NHS WIRRAL",386,13246.15,0,0
2023-03-01,02T,"NHS CALDERDALE",389,15463.98,0,0
2023-03-01,10R,"NHS PORTSMOUTH",394,17485.01,0,0
2023-03-01,01X,"NHS ST HELENS",400,13430.09,0,0
2023-03-01,02Q,"NHS BASSETLAW",424,12471.76,0,0
2023-03-01,01G,"NHS SALFORD",459,15281.14,0,0
2023-03-01,04Y,"NHS CANNOCK CHASE",477,17079.17,0,0
2023-03-01,01Y,"NHS TAMESIDE AND GLOSSOP",480,17000.55,0,0
2023-03-01,00R,"NHS BLACKPOOL",483,15517.7,0,0
2023-03-01,00N,"NHS SOUTH TYNESIDE",490,17906.19,0,0
2023-03-01,00V,"NHS BURY",493,15532.68,0,0
2023-03-01,01T,"NHS SOUTH SEFTON",498,15373.53,0,0
2023-03-01,01F,"NHS HALTON",509,16699.06,0,0
2023-03-01,03K,"NHS NORTH LINCOLNSHIRE",511,14585.21,0,0
2023-03-01,02P,"NHS BARNSLEY",516,17197.55,0,0
2023-03-01,02M,"NHS FYLDE AND WYRE",536,16987.26,0,0
2023-03-01,05G,"NHS NORTH STAFFORDSHIRE",550,17867.18,0,0
2023-03-01,07G,"NHS THURROCK",551,17092.89,0,0
2023-03-01,99C,"NHS NORTH TYNESIDE",564,23038.32,0,0
2023-03-01,01D,"NHS HEYWOOD, MIDDLETON AND ROCHDALE",573,18629.04,0,0
2023-03-01,02A,"NHS TRAFFORD",576,20899.38,0,0
2023-03-01,05Q,"NHS SOUTH EAST STAFFORDSHIRE AND SEISDON PENINSULA",584,21791.77,0,0
2023-03-01,05W,"NHS STOKE ON TRENT",585,19009.76,0,0
2023-03-01,99G,"NHS SOUTHEND",590,21358.81,0,0
2023-03-01,05V,"NHS STAFFORD AND SURROUNDS",595,21502.61,0,0
2023-03-01,99F,"NHS CASTLE POINT AND ROCHFORD",609,21595.21,0,0
2023-03-01,02E,"NHS WARRINGTON",626,21779.26,0,0
2023-03-01,00P,"NHS SUNDERLAND",665,25126.11,0,0
2023-03-01,99E,"NHS BASILDON AND BRENTWOOD",705,23892.98,0,0
2023-03-01,01K,"NHS MORECAMBE BAY",747,25113.11,0,0
2023-03-01,U2G6B,"NHS THAMES VALLEY ICB - U2G6B",766,28683.78,0,0
2023-03-01,01H,"NHS NORTH CUMBRIA",783,26923.71,0,0
2023-03-01,00Y,"NHS OLDHAM",800,26269.55,0,0
2023-03-01,03R,"NHS WAKEFIELD",802,30416.41,0,0
2023-03-01,04C,"NHS LEICESTER CITY",824,26807.95,0,0
2023-03-01,09D,"NHS BRIGHTON AND HOVE",824,35626.71,0,0
2023-03-01,00X,"NHS CHORLEY AND SOUTH RIBBLE",827,27765.92,0,0
2023-03-01,00T,"NHS BOLTON",829,26926.08,0,0
2023-03-01,06L,"NHS IPSWICH AND EAST SUFFOLK",846,26674.31,0,0
2023-03-01,01E,"NHS GREATER PRESTON",867,30364.67,0,0
2023-03-01,02H,"NHS WIGAN BOROUGH",887,29787.69,0,0
2023-03-01,01W,"NHS STOCKPORT",956,33436.76,0,0
2023-03-01,11X,"NHS SOMERSET",1012,34800.33,0,0
2023-03-01,03Q,"NHS VALE OF YORK",1018,37150.83,0,0
2023-03-01,06Q,"NHS MID ESSEX",1069,32608.8,0,0
2023-03-01,01A,"NHS EAST LANCASHIRE",1088,32873.16,0,0
2023-03-01,06T,"NHS NORTH EAST ESSEX",1107,32820.15,0,0
2023-03-01,36J,"NHS BRADFORD DISTRICT AND CRAVEN",1120,38530.44,0,0
2023-03-01,07H,"NHS WEST ESSEX",1138,35707.65,0,0
2023-03-01,07K,"NHS WEST SUFFOLK",1146,33514.84,0,0
2023-03-01,M2L0M,"NHS SHROPSHIRE, TELFORD AND WREKIN",1228,47334.74,0,0
2023-03-01,03L,"NHS ROTHERHAM",1244,37127.74,0,0
2023-03-01,X2C4Y,"NHS KIRKLEES",1263,52232.83,0,0
2023-03-01,00L,"NHS NORTHUMBERLAND",1271,44241.46,0,0
2023-03-01,02X,"NHS DONCASTER",1309,40028.85,0,0
2023-03-01,04V,"NHS WEST LEICESTERSHIRE",1324,44529.42,0,0
2023-03-01,99A,"NHS LIVERPOOL",1365,43730.48,0,0
2023-03-01,06N,"NHS HERTS VALLEYS",1447,55200.82,0,0
2023-03-01,78H,"NHS NORTHAMPTONSHIRE",1469,44070.58,0,0
2023-03-01,15A,"NHS BERKSHIRE WEST",1493,51906.13,0,0
2023-03-01,11M,"NHS GLOUCESTERSHIRE",1505,55186.5,0,0
2023-03-01,03F,"NHS HULL",1520,48167.99,0,0
2023-03-01,14L,"NHS MANCHESTER",1544,49915.49,0,0
2023-03-01,15F,"NHS LEEDS",1593,58719.54,0,0
2023-03-01,02Y,"NHS EAST RIDING OF YORKSHIRE",1606,53389.23,0,0
2023-03-01,13T,"NHS NEWCASTLE GATESHEAD",1700,63749.23,0,0
2023-03-01,27D,"NHS CHESHIRE",1758,59345.63,0,0
2023-03-01,92G,"NHS BATH AND NORTH EAST SOMERSET, SWINDON AND WILTSHIRE",1817,68339.12,0,0
2023-03-01,03W,"NHS EAST LEICESTERSHIRE AND RUTLAND",1888,65007.7,0,0
2023-03-01,15M,"NHS DERBY AND DERBYSHIRE",1945,77174.3,0,0
2023-03-01,18C,"NHS HEREFORDSHIRE AND WORCESTERSHIRE",1974,73167.61,0,0
2023-03-01,11N,"NHS CORNWALL AND THE ISLES OF SCILLY",2005,63771.89,0,0
2023-03-01,84H,"NHS COUNTY DURHAM",2138,76520.88,0,0
2023-03-01,06K,"NHS EAST AND NORTH HERTFORDSHIRE",2139,66231.64,0,0
2023-03-01,14Y,"NHS BUCKINGHAMSHIRE",2206,76769.14,0,0
2023-03-01,97R,"NHS EAST SUSSEX",2206,77661.74,0,0
2023-03-01,42D,"NHS NORTH YORKSHIRE",2433,80429.22,0,0
2023-03-01,15C,"NHS BRISTOL, NORTH SOMERSET AND SOUTH GLOUCESTERSHIRE",2458,108716.64,0,0
2023-03-01,B2M3M,"NHS COVENTRY AND WARWICKSHIRE",2492,80316.42,0,0
2023-03-01,72Q,"NHS SOUTH EAST LONDON",2505,103652.29,0,0
2023-03-01,10Q,"NHS OXFORDSHIRE",2589,96001.38,0,0
2023-03-01,M1J4Y,"NHS BEDFORDSHIRE, LUTON AND MILTON KEYNES",2637,92117.13,0,0
2023-03-01,70F,"NHS WEST SUSSEX",2714,108285.71,0,0
2023-03-01,11J,"NHS DORSET",2781,98258.96,0,0
2023-03-01,93C,"NHS NORTH CENTRAL LONDON",2956,113093.52,0,0
2023-03-01,03N,"NHS SHEFFIELD",3176,106875.5,0,0
2023-03-01,36L,"NHS SOUTH WEST LONDON",3507,134701.19,0,0
2023-03-01,15E,"NHS BIRMINGHAM AND SOLIHULL",3602,135017.28,0,0
2023-03-01,D2P2L,"NHS BLACK COUNTRY",3678,142288.48,0,0
2023-03-01,26A,"NHS NORFOLK AND WAVENEY",3809,127186.52,0,0
2023-03-01,92A,"NHS SURREY HEARTLANDS",3844,152169.67,0,0
2023-03-01,16C,"NHS TEES VALLEY",3936,132911.46,0,0
2023-03-01,A3A8R,"NHS NORTH EAST LONDON",4344,159711.35,0,0
2023-03-01,06H,"NHS CAMBRIDGESHIRE AND PETERBOROUGH",4394,132065.11,0,0
2023-03-01,15N,"NHS DEVON",4434,155795.42,0,0
2023-03-01,71E,"NHS LINCOLNSHIRE",4642,143545.31,0,0
2023-03-01,52R,"NHS NOTTINGHAM AND NOTTINGHAMSHIRE",4779,162338.65,0,0
2023-03-01,W2U3Z,"NHS NORTH WEST LONDON",5116,198552.76,0,0
2023-03-01,D9Y0V,"NHS HAMPSHIRE, SOUTHAMPTON AND ISLE OF WIGHT",5280,210256.19,0,0
2023-03-01,91Q,"NHS KENT AND MEDWAY",8217,289249.21,0,0
2023-04-01,09W,"NHS MEDWAY",0,0,0,0
2023-04-01,D4U1Y,"NHS FRIMLEY",1,26.37,0,0
2023-04-01,03H,"NHS NORTH EAST LINCOLNSHIRE",160,5062.49,0,0
2023-04-01,00Q,"NHS BLACKBURN WITH DARWEN",186,5484.56,0,0
2023-04-01,02G,"NHS WEST LANCASHIRE",191,6459.8,0,0
2023-04-01,01V,"NHS SOUTHPORT AND FORMBY",270,9386.43,0,0
2023-04-01,05D,"NHS EAST STAFFORDSHIRE",276,9148.74,0,0
2023-04-01,01J,"NHS KNOWSLEY",295,9149.56,0,0
2023-04-01,01X,"NHS ST HELENS",322,10783.99,0,0
2023-04-01,10R,"NHS PORTSMOUTH",333,15396.59,0,0
2023-04-01,02T,"NHS CALDERDALE",352,13973.52,0,0
2023-04-01,12F,"NHS WIRRAL",363,12379.09,0,0
2023-04-01,00V,"NHS BURY",397,12998.92,0,0
2023-04-01,01Y,"NHS TAMESIDE AND GLOSSOP",400,14119.14,0,0
2023-04-01,01G,"NHS SALFORD",424,14027.22,0,0
2023-04-01,03K,"NHS NORTH LINCOLNSHIRE",429,12286.72,0,0
2023-04-01,00R,"NHS BLACKPOOL",431,13816.39,0,0
2023-04-01,02Q,"NHS BASSETLAW",436,12788.02,0,0
2023-04-01,02M,"NHS FYLDE AND WYRE",452,14567.16,0,0
2023-04-01,01F,"NHS HALTON",456,15015.92,0,0
2023-04-01,02P,"NHS BARNSLEY",457,15226.6,0,0
2023-04-01,04Y,"NHS CANNOCK CHASE",467,16373.42,0,0
2023-04-01,99F,"NHS CASTLE POINT AND ROCHFORD",478,16676.61,0,0
2023-04-01,01T,"NHS SOUTH SEFTON",480,15227.14,0,0
2023-04-01,07G,"NHS THURROCK",484,15068.83,0,0
2023-04-01,99C,"NHS NORTH TYNESIDE",492,20643.58,0,0
2023-04-01,05G,"NHS NORTH STAFFORDSHIRE",493,16083.38,0,0
2023-04-01,99G,"NHS SOUTHEND",497,18706.42,0,0
2023-04-01,00N,"NHS SOUTH TYNESIDE",506,19444.51,0,0
2023-04-01,05W,"NHS STOKE ON TRENT",508,16518.94,0,0
2023-04-01,02A,"NHS TRAFFORD",510,18732.92,0,0
2023-04-01,02E,"NHS WARRINGTON",521,17639.24,0,0
2023-04-01,05Q,"NHS SOUTH EAST STAFFORDSHIRE AND SEISDON PENINSULA",527,20050.92,0,0
2023-04-01,01D,"NHS HEYWOOD, MIDDLETON AND ROCHDALE",541,17810.87,0,0
2023-04-01,05V,"NHS STAFFORD AND SURROUNDS",547,19721.26,0,0
2023-04-01,00P,"NHS SUNDERLAND",579,21448.58,0,0
2023-04-01,03R,"NHS WAKEFIELD",661,25192.08,0,0
2023-04-01,99E,"NHS BASILDON AND BRENTWOOD",661,23228.69,0,0
2023-04-01,U2G6B,"NHS THAMES VALLEY ICB - U2G6B",664,25324.12,0,0
2023-04-01,01K,"NHS MORECAMBE BAY",675,22701.1,0,0
2023-04-01,01H,"NHS NORTH CUMBRIA",690,23767.71,0,0
2023-04-01,00Y,"NHS OLDHAM",709,23163.41,0,0
2023-04-01,00X,"NHS CHORLEY AND SOUTH RIBBLE",714,24629.51,0,0
2023-04-01,04C,"NHS LEICESTER CITY",718,23782.86,0,0
2023-04-01,06L,"NHS IPSWICH AND EAST SUFFOLK",751,23925.88,0,0
2023-04-01,00T,"NHS BOLTON",758,25167.2,0,0
2023-04-01,01E,"NHS GREATER PRESTON",780,27447.03,0,0
2023-04-01,09D,"NHS BRIGHTON AND HOVE",790,35249.01,0,0
2023-04-01,02H,"NHS WIGAN BOROUGH",809,27658.5,0,0
2023-04-01,03Q,"NHS VALE OF YORK",873,31638.54,0,0
2023-04-01,01W,"NHS STOCKPORT",891,31033.23,0,0
2023-04-01,01A,"NHS EAST LANCASHIRE",931,28529.12,0,0
2023-04-01,06Q,"NHS MID ESSEX",953,29081.3,0,0
2023-04-01,11X,"NHS SOMERSET",973,33931.77,0,0
2023-04-01,36J,"NHS BRADFORD DISTRICT AND CRAVEN",1011,34250,0,0
2023-04-01,07H,"NHS WEST ESSEX",1023,31890.09,0,0
2023-04-01,06T,"NHS NORTH EAST ESSEX",1039,30651.57,0,0
2023-04-01,07K,"NHS WEST SUFFOLK",1075,31638.97,0,0
2023-04-01,X2C4Y,"NHS KIRKLEES",1078,44200.78,0,0
2023-04-01,03L,"NHS ROTHERHAM",1100,32933.28,0,0
2023-04-01,02X,"NHS DONCASTER",1133,35358.44,0,0
2023-04-01,M2L0M,"NHS SHROPSHIRE, TELFORD AND WREKIN",1145,43785.32,0,0
2023-04-01,04V,"NHS WEST LEICESTERSHIRE",1174,39140.27,0,0
2023-04-01,00L,"NHS NORTHUMBERLAND",1181,42316.21,0,0
2023-04-01,99A,"NHS LIVERPOOL",1236,39722.14,0,0
2023-04-01,06N,"NHS HERTS VALLEYS",1279,47602.95,0,0
2023-04-01,78H,"NHS NORTHAMPTONSHIRE",1317,39352.36,0,0
2023-04-01,11M,"NHS GLOUCESTERSHIRE",1319,48352.95,0,0
2023-04-01,15A,"NHS BERKSHIRE WEST",1371,48011.31,0,0
2023-04-01,15F,"NHS LEEDS",1377,50173.95,0,0
2023-04-01,14L,"NHS MANCHESTER",1381,45166.67,0,0
2023-04-01,03F,"NHS HULL",1418,45377.81,0,0
2023-04-01,02Y,"NHS EAST RIDING OF YORKSHIRE",1545,51188.21,0,0
2023-04-01,27D,"NHS CHESHIRE",1565,53998.89,0,0
2023-04-01,03W,"NHS EAST LEICESTERSHIRE AND RUTLAND",1606,56290.26,0,0
2023-04-01,13T,"NHS NEWCASTLE GATESHEAD",1637,62367.58,0,0
2023-04-01,15M,"NHS DERBY AND DERBYSHIRE",1704,67836.18,0,0
2023-04-01,92G,"NHS BATH AND NORTH EAST SOMERSET, SWINDON AND WILTSHIRE",1709,64421.63,0,0
2023-04-01,18C,"NHS HEREFORDSHIRE AND WORCESTERSHIRE",1714,63318.96,0,0
2023-04-01,84H,"NHS COUNTY DURHAM",1841,65690.35,0,0
2023-04-01,11N,"NHS CORNWALL AND THE ISLES OF SCILLY",1858,59018.28,0,0
2023-04-01,14Y,"NHS BUCKINGHAMSHIRE",1912,66097.96,0,0
2023-04-01,06K,"NHS EAST AND NORTH HERTFORDSHIRE",2008,62318.24,0,0
2023-04-01,97R,"NHS EAST SUSSEX",2055,72912.94,0,0
2023-04-01,15C,"NHS BRISTOL, NORTH SOMERSET AND SOUTH GLOUCESTERSHIRE",2105,94383.55,0,0
2023-04-01,42D,"NHS NORTH YORKSHIRE",2163,70854.69,0,0
2023-04-01,B2M3M,"NHS COVENTRY AND WARWICKSHIRE",2163,70410.76,0,0
2023-04-01,M1J4Y,"NHS BEDFORDSHIRE, LUTON AND MILTON KEYNES",2369,81576.46,0,0
2023-04-01,72Q,"NHS SOUTH EAST LONDON",2393,99449.85,0,0
2023-04-01,10Q,"NHS OXFORDSHIRE",2486,91591.27,0,0
2023-04-01,70F,"NHS WEST SUSSEX",2488,99539.83,0,0
2023-04-01,11J,"NHS DORSET",2521,88930.68,0,0
2023-04-01,93C,"NHS NORTH CENTRAL LONDON",2599,101493.37,0,0
2023-04-01,03N,"NHS SHEFFIELD",2877,97674.81,0,0
2023-04-01,36L,"NHS SOUTH WEST LONDON",3199,123640.73,0,0
2023-04-01,15E,"NHS BIRMINGHAM AND SOLIHULL",3240,121809.34,0,0
2023-04-01,D2P2L,"NHS BLACK COUNTRY",3305,127964.38,0,0
2023-04-01,92A,"NHS SURREY HEARTLANDS",3383,135738.5,0,0
2023-04-01,26A,"NHS NORFOLK AND WAVENEY",3540,119232.53,0,0
2023-04-01,16C,"NHS TEES VALLEY",3618,121721.03,0,0
2023-04-01,06H,"NHS CAMBRIDGESHIRE AND PETERBOROUGH",3924,116854.62,0,0
2023-04-01,A3A8R,"NHS NORTH EAST LONDON",4003,146792.12,0,0
2023-04-01,15N,"NHS DEVON",4010,143004.67,0,0
2023-04-01,71E,"NHS LINCOLNSHIRE",4141,128687.02,0,0
2023-04-01,52R,"NHS NOTTINGHAM AND NOTTINGHAMSHIRE",4232,143497.42,0,0
2023-04-01,W2U3Z,"NHS NORTH WEST LONDON",4569,180456.97,0,0
2023-04-01,D9Y0V,"NHS HAMPSHIRE, SOUTHAMPTON AND ISLE OF WIGHT",4744,190602.98,0,0
2023-04-01,91Q,"NHS KENT AND MEDWAY",7478,263020.24,0,0
2023-05-01,09W,"NHS MEDWAY",0,0,0,0
2023-05-01,D4U1Y,"NHS FRIMLEY",7,184.66,0,0
2023-05-01,03H,"NHS NORTH EAST LINCOLNSHIRE",175,5222.84,0,0
2023-05-01,00Q,"NHS BLACKBURN WITH DARWEN",184,5618.56,0,0
2023-05-01,02G,"NHS WEST LANCASHIRE",209,7055.88,0,0
2023-05-01,05D,"NHS EAST STAFFORDSHIRE",320,10563.46,0,0
2023-05-01,01V,"NHS SOUTHPORT AND FORMBY",321,11012.4,0,0
2023-05-01,01J,"NHS KNOWSLEY",326,10181.91,0,0
2023-05-01,02T,"NHS CALDERDALE",347,13860.37,0,0
2023-05-01,12F,"NHS WIRRAL",372,13069.67,0,0
2023-05-01,10R,"NHS PORTSMOUTH",378,17169.86,0,0
2023-05-01,01X,"NHS ST HELENS",385,12885.3,0,0
2023-05-01,02Q,"NHS BASSETLAW",418,12397.42,0,0
2023-05-01,00R,"NHS BLACKPOOL",431,13874.62,0,0
2023-05-01,01G,"NHS SALFORD",441,14758.07,0,0
2023-05-01,00V,"NHS BURY",442,14428.49,0,0
2023-05-01,01Y,"NHS TAMESIDE AND GLOSSOP",444,15509.57,0,0
2023-05-01,04Y,"NHS CANNOCK CHASE",457,16313.85,0,0
2023-05-01,01F,"NHS HALTON",478,16076.84,0,0
2023-05-01,02M,"NHS FYLDE AND WYRE",480,15206.1,0,0
2023-05-01,01T,"NHS SOUTH SEFTON",490,15510.15,0,0
2023-05-01,00N,"NHS SOUTH TYNESIDE",493,18318.26,0,0
2023-05-01,02P,"NHS BARNSLEY",501,16933.88,0,0
2023-05-01,03K,"NHS NORTH LINCOLNSHIRE",502,14362.11,0,0
2023-05-01,99G,"NHS SOUTHEND",508,18555.83,0,0
2023-05-01,07G,"NHS THURROCK",524,16564.91,0,0
2023-05-01,05G,"NHS NORTH STAFFORDSHIRE",540,17580.08,0,0
2023-05-01,99F,"NHS CASTLE POINT AND ROCHFORD",549,19874.59,0,0
2023-05-01,99C,"NHS NORTH TYNESIDE",551,22155.45,0,0
2023-05-01,01D,"NHS HEYWOOD, MIDDLETON AND ROCHDALE",552,18332.26,0,0
2023-05-01,05V,"NHS STAFFORD AND SURROUNDS",558,19729.12,0,0
2023-05-01,05W,"NHS STOKE ON TRENT",572,18596.17,0,0
2023-05-01,02A,"NHS TRAFFORD",586,21127.58,0,0
2023-05-01,05Q,"NHS SOUTH EAST STAFFORDSHIRE AND SEISDON PENINSULA",588,21878.96,0,0
2023-05-01,02E,"NHS WARRINGTON",591,20639.86,0,0
2023-05-01,00P,"NHS SUNDERLAND",610,22525.39,0,0
2023-05-01,99E,"NHS BASILDON AND BRENTWOOD",694,24187.53,0,0
2023-05-01,01H,"NHS NORTH CUMBRIA",715,24436.75,0,0
2023-05-01,00Y,"NHS OLDHAM",724,23884.69,0,0
2023-05-01,01K,"NHS MORECAMBE BAY",724,24674.99,0,0
2023-05-01,03R,"NHS WAKEFIELD",730,27892.46,0,0
2023-05-01,U2G6B,"NHS THAMES VALLEY ICB - U2G6B",736,27154.41,0,0
2023-05-01,00X,"NHS CHORLEY AND SOUTH RIBBLE",747,25664.76,0,0
2023-05-01,04C,"NHS LEICESTER CITY",770,25032.29,0,0
2023-05-01,01E,"NHS GREATER PRESTON",798,27880.09,0,0
2023-05-01,02H,"NHS WIGAN BOROUGH",812,27287.21,0,0
2023-05-01,09D,"NHS BRIGHTON AND HOVE",816,35157.87,0,0
2023-05-01,00T,"NHS BOLTON",841,28091.77,0,0
2023-05-01,06L,"NHS IPSWICH AND EAST SUFFOLK",851,27034.16,0,0
2023-05-01,03Q,"NHS VALE OF YORK",898,33207.3,0,0
2023-05-01,01W,"NHS STOCKPORT",928,32944.4,0,0
2023-05-01,11X,"NHS SOMERSET",967,33734.2,0,0
2023-05-01,06Q,"NHS MID ESSEX",979,30200.41,0,0
2023-05-01,01A,"NHS EAST LANCASHIRE",982,29700.94,0,0
2023-05-01,07H,"NHS WEST ESSEX",1048,33485.02,0,0
2023-05-01,06T,"NHS NORTH EAST ESSEX",1075,31850.5,0,0
2023-05-01,36J,"NHS BRADFORD DISTRICT AND CRAVEN",1118,38483.74,0,0
2023-05-01,07K,"NHS WEST SUFFOLK",1128,32878.02,0,0
2023-05-01,03L,"NHS ROTHERHAM",1186,36071.92,0,0
2023-05-01,M2L0M,"NHS SHROPSHIRE, TELFORD AND WREKIN",1190,46134.94,0,0
2023-05-01,02X,"NHS DONCASTER",1222,37562.15,0,0
2023-05-01,00L,"NHS NORTHUMBERLAND",1227,42887.43,0,0
2023-05-01,99A,"NHS LIVERPOOL",1238,40293.29,0,0
2023-05-01,X2C4Y,"NHS KIRKLEES",1249,51880.11,0,0
2023-05-01,04V,"NHS WEST LEICESTERSHIRE",1259,42703.2,0,0
2023-05-01,06N,"NHS HERTS VALLEYS",1403,53411.03,0,0
2023-05-01,78H,"NHS NORTHAMPTONSHIRE",1409,42255.92,0,0
2023-05-01,03F,"NHS HULL",1415,45250.89,0,0
2023-05-01,15A,"NHS BERKSHIRE WEST",1432,51063.26,0,0
2023-05-01,14L,"NHS MANCHESTER",1437,47149.69,0,0
2023-05-01,11M,"NHS GLOUCESTERSHIRE",1532,55388.41,0,0
2023-05-01,15F,"NHS LEEDS",1543,58541.12,0,0
2023-05-01,02Y,"NHS EAST RIDING OF YORKSHIRE",1607,54465.26,0,0
2023-05-01,13T,"NHS NEWCASTLE GATESHEAD",1612,61139.6,0,0
2023-05-01,27D,"NHS CHESHIRE",1620,54875.92,0,0
2023-05-01,92G,"NHS BATH AND NORTH EAST SOMERSET, SWINDON AND WILTSHIRE",1788,66978.9,0,0
2023-05-01,15M,"NHS DERBY AND DERBYSHIRE",1819,73204.03,0,0
2023-05-01,03W,"NHS EAST LEICESTERSHIRE AND RUTLAND",1827,62986.08,0,0
2023-05-01,18C,"NHS HEREFORDSHIRE AND WORCESTERSHIRE",1867,68917.55,0,0
2023-05-01,11N,"NHS CORNWALL AND THE ISLES OF SCILLY",1951,62153.53,0,0
2023-05-01,84H,"NHS COUNTY DURHAM",1952,70213.32,0,0
2023-05-01,06K,"NHS EAST AND NORTH HERTFORDSHIRE",2133,65785.28,0,0
2023-05-01,97R,"NHS EAST SUSSEX",2144,76001.7,0,0
2023-05-01,14Y,"NHS BUCKINGHAMSHIRE",2160,75846.39,0,0
2023-05-01,15C,"NHS BRISTOL, NORTH SOMERSET AND SOUTH GLOUCESTERSHIRE",2270,101199.51,0,0
2023-05-01,42D,"NHS NORTH YORKSHIRE",2330,77568.67,0,0
2023-05-01,72Q,"NHS SOUTH EAST LONDON",2369,98353.47,0,0
2023-05-01,B2M3M,"NHS COVENTRY AND WARWICKSHIRE",2409,79129.7,0,0
2023-05-01,70F,"NHS WEST SUSSEX",2577,102520.67,0,0
2023-05-01,11J,"NHS DORSET",2581,90588.16,0,0
2023-05-01,M1J4Y,"NHS BEDFORDSHIRE, LUTON AND MILTON KEYNES",2597,89917.33,0,0
2023-05-01,10Q,"NHS OXFORDSHIRE",2649,98840.52,0,0
2023-05-01,93C,"NHS NORTH CENTRAL LONDON",2740,108364.52,0,0
2023-05-01,03N,"NHS SHEFFIELD",3054,104439.5,0,0
2023-05-01,36L,"NHS SOUTH WEST LONDON",3318,128252.69,0,0
2023-05-01,15E,"NHS BIRMINGHAM AND SOLIHULL",3328,124891.16,0,0
2023-05-01,D2P2L,"NHS BLACK COUNTRY",3645,143193.92,0,0
2023-05-01,92A,"NHS SURREY HEARTLANDS",3670,148174.95,0,0
2023-05-01,26A,"NHS NORFOLK AND WAVENEY",3730,126005.04,0,0
2023-05-01,16C,"NHS TEES VALLEY",3794,129484.26,0,0
2023-05-01,15N,"NHS DEVON",4242,149497.4,0,0
2023-05-01,06H,"NHS CAMBRIDGESHIRE AND PETERBOROUGH",4291,129455.14,0,0
2023-05-01,A3A8R,"NHS NORTH EAST LONDON",4344,158682.1,0,0
2023-05-01,71E,"NHS LINCOLNSHIRE",4482,138167.96,0,0
2023-05-01,52R,"NHS NOTTINGHAM AND NOTTINGHAMSHIRE",4557,155700.7,0,0
2023-05-01,W2U3Z,"NHS NORTH WEST LONDON",4870,190986.99,0,0
2023-05-01,D9Y0V,"NHS HAMPSHIRE, SOUTHAMPTON AND ISLE OF WIGHT",5125,206859.36,0,0
2023-05-01,91Q,"NHS KENT AND MEDWAY",8018,285117.54,0,0
2023-06-01,09W,"NHS MEDWAY",0,0,0,0
2023-06-01,D4U1Y,"NHS FRIMLEY",5,158.14,0,0
2023-06-01,03H,"NHS NORTH EAST LINCOLNSHIRE",169,5139.56,0,0
2023-06-01,00Q,"NHS BLACKBURN WITH DARWEN",196,5930.34,0,0
2023-06-01,02G,"NHS WEST LANCASHIRE",208,7142.4,0,0
2023-06-01,01V,"NHS SOUTHPORT AND FORMBY",301,10450.02,0,0
2023-06-01,05D,"NHS EAST STAFFORDSHIRE",312,10502.22,0,0
2023-06-01,01J,"NHS KNOWSLEY",357,11069.9,0,0
2023-06-01,01X,"NHS ST HELENS",372,12624.52,0,0
2023-06-01,02T,"NHS CALDERDALE",385,15311.92,0,0
2023-06-01,12F,"NHS WIRRAL",395,13507.33,0,0
2023-06-01,10R,"NHS PORTSMOUTH",401,17630.6,0,0
2023-06-01,02Q,"NHS BASSETLAW",416,11965.89,0,0
2023-06-01,01G,"NHS SALFORD",434,14350.96,0,0
2023-06-01,00V,"NHS BURY",445,14469.64,0,0
2023-06-01,01F,"NHS HALTON",459,15339.22,0,0
2023-06-01,01T,"NHS SOUTH SEFTON",462,14456.69,0,0
2023-06-01,02M,"NHS FYLDE AND WYRE",466,14745.79,0,0
2023-06-01,01Y,"NHS TAMESIDE AND GLOSSOP",468,16564.41,0,0
2023-06-01,04Y,"NHS CANNOCK CHASE",472,17012.29,0,0
2023-06-01,00R,"NHS BLACKPOOL",476,15168.2,0,0
2023-06-01,03K,"NHS NORTH LINCOLNSHIRE",499,14311.26,0,0
2023-06-01,00N,"NHS SOUTH TYNESIDE",527,19634.5,0,0
2023-06-01,02P,"NHS BARNSLEY",538,18106.3,0,0
2023-06-01,05W,"NHS STOKE ON TRENT",540,17368.9,0,0
2023-06-01,07G,"NHS THURROCK",544,16696.8,0,0
2023-06-01,02A,"NHS TRAFFORD",551,20003.63,0,0
2023-06-01,99C,"NHS NORTH TYNESIDE",560,23402.38,0,0
2023-06-01,99F,"NHS CASTLE POINT AND ROCHFORD",560,19753.33,0,0
2023-06-01,99G,"NHS SOUTHEND",561,20517.51,0,0
2023-06-01,05V,"NHS STAFFORD AND SURROUNDS",566,20055.98,0,0
2023-06-01,01D,"NHS HEYWOOD, MIDDLETON AND ROCHDALE",568,18976.36,0,0
2023-06-01,05G,"NHS NORTH STAFFORDSHIRE",597,19397.75,0,0
2023-06-01,02E,"NHS WARRINGTON",607,21097.71,0,0
2023-06-01,00P,"NHS SUNDERLAND",613,22731.24,0,0
2023-06-01,05Q,"NHS SOUTH EAST STAFFORDSHIRE AND SEISDON PENINSULA",620,23771.84,0,0
2023-06-01,01K,"NHS MORECAMBE BAY",697,24088.47,0,0
2023-06-01,99E,"NHS BASILDON AND BRENTWOOD",716,24787.45,0,0
2023-06-01,00Y,"NHS OLDHAM",737,24234.58,0,0
2023-06-01,01H,"NHS NORTH CUMBRIA",755,26314.25,0,0
2023-06-01,03R,"NHS WAKEFIELD",780,29715.02,0,0
2023-06-01,01E,"NHS GREATER PRESTON",789,28265.99,0,0
2023-06-01,04C,"NHS LEICESTER CITY",790,25736.9,0,0
2023-06-01,00X,"NHS CHORLEY AND SOUTH RIBBLE",793,27409.95,0,0
2023-06-01,09D,"NHS BRIGHTON AND HOVE",806,35392.98,0,0
2023-06-01,06L,"NHS IPSWICH AND EAST SUFFOLK",807,25905.91,0,0
2023-06-01,00T,"NHS BOLTON",816,27318.03,0,0
2023-06-01,02H,"NHS WIGAN BOROUGH",822,28029.43,0,0
2023-06-01,U2G6B,"NHS THAMES VALLEY ICB - U2G6B",835,31849.81,0,0
2023-06-01,01W,"NHS STOCKPORT",884,30691.18,0,0
2023-06-01,03Q,"NHS VALE OF YORK",913,33233.42,0,0
2023-06-01,01A,"NHS EAST LANCASHIRE",1011,30836.88,0,0
2023-06-01,06Q,"NHS MID ESSEX",1016,30282.17,0,0
2023-06-01,11X,"NHS SOMERSET",1024,35406.93,0,0
2023-06-01,06T,"NHS NORTH EAST ESSEX",1048,31376.88,0,0
2023-06-01,36J,"NHS BRADFORD DISTRICT AND CRAVEN",1079,36713.45,0,0
2023-06-01,07H,"NHS WEST ESSEX",1104,34420.27,0,0
2023-06-01,07K,"NHS WEST SUFFOLK",1127,33049.25,0,0
2023-06-01,03L,"NHS ROTHERHAM",1187,35674.14,0,0
2023-06-01,X2C4Y,"NHS KIRKLEES",1206,49256.01,0,0
2023-06-01,M2L0M,"NHS SHROPSHIRE, TELFORD AND WREKIN",1220,46766.85,0,0
2023-06-01,04V,"NHS WEST LEICESTERSHIRE",1262,42708.55,0,0
2023-06-01,99A,"NHS LIVERPOOL",1281,41774.83,0,0
2023-06-01,02X,"NHS DONCASTER",1310,40180.97,0,0
2023-06-01,00L,"NHS NORTHUMBERLAND",1323,47227.64,0,0
2023-06-01,06N,"NHS HERTS VALLEYS",1417,54316.75,0,0
2023-06-01,14L,"NHS MANCHESTER",1474,48126.59,0,0
2023-06-01,11M,"NHS GLOUCESTERSHIRE",1491,54223.42,0,0
2023-06-01,15A,"NHS BERKSHIRE WEST",1495,52630.54,0,0
2023-06-01,15F,"NHS LEEDS",1515,56359.62,0,0
2023-06-01,78H,"NHS NORTHAMPTONSHIRE",1515,45938.12,0,0
2023-06-01,03F,"NHS HULL",1544,48628.05,0,0
2023-06-01,02Y,"NHS EAST RIDING OF YORKSHIRE",1573,52392.64,0,0
2023-06-01,27D,"NHS CHESHIRE",1639,55763.09,0,0
2023-06-01,13T,"NHS NEWCASTLE GATESHEAD",1759,65755.73,0,0
2023-06-01,92G,"NHS BATH AND NORTH EAST SOMERSET, SWINDON AND WILTSHIRE",1808,68519.42,0,0
2023-06-01,15M,"NHS DERBY AND DERBYSHIRE",1835,73685.48,0,0
2023-06-01,03W,"NHS EAST LEICESTERSHIRE AND RUTLAND",1862,65096.26,0,0
2023-06-01,18C,"NHS HEREFORDSHIRE AND WORCESTERSHIRE",1894,70016.68,0,0
2023-06-01,11N,"NHS CORNWALL AND THE ISLES OF SCILLY",1910,60773.47,0,0
2023-06-01,84H,"NHS COUNTY DURHAM",2004,72146.84,0,0
2023-06-01,97R,"NHS EAST SUSSEX",2143,76586.29,0,0
2023-06-01,06K,"NHS EAST AND NORTH HERTFORDSHIRE",2218,68394.61,0,0
2023-06-01,14Y,"NHS BUCKINGHAMSHIRE",2236,78325.78,0,0
2023-06-01,15C,"NHS BRISTOL, NORTH SOMERSET AND SOUTH GLOUCESTERSHIRE",2314,104030.06,0,0
2023-06-01,42D,"NHS NORTH YORKSHIRE",2369,77888.99,0,0
2023-06-01,72Q,"NHS SOUTH EAST LONDON",2545,105034.35,0,0
2023-06-01,B2M3M,"NHS COVENTRY AND WARWICKSHIRE",2606,85641.79,0,0
2023-06-01,11J,"NHS DORSET",2651,94758.28,0,0
2023-06-01,70F,"NHS WEST SUSSEX",2670,105930.05,0,0
2023-06-01,M1J4Y,"NHS BEDFORDSHIRE, LUTON AND MILTON KEYNES",2681,92638.83,0,0
2023-06-01,93C,"NHS NORTH CENTRAL LONDON",2790,106433.79,0,0
2023-06-01,10Q,"NHS OXFORDSHIRE",2860,107840.14,0,0
2023-06-01,03N,"NHS SHEFFIELD",3204,107650.99,0,0
2023-06-01,15E,"NHS BIRMINGHAM AND SOLIHULL",3426,130113.91,0,0
2023-06-01,36L,"NHS SOUTH WEST LONDON",3493,133394.77,0,0
2023-06-01,D2P2L,"NHS BLACK COUNTRY",3615,141128.98,0,0
2023-06-01,92A,"NHS SURREY HEARTLANDS",3682,147898.36,0,0
2023-06-01,16C,"NHS TEES VALLEY",3825,129314.87,0,0
2023-06-01,26A,"NHS NORFOLK AND WAVENEY",3886,131227.07,0,0
2023-06-01,A3A8R,"NHS NORTH EAST LONDON",4207,153716.7,0,0
2023-06-01,15N,"NHS DEVON",4391,157480.57,0,0
2023-06-01,71E,"NHS LINCOLNSHIRE",4504,140006.78,0,0
2023-06-01,06H,"NHS CAMBRIDGESHIRE AND PETERBOROUGH",4522,135426.75,0,0
2023-06-01,52R,"NHS NOTTINGHAM AND NOTTINGHAMSHIRE",4666,158343.74,0,0
2023-06-01,W2U3Z,"NHS NORTH WEST LONDON",4940,193034.21,0,0
2023-06-01,D9Y0V,"NHS HAMPSHIRE, SOUTHAMPTON AND ISLE OF WIGHT",5132,205692.35,0,0
2023-06-01,91Q,"NHS KENT AND MEDWAY",8041,285645.52,0,0
2023-07-01,09W,"NHS MEDWAY",0,0,0,0
2023-07-01,D4U1Y,"NHS FRIMLEY",10,288.66,0,0
2023-07-01,03H,"NHS NORTH EAST LINCOLNSHIRE",182,5549.91,0,0
2023-07-01,00Q,"NHS BLACKBURN WITH DARWEN",183,5615.58,0,0
2023-07-01,02G,"NHS WEST LANCASHIRE",192,6599.3,0,0
2023-07-01,01V,"NHS SOUTHPORT AND FORMBY",282,9564.49,0,0
2023-07-01,05D,"NHS EAST STAFFORDSHIRE",301,9826.47,0,0
2023-07-01,01J,"NHS KNOWSLEY",307,9315.6,0,0
2023-07-01,02T,"NHS CALDERDALE",336,13565.3,0,0
2023-07-01,01X,"NHS ST HELENS",345,11650.56,0,0
2023-07-01,12F,"NHS WIRRAL",392,13539.69,0,0
2023-07-01,10R,"NHS PORTSMOUTH",395,17513.7,0,0
2023-07-01,00V,"NHS BURY",410,13251.5,0,0
2023-07-01,02Q,"NHS BASSETLAW",422,12332.97,0,0
2023-07-01,02M,"NHS FYLDE AND WYRE",429,13565.72,0,0
2023-07-01,00R,"NHS BLACKPOOL",446,14117.48,0,0
2023-07-01,04Y,"NHS CANNOCK CHASE",460,16806.25,0,0
2023-07-01,01G,"NHS SALFORD",462,15809.59,0,0
2023-07-01,01T,"NHS SOUTH SEFTON",463,14498.05,0,0
2023-07-01,01Y,"NHS TAMESIDE AND GLOSSOP",473,17278.63,0,0
2023-07-01,02P,"NHS BARNSLEY",483,16006.25,0,0
2023-07-01,00N,"NHS SOUTH TYNESIDE",488,17580.43,0,0
2023-07-01,03K,"NHS NORTH LINCOLNSHIRE",493,13880.82,0,0
2023-07-01,01F,"NHS HALTON",501,16347.78,0,0
2023-07-01,05W,"NHS STOKE ON TRENT",504,16557.64,0,0
2023-07-01,99G,"NHS SOUTHEND",525,19325.2,0,0
2023-07-01,99C,"NHS NORTH TYNESIDE",533,21030.21,0,0
2023-07-01,02A,"NHS TRAFFORD",540,19312.28,0,0
2023-07-01,02E,"NHS WARRINGTON",557,19050.2,0,0
2023-07-01,01D,"NHS HEYWOOD, MIDDLETON AND ROCHDALE",558,17699.29,0,0
2023-07-01,99F,"NHS CASTLE POINT AND ROCHFORD",561,19404.3,0,0
2023-07-01,07G,"NHS THURROCK",562,17266.29,0,0
2023-07-01,05V,"NHS STAFFORD AND SURROUNDS",565,20243.19,0,0
2023-07-01,05Q,"NHS SOUTH EAST STAFFORDSHIRE AND SEISDON PENINSULA",584,21870.23,0,0
2023-07-01,05G,"NHS NORTH STAFFORDSHIRE",591,19548.43,0,0
2023-07-01,99E,"NHS BASILDON AND BRENTWOOD",658,22618.76,0,0
2023-07-01,00P,"NHS SUNDERLAND",659,24599.18,0,0
2023-07-01,01K,"NHS MORECAMBE BAY",695,23313.6,0,0
2023-07-01,03R,"NHS WAKEFIELD",704,25779.93,0,0
2023-07-01,01H,"NHS NORTH CUMBRIA",717,24362.2,0,0
2023-07-01,00Y,"NHS OLDHAM",723,24180.27,0,0
2023-07-01,04C,"NHS LEICESTER CITY",742,24665.82,0,0
2023-07-01,00X,"NHS CHORLEY AND SOUTH RIBBLE",769,26436.61,0,0
2023-07-01,09D,"NHS BRIGHTON AND HOVE",787,33781.48,0,0
2023-07-01,00T,"NHS BOLTON",796,26476.42,0,0
2023-07-01,02H,"NHS WIGAN BOROUGH",812,27368.34,0,0
2023-07-01,U2G6B,"NHS THAMES VALLEY ICB - U2G6B",813,30870.1,0,0
2023-07-01,01E,"NHS GREATER PRESTON",821,29165.11,0,0
2023-07-01,06L,"NHS IPSWICH AND EAST SUFFOLK",824,25883.72,0,0
2023-07-01,01W,"NHS STOCKPORT",829,28601.43,0,0
2023-07-01,03Q,"NHS VALE OF YORK",921,33126.87,0,0
2023-07-01,11X,"NHS SOMERSET",952,33257.04,0,0
2023-07-01,01A,"NHS EAST LANCASHIRE",974,29546.72,0,0
2023-07-01,06Q,"NHS MID ESSEX",1004,30870.18,0,0
2023-07-01,36J,"NHS BRADFORD DISTRICT AND CRAVEN",1056,36420.73,0,0
2023-07-01,07H,"NHS WEST ESSEX",1069,34281.68,0,0
2023-07-01,06T,"NHS NORTH EAST ESSEX",1080,31659.02,0,0
2023-07-01,07K,"NHS WEST SUFFOLK",1107,32326.84,0,0
2023-07-01,X2C4Y,"NHS KIRKLEES",1146,47189.45,0,0
2023-07-01,03L,"NHS ROTHERHAM",1155,34730.09,0,0
2023-07-01,00L,"NHS NORTHUMBERLAND",1187,41877.27,0,0
2023-07-01,M2L0M,"NHS SHROPSHIRE, TELFORD AND WREKIN",1194,45725.54,0,0
2023-07-01,04V,"NHS WEST LEICESTERSHIRE",1211,41326.93,0,0
2023-07-01,02X,"NHS DONCASTER",1238,37996.72,0,0
2023-07-01,99A,"NHS LIVERPOOL",1240,40423.28,0,0
2023-07-01,15F,"NHS LEEDS",1436,53566.54,0,0
2023-07-01,11M,"NHS GLOUCESTERSHIRE",1438,52555.37,0,0
2023-07-01,06N,"NHS HERTS VALLEYS",1440,54498.09,0,0
2023-07-01,15A,"NHS BERKSHIRE WEST",1444,50837.51,0,0
2023-07-01,78H,"NHS NORTHAMPTONSHIRE",1467,44017.45,0,0
2023-07-01,14L,"NHS MANCHESTER",1494,48977.53,0,0
2023-07-01,03F,"NHS HULL",1500,47089.05,0,0
2023-07-01,02Y,"NHS EAST RIDING OF YORKSHIRE",1607,53513.91,0,0
2023-07-01,13T,"NHS NEWCASTLE GATESHEAD",1610,61228.57,0,0
2023-07-01,27D,"NHS CHESHIRE",1622,55113.86,0,0
2023-07-01,92G,"NHS BATH AND NORTH EAST SOMERSET, SWINDON AND WILTSHIRE",1755,65057.01,0,0
2023-07-01,15M,"NHS DERBY AND DERBYSHIRE",1773,70108.3,0,0
2023-07-01,03W,"NHS EAST LEICESTERSHIRE AND RUTLAND",1775,61700.85,0,0
2023-07-01,18C,"NHS HEREFORDSHIRE AND WORCESTERSHIRE",1841,67931.4,0,0
2023-07-01,84H,"NHS COUNTY DURHAM",1894,67434.75,0,0
2023-07-01,11N,"NHS CORNWALL AND THE ISLES OF SCILLY",1935,60991.1,0,0
2023-07-01,97R,"NHS EAST SUSSEX",2066,73685.44,0,0
2023-07-01,06K,"NHS EAST AND NORTH HERTFORDSHIRE",2136,65102.68,0,0
2023-07-01,14Y,"NHS BUCKINGHAMSHIRE",2175,76551.45,0,0
2023-07-01,42D,"NHS NORTH YORKSHIRE",2297,74830.99,0,0
2023-07-01,15C,"NHS BRISTOL, NORTH SOMERSET AND SOUTH GLOUCESTERSHIRE",2303,102234.92,0,0
2023-07-01,B2M3M,"NHS COVENTRY AND WARWICKSHIRE",2363,77340.97,0,0
2023-07-01,72Q,"NHS SOUTH EAST LONDON",2457,101607.57,0,0
2023-07-01,70F,"NHS WEST SUSSEX",2522,99941.37,0,0
2023-07-01,11J,"NHS DORSET",2603,90419.59,0,0
2023-07-01,10Q,"NHS OXFORDSHIRE",2721,100623.05,0,0
2023-07-01,M1J4Y,"NHS BEDFORDSHIRE, LUTON AND MILTON KEYNES",2737,94645.29,0,0
2023-07-01,93C,"NHS NORTH CENTRAL LONDON",2836,110255.21,0,0
2023-07-01,36L,"NHS SOUTH WEST LONDON",3290,125330.3,0,0
2023-07-01,03N,"NHS SHEFFIELD",3332,112162.95,0,0
2023-07-01,15E,"NHS BIRMINGHAM AND SOLIHULL",3423,128728.88,0,0
2023-07-01,D2P2L,"NHS BLACK COUNTRY",3524,137254.83,0,0
2023-07-01,92A,"NHS SURREY HEARTLANDS",3527,141856.02,0,0
2023-07-01,26A,"NHS NORFOLK AND WAVENEY",3667,123224.86,0,0
2023-07-01,16C,"NHS TEES VALLEY",3686,125059.44,0,0
2023-07-01,15N,"NHS DEVON",4290,152065.9,0,0
2023-07-01,52R,"NHS NOTTINGHAM AND NOTTINGHAMSHIRE",4337,146508.57,0,0
2023-07-01,A3A8R,"NHS NORTH EAST LONDON",4360,159656.53,0,0
2023-07-01,71E,"NHS LINCOLNSHIRE",4413,135206.36,0,0
2023-07-01,06H,"NHS CAMBRIDGESHIRE AND PETERBOROUGH",4443,133085.82,0,0
2023-07-01,W2U3Z,"NHS NORTH WEST LONDON",4835,190085.85,0,0
2023-07-01,D9Y0V,"NHS HAMPSHIRE, SOUTHAMPTON AND ISLE OF WIGHT",5166,205877.13,0,0
2023-07-01,91Q,"NHS KENT AND MEDWAY",8081,286019.85,0,0
2023-08-01,09W,"NHS MEDWAY",0,0,0,0
2023-08-01,D4U1Y,"NHS FRIMLEY",1,26.24,0,0
2023-08-01,03H,"NHS NORTH EAST LINCOLNSHIRE",182,5404.48,0,0
2023-08-01,02G,"NHS WEST LANCASHIRE",191,6479.92,0,0
2023-08-01,00Q,"NHS BLACKBURN WITH DARWEN",206,6217.82,0,0
2023-08-01,05D,"NHS EAST STAFFORDSHIRE",311,10165.34,0,0
2023-08-01,01V,"NHS SOUTHPORT AND FORMBY",324,11385.58,0,0
2023-08-01,01J,"NHS KNOWSLEY",334,10389.13,0,0
2023-08-01,02T,"NHS CALDERDALE",342,13155.93,0,0
2023-08-01,01X,"NHS ST HELENS",360,12028.51,0,0
2023-08-01,12F,"NHS WIRRAL",370,12671.13,0,0
2023-08-01,00R,"NHS BLACKPOOL",434,13838.93,0,0
2023-08-01,01G,"NHS SALFORD",443,14717.57,0,0
2023-08-01,01F,"NHS HALTON",451,14848.82,0,0
2023-08-01,01Y,"NHS TAMESIDE AND GLOSSOP",455,16002.73,0,0
2023-08-01,02M,"NHS FYLDE AND WYRE",456,14323.79,0,0
2023-08-01,02Q,"NHS BASSETLAW",459,13222.41,0,0
2023-08-01,10R,"NHS PORTSMOUTH",459,20474.12,0,0
2023-08-01,02P,"NHS BARNSLEY",466,15242.04,0,0
2023-08-01,04Y,"NHS CANNOCK CHASE",470,17038.74,0,0
2023-08-01,03K,"NHS NORTH LINCOLNSHIRE",475,13628.76,0,0
2023-08-01,00V,"NHS BURY",495,15793.44,0,0
2023-08-01,00N,"NHS SOUTH TYNESIDE",499,18573.33,0,0
2023-08-01,01T,"NHS SOUTH SEFTON",499,15164.09,0,0
2023-08-01,07G,"NHS THURROCK",522,16147.43,0,0
2023-08-01,99C,"NHS NORTH TYNESIDE",522,21563.21,0,0
2023-08-01,05W,"NHS STOKE ON TRENT",529,17354.28,0,0
2023-08-01,99F,"NHS CASTLE POINT AND ROCHFORD",534,19032.6,0,0
2023-08-01,99G,"NHS SOUTHEND",539,19740.81,0,0
2023-08-01,05V,"NHS STAFFORD AND SURROUNDS",549,19491.13,0,0
2023-08-01,02E,"NHS WARRINGTON",555,19780.25,0,0
2023-08-01,02A,"NHS TRAFFORD",559,20645.81,0,0
2023-08-01,01D,"NHS HEYWOOD, MIDDLETON AND ROCHDALE",564,18311.88,0,0
2023-08-01,05G,"NHS NORTH STAFFORDSHIRE",578,18416.48,0,0
2023-08-01,05Q,"NHS SOUTH EAST STAFFORDSHIRE AND SEISDON PENINSULA",597,22429.43,0,0
2023-08-01,00P,"NHS SUNDERLAND",610,21839.67,0,0
2023-08-01,99E,"NHS BASILDON AND BRENTWOOD",698,24240.22,0,0
2023-08-01,01K,"NHS MORECAMBE BAY",709,24161.06,0,0
2023-08-01,03R,"NHS WAKEFIELD",709,26902.16,0,0
2023-08-01,00Y,"NHS OLDHAM",726,23611.3,0,0
2023-08-01,01H,"NHS NORTH CUMBRIA",743,25288.01,0,0
2023-08-01,U2G6B,"NHS THAMES VALLEY ICB - U2G6B",751,28790.96,0,0
2023-08-01,04C,"NHS LEICESTER CITY",752,24503.17,0,0
2023-08-01,00X,"NHS CHORLEY AND SOUTH RIBBLE",801,27795.11,0,0
2023-08-01,01E,"NHS GREATER PRESTON",801,27663.7,0,0
2023-08-01,00T,"NHS BOLTON",811,26785.43,0,0
2023-08-01,06L,"NHS IPSWICH AND EAST SUFFOLK",825,26153.4,0,0
2023-08-01,09D,"NHS BRIGHTON AND HOVE",827,36318.38,0,0
2023-08-01,02H,"NHS WIGAN BOROUGH",829,27992.12,0,0
2023-08-01,01W,"NHS STOCKPORT",884,31401.99,0,0
2023-08-01,11X,"NHS SOMERSET",949,32633.36,0,0
2023-08-01,03Q,"NHS VALE OF YORK",959,34680.6,0,0
2023-08-01,06Q,"NHS MID ESSEX",1001,30076.46,0,0
2023-08-01,01A,"NHS EAST LANCASHIRE",1026,31245.5,0,0
2023-08-01,07H,"NHS WEST ESSEX",1036,32044.86,0,0
2023-08-01,06T,"NHS NORTH EAST ESSEX",1044,30537.01,0,0
2023-08-01,36J,"NHS BRADFORD DISTRICT AND CRAVEN",1102,37698.34,0,0
2023-08-01,07K,"NHS WEST SUFFOLK",1156,33448,0,0
2023-08-01,X2C4Y,"NHS KIRKLEES",1176,48294.17,0,0
2023-08-01,02X,"NHS DONCASTER",1179,36598.01,0,0
2023-08-01,M2L0M,"NHS SHROPSHIRE, TELFORD AND WREKIN",1180,45423.52,0,0
2023-08-01,03L,"NHS ROTHERHAM",1185,36020.94,0,0
2023-08-01,00L,"NHS NORTHUMBERLAND",1199,41396.4,0,0
2023-08-01,04V,"NHS WEST LEICESTERSHIRE",1224,41029.63,0,0
2023-08-01,99A,"NHS LIVERPOOL",1248,41096.53,0,0
2023-08-01,14L,"NHS MANCHESTER",1422,45609.36,0,0
2023-08-01,78H,"NHS NORTHAMPTONSHIRE",1428,42893.28,0,0
2023-08-01,15A,"NHS BERKSHIRE WEST",1429,50210.32,0,0
2023-08-01,11M,"NHS GLOUCESTERSHIRE",1487,53842.51,0,0
2023-08-01,15F,"NHS LEEDS",1499,56138.89,0,0
2023-08-01,06N,"NHS HERTS VALLEYS",1541,57896.65,0,0
2023-08-01,03F,"NHS HULL",1552,48954.57,0,0
2023-08-01,02Y,"NHS EAST RIDING OF YORKSHIRE",1614,54052.91,0,0
2023-08-01,13T,"NHS NEWCASTLE GATESHEAD",1615,59615.76,0,0
2023-08-01,27D,"NHS CHESHIRE",1661,56534.16,0,0
2023-08-01,92G,"NHS BATH AND NORTH EAST SOMERSET, SWINDON AND WILTSHIRE",1771,66590.21,0,0
2023-08-01,03W,"NHS EAST LEICESTERSHIRE AND RUTLAND",1793,61582.79,0,0
2023-08-01,15M,"NHS DERBY AND DERBYSHIRE",1837,73385.18,0,0
2023-08-01,18C,"NHS HEREFORDSHIRE AND WORCESTERSHIRE",1849,68104.26,0,0
2023-08-01,11N,"NHS CORNWALL AND THE ISLES OF SCILLY",1926,61817.1,0,0
2023-08-01,84H,"NHS COUNTY DURHAM",1957,71131.66,0,0
2023-08-01,14Y,"NHS BUCKINGHAMSHIRE",2176,75931.63,0,0
2023-08-01,97R,"NHS EAST SUSSEX",2179,77741.55,0,0
2023-08-01,06K,"NHS EAST AND NORTH HERTFORDSHIRE",2186,66531.55,0,0
2023-08-01,15C,"NHS BRISTOL, NORTH SOMERSET AND SOUTH GLOUCESTERSHIRE",2233,100441.89,0,0
2023-08-01,42D,"NHS NORTH YORKSHIRE",2324,75182.23,0,0
2023-08-01,B2M3M,"NHS COVENTRY AND WARWICKSHIRE",2344,76458.56,0,0
2023-08-01,72Q,"NHS SOUTH EAST LONDON",2400,99159.25,0,0
2023-08-01,11J,"NHS DORSET",2532,89192.95,0,0
2023-08-01,70F,"NHS WEST SUSSEX",2549,100654.18,0,0
2023-08-01,93C,"NHS NORTH CENTRAL LONDON",2604,100656.68,0,0
2023-08-01,10Q,"NHS OXFORDSHIRE",2621,96535.47,0,0
2023-08-01,M1J4Y,"NHS BEDFORDSHIRE, LUTON AND MILTON KEYNES",2783,94953.27,0,0
2023-08-01,36L,"NHS SOUTH WEST LONDON",3160,122364.44,0,0
2023-08-01,03N,"NHS SHEFFIELD",3253,108990.99,0,0
2023-08-01,15E,"NHS BIRMINGHAM AND SOLIHULL",3343,125172.87,0,0
2023-08-01,D2P2L,"NHS BLACK COUNTRY",3638,141396.39,0,0
2023-08-01,92A,"NHS SURREY HEARTLANDS",3687,147755.96,0,0
2023-08-01,16C,"NHS TEES VALLEY",3757,127577.09,0,0
2023-08-01,26A,"NHS NORFOLK AND WAVENEY",3836,129953.12,0,0
2023-08-01,A3A8R,"NHS NORTH EAST LONDON",4145,151027.27,0,0
2023-08-01,15N,"NHS DEVON",4346,154708.42,0,0
2023-08-01,06H,"NHS CAMBRIDGESHIRE AND PETERBOROUGH",4357,129621.31,0,0
2023-08-01,71E,"NHS LINCOLNSHIRE",4407,136122.14,0,0
2023-08-01,52R,"NHS NOTTINGHAM AND NOTTINGHAMSHIRE",4473,151697.37,0,0
2023-08-01,W2U3Z,"NHS NORTH WEST LONDON",4759,186398.92,0,0
2023-08-01,D9Y0V,"NHS HAMPSHIRE, SOUTHAMPTON AND ISLE OF WIGHT",5195,206121.57,0,0
2023-08-01,91Q,"NHS KENT AND MEDWAY",8035,282740.23,0,0
2023-09-01,09W,"NHS MEDWAY",0,0,0,0
2023-09-01,D4U1Y,"NHS FRIMLEY",8,261.94,0,0
2023-09-01,03H,"NHS NORTH EAST LINCOLNSHIRE",172,5199.42,0,0
2023-09-01,02G,"NHS WEST LANCASHIRE",188,6325.55,0,0
2023-09-01,00Q,"NHS BLACKBURN WITH DARWEN",202,6312.68,0,0
2023-09-01,01V,"NHS SOUTHPORT AND FORMBY",286,9547.22,0,0
2023-09-01,05D,"NHS EAST STAFFORDSHIRE",300,9834.97,0,0
2023-09-01,01J,"NHS KNOWSLEY",326,9927.48,0,0
2023-09-01,01X,"NHS ST HELENS",339,10961.82,0,0
2023-09-01,02T,"NHS CALDERDALE",351,14195.55,0,0
2023-09-01,12F,"NHS WIRRAL",394,13044.06,0,0
2023-09-01,02M,"NHS FYLDE AND WYRE",409,13004.68,0,0
2023-09-01,02Q,"NHS BASSETLAW",409,11930.95,0,0
2023-09-01,10R,"NHS PORTSMOUTH",412,17953.56,0,0
2023-09-01,01G,"NHS SALFORD",415,13803.59,0,0
2023-09-01,01Y,"NHS TAMESIDE AND GLOSSOP",444,15610.53,0,0
2023-09-01,00R,"NHS BLACKPOOL",454,14092.08,0,0
2023-09-01,01F,"NHS HALTON",457,14903.77,0,0
2023-09-01,01T,"NHS SOUTH SEFTON",458,14210.01,0,0
2023-09-01,04Y,"NHS CANNOCK CHASE",459,16435.45,0,0
2023-09-01,03K,"NHS NORTH LINCOLNSHIRE",481,13515.4,0,0
2023-09-01,02P,"NHS BARNSLEY",489,16226.29,0,0
2023-09-01,00V,"NHS BURY",490,15244.63,0,0
2023-09-01,00N,"NHS SOUTH TYNESIDE",491,18412.74,0,0
2023-09-01,99F,"NHS CASTLE POINT AND ROCHFORD",513,17863.09,0,0
2023-09-01,99G,"NHS SOUTHEND",518,19002.18,0,0
2023-09-01,99C,"NHS NORTH TYNESIDE",527,21306.4,0,0
2023-09-01,05W,"NHS STOKE ON TRENT",528,16933.94,0,0
2023-09-01,01D,"NHS HEYWOOD, MIDDLETON AND ROCHDALE",536,17222.08,0,0
2023-09-01,07G,"NHS THURROCK",542,16711.13,0,0
2023-09-01,05Q,"NHS SOUTH EAST STAFFORDSHIRE AND SEISDON PENINSULA",546,20900.67,0,0
2023-09-01,02E,"NHS WARRINGTON",550,19028.82,0,0
2023-09-01,02A,"NHS TRAFFORD",562,20835.59,0,0
2023-09-01,05V,"NHS STAFFORD AND SURROUNDS",567,20075.7,0,0
2023-09-01,05G,"NHS NORTH STAFFORDSHIRE",598,19408.44,0,0
2023-09-01,00P,"NHS SUNDERLAND",639,24083.29,0,0
2023-09-01,99E,"NHS BASILDON AND BRENTWOOD",658,22577.85,0,0
2023-09-01,00Y,"NHS OLDHAM",704,23337.81,0,0
2023-09-01,01K,"NHS MORECAMBE BAY",710,24750.93,0,0
2023-09-01,03R,"NHS WAKEFIELD",715,26610.66,0,0
2023-09-01,01H,"NHS NORTH CUMBRIA",724,24606.26,0,0
2023-09-01,04C,"NHS LEICESTER CITY",740,23665.65,0,0
2023-09-01,00X,"NHS CHORLEY AND SOUTH RIBBLE",747,25563.87,0,0
2023-09-01,00T,"NHS BOLTON",773,25603.51,0,0
2023-09-01,01E,"NHS GREATER PRESTON",793,27384.03,0,0
2023-09-01,09D,"NHS BRIGHTON AND HOVE",802,34008.58,0,0
2023-09-01,02H,"NHS WIGAN BOROUGH",808,27593.94,0,0
2023-09-01,U2G6B,"NHS THAMES VALLEY ICB - U2G6B",830,31914.29,0,0
2023-09-01,06L,"NHS IPSWICH AND EAST SUFFOLK",875,27617.79,0,0
2023-09-01,03Q,"NHS VALE OF YORK",882,31600.3,0,0
2023-09-01,01W,"NHS STOCKPORT",888,31443.67,0,0
2023-09-01,01A,"NHS EAST LANCASHIRE",973,29113.59,0,0
2023-09-01,06Q,"NHS MID ESSEX",999,30015.83,0,0
2023-09-01,06T,"NHS NORTH EAST ESSEX",1061,31038.61,0,0
2023-09-01,36J,"NHS BRADFORD DISTRICT AND CRAVEN",1061,36211.03,0,0
2023-09-01,07H,"NHS WEST ESSEX",1062,34232.73,0,0
2023-09-01,11X,"NHS SOMERSET",1073,37177.96,0,0
2023-09-01,07K,"NHS WEST SUFFOLK",1112,32360.02,0,0
2023-09-01,X2C4Y,"NHS KIRKLEES",1127,45192.7,0,0
2023-09-01,03L,"NHS ROTHERHAM",1142,34575.45,0,0
2023-09-01,M2L0M,"NHS SHROPSHIRE, TELFORD AND WREKIN",1163,44511.25,0,0
2023-09-01,02X,"NHS DONCASTER",1210,37024.4,0,0
2023-09-01,00L,"NHS NORTHUMBERLAND",1240,43229.1,0,0
2023-09-01,99A,"NHS LIVERPOOL",1255,41031.41,0,0
2023-09-01,04V,"NHS WEST LEICESTERSHIRE",1257,41763.16,0,0
2023-09-01,14L,"NHS MANCHESTER",1415,45261.92,0,0
2023-09-01,78H,"NHS NORTHAMPTONSHIRE",1417,42654.54,0,0
2023-09-01,15A,"NHS BERKSHIRE WEST",1441,51321.89,0,0
2023-09-01,03F,"NHS HULL",1446,45288.34,0,0
2023-09-01,15F,"NHS LEEDS",1462,54831.68,0,0
2023-09-01,11M,"NHS GLOUCESTERSHIRE",1489,53952.97,0,0
2023-09-01,06N,"NHS HERTS VALLEYS",1524,57162.99,0,0
2023-09-01,13T,"NHS NEWCASTLE GATESHEAD",1618,60175.5,0,0
2023-09-01,27D,"NHS CHESHIRE",1631,55023.27,0,0
2023-09-01,02Y,"NHS EAST RIDING OF YORKSHIRE",1653,54529.93,0,0
2023-09-01,92G,"NHS BATH AND NORTH EAST SOMERSET, SWINDON AND WILTSHIRE",1718,63630.16,0,0
2023-09-01,15M,"NHS DERBY AND DERBYSHIRE",1798,71723.16,0,0
2023-09-01,03W,"NHS EAST LEICESTERSHIRE AND RUTLAND",1805,63082.2,0,0
2023-09-01,18C,"NHS HEREFORDSHIRE AND WORCESTERSHIRE",1853,69011.84,0,0
2023-09-01,84H,"NHS COUNTY DURHAM",1956,69329.63,0,0
2023-09-01,11N,"NHS CORNWALL AND THE ISLES OF SCILLY",1973,62059.47,0,0
2023-09-01,06K,"NHS EAST AND NORTH HERTFORDSHIRE",2091,63911.23,0,0
2023-09-01,14Y,"NHS BUCKINGHAMSHIRE",2133,74592.58,0,0
2023-09-01,97R,"NHS EAST SUSSEX",2140,76648.5,0,0
2023-09-01,15C,"NHS BRISTOL, NORTH SOMERSET AND SOUTH GLOUCESTERSHIRE",2268,102403.31,0,0
2023-09-01,42D,"NHS NORTH YORKSHIRE",2310,76057.56,0,0
2023-09-01,B2M3M,"NHS COVENTRY AND WARWICKSHIRE",2371,77908.09,0,0
2023-09-01,72Q,"NHS SOUTH EAST LONDON",2438,100913.45,0,0
2023-09-01,70F,"NHS WEST SUSSEX",2571,103348.52,0,0
2023-09-01,10Q,"NHS OXFORDSHIRE",2667,99079.52,0,0
2023-09-01,93C,"NHS NORTH CENTRAL LONDON",2685,105000.97,0,0
2023-09-01,M1J4Y,"NHS BEDFORDSHIRE, LUTON AND MILTON KEYNES",2716,92471.27,0,0
2023-09-01,11J,"NHS DORSET",2719,95821.39,0,0
2023-09-01,15E,"NHS BIRMINGHAM AND SOLIHULL",3279,121647.73,0,0
2023-09-01,03N,"NHS SHEFFIELD",3296,109917.63,0,0
2023-09-01,36L,"NHS SOUTH WEST LONDON",3337,127605,0,0
2023-09-01,D2P2L,"NHS BLACK COUNTRY",3436,132685.9,0,0
2023-09-01,92A,"NHS SURREY HEARTLANDS",3566,142778.19,0,0
2023-09-01,16C,"NHS TEES VALLEY",3705,125933.35,0,0
2023-09-01,26A,"NHS NORFOLK AND WAVENEY",3882,131932.21,0,0
2023-09-01,15N,"NHS DEVON",4206,147381.63,0,0
2023-09-01,A3A8R,"NHS NORTH EAST LONDON",4284,155384.05,0,0
2023-09-01,71E,"NHS LINCOLNSHIRE",4367,134659.79,0,0
2023-09-01,06H,"NHS CAMBRIDGESHIRE AND PETERBOROUGH",4393,130214.01,0,0
2023-09-01,52R,"NHS NOTTINGHAM AND NOTTINGHAMSHIRE",4409,148522.81,0,0
2023-09-01,W2U3Z,"NHS NORTH WEST LONDON",4777,184191.4,0,0
2023-09-01,D9Y0V,"NHS HAMPSHIRE, SOUTHAMPTON AND ISLE OF WIGHT",5239,208857.35,0,0
2023-09-01,91Q,"NHS KENT AND MEDWAY",8013,282931.23,0,0
2023-10-01,09W,"NHS MEDWAY",0,0,0,0
2023-10-01,D4U1Y,"NHS FRIMLEY",6,183.67,0,0
2023-10-01,00Q,"NHS BLACKBURN WITH DARWEN",198,6244.71,0,0
2023-10-01,02G,"NHS WEST LANCASHIRE",202,6428.36,0,0
2023-10-01,03H,"NHS NORTH EAST LINCOLNSHIRE",204,6074.21,0,0
2023-10-01,01V,"NHS SOUTHPORT AND FORMBY",292,10127.65,0,0
2023-10-01,05D,"NHS EAST STAFFORDSHIRE",315,10363.4,0,0
2023-10-01,01J,"NHS KNOWSLEY",331,10088.76,0,0
2023-10-01,02T,"NHS CALDERDALE",345,13419.92,0,0
2023-10-01,01X,"NHS ST HELENS",364,12252.97,0,0
2023-10-01,12F,"NHS WIRRAL",396,13853.32,0,0
2023-10-01,02M,"NHS FYLDE AND WYRE",410,12908.98,0,0
2023-10-01,02Q,"NHS BASSETLAW",418,12357.98,0,0
2023-10-01,01G,"NHS SALFORD",441,14509.51,0,0
2023-10-01,01Y,"NHS TAMESIDE AND GLOSSOP",451,16266.96,0,0
2023-10-01,10R,"NHS PORTSMOUTH",454,19611.03,0,0
2023-10-01,04Y,"NHS CANNOCK CHASE",462,16358.8,0,0
2023-10-01,01T,"NHS SOUTH SEFTON",469,14575.4,0,0
2023-10-01,00R,"NHS BLACKPOOL",473,15244.28,0,0
2023-10-01,00V,"NHS BURY",474,14811.53,0,0
2023-10-01,02P,"NHS BARNSLEY",477,15965.31,0,0
2023-10-01,03K,"NHS NORTH LINCOLNSHIRE",478,13617.29,0,0
2023-10-01,01F,"NHS HALTON",484,15873.92,0,0
2023-10-01,00N,"NHS SOUTH TYNESIDE",489,17880.43,0,0
2023-10-01,05W,"NHS STOKE ON TRENT",519,16962.81,0,0
2023-10-01,99G,"NHS SOUTHEND",537,19887.48,0,0
2023-10-01,02A,"NHS TRAFFORD",541,19900.64,0,0
2023-10-01,99F,"NHS CASTLE POINT AND ROCHFORD",547,19218.68,0,0
2023-10-01,05V,"NHS STAFFORD AND SURROUNDS",557,19559.24,0,0
2023-10-01,99C,"NHS NORTH TYNESIDE",568,23008.96,0,0
2023-10-01,07G,"NHS THURROCK",579,17881.16,0,0
2023-10-01,01D,"NHS HEYWOOD, MIDDLETON AND ROCHDALE",588,18983.2,0,0
2023-10-01,02E,"NHS WARRINGTON",598,21422.56,0,0
2023-10-01,05Q,"NHS SOUTH EAST STAFFORDSHIRE AND SEISDON PENINSULA",599,22524.01,0,0
2023-10-01,00P,"NHS SUNDERLAND",633,23272.06,0,0
2023-10-01,05G,"NHS NORTH STAFFORDSHIRE",675,21816.41,0,0
2023-10-01,04C,"NHS LEICESTER CITY",702,22682.73,0,0
2023-10-01,99E,"NHS BASILDON AND BRENTWOOD",703,24597.36,0,0
2023-10-01,00Y,"NHS OLDHAM",737,24217.55,0,0
2023-10-01,03R,"NHS WAKEFIELD",738,28007.36,0,0
2023-10-01,01K,"NHS MORECAMBE BAY",753,26695.47,0,0
2023-10-01,01H,"NHS NORTH CUMBRIA",766,25658.87,0,0
2023-10-01,01E,"NHS GREATER PRESTON",783,27745.61,0,0
2023-10-01,00X,"NHS CHORLEY AND SOUTH RIBBLE",785,27339.28,0,0
2023-10-01,00T,"NHS BOLTON",791,26145.95,0,0
2023-10-01,06L,"NHS IPSWICH AND EAST SUFFOLK",808,25330.53,0,0
2023-10-01,U2G6B,"NHS THAMES VALLEY ICB - U2G6B",819,31588.62,0,0
2023-10-01,02H,"NHS WIGAN BOROUGH",840,28493.98,0,0
2023-10-01,01W,"NHS STOCKPORT",861,30395.82,0,0
2023-10-01,09D,"NHS BRIGHTON AND HOVE",883,38631.68,0,0
2023-10-01,03Q,"NHS VALE OF YORK",910,32585.95,0,0
2023-10-01,06Q,"NHS MID ESSEX",977,29503.04,0,0
2023-10-01,01A,"NHS EAST LANCASHIRE",987,30029.23,0,0
2023-10-01,07H,"NHS WEST ESSEX",1021,32376.46,0,0
2023-10-01,11X,"NHS SOMERSET",1057,36533.6,0,0
2023-10-01,06T,"NHS NORTH EAST ESSEX",1080,31813.59,0,0
2023-10-01,07K,"NHS WEST SUFFOLK",1140,33268.32,0,0
2023-10-01,36J,"NHS BRADFORD DISTRICT AND CRAVEN",1141,39211.56,0,0
2023-10-01,M2L0M,"NHS SHROPSHIRE, TELFORD AND WREKIN",1220,46718.14,0,0
2023-10-01,03L,"NHS ROTHERHAM",1233,37088.33,0,0
2023-10-01,X2C4Y,"NHS KIRKLEES",1249,50438.75,0,0
2023-10-01,00L,"NHS NORTHUMBERLAND",1254,44890.64,0,0
2023-10-01,99A,"NHS LIVERPOOL",1255,41416.36,0,0
2023-10-01,02X,"NHS DONCASTER",1272,39016.56,0,0
2023-10-01,04V,"NHS WEST LEICESTERSHIRE",1274,42923.54,0,0
2023-10-01,78H,"NHS NORTHAMPTONSHIRE",1380,42097.75,0,0
2023-10-01,14L,"NHS MANCHESTER",1444,47044.63,0,0
2023-10-01,11M,"NHS GLOUCESTERSHIRE",1473,53547.37,0,0
2023-10-01,15A,"NHS BERKSHIRE WEST",1481,51357.7,0,0
2023-10-01,15F,"NHS LEEDS",1555,57641.31,0,0
2023-10-01,03F,"NHS HULL",1556,49065.56,0,0
2023-10-01,06N,"NHS HERTS VALLEYS",1640,61629.53,0,0
2023-10-01,27D,"NHS CHESHIRE",1659,56462.33,0,0
2023-10-01,13T,"NHS NEWCASTLE GATESHEAD",1661,62613.59,0,0
2023-10-01,02Y,"NHS EAST RIDING OF YORKSHIRE",1693,56093.25,0,0
2023-10-01,03W,"NHS EAST LEICESTERSHIRE AND RUTLAND",1729,59884.75,0,0
2023-10-01,92G,"NHS BATH AND NORTH EAST SOMERSET, SWINDON AND WILTSHIRE",1788,66834.9,0,0
2023-10-01,15M,"NHS DERBY AND DERBYSHIRE",1882,74483.11,0,0
2023-10-01,11N,"NHS CORNWALL AND THE ISLES OF SCILLY",1947,61510.29,0,0
2023-10-01,18C,"NHS HEREFORDSHIRE AND WORCESTERSHIRE",1978,72482.66,0,0
2023-10-01,84H,"NHS COUNTY DURHAM",1987,71730.94,0,0
2023-10-01,97R,"NHS EAST SUSSEX",2126,75324.14,0,0
2023-10-01,14Y,"NHS BUCKINGHAMSHIRE",2348,82696.73,0,0
2023-10-01,06K,"NHS EAST AND NORTH HERTFORDSHIRE",2350,71983.72,0,0
2023-10-01,42D,"NHS NORTH YORKSHIRE",2350,77631.23,0,0
2023-10-01,15C,"NHS BRISTOL, NORTH SOMERSET AND SOUTH GLOUCESTERSHIRE",2395,107367.26,0,0
2023-10-01,72Q,"NHS SOUTH EAST LONDON",2501,101454.75,0,0
2023-10-01,B2M3M,"NHS COVENTRY AND WARWICKSHIRE",2505,82003.95,0,0
2023-10-01,70F,"NHS WEST SUSSEX",2553,99106.05,0,0
2023-10-01,11J,"NHS DORSET",2756,96917.28,0,0
2023-10-01,M1J4Y,"NHS BEDFORDSHIRE, LUTON AND MILTON KEYNES",2807,96460.57,0,0
2023-10-01,10Q,"NHS OXFORDSHIRE",2816,105585.44,0,0
2023-10-01,93C,"NHS NORTH CENTRAL LONDON",2870,111320.94,0,0
2023-10-01,15E,"NHS BIRMINGHAM AND SOLIHULL",3478,130907.6,0,0
2023-10-01,36L,"NHS SOUTH WEST LONDON",3483,133924.01,0,0
2023-10-01,03N,"NHS SHEFFIELD",3526,117584.17,0,0
2023-10-01,D2P2L,"NHS BLACK COUNTRY",3592,140102.01,0,0
2023-10-01,16C,"NHS TEES VALLEY",3706,125939.65,0,0
2023-10-01,92A,"NHS SURREY HEARTLANDS",3717,149136.43,0,0
2023-10-01,26A,"NHS NORFOLK AND WAVENEY",4022,138980.47,0,0
2023-10-01,71E,"NHS LINCOLNSHIRE",4294,132963.4,0,0
2023-10-01,52R,"NHS NOTTINGHAM AND NOTTINGHAMSHIRE",4359,147832.85,0,0
2023-10-01,A3A8R,"NHS NORTH EAST LONDON",4423,161671.62,0,0
2023-10-01,15N,"NHS DEVON",4433,158046.38,0,0
2023-10-01,06H,"NHS CAMBRIDGESHIRE AND PETERBOROUGH",4706,139646.17,0,0
2023-10-01,W2U3Z,"NHS NORTH WEST LONDON",4867,190239.58,0,0
2023-10-01,D9Y0V,"NHS HAMPSHIRE, SOUTHAMPTON AND ISLE OF WIGHT",5550,220419.14,0,0
2023-10-01,91Q,"NHS KENT AND MEDWAY",8349,294226.74,0,0
2023-11-01,09W,"NHS MEDWAY",0,0,0,0
2023-11-01,D4U1Y,"NHS FRIMLEY",4,131.59,0,0
2023-11-01,02G,"NHS WEST LANCASHIRE",185,6092.59,0,0
2023-11-01,03H,"NHS NORTH EAST LINCOLNSHIRE",210,6355.83,0,0
2023-11-01,00Q,"NHS BLACKBURN WITH DARWEN",244,7895.38,0,0
2023-11-01,05D,"NHS EAST STAFFORDSHIRE",289,9342.37,0,0
2023-11-01,01V,"NHS SOUTHPORT AND FORMBY",296,10224.27,0,0
2023-11-01,01X,"NHS ST HELENS",343,11224.56,0,0
2023-11-01,01J,"NHS KNOWSLEY",352,10974.71,0,0
2023-11-01,02T,"NHS CALDERDALE",361,13697.68,0,0
2023-11-01,12F,"NHS WIRRAL",407,13908.77,0,0
2023-11-01,02M,"NHS FYLDE AND WYRE",418,13461.25,0,0
2023-11-01,02Q,"NHS BASSETLAW",419,12158.93,0,0
2023-11-01,01G,"NHS SALFORD",448,14764.25,0,0
2023-11-01,04Y,"NHS CANNOCK CHASE",455,16882.06,0,0
2023-11-01,10R,"NHS PORTSMOUTH",476,20986.37,0,0
2023-11-01,01Y,"NHS TAMESIDE AND GLOSSOP",478,16461.5,0,0
2023-11-01,02P,"NHS BARNSLEY",482,16119.31,0,0
2023-11-01,01T,"NHS SOUTH SEFTON",492,15383.02,0,0
2023-11-01,00R,"NHS BLACKPOOL",497,15948.71,0,0
2023-11-01,00N,"NHS SOUTH TYNESIDE",503,18921.53,0,0
2023-11-01,03K,"NHS NORTH LINCOLNSHIRE",505,14382.47,0,0
2023-11-01,01F,"NHS HALTON",514,16593.46,0,0
2023-11-01,02A,"NHS TRAFFORD",518,18948.05,0,0
2023-11-01,00V,"NHS BURY",524,16659.33,0,0
2023-11-01,99G,"NHS SOUTHEND",543,19974.37,0,0
2023-11-01,05W,"NHS STOKE ON TRENT",547,17619.87,0,0
2023-11-01,99F,"NHS CASTLE POINT AND ROCHFORD",551,19119.45,0,0
2023-11-01,02E,"NHS WARRINGTON",564,19632.61,0,0
2023-11-01,05V,"NHS STAFFORD AND SURROUNDS",571,20132.04,0,0
2023-11-01,99C,"NHS NORTH TYNESIDE",573,23920.93,0,0
2023-11-01,01D,"NHS HEYWOOD, MIDDLETON AND ROCHDALE",578,18856.74,0,0
2023-11-01,07G,"NHS THURROCK",578,17764.56,0,0
2023-11-01,05Q,"NHS SOUTH EAST STAFFORDSHIRE AND SEISDON PENINSULA",597,22447.87,0,0
2023-11-01,00P,"NHS SUNDERLAND",666,25106,0,0
2023-11-01,05G,"NHS NORTH STAFFORDSHIRE",692,22909,0,0
2023-11-01,00Y,"NHS OLDHAM",709,23764.75,0,0
2023-11-01,99E,"NHS BASILDON AND BRENTWOOD",709,24711.72,0,0
2023-11-01,03R,"NHS WAKEFIELD",735,26711.31,0,0
2023-11-01,04C,"NHS LEICESTER CITY",742,24054.56,0,0
2023-11-01,00T,"NHS BOLTON",772,25462.43,0,0
2023-11-01,01H,"NHS NORTH CUMBRIA",788,27078.85,0,0
2023-11-01,01K,"NHS MORECAMBE BAY",792,27632.33,0,0
2023-11-01,01W,"NHS STOCKPORT",806,29014.38,0,0
2023-11-01,00X,"NHS CHORLEY AND SOUTH RIBBLE",809,27804.26,0,0
2023-11-01,U2G6B,"NHS THAMES VALLEY ICB - U2G6B",828,30829.85,0,0
2023-11-01,02H,"NHS WIGAN BOROUGH",832,28370.15,0,0
2023-11-01,01E,"NHS GREATER PRESTON",852,30645.84,0,0
2023-11-01,06L,"NHS IPSWICH AND EAST SUFFOLK",869,27499.49,0,0
2023-11-01,09D,"NHS BRIGHTON AND HOVE",956,41131.02,0,0
2023-11-01,03Q,"NHS VALE OF YORK",1002,35672.16,0,0
2023-11-01,01A,"NHS EAST LANCASHIRE",1024,30515.79,0,0
2023-11-01,06Q,"NHS MID ESSEX",1045,31487.85,0,0
2023-11-01,11X,"NHS SOMERSET",1062,36473.57,0,0
2023-11-01,06T,"NHS NORTH EAST ESSEX",1090,32475.94,0,0
2023-11-01,07H,"NHS WEST ESSEX",1111,35106.75,0,0
2023-11-01,36J,"NHS BRADFORD DISTRICT AND CRAVEN",1114,38120.46,0,0
2023-11-01,07K,"NHS WEST SUFFOLK",1153,33658.93,0,0
2023-11-01,M2L0M,"NHS SHROPSHIRE, TELFORD AND WREKIN",1211,46831.82,0,0
2023-11-01,X2C4Y,"NHS KIRKLEES",1213,48802.82,0,0
2023-11-01,00L,"NHS NORTHUMBERLAND",1260,44869.21,0,0
2023-11-01,03L,"NHS ROTHERHAM",1260,37885.39,0,0
2023-11-01,02X,"NHS DONCASTER",1262,38595.77,0,0
2023-11-01,04V,"NHS WEST LEICESTERSHIRE",1262,43119.89,0,0
2023-11-01,99A,"NHS LIVERPOOL",1266,41858.28,0,0
2023-11-01,78H,"NHS NORTHAMPTONSHIRE",1406,42793.63,0,0
2023-11-01,14L,"NHS MANCHESTER",1509,49464.21,0,0
2023-11-01,15A,"NHS BERKSHIRE WEST",1532,54369.31,0,0
2023-11-01,11M,"NHS GLOUCESTERSHIRE",1566,56921.02,0,0
2023-11-01,15F,"NHS LEEDS",1576,59777.22,0,0
2023-11-01,27D,"NHS CHESHIRE",1626,54759.57,0,0
2023-11-01,03F,"NHS HULL",1629,51215.19,0,0
2023-11-01,06N,"NHS HERTS VALLEYS",1744,65619.69,0,0
2023-11-01,13T,"NHS NEWCASTLE GATESHEAD",1756,65501.92,0,0
2023-11-01,03W,"NHS EAST LEICESTERSHIRE AND RUTLAND",1779,61895.86,0,0
2023-11-01,02Y,"NHS EAST RIDING OF YORKSHIRE",1829,60658.73,0,0
2023-11-01,92G,"NHS BATH AND NORTH EAST SOMERSET, SWINDON AND WILTSHIRE",1875,71182.76,0,0
2023-11-01,15M,"NHS DERBY AND DERBYSHIRE",1894,75275.55,0,0
2023-11-01,18C,"NHS HEREFORDSHIRE AND WORCESTERSHIRE",1955,72801.22,0,0
2023-11-01,84H,"NHS COUNTY DURHAM",2014,73580.72,0,0
2023-11-01,11N,"NHS CORNWALL AND THE ISLES OF SCILLY",2062,65894.5,0,0
2023-11-01,97R,"NHS EAST SUSSEX",2189,78342.75,0,0
2023-11-01,06K,"NHS EAST AND NORTH HERTFORDSHIRE",2309,70623.86,0,0
2023-11-01,14Y,"NHS BUCKINGHAMSHIRE",2323,81829.76,0,0
2023-11-01,15C,"NHS BRISTOL, NORTH SOMERSET AND SOUTH GLOUCESTERSHIRE",2426,109549.05,0,0
2023-11-01,42D,"NHS NORTH YORKSHIRE",2471,80828.02,0,0
2023-11-01,B2M3M,"NHS COVENTRY AND WARWICKSHIRE",2498,81516.66,0,0
2023-11-01,72Q,"NHS SOUTH EAST LONDON",2662,108460.78,0,0
2023-11-01,70F,"NHS WEST SUSSEX",2813,112775.24,0,0
2023-11-01,10Q,"NHS OXFORDSHIRE",2863,107288.2,0,0
2023-11-01,11J,"NHS DORSET",2869,100844.14,0,0
2023-11-01,M1J4Y,"NHS BEDFORDSHIRE, LUTON AND MILTON KEYNES",2913,100083.25,0,0
2023-11-01,93C,"NHS NORTH CENTRAL LONDON",2934,115475.2,0,0
2023-11-01,15E,"NHS BIRMINGHAM AND SOLIHULL",3470,128306.95,0,0
2023-11-01,36L,"NHS SOUTH WEST LONDON",3485,134278.97,0,0
2023-11-01,03N,"NHS SHEFFIELD",3534,118376.22,0,0
2023-11-01,D2P2L,"NHS BLACK COUNTRY",3619,140344.44,0,0
2023-11-01,92A,"NHS SURREY HEARTLANDS",3722,148498.47,0,0
2023-11-01,16C,"NHS TEES VALLEY",3736,127651.87,0,0
2023-11-01,26A,"NHS NORFOLK AND WAVENEY",4247,145323.91,0,0
2023-11-01,A3A8R,"NHS NORTH EAST LONDON",4497,164663.96,0,0
2023-11-01,71E,"NHS LINCOLNSHIRE",4518,139552.8,0,0
2023-11-01,15N,"NHS DEVON",4569,162514.29,0,0
2023-11-01,52R,"NHS NOTTINGHAM AND NOTTINGHAMSHIRE",4586,156677.82,0,0
2023-11-01,06H,"NHS CAMBRIDGESHIRE AND PETERBOROUGH",4815,144308.06,0,0
2023-11-01,W2U3Z,"NHS NORTH WEST LONDON",5008,194424.65,0,0
2023-11-01,D9Y0V,"NHS HAMPSHIRE, SOUTHAMPTON AND ISLE OF WIGHT",5791,230392.85,0,0
2023-11-01,91Q,"NHS KENT AND MEDWAY",8640,306267.14,0,0
2023-12-01,09W,"NHS MEDWAY",0,0,0,0
2023-12-01,D4U1Y,"NHS FRIMLEY",15,460.92,0,0
2023-12-01,02G,"NHS WEST LANCASHIRE",212,7360.92,0,0
2023-12-01,03H,"NHS NORTH EAST LINCOLNSHIRE",237,7479.55,0,0
2023-12-01,00Q,"NHS BLACKBURN WITH DARWEN",250,7479.87,0,0
2023-12-01,01V,"NHS SOUTHPORT AND FORMBY",312,10679.25,0,0
2023-12-01,01J,"NHS KNOWSLEY",330,10139.85,0,0
2023-12-01,05D,"NHS EAST STAFFORDSHIRE",340,11350.46,0,0
2023-12-01,02T,"NHS CALDERDALE",379,15129.28,0,0
2023-12-01,01X,"NHS ST HELENS",381,12865.24,0,0
2023-12-01,12F,"NHS WIRRAL",422,14234.71,0,0
2023-12-01,01G,"NHS SALFORD",423,14182.12,0,0
2023-12-01,02M,"NHS FYLDE AND WYRE",427,13694.66,0,0
2023-12-01,04Y,"NHS CANNOCK CHASE",453,16472.79,0,0
2023-12-01,02Q,"NHS BASSETLAW",458,13536.86,0,0
2023-12-01,00V,"NHS BURY",462,14327.41,0,0
2023-12-01,02P,"NHS BARNSLEY",471,16012.11,0,0
2023-12-01,01T,"NHS SOUTH SEFTON",476,15051.52,0,0
2023-12-01,01F,"NHS HALTON",483,16170.44,0,0
2023-12-01,01Y,"NHS TAMESIDE AND GLOSSOP",489,17315.76,0,0
2023-12-01,00R,"NHS BLACKPOOL",498,16104.84,0,0
2023-12-01,10R,"NHS PORTSMOUTH",501,22120.43,0,0
2023-12-01,00N,"NHS SOUTH TYNESIDE",511,18908.74,0,0
2023-12-01,99G,"NHS SOUTHEND",530,19527.65,0,0
2023-12-01,03K,"NHS NORTH LINCOLNSHIRE",542,15222.34,0,0
2023-12-01,05W,"NHS STOKE ON TRENT",544,17527.1,0,0
2023-12-01,02A,"NHS TRAFFORD",562,20620.59,0,0
2023-12-01,99F,"NHS CASTLE POINT AND ROCHFORD",567,19975.66,0,0
2023-12-01,01D,"NHS HEYWOOD, MIDDLETON AND ROCHDALE",570,18277.77,0,0
2023-12-01,07G,"NHS THURROCK",593,18040.63,0,0
2023-12-01,02E,"NHS WARRINGTON",597,21134.42,0,0
2023-12-01,05V,"NHS STAFFORD AND SURROUNDS",599,21331.22,0,0
2023-12-01,05Q,"NHS SOUTH EAST STAFFORDSHIRE AND SEISDON PENINSULA",602,23332.61,0,0
2023-12-01,00P,"NHS SUNDERLAND",617,22780.12,0,0
2023-12-01,99C,"NHS NORTH TYNESIDE",640,26123.8,0,0
2023-12-01,99E,"NHS BASILDON AND BRENTWOOD",685,23425.89,0,0
2023-12-01,05G,"NHS NORTH STAFFORDSHIRE",691,22885.83,0,0
2023-12-01,03R,"NHS WAKEFIELD",735,27704.42,0,0
2023-12-01,00Y,"NHS OLDHAM",736,24124.23,0,0
2023-12-01,04C,"NHS LEICESTER CITY",790,26020.46,0,0
2023-12-01,01K,"NHS MORECAMBE BAY",805,28362.64,0,0
2023-12-01,00T,"NHS BOLTON",807,26770.96,0,0
2023-12-01,01W,"NHS STOCKPORT",822,28943,0,0
2023-12-01,02H,"NHS WIGAN BOROUGH",829,27771.62,0,0
2023-12-01,00X,"NHS CHORLEY AND SOUTH RIBBLE",839,29022.2,0,0
2023-12-01,01H,"NHS NORTH CUMBRIA",840,29125.77,0,0
2023-12-01,01E,"NHS GREATER PRESTON",872,30588.85,0,0
2023-12-01,U2G6B,"NHS THAMES VALLEY ICB - U2G6B",880,34472.28,0,0
2023-12-01,06L,"NHS IPSWICH AND EAST SUFFOLK",882,27453.61,0,0
2023-12-01,09D,"NHS BRIGHTON AND HOVE",928,40251.6,0,0
2023-12-01,01A,"NHS EAST LANCASHIRE",1023,31155.98,0,0
2023-12-01,06Q,"NHS MID ESSEX",1030,31128.14,0,0
2023-12-01,03Q,"NHS VALE OF YORK",1031,37461.71,0,0
2023-12-01,07H,"NHS WEST ESSEX",1108,35434.34,0,0
2023-12-01,06T,"NHS NORTH EAST ESSEX",1137,33829.23,0,0
2023-12-01,11X,"NHS SOMERSET",1138,40093.93,0,0
2023-12-01,36J,"NHS BRADFORD DISTRICT AND CRAVEN",1141,39003.54,0,0
2023-12-01,M2L0M,"NHS SHROPSHIRE, TELFORD AND WREKIN",1222,47605.63,0,0
2023-12-01,X2C4Y,"NHS KIRKLEES",1228,49377.37,0,0
2023-12-01,07K,"NHS WEST SUFFOLK",1239,36039.97,0,0
2023-12-01,03L,"NHS ROTHERHAM",1271,38188.93,0,0
2023-12-01,02X,"NHS DONCASTER",1305,40150.77,0,0
2023-12-01,04V,"NHS WEST LEICESTERSHIRE",1309,45151.5,0,0
2023-12-01,00L,"NHS NORTHUMBERLAND",1329,46481.49,0,0
2023-12-01,99A,"NHS LIVERPOOL",1333,44231.99,0,0
2023-12-01,78H,"NHS NORTHAMPTONSHIRE",1412,42559.46,0,0
2023-12-01,15A,"NHS BERKSHIRE WEST",1547,54645.03,0,0
2023-12-01,14L,"NHS MANCHESTER",1549,50289.74,0,0
2023-12-01,15F,"NHS LEEDS",1555,57844.97,0,0
2023-12-01,11M,"NHS GLOUCESTERSHIRE",1609,58212.15,0,0
2023-12-01,03F,"NHS HULL",1691,53555.89,0,0
2023-12-01,27D,"NHS CHESHIRE",1707,58017.66,0,0
2023-12-01,13T,"NHS NEWCASTLE GATESHEAD",1734,64653.02,0,0
2023-12-01,02Y,"NHS EAST RIDING OF YORKSHIRE",1781,59016.27,0,0
2023-12-01,06N,"NHS HERTS VALLEYS",1786,67193.8,0,0
2023-12-01,03W,"NHS EAST LEICESTERSHIRE AND RUTLAND",1843,63875.4,0,0
2023-12-01,15M,"NHS DERBY AND DERBYSHIRE",1931,76421.93,0,0
2023-12-01,92G,"NHS BATH AND NORTH EAST SOMERSET, SWINDON AND WILTSHIRE",1934,73234.67,0,0
2023-12-01,84H,"NHS COUNTY DURHAM",2025,72895.84,0,0
2023-12-01,18C,"NHS HEREFORDSHIRE AND WORCESTERSHIRE",2028,74934.85,0,0
2023-12-01,11N,"NHS CORNWALL AND THE ISLES OF SCILLY",2033,64677.81,0,0
2023-12-01,97R,"NHS EAST SUSSEX",2256,80926.31,0,0
2023-12-01,06K,"NHS EAST AND NORTH HERTFORDSHIRE",2347,71832.71,0,0
2023-12-01,14Y,"NHS BUCKINGHAMSHIRE",2440,85430.36,0,0
2023-12-01,15C,"NHS BRISTOL, NORTH SOMERSET AND SOUTH GLOUCESTERSHIRE",2513,113458.47,0,0
2023-12-01,B2M3M,"NHS COVENTRY AND WARWICKSHIRE",2584,84405.57,0,0
2023-12-01,42D,"NHS NORTH YORKSHIRE",2601,85506.76,0,0
2023-12-01,72Q,"NHS SOUTH EAST LONDON",2716,110210.15,0,0
2023-12-01,70F,"NHS WEST SUSSEX",2739,109194.83,0,0
2023-12-01,11J,"NHS DORSET",2838,99704.41,0,0
2023-12-01,93C,"NHS NORTH CENTRAL LONDON",2880,111989.25,0,0
2023-12-01,10Q,"NHS OXFORDSHIRE",2933,110379.21,0,0
2023-12-01,M1J4Y,"NHS BEDFORDSHIRE, LUTON AND MILTON KEYNES",3040,104262.43,0,0
2023-12-01,36L,"NHS SOUTH WEST LONDON",3510,135743.46,0,0
2023-12-01,03N,"NHS SHEFFIELD",3563,118723.82,0,0
2023-12-01,15E,"NHS BIRMINGHAM AND SOLIHULL",3615,135257.8,0,0
2023-12-01,D2P2L,"NHS BLACK COUNTRY",3713,143551.88,0,0
2023-12-01,92A,"NHS SURREY HEARTLANDS",3822,152646.06,0,0
2023-12-01,16C,"NHS TEES VALLEY",3931,135419.05,0,0
2023-12-01,26A,"NHS NORFOLK AND WAVENEY",4159,142741.69,0,0
2023-12-01,71E,"NHS LINCOLNSHIRE",4499,138729.45,0,0
2023-12-01,A3A8R,"NHS NORTH EAST LONDON",4626,171008.77,0,0
2023-12-01,52R,"NHS NOTTINGHAM AND NOTTINGHAMSHIRE",4633,156736.79,0,0
2023-12-01,15N,"NHS DEVON",4638,165500.01,0,0
2023-12-01,06H,"NHS CAMBRIDGESHIRE AND PETERBOROUGH",4868,145399.12,0,0
2023-12-01,W2U3Z,"NHS NORTH WEST LONDON",5072,197801.6,0,0
2023-12-01,D9Y0V,"NHS HAMPSHIRE, SOUTHAMPTON AND ISLE OF WIGHT",6099,242380.61,0,0
2023-12-01,91Q,"NHS KENT AND MEDWAY",9274,331421.91,0,0
2024-01-01,09W,"NHS MEDWAY",0,0,0,0
2024-01-01,D4U1Y,"NHS FRIMLEY",10,318.47,0,0
2024-01-01,02G,"NHS WEST LANCASHIRE",189,6191.85,0,0
2024-01-01,03H,"NHS NORTH EAST LINCOLNSHIRE",237,7340.47,0,0
2024-01-01,00Q,"NHS BLACKBURN WITH DARWEN",266,8317.58,0,0
2024-01-01,01V,"NHS SOUTHPORT AND FORMBY",284,9967.45,0,0
2024-01-01,05D,"NHS EAST STAFFORDSHIRE",325,10495.36,0,0
2024-01-01,01J,"NHS KNOWSLEY",337,10205.67,0,0
2024-01-01,01X,"NHS ST HELENS",353,12000.74,0,0
2024-01-01,02T,"NHS CALDERDALE",386,15194.85,0,0
2024-01-01,01G,"NHS SALFORD",434,14522.31,0,0
2024-01-01,12F,"NHS WIRRAL",434,15353.84,0,0
2024-01-01,02M,"NHS FYLDE AND WYRE",447,14495.76,0,0
2024-01-01,02Q,"NHS BASSETLAW",451,13373.82,0,0
2024-01-01,01F,"NHS HALTON",485,16225.43,0,0
2024-01-01,01Y,"NHS TAMESIDE AND GLOSSOP",486,16977.72,0,0
2024-01-01,04Y,"NHS CANNOCK CHASE",491,17809.12,0,0
2024-01-01,02P,"NHS BARNSLEY",511,17083.19,0,0
2024-01-01,10R,"NHS PORTSMOUTH",513,22085.33,0,0
2024-01-01,01T,"NHS SOUTH SEFTON",516,16568.94,0,0
2024-01-01,00R,"NHS BLACKPOOL",519,16305.07,0,0
2024-01-01,00V,"NHS BURY",521,16766.95,0,0
2024-01-01,00N,"NHS SOUTH TYNESIDE",538,19908.1,0,0
2024-01-01,05W,"NHS STOKE ON TRENT",543,17242.33,0,0
2024-01-01,03K,"NHS NORTH LINCOLNSHIRE",559,16067.04,0,0
2024-01-01,99C,"NHS NORTH TYNESIDE",559,22838.16,0,0
2024-01-01,01D,"NHS HEYWOOD, MIDDLETON AND ROCHDALE",575,18364.49,0,0
2024-01-01,99F,"NHS CASTLE POINT AND ROCHFORD",584,19802.99,0,0
2024-01-01,05V,"NHS STAFFORD AND SURROUNDS",586,20713.04,0,0
2024-01-01,02E,"NHS WARRINGTON",593,20806.18,0,0
2024-01-01,99G,"NHS SOUTHEND",602,21941.28,0,0
2024-01-01,02A,"NHS TRAFFORD",604,22442.83,0,0
2024-01-01,07G,"NHS THURROCK",619,19037.73,0,0
2024-01-01,05Q,"NHS SOUTH EAST STAFFORDSHIRE AND SEISDON PENINSULA",622,23485.51,0,0
2024-01-01,00P,"NHS SUNDERLAND",662,24581.47,0,0
2024-01-01,05G,"NHS NORTH STAFFORDSHIRE",731,23882.31,0,0
2024-01-01,99E,"NHS BASILDON AND BRENTWOOD",743,26060.44,0,0
2024-01-01,04C,"NHS LEICESTER CITY",764,25084.29,0,0
2024-01-01,00Y,"NHS OLDHAM",772,25638.61,0,0
2024-01-01,00X,"NHS CHORLEY AND SOUTH RIBBLE",798,27512.98,0,0
2024-01-01,01K,"NHS MORECAMBE BAY",802,28053.3,0,0
2024-01-01,03R,"NHS WAKEFIELD",803,30020.33,0,0
2024-01-01,00T,"NHS BOLTON",811,26958.85,0,0
2024-01-01,01E,"NHS GREATER PRESTON",837,29057.38,0,0
2024-01-01,01W,"NHS STOCKPORT",851,30707.32,0,0
2024-01-01,01H,"NHS NORTH CUMBRIA",855,29372.67,0,0
2024-01-01,U2G6B,"NHS THAMES VALLEY ICB - U2G6B",875,33663.8,0,0
2024-01-01,02H,"NHS WIGAN BOROUGH",880,30272.2,0,0
2024-01-01,09D,"NHS BRIGHTON AND HOVE",901,38428.3,0,0
2024-01-01,06L,"NHS IPSWICH AND EAST SUFFOLK",933,28764.98,0,0
2024-01-01,03Q,"NHS VALE OF YORK",1087,39274.85,0,0
2024-01-01,01A,"NHS EAST LANCASHIRE",1105,33850.5,0,0
2024-01-01,11X,"NHS SOMERSET",1129,39128.23,0,0
2024-01-01,07H,"NHS WEST ESSEX",1141,36265.41,0,0
2024-01-01,06Q,"NHS MID ESSEX",1144,34680.54,0,0
2024-01-01,06T,"NHS NORTH EAST ESSEX",1167,34655.51,0,0
2024-01-01,07K,"NHS WEST SUFFOLK",1213,35433.42,0,0
2024-01-01,36J,"NHS BRADFORD DISTRICT AND CRAVEN",1219,41454.21,0,0
2024-01-01,M2L0M,"NHS SHROPSHIRE, TELFORD AND WREKIN",1223,46751.33,0,0
2024-01-01,X2C4Y,"NHS KIRKLEES",1294,51933.83,0,0
2024-01-01,00L,"NHS NORTHUMBERLAND",1299,45888.54,0,0
2024-01-01,03L,"NHS ROTHERHAM",1304,39620.82,0,0
2024-01-01,99A,"NHS LIVERPOOL",1304,43619.89,0,0
2024-01-01,04V,"NHS WEST LEICESTERSHIRE",1338,46390.45,0,0
2024-01-01,02X,"NHS DONCASTER",1345,41152.21,0,0
2024-01-01,78H,"NHS NORTHAMPTONSHIRE",1434,43395.32,0,0
2024-01-01,14L,"NHS MANCHESTER",1467,48227.75,0,0
2024-01-01,15A,"NHS BERKSHIRE WEST",1541,54891.69,0,0
2024-01-01,15F,"NHS LEEDS",1603,59882.01,0,0
2024-01-01,11M,"NHS GLOUCESTERSHIRE",1606,57412.19,0,0
2024-01-01,27D,"NHS CHESHIRE",1661,56118.66,0,0
2024-01-01,13T,"NHS NEWCASTLE GATESHEAD",1730,64859.5,0,0
2024-01-01,03F,"NHS HULL",1755,55780.08,0,0
2024-01-01,03W,"NHS EAST LEICESTERSHIRE AND RUTLAND",1832,63895.48,0,0
2024-01-01,06N,"NHS HERTS VALLEYS",1833,68911.98,0,0
2024-01-01,02Y,"NHS EAST RIDING OF YORKSHIRE",1870,62653.58,0,0
2024-01-01,92G,"NHS BATH AND NORTH EAST SOMERSET, SWINDON AND WILTSHIRE",1910,72103.48,0,0
2024-01-01,15M,"NHS DERBY AND DERBYSHIRE",1948,76579.65,0,0
2024-01-01,18C,"NHS HEREFORDSHIRE AND WORCESTERSHIRE",2067,75619.4,0,0
2024-01-01,84H,"NHS COUNTY DURHAM",2078,75117.19,0,0
2024-01-01,11N,"NHS CORNWALL AND THE ISLES OF SCILLY",2120,67603.53,0,0
2024-01-01,97R,"NHS EAST SUSSEX",2255,80475.78,0,0
2024-01-01,14Y,"NHS BUCKINGHAMSHIRE",2398,85571.07,0,0
2024-01-01,06K,"NHS EAST AND NORTH HERTFORDSHIRE",2432,74289.19,0,0
2024-01-01,15C,"NHS BRISTOL, NORTH SOMERSET AND SOUTH GLOUCESTERSHIRE",2538,115071.28,0,0
2024-01-01,B2M3M,"NHS COVENTRY AND WARWICKSHIRE",2590,86141.5,0,0
2024-01-01,42D,"NHS NORTH YORKSHIRE",2630,86506.59,0,0
2024-01-01,70F,"NHS WEST SUSSEX",2809,111364.95,0,0
2024-01-01,72Q,"NHS SOUTH EAST LONDON",2866,116290.12,0,0
2024-01-01,11J,"NHS DORSET",2987,104938.82,0,0
2024-01-01,10Q,"NHS OXFORDSHIRE",2991,112829.66,0,0
2024-01-01,93C,"NHS NORTH CENTRAL LONDON",2993,116199.35,0,0
2024-01-01,M1J4Y,"NHS BEDFORDSHIRE, LUTON AND MILTON KEYNES",3111,106934.5,0,0
2024-01-01,36L,"NHS SOUTH WEST LONDON",3545,136054.73,0,0
2024-01-01,15E,"NHS BIRMINGHAM AND SOLIHULL",3655,136504.86,0,0
2024-01-01,D2P2L,"NHS BLACK COUNTRY",3814,148437.11,0,0
2024-01-01,03N,"NHS SHEFFIELD",3875,128589.1,0,0
2024-01-01,92A,"NHS SURREY HEARTLANDS",3952,157924.94,0,0
2024-01-01,16C,"NHS TEES VALLEY",4042,138409.52,0,0
2024-01-01,26A,"NHS NORFOLK AND WAVENEY",4291,147717.26,0,0
2024-01-01,52R,"NHS NOTTINGHAM AND NOTTINGHAMSHIRE",4582,155161.37,0,0
2024-01-01,71E,"NHS LINCOLNSHIRE",4589,141266.47,0,0
2024-01-01,15N,"NHS DEVON",4839,173848.06,0,0
2024-01-01,A3A8R,"NHS NORTH EAST LONDON",4852,177668.65,0,0
2024-01-01,W2U3Z,"NHS NORTH WEST LONDON",5117,199183.62,0,0
2024-01-01,06H,"NHS CAMBRIDGESHIRE AND PETERBOROUGH",5198,157062.43,0,0
2024-01-01,D9Y0V,"NHS HAMPSHIRE, SOUTHAMPTON AND ISLE OF WIGHT",6108,243904,0,0
2024-01-01,91Q,"NHS KENT AND MEDWAY",9323,334456.37,0,0
2024-02-01,09W,"NHS MEDWAY",0,0,0,0
2024-02-01,D4U1Y,"NHS FRIMLEY",11,343.14,0,0
2024-02-01,02G,"NHS WEST LANCASHIRE",190,6347.75,0,0
2024-02-01,00Q,"NHS BLACKBURN WITH DARWEN",228,6889.12,0,0
2024-02-01,03H,"NHS NORTH EAST LINCOLNSHIRE",240,7271.68,0,0
2024-02-01,01V,"NHS SOUTHPORT AND FORMBY",275,9435.78,0,0
2024-02-01,05D,"NHS EAST STAFFORDSHIRE",303,9963.39,0,0
2024-02-01,01J,"NHS KNOWSLEY",315,9541.78,0,0
2024-02-01,01X,"NHS ST HELENS",323,10623.69,0,0
2024-02-01,02T,"NHS CALDERDALE",363,14436.67,0,0
2024-02-01,02M,"NHS FYLDE AND WYRE",415,13236.43,0,0
2024-02-01,01G,"NHS SALFORD",419,13883.34,0,0
2024-02-01,02P,"NHS BARNSLEY",419,13605.98,0,0
2024-02-01,02Q,"NHS BASSETLAW",427,12616.36,0,0
2024-02-01,01Y,"NHS TAMESIDE AND GLOSSOP",450,16126.34,0,0
2024-02-01,12F,"NHS WIRRAL",453,15308.46,0,0
2024-02-01,01F,"NHS HALTON",456,15255.72,0,0
2024-02-01,01T,"NHS SOUTH SEFTON",460,14517.07,0,0
2024-02-01,04Y,"NHS CANNOCK CHASE",469,17432.55,0,0
2024-02-01,00R,"NHS BLACKPOOL",482,15414.39,0,0
2024-02-01,10R,"NHS PORTSMOUTH",482,21126.56,0,0
2024-02-01,00N,"NHS SOUTH TYNESIDE",484,18026.42,0,0
2024-02-01,02A,"NHS TRAFFORD",494,17789.12,0,0
2024-02-01,07G,"NHS THURROCK",496,15071.17,0,0
2024-02-01,00V,"NHS BURY",497,15414.61,0,0
2024-02-01,99F,"NHS CASTLE POINT AND ROCHFORD",520,18013.58,0,0
2024-02-01,05W,"NHS STOKE ON TRENT",524,17156.23,0,0
2024-02-01,05V,"NHS STAFFORD AND SURROUNDS",539,19451.23,0,0
2024-02-01,02E,"NHS WARRINGTON",541,19254,0,0
2024-02-01,03K,"NHS NORTH LINCOLNSHIRE",547,15809.87,0,0
2024-02-01,05Q,"NHS SOUTH EAST STAFFORDSHIRE AND SEISDON PENINSULA",564,21655.13,0,0
2024-02-01,01D,"NHS HEYWOOD, MIDDLETON AND ROCHDALE",573,19307.19,0,0
2024-02-01,99C,"NHS NORTH TYNESIDE",595,24663.39,0,0
2024-02-01,99G,"NHS SOUTHEND",596,21800.74,0,0
2024-02-01,00P,"NHS SUNDERLAND",633,23727.27,0,0
2024-02-01,05G,"NHS NORTH STAFFORDSHIRE",640,21194.09,0,0
2024-02-01,99E,"NHS BASILDON AND BRENTWOOD",657,22500.59,0,0
2024-02-01,00Y,"NHS OLDHAM",726,23702.05,0,0
2024-02-01,03R,"NHS WAKEFIELD",727,27250.64,0,0
2024-02-01,00X,"NHS CHORLEY AND SOUTH RIBBLE",743,25324.86,0,0
2024-02-01,00T,"NHS BOLTON",757,25799.9,0,0
2024-02-01,01W,"NHS STOCKPORT",763,26472.86,0,0
2024-02-01,02H,"NHS WIGAN BOROUGH",764,25562.63,0,0
2024-02-01,01K,"NHS MORECAMBE BAY",768,27672.64,0,0
2024-02-01,04C,"NHS LEICESTER CITY",780,25971.79,0,0
2024-02-01,01H,"NHS NORTH CUMBRIA",803,27540.23,0,0
2024-02-01,06L,"NHS IPSWICH AND EAST SUFFOLK",820,25771.84,0,0
2024-02-01,01E,"NHS GREATER PRESTON",822,29006.26,0,0
2024-02-01,U2G6B,"NHS THAMES VALLEY ICB - U2G6B",837,32225.55,0,0
2024-02-01,09D,"NHS BRIGHTON AND HOVE",872,38901.19,0,0
2024-02-01,03Q,"NHS VALE OF YORK",963,33572.16,0,0
2024-02-01,01A,"NHS EAST LANCASHIRE",975,29601.26,0,0
2024-02-01,06Q,"NHS MID ESSEX",1025,30853.55,0,0
2024-02-01,11X,"NHS SOMERSET",1032,35695.16,0,0
2024-02-01,07H,"NHS WEST ESSEX",1054,33493.2,0,0
2024-02-01,06T,"NHS NORTH EAST ESSEX",1101,32187.83,0,0
2024-02-01,07K,"NHS WEST SUFFOLK",1141,33532.37,0,0
2024-02-01,36J,"NHS BRADFORD DISTRICT AND CRAVEN",1147,38574.54,0,0
2024-02-01,M2L0M,"NHS SHROPSHIRE, TELFORD AND WREKIN",1176,45652.91,0,0
2024-02-01,X2C4Y,"NHS KIRKLEES",1178,47440.13,0,0
2024-02-01,03L,"NHS ROTHERHAM",1194,35435.36,0,0
2024-02-01,04V,"NHS WEST LEICESTERSHIRE",1228,41556.21,0,0
2024-02-01,99A,"NHS LIVERPOOL",1231,40712.97,0,0
2024-02-01,02X,"NHS DONCASTER",1245,38245.91,0,0
2024-02-01,00L,"NHS NORTHUMBERLAND",1247,44300.17,0,0
2024-02-01,78H,"NHS NORTHAMPTONSHIRE",1311,40250.26,0,0
2024-02-01,15A,"NHS BERKSHIRE WEST",1373,49050.73,0,0
2024-02-01,14L,"NHS MANCHESTER",1459,48288.06,0,0
2024-02-01,11M,"NHS GLOUCESTERSHIRE",1535,55595.11,0,0
2024-02-01,15F,"NHS LEEDS",1576,58934.84,0,0
2024-02-01,27D,"NHS CHESHIRE",1604,55253.37,0,0
2024-02-01,03F,"NHS HULL",1668,52921.06,0,0
2024-02-01,13T,"NHS NEWCASTLE GATESHEAD",1696,63264.05,0,0
2024-02-01,03W,"NHS EAST LEICESTERSHIRE AND RUTLAND",1700,59726.91,0,0
2024-02-01,06N,"NHS HERTS VALLEYS",1745,65599.26,0,0
2024-02-01,18C,"NHS HEREFORDSHIRE AND WORCESTERSHIRE",1816,67455.5,0,0
2024-02-01,92G,"NHS BATH AND NORTH EAST SOMERSET, SWINDON AND WILTSHIRE",1828,67655.32,0,0
2024-02-01,02Y,"NHS EAST RIDING OF YORKSHIRE",1854,62602.4,0,0
2024-02-01,15M,"NHS DERBY AND DERBYSHIRE",1855,74161.22,0,0
2024-02-01,11N,"NHS CORNWALL AND THE ISLES OF SCILLY",1891,61651.84,0,0
2024-02-01,84H,"NHS COUNTY DURHAM",1897,68529.14,0,0
2024-02-01,97R,"NHS EAST SUSSEX",2162,78701.78,0,0
2024-02-01,14Y,"NHS BUCKINGHAMSHIRE",2194,77541.31,0,0
2024-02-01,06K,"NHS EAST AND NORTH HERTFORDSHIRE",2289,69601.78,0,0
2024-02-01,15C,"NHS BRISTOL, NORTH SOMERSET AND SOUTH GLOUCESTERSHIRE",2371,107297.31,0,0
2024-02-01,42D,"NHS NORTH YORKSHIRE",2465,81485.18,0,0
2024-02-01,B2M3M,"NHS COVENTRY AND WARWICKSHIRE",2476,81752.96,0,0
2024-02-01,70F,"NHS WEST SUSSEX",2613,102691.69,0,0
2024-02-01,72Q,"NHS SOUTH EAST LONDON",2672,107550.55,0,0
2024-02-01,11J,"NHS DORSET",2678,94789.35,0,0
2024-02-01,10Q,"NHS OXFORDSHIRE",2737,101978.63,0,0
2024-02-01,93C,"NHS NORTH CENTRAL LONDON",2837,109094.43,0,0
2024-02-01,M1J4Y,"NHS BEDFORDSHIRE, LUTON AND MILTON KEYNES",3020,103079.24,0,0
2024-02-01,36L,"NHS SOUTH WEST LONDON",3279,126477.11,0,0
2024-02-01,15E,"NHS BIRMINGHAM AND SOLIHULL",3392,127345.86,0,0
2024-02-01,03N,"NHS SHEFFIELD",3606,120000.57,0,0
2024-02-01,92A,"NHS SURREY HEARTLANDS",3713,146937.72,0,0
2024-02-01,D2P2L,"NHS BLACK COUNTRY",3806,149210.41,0,0
2024-02-01,16C,"NHS TEES VALLEY",3861,134211.25,0,0
2024-02-01,26A,"NHS NORFOLK AND WAVENEY",4098,138871.96,0,0
2024-02-01,71E,"NHS LINCOLNSHIRE",4259,131565.15,0,0
2024-02-01,52R,"NHS NOTTINGHAM AND NOTTINGHAMSHIRE",4296,145585.96,0,0
2024-02-01,A3A8R,"NHS NORTH EAST LONDON",4366,161644.44,0,0
2024-02-01,15N,"NHS DEVON",4515,161335.9,0,0
2024-02-01,W2U3Z,"NHS NORTH WEST LONDON",4851,188812.98,0,0
2024-02-01,06H,"NHS CAMBRIDGESHIRE AND PETERBOROUGH",4959,149097.21,0,0
2024-02-01,D9Y0V,"NHS HAMPSHIRE, SOUTHAMPTON AND ISLE OF WIGHT",5972,238609.48,0,0
2024-02-01,91Q,"NHS KENT AND MEDWAY",8660,308950.59,0,0
2024-03-01,09W,"NHS MEDWAY",0,0,0,0
2024-03-01,D4U1Y,"NHS FRIMLEY",10,342.65,0,0
2024-03-01,02G,"NHS WEST LANCASHIRE",188,6681.45,0,0
2024-03-01,00Q,"NHS BLACKBURN WITH DARWEN",241,7591.1,0,0
2024-03-01,03H,"NHS NORTH EAST LINCOLNSHIRE",256,7854.6,0,0
2024-03-01,01V,"NHS SOUTHPORT AND FORMBY",263,8987.78,0,0
2024-03-01,05D,"NHS EAST STAFFORDSHIRE",303,10094.35,0,0
2024-03-01,01X,"NHS ST HELENS",344,12084.6,0,0
2024-03-01,01J,"NHS KNOWSLEY",346,10899.01,0,0
2024-03-01,02T,"NHS CALDERDALE",378,14667.06,0,0
2024-03-01,02M,"NHS FYLDE AND WYRE",392,12638.03,0,0
2024-03-01,01G,"NHS SALFORD",408,13626.77,0,0
2024-03-01,02Q,"NHS BASSETLAW",436,12928.36,0,0
2024-03-01,01F,"NHS HALTON",440,14536.09,0,0
2024-03-01,02P,"NHS BARNSLEY",444,14259.26,0,0
2024-03-01,00R,"NHS BLACKPOOL",458,14378.23,0,0
2024-03-01,01Y,"NHS TAMESIDE AND GLOSSOP",461,16143.56,0,0
2024-03-01,12F,"NHS WIRRAL",467,16314.9,0,0
2024-03-01,01T,"NHS SOUTH SEFTON",480,15116.28,0,0
2024-03-01,00V,"NHS BURY",500,16078.16,0,0
2024-03-01,04Y,"NHS CANNOCK CHASE",502,18449.39,0,0
2024-03-01,00N,"NHS SOUTH TYNESIDE",511,18713.08,0,0
2024-03-01,99F,"NHS CASTLE POINT AND ROCHFORD",517,18383.74,0,0
2024-03-01,02E,"NHS WARRINGTON",521,18410.13,0,0
2024-03-01,02A,"NHS TRAFFORD",525,19595.87,0,0
2024-03-01,99C,"NHS NORTH TYNESIDE",552,23337.54,0,0
2024-03-01,07G,"NHS THURROCK",554,16987.5,0,0
2024-03-01,01D,"NHS HEYWOOD, MIDDLETON AND ROCHDALE",561,18595.15,0,0
2024-03-01,10R,"NHS PORTSMOUTH",561,23666.98,0,0
2024-03-01,05V,"NHS STAFFORD AND SURROUNDS",565,20043.67,0,0
2024-03-01,99G,"NHS SOUTHEND",570,20887.5,0,0
2024-03-01,03K,"NHS NORTH LINCOLNSHIRE",572,16236.02,0,0
2024-03-01,05W,"NHS STOKE ON TRENT",574,18832.41,0,0
2024-03-01,05Q,"NHS SOUTH EAST STAFFORDSHIRE AND SEISDON PENINSULA",585,22257.62,0,0
2024-03-01,00P,"NHS SUNDERLAND",618,22600.68,0,0
2024-03-01,05G,"NHS NORTH STAFFORDSHIRE",660,21586.31,0,0
2024-03-01,99E,"NHS BASILDON AND BRENTWOOD",698,24182.36,0,0
2024-03-01,04C,"NHS LEICESTER CITY",714,23919.27,0,0
2024-03-01,00Y,"NHS OLDHAM",738,24578.18,0,0
2024-03-01,00T,"NHS BOLTON",745,24472.94,0,0
2024-03-01,03R,"NHS WAKEFIELD",754,27186.67,0,0
2024-03-01,00X,"NHS CHORLEY AND SOUTH RIBBLE",787,27397.97,0,0
2024-03-01,02H,"NHS WIGAN BOROUGH",800,27095.18,0,0
2024-03-01,01W,"NHS STOCKPORT",803,28531.14,0,0
2024-03-01,01E,"NHS GREATER PRESTON",812,28978.98,0,0
2024-03-01,01H,"NHS NORTH CUMBRIA",836,29188.59,0,0
2024-03-01,01K,"NHS MORECAMBE BAY",842,29492.31,0,0
2024-03-01,09D,"NHS BRIGHTON AND HOVE",862,36528.24,0,0
2024-03-01,U2G6B,"NHS THAMES VALLEY ICB - U2G6B",870,33221.78,0,0
2024-03-01,06L,"NHS IPSWICH AND EAST SUFFOLK",879,27449.1,0,0
2024-03-01,03Q,"NHS VALE OF YORK",980,34395.08,0,0
2024-03-01,01A,"NHS EAST LANCASHIRE",993,30350.44,0,0
2024-03-01,06Q,"NHS MID ESSEX",994,29822.24,0,0
2024-03-01,11X,"NHS SOMERSET",1102,38334.02,0,0
2024-03-01,06T,"NHS NORTH EAST ESSEX",1122,32933.62,0,0
2024-03-01,07H,"NHS WEST ESSEX",1136,36411.79,0,0
2024-03-01,X2C4Y,"NHS KIRKLEES",1143,46438.34,0,0
2024-03-01,36J,"NHS BRADFORD DISTRICT AND CRAVEN",1167,39219.34,0,0
2024-03-01,07K,"NHS WEST SUFFOLK",1171,33894.53,0,0
2024-03-01,99A,"NHS LIVERPOOL",1209,39733.87,0,0
2024-03-01,M2L0M,"NHS SHROPSHIRE, TELFORD AND WREKIN",1224,47554.93,0,0
2024-03-01,04V,"NHS WEST LEICESTERSHIRE",1246,42130.7,0,0
2024-03-01,03L,"NHS ROTHERHAM",1255,37323.42,0,0
2024-03-01,00L,"NHS NORTHUMBERLAND",1267,45464.12,0,0
2024-03-01,02X,"NHS DONCASTER",1322,40011.64,0,0
2024-03-01,78H,"NHS NORTHAMPTONSHIRE",1368,42276.67,0,0
2024-03-01,15A,"NHS BERKSHIRE WEST",1425,51011.93,0,0
2024-03-01,14L,"NHS MANCHESTER",1505,49169.97,0,0
2024-03-01,15F,"NHS LEEDS",1550,57166.41,0,0
2024-03-01,11M,"NHS GLOUCESTERSHIRE",1560,56268.98,0,0
2024-03-01,27D,"NHS CHESHIRE",1563,52864.81,0,0
2024-03-01,13T,"NHS NEWCASTLE GATESHEAD",1658,62029.37,0,0
2024-03-01,03W,"NHS EAST LEICESTERSHIRE AND RUTLAND",1710,59367.27,0,0
2024-03-01,03F,"NHS HULL",1771,55246.3,0,0
2024-03-01,92G,"NHS BATH AND NORTH EAST SOMERSET, SWINDON AND WILTSHIRE",1777,67046.82,0,0
2024-03-01,06N,"NHS HERTS VALLEYS",1820,69316.02,0,0
2024-03-01,02Y,"NHS EAST RIDING OF YORKSHIRE",1828,61369.17,0,0
2024-03-01,15M,"NHS DERBY AND DERBYSHIRE",1906,75164.92,0,0
2024-03-01,18C,"NHS HEREFORDSHIRE AND WORCESTERSHIRE",1927,71402.1,0,0
2024-03-01,11N,"NHS CORNWALL AND THE ISLES OF SCILLY",1962,63252.94,0,0
2024-03-01,84H,"NHS COUNTY DURHAM",2031,73349.26,0,0
2024-03-01,97R,"NHS EAST SUSSEX",2252,80016.19,0,0
2024-03-01,06K,"NHS EAST AND NORTH HERTFORDSHIRE",2310,70967.8,0,0
2024-03-01,14Y,"NHS BUCKINGHAMSHIRE",2362,84865.15,0,0
2024-03-01,15C,"NHS BRISTOL, NORTH SOMERSET AND SOUTH GLOUCESTERSHIRE",2467,112431.76,0,0
2024-03-01,42D,"NHS NORTH YORKSHIRE",2479,81635.22,0,0
2024-03-01,B2M3M,"NHS COVENTRY AND WARWICKSHIRE",2562,84919.91,0,0
2024-03-01,70F,"NHS WEST SUSSEX",2620,103181.19,0,0
2024-03-01,11J,"NHS DORSET",2770,97991.07,0,0
2024-03-01,72Q,"NHS SOUTH EAST LONDON",2797,113144.47,0,0
2024-03-01,10Q,"NHS OXFORDSHIRE",2805,104670.31,0,0
2024-03-01,M1J4Y,"NHS BEDFORDSHIRE, LUTON AND MILTON KEYNES",2853,97387.77,0,0
2024-03-01,93C,"NHS NORTH CENTRAL LONDON",2873,110183.01,0,0
2024-03-01,36L,"NHS SOUTH WEST LONDON",3344,128208.87,0,0
2024-03-01,15E,"NHS BIRMINGHAM AND SOLIHULL",3477,129001.03,0,0
2024-03-01,92A,"NHS SURREY HEARTLANDS",3713,149051.65,0,0
2024-03-01,03N,"NHS SHEFFIELD",3742,123010,0,0
2024-03-01,D2P2L,"NHS BLACK COUNTRY",3757,145985.29,0,0
2024-03-01,16C,"NHS TEES VALLEY",3843,132034.94,0,0
2024-03-01,26A,"NHS NORFOLK AND WAVENEY",4118,139969.51,0,0
2024-03-01,A3A8R,"NHS NORTH EAST LONDON",4256,156306.68,0,0
2024-03-01,71E,"NHS LINCOLNSHIRE",4284,131883.1,0,0
2024-03-01,52R,"NHS NOTTINGHAM AND NOTTINGHAMSHIRE",4440,150509.85,0,0
2024-03-01,15N,"NHS DEVON",4664,165500.71,0,0
2024-03-01,W2U3Z,"NHS NORTH WEST LONDON",4728,183898.33,0,0
2024-03-01,06H,"NHS CAMBRIDGESHIRE AND PETERBOROUGH",5045,149903.76,0,0
2024-03-01,D9Y0V,"NHS HAMPSHIRE, SOUTHAMPTON AND ISLE OF WIGHT",6263,248794.07,0,0
2024-03-01,91Q,"NHS KENT AND MEDWAY",8793,312632.65,0,0
2024-04-01,09W,"NHS MEDWAY",0,0,0,0
2024-04-01,D4U1Y,"NHS FRIMLEY",12,399.15,0,0
2024-04-01,02G,"NHS WEST LANCASHIRE",198,6812.23,0,0
2024-04-01,03H,"NHS NORTH EAST LINCOLNSHIRE",249,7502.26,0,0
2024-04-01,00Q,"NHS BLACKBURN WITH DARWEN",254,7650.85,0,0
2024-04-01,01V,"NHS SOUTHPORT AND FORMBY",304,10417.94,0,0
2024-04-01,05D,"NHS EAST STAFFORDSHIRE",351,11377.48,0,0
2024-04-01,01J,"NHS KNOWSLEY",355,11123.49,0,0
2024-04-01,01X,"NHS ST HELENS",368,12440.36,0,0
2024-04-01,02T,"NHS CALDERDALE",384,15685.79,0,0
2024-04-01,02M,"NHS FYLDE AND WYRE",438,13952.92,0,0
2024-04-01,01G,"NHS SALFORD",440,14635.85,0,0
2024-04-01,12F,"NHS WIRRAL",444,15433.86,0,0
2024-04-01,02Q,"NHS BASSETLAW",447,13288,0,0
2024-04-01,01Y,"NHS TAMESIDE AND GLOSSOP",448,15660,0,0
2024-04-01,02P,"NHS BARNSLEY",457,14915.08,0,0
2024-04-01,00N,"NHS SOUTH TYNESIDE",466,17628.66,0,0
2024-04-01,00R,"NHS BLACKPOOL",494,15886.76,0,0
2024-04-01,04Y,"NHS CANNOCK CHASE",497,18739.42,0,0
2024-04-01,01T,"NHS SOUTH SEFTON",505,16006.55,0,0
2024-04-01,01F,"NHS HALTON",507,17522.81,0,0
2024-04-01,02A,"NHS TRAFFORD",514,19664.22,0,0
2024-04-01,00V,"NHS BURY",517,16671.7,0,0
2024-04-01,07G,"NHS THURROCK",556,17438.63,0,0
2024-04-01,01D,"NHS HEYWOOD, MIDDLETON AND ROCHDALE",561,18733.79,0,0
2024-04-01,99C,"NHS NORTH TYNESIDE",569,23548.61,0,0
2024-04-01,10R,"NHS PORTSMOUTH",572,24772.27,0,0
2024-04-01,99F,"NHS CASTLE POINT AND ROCHFORD",573,20512.27,0,0
2024-04-01,99G,"NHS SOUTHEND",575,21274.37,0,0
2024-04-01,05Q,"NHS SOUTH EAST STAFFORDSHIRE AND SEISDON PENINSULA",590,22334.18,0,0
2024-04-01,05V,"NHS STAFFORD AND SURROUNDS",593,20863.23,0,0
2024-04-01,02E,"NHS WARRINGTON",599,21474.15,0,0
2024-04-01,05W,"NHS STOKE ON TRENT",609,19878.27,0,0
2024-04-01,03K,"NHS NORTH LINCOLNSHIRE",650,18353.33,0,0
2024-04-01,00P,"NHS SUNDERLAND",662,25278.82,0,0
2024-04-01,99E,"NHS BASILDON AND BRENTWOOD",700,24269.25,0,0
2024-04-01,05G,"NHS NORTH STAFFORDSHIRE",705,22965.74,0,0
2024-04-01,00Y,"NHS OLDHAM",726,23590.46,0,0
2024-04-01,03R,"NHS WAKEFIELD",741,27620.2,0,0
2024-04-01,00X,"NHS CHORLEY AND SOUTH RIBBLE",762,27075.63,0,0
2024-04-01,04C,"NHS LEICESTER CITY",801,26464.31,0,0
2024-04-01,01K,"NHS MORECAMBE BAY",808,29295.42,0,0
2024-04-01,00T,"NHS BOLTON",820,27674.91,0,0
2024-04-01,02H,"NHS WIGAN BOROUGH",821,28419.64,0,0
2024-04-01,01W,"NHS STOCKPORT",822,28752.2,0,0
2024-04-01,01E,"NHS GREATER PRESTON",833,30102.9,0,0
2024-04-01,01H,"NHS NORTH CUMBRIA",877,30363.84,0,0
2024-04-01,U2G6B,"NHS THAMES VALLEY ICB - U2G6B",902,34202.89,0,0
2024-04-01,06L,"NHS IPSWICH AND EAST SUFFOLK",928,28993.01,0,0
2024-04-01,09D,"NHS BRIGHTON AND HOVE",940,40564.32,0,0
2024-04-01,01A,"NHS EAST LANCASHIRE",1045,31763.37,0,0
2024-04-01,06Q,"NHS MID ESSEX",1054,31665.5,0,0
2024-04-01,11X,"NHS SOMERSET",1104,37624.21,0,0
2024-04-01,03Q,"NHS VALE OF YORK",1106,39135.59,0,0
2024-04-01,07H,"NHS WEST ESSEX",1110,35024.41,0,0
2024-04-01,06T,"NHS NORTH EAST ESSEX",1160,34742.46,0,0
2024-04-01,36J,"NHS BRADFORD DISTRICT AND CRAVEN",1174,39935.52,0,0
2024-04-01,07K,"NHS WEST SUFFOLK",1205,35337.32,0,0
2024-04-01,X2C4Y,"NHS KIRKLEES",1213,49180.17,0,0
2024-04-01,99A,"NHS LIVERPOOL",1263,42337.26,0,0
2024-04-01,04V,"NHS WEST LEICESTERSHIRE",1292,45220.23,0,0
2024-04-01,00L,"NHS NORTHUMBERLAND",1321,47430.52,0,0
2024-04-01,03L,"NHS ROTHERHAM",1321,39398.49,0,0
2024-04-01,78H,"NHS NORTHAMPTONSHIRE",1351,40881.29,0,0
2024-04-01,02X,"NHS DONCASTER",1354,41554.03,0,0
2024-04-01,M2L0M,"NHS SHROPSHIRE, TELFORD AND WREKIN",1362,53480.96,0,0
2024-04-01,15A,"NHS BERKSHIRE WEST",1451,52450.7,0,0
2024-04-01,14L,"NHS MANCHESTER",1516,50427.06,0,0
2024-04-01,11M,"NHS GLOUCESTERSHIRE",1571,56155.46,0,0
2024-04-01,15F,"NHS LEEDS",1588,58273.88,0,0
2024-04-01,13T,"NHS NEWCASTLE GATESHEAD",1678,63662.89,0,0
2024-04-01,27D,"NHS CHESHIRE",1694,57858.78,0,0
2024-04-01,03W,"NHS EAST LEICESTERSHIRE AND RUTLAND",1761,61719.32,0,0
2024-04-01,06N,"NHS HERTS VALLEYS",1813,69109.26,0,0
2024-04-01,03F,"NHS HULL",1862,59475.56,0,0
2024-04-01,92G,"NHS BATH AND NORTH EAST SOMERSET, SWINDON AND WILTSHIRE",1867,70590.99,0,0
2024-04-01,02Y,"NHS EAST RIDING OF YORKSHIRE",1942,65428.94,0,0
2024-04-01,18C,"NHS HEREFORDSHIRE AND WORCESTERSHIRE",1952,71245.48,0,0
2024-04-01,15M,"NHS DERBY AND DERBYSHIRE",1959,78216.83,0,0
2024-04-01,84H,"NHS COUNTY DURHAM",2000,72787.38,0,0
2024-04-01,11N,"NHS CORNWALL AND THE ISLES OF SCILLY",2034,65528.03,0,0
2024-04-01,97R,"NHS EAST SUSSEX",2205,79370.49,0,0
2024-04-01,14Y,"NHS BUCKINGHAMSHIRE",2376,83432.68,0,0
2024-04-01,06K,"NHS EAST AND NORTH HERTFORDSHIRE",2385,73621.37,0,0
2024-04-01,15C,"NHS BRISTOL, NORTH SOMERSET AND SOUTH GLOUCESTERSHIRE",2406,109242.83,0,0
2024-04-01,B2M3M,"NHS COVENTRY AND WARWICKSHIRE",2639,88564.96,0,0
2024-04-01,42D,"NHS NORTH YORKSHIRE",2654,86378.01,0,0
2024-04-01,70F,"NHS WEST SUSSEX",2710,107387.37,0,0
2024-04-01,11J,"NHS DORSET",2757,96723.35,0,0
2024-04-01,10Q,"NHS OXFORDSHIRE",2820,105397.43,0,0
2024-04-01,72Q,"NHS SOUTH EAST LONDON",2914,118541.93,0,0
2024-04-01,93C,"NHS NORTH CENTRAL LONDON",3004,116853.95,0,0
2024-04-01,M1J4Y,"NHS BEDFORDSHIRE, LUTON AND MILTON KEYNES",3125,108374.45,0,0
2024-04-01,36L,"NHS SOUTH WEST LONDON",3468,135480.08,0,0
2024-04-01,15E,"NHS BIRMINGHAM AND SOLIHULL",3553,133871.94,0,0
2024-04-01,92A,"NHS SURREY HEARTLANDS",3743,149421.34,0,0
2024-04-01,03N,"NHS SHEFFIELD",3853,128998.69,0,0
2024-04-01,D2P2L,"NHS BLACK COUNTRY",3910,152278.66,0,0
2024-04-01,16C,"NHS TEES VALLEY",3950,137794.49,0,0
2024-04-01,26A,"NHS NORFOLK AND WAVENEY",4264,144678.99,0,0
2024-04-01,52R,"NHS NOTTINGHAM AND NOTTINGHAMSHIRE",4501,153375.13,0,0
2024-04-01,71E,"NHS LINCOLNSHIRE",4586,140410.26,0,0
2024-04-01,A3A8R,"NHS NORTH EAST LONDON",4588,171777.15,0,0
2024-04-01,15N,"NHS DEVON",4716,171532.07,0,0
2024-04-01,W2U3Z,"NHS NORTH WEST LONDON",5024,198289.98,0,0
2024-04-01,06H,"NHS CAMBRIDGESHIRE AND PETERBOROUGH",5100,152309.44,0,0
2024-04-01,D9Y0V,"NHS HAMPSHIRE, SOUTHAMPTON AND ISLE OF WIGHT",6247,250623.71,0,0
2024-04-01,91Q,"NHS KENT AND MEDWAY",9082,325224.98,0,0
2024-05-01,09W,"NHS MEDWAY",0,0,0,0
2024-05-01,D4U1Y,"NHS FRIMLEY",11,399.13,0,0
2024-05-01,02G,"NHS WEST LANCASHIRE",189,6439.7,0,0
2024-05-01,00Q,"NHS BLACKBURN WITH DARWEN",246,7517.71,0,0
2024-05-01,03H,"NHS NORTH EAST LINCOLNSHIRE",289,8709.15,0,0
2024-05-01,01V,"NHS SOUTHPORT AND FORMBY",336,11961.08,0,0
2024-05-01,01J,"NHS KNOWSLEY",358,11495.85,0,0
2024-05-01,01X,"NHS ST HELENS",378,13318.22,0,0
2024-05-01,05D,"NHS EAST STAFFORDSHIRE",389,13358,0,0
2024-05-01,02T,"NHS CALDERDALE",408,16231.4,0,0
2024-05-01,02Q,"NHS BASSETLAW",441,12938.56,0,0
2024-05-01,01F,"NHS HALTON",443,14928.39,0,0
2024-05-01,02M,"NHS FYLDE AND WYRE",445,14320.27,0,0
2024-05-01,01G,"NHS SALFORD",461,15340.88,0,0
2024-05-01,02P,"NHS BARNSLEY",473,15686.7,0,0
2024-05-01,12F,"NHS WIRRAL",482,16963.77,0,0
2024-05-01,00N,"NHS SOUTH TYNESIDE",490,18506.74,0,0
2024-05-01,01T,"NHS SOUTH SEFTON",496,15953.23,0,0
2024-05-01,00R,"NHS BLACKPOOL",512,16285.89,0,0
2024-05-01,00V,"NHS BURY",521,17057.38,0,0
2024-05-01,01Y,"NHS TAMESIDE AND GLOSSOP",532,18972.75,0,0
2024-05-01,99F,"NHS CASTLE POINT AND ROCHFORD",570,20048.45,0,0
2024-05-01,01D,"NHS HEYWOOD, MIDDLETON AND ROCHDALE",577,19465.41,0,0
2024-05-01,07G,"NHS THURROCK",579,17793.35,0,0
2024-05-01,02A,"NHS TRAFFORD",582,21819.66,0,0
2024-05-01,04Y,"NHS CANNOCK CHASE",583,21509.84,0,0
2024-05-01,99G,"NHS SOUTHEND",603,22125.86,0,0
2024-05-01,02E,"NHS WARRINGTON",606,21339.38,0,0
2024-05-01,99C,"NHS NORTH TYNESIDE",610,25583.99,0,0
2024-05-01,05V,"NHS STAFFORD AND SURROUNDS",623,22238.63,0,0
2024-05-01,00P,"NHS SUNDERLAND",630,23908.39,0,0
2024-05-01,10R,"NHS PORTSMOUTH",640,27193.67,0,0
2024-05-01,03K,"NHS NORTH LINCOLNSHIRE",643,18079.53,0,0
2024-05-01,05W,"NHS STOKE ON TRENT",666,22592.16,0,0
2024-05-01,05Q,"NHS SOUTH EAST STAFFORDSHIRE AND SEISDON PENINSULA",693,26335.75,0,0
2024-05-01,99E,"NHS BASILDON AND BRENTWOOD",722,25356.68,0,0
2024-05-01,00X,"NHS CHORLEY AND SOUTH RIBBLE",768,27288.37,0,0
2024-05-01,05G,"NHS NORTH STAFFORDSHIRE",777,26319.42,0,0
2024-05-01,03R,"NHS WAKEFIELD",788,29800.22,0,0
2024-05-01,04C,"NHS LEICESTER CITY",790,26703.42,0,0
2024-05-01,00Y,"NHS OLDHAM",797,26823.25,0,0
2024-05-01,00T,"NHS BOLTON",809,27328.78,0,0
2024-05-01,01W,"NHS STOCKPORT",857,30667.76,0,0
2024-05-01,02H,"NHS WIGAN BOROUGH",860,29404.24,0,0
2024-05-01,01K,"NHS MORECAMBE BAY",875,31711.49,0,0
2024-05-01,01H,"NHS NORTH CUMBRIA",878,30625.17,0,0
2024-05-01,01E,"NHS GREATER PRESTON",908,32928.5,0,0
2024-05-01,06L,"NHS IPSWICH AND EAST SUFFOLK",918,28254.39,0,0
2024-05-01,U2G6B,"NHS THAMES VALLEY ICB - U2G6B",945,36304.69,0,0
2024-05-01,09D,"NHS BRIGHTON AND HOVE",957,40178.71,0,0
2024-05-01,03Q,"NHS VALE OF YORK",1025,35765.72,0,0
2024-05-01,06Q,"NHS MID ESSEX",1083,32742.26,0,0
2024-05-01,01A,"NHS EAST LANCASHIRE",1088,33158.04,0,0
2024-05-01,07H,"NHS WEST ESSEX",1088,34252.85,0,0
2024-05-01,06T,"NHS NORTH EAST ESSEX",1126,33856.87,0,0
2024-05-01,11X,"NHS SOMERSET",1126,39274.5,0,0
2024-05-01,X2C4Y,"NHS KIRKLEES",1229,50044.74,0,0
2024-05-01,07K,"NHS WEST SUFFOLK",1255,37248.7,0,0
2024-05-01,36J,"NHS BRADFORD DISTRICT AND CRAVEN",1272,43651.27,0,0
2024-05-01,99A,"NHS LIVERPOOL",1280,42856.02,0,0
2024-05-01,M2L0M,"NHS SHROPSHIRE, TELFORD AND WREKIN",1285,50286.69,0,0
2024-05-01,04V,"NHS WEST LEICESTERSHIRE",1308,44691.8,0,0
2024-05-01,00L,"NHS NORTHUMBERLAND",1326,46941.44,0,0
2024-05-01,03L,"NHS ROTHERHAM",1342,40473.4,0,0
2024-05-01,02X,"NHS DONCASTER",1396,43248.11,0,0
2024-05-01,78H,"NHS NORTHAMPTONSHIRE",1399,42686.76,0,0
2024-05-01,15A,"NHS BERKSHIRE WEST",1548,55553.59,0,0
2024-05-01,14L,"NHS MANCHESTER",1586,52755.27,0,0
2024-05-01,11M,"NHS GLOUCESTERSHIRE",1639,59940.68,0,0
2024-05-01,15F,"NHS LEEDS",1707,63441.18,0,0
2024-05-01,27D,"NHS CHESHIRE",1708,58517.43,0,0
2024-05-01,03W,"NHS EAST LEICESTERSHIRE AND RUTLAND",1756,60412.12,0,0
2024-05-01,13T,"NHS NEWCASTLE GATESHEAD",1810,67973.5,0,0
2024-05-01,92G,"NHS BATH AND NORTH EAST SOMERSET, SWINDON AND WILTSHIRE",1888,70552.57,0,0
2024-05-01,03F,"NHS HULL",1926,60393.79,0,0
2024-05-01,06N,"NHS HERTS VALLEYS",1940,73936.48,0,0
2024-05-01,02Y,"NHS EAST RIDING OF YORKSHIRE",1952,66111.52,0,0
2024-05-01,15M,"NHS DERBY AND DERBYSHIRE",1988,78909.43,0,0
2024-05-01,84H,"NHS COUNTY DURHAM",2026,73951.41,0,0
2024-05-01,11N,"NHS CORNWALL AND THE ISLES OF SCILLY",2065,66521.07,0,0
2024-05-01,18C,"NHS HEREFORDSHIRE AND WORCESTERSHIRE",2105,77936.98,0,0
2024-05-01,97R,"NHS EAST SUSSEX",2223,80445.39,0,0
2024-05-01,06K,"NHS EAST AND NORTH HERTFORDSHIRE",2396,73434.73,0,0
2024-05-01,14Y,"NHS BUCKINGHAMSHIRE",2485,89255.23,0,0
2024-05-01,42D,"NHS NORTH YORKSHIRE",2654,86947.56,0,0
2024-05-01,15C,"NHS BRISTOL, NORTH SOMERSET AND SOUTH GLOUCESTERSHIRE",2673,121659.58,0,0
2024-05-01,B2M3M,"NHS COVENTRY AND WARWICKSHIRE",2758,91291.76,0,0
2024-05-01,70F,"NHS WEST SUSSEX",2826,112324.11,0,0
2024-05-01,11J,"NHS DORSET",2999,106552.35,0,0
2024-05-01,72Q,"NHS SOUTH EAST LONDON",3018,122213.6,0,0
2024-05-01,10Q,"NHS OXFORDSHIRE",3126,117405.84,0,0
2024-05-01,93C,"NHS NORTH CENTRAL LONDON",3131,121150.93,0,0
2024-05-01,M1J4Y,"NHS BEDFORDSHIRE, LUTON AND MILTON KEYNES",3236,111506.25,0,0
2024-05-01,36L,"NHS SOUTH WEST LONDON",3537,136624.21,0,0
2024-05-01,15E,"NHS BIRMINGHAM AND SOLIHULL",3697,140549.77,0,0
2024-05-01,92A,"NHS SURREY HEARTLANDS",3863,154128.97,0,0
2024-05-01,16C,"NHS TEES VALLEY",3967,139423.4,0,0
2024-05-01,03N,"NHS SHEFFIELD",3989,132858.64,0,0
2024-05-01,D2P2L,"NHS BLACK COUNTRY",4025,158918.04,0,0
2024-05-01,26A,"NHS NORFOLK AND WAVENEY",4415,149849.66,0,0
2024-05-01,71E,"NHS LINCOLNSHIRE",4604,141535.61,0,0
2024-05-01,A3A8R,"NHS NORTH EAST LONDON",4615,169954.78,0,0
2024-05-01,52R,"NHS NOTTINGHAM AND NOTTINGHAMSHIRE",4689,160231.2,0,0
2024-05-01,15N,"NHS DEVON",4904,176392.68,0,0
2024-05-01,W2U3Z,"NHS NORTH WEST LONDON",4975,194140.57,0,0
2024-05-01,06H,"NHS CAMBRIDGESHIRE AND PETERBOROUGH",5339,159879.09,0,0
2024-05-01,D9Y0V,"NHS HAMPSHIRE, SOUTHAMPTON AND ISLE OF WIGHT",6765,272079.21,0,0
2024-05-01,91Q,"NHS KENT AND MEDWAY",9320,332884.59,0,0
2024-06-01,09W,"NHS MEDWAY",0,0,0,0
2024-06-01,D4U1Y,"NHS FRIMLEY",10,345.94,0,0
2024-06-01,02G,"NHS WEST LANCASHIRE",195,6745.64,0,0
2024-06-01,00Q,"NHS BLACKBURN WITH DARWEN",238,7171.85,0,0
2024-06-01,01V,"NHS SOUTHPORT AND FORMBY",253,8821.26,0,0
2024-06-01,03H,"NHS NORTH EAST LINCOLNSHIRE",269,7766.76,0,0
2024-06-01,01X,"NHS ST HELENS",326,11069.88,0,0
2024-06-01,01J,"NHS KNOWSLEY",336,10631.12,0,0
2024-06-01,02T,"NHS CALDERDALE",385,15752.3,0,0
2024-06-01,05D,"NHS EAST STAFFORDSHIRE",400,13726.88,0,0
2024-06-01,02M,"NHS FYLDE AND WYRE",404,13309.46,0,0
2024-06-01,01F,"NHS HALTON",418,14223.19,0,0
2024-06-01,00N,"NHS SOUTH TYNESIDE",421,15539.93,0,0
2024-06-01,02Q,"NHS BASSETLAW",423,12503.06,0,0
2024-06-01,12F,"NHS WIRRAL",431,15566.67,0,0
2024-06-01,01G,"NHS SALFORD",440,14635.75,0,0
2024-06-01,02P,"NHS BARNSLEY",441,15143.31,0,0
2024-06-01,01Y,"NHS TAMESIDE AND GLOSSOP",455,16325.18,0,0
2024-06-01,00R,"NHS BLACKPOOL",456,14569.49,0,0
2024-06-01,00V,"NHS BURY",469,15301.17,0,0
2024-06-01,04Y,"NHS CANNOCK CHASE",480,18009.4,0,0
2024-06-01,01T,"NHS SOUTH SEFTON",490,15580.75,0,0
2024-06-01,02A,"NHS TRAFFORD",513,18892.78,0,0
2024-06-01,02E,"NHS WARRINGTON",521,18733.26,0,0
2024-06-01,99F,"NHS CASTLE POINT AND ROCHFORD",534,19015.69,0,0
2024-06-01,05V,"NHS STAFFORD AND SURROUNDS",542,19175.76,0,0
2024-06-01,99C,"NHS NORTH TYNESIDE",547,22790.19,0,0
2024-06-01,07G,"NHS THURROCK",562,17509.26,0,0
2024-06-01,01D,"NHS HEYWOOD, MIDDLETON AND ROCHDALE",566,19079.64,0,0
2024-06-01,99G,"NHS SOUTHEND",584,21966.01,0,0
2024-06-01,05W,"NHS STOKE ON TRENT",592,19439.08,0,0
2024-06-01,05Q,"NHS SOUTH EAST STAFFORDSHIRE AND SEISDON PENINSULA",599,23051.23,0,0
2024-06-01,00P,"NHS SUNDERLAND",600,22285.4,0,0
2024-06-01,10R,"NHS PORTSMOUTH",653,28351.06,0,0
2024-06-01,03K,"NHS NORTH LINCOLNSHIRE",664,18850.96,0,0
2024-06-01,99E,"NHS BASILDON AND BRENTWOOD",697,24388.97,0,0
2024-06-01,00Y,"NHS OLDHAM",702,23231.01,0,0
2024-06-01,05G,"NHS NORTH STAFFORDSHIRE",713,23917.11,0,0
2024-06-01,00X,"NHS CHORLEY AND SOUTH RIBBLE",723,25439.1,0,0
2024-06-01,00T,"NHS BOLTON",746,25918.27,0,0
2024-06-01,03R,"NHS WAKEFIELD",757,28048.97,0,0
2024-06-01,04C,"NHS LEICESTER CITY",762,25319.9,0,0
2024-06-01,01W,"NHS STOCKPORT",764,26809.63,0,0
2024-06-01,01E,"NHS GREATER PRESTON",772,27108.34,0,0
2024-06-01,01H,"NHS NORTH CUMBRIA",785,27092.25,0,0
2024-06-01,01K,"NHS MORECAMBE BAY",785,28860.47,0,0
2024-06-01,02H,"NHS WIGAN BOROUGH",796,27302,0,0
2024-06-01,U2G6B,"NHS THAMES VALLEY ICB - U2G6B",904,35044.17,0,0
2024-06-01,09D,"NHS BRIGHTON AND HOVE",925,40178.41,0,0
2024-06-01,06L,"NHS IPSWICH AND EAST SUFFOLK",926,28559.44,0,0
2024-06-01,06Q,"NHS MID ESSEX",993,29556.55,0,0
2024-06-01,01A,"NHS EAST LANCASHIRE",1007,30694.31,0,0
2024-06-01,11X,"NHS SOMERSET",1069,36677.52,0,0
2024-06-01,07H,"NHS WEST ESSEX",1076,34050.96,0,0
2024-06-01,06T,"NHS NORTH EAST ESSEX",1080,32259.76,0,0
2024-06-01,03Q,"NHS VALE OF YORK",1094,39613.58,0,0
2024-06-01,36J,"NHS BRADFORD DISTRICT AND CRAVEN",1133,38000.43,0,0
2024-06-01,X2C4Y,"NHS KIRKLEES",1166,47374.24,0,0
2024-06-01,07K,"NHS WEST SUFFOLK",1169,34389.67,0,0
2024-06-01,99A,"NHS LIVERPOOL",1212,40341.61,0,0
2024-06-01,00L,"NHS NORTHUMBERLAND",1220,43950.47,0,0
2024-06-01,04V,"NHS WEST LEICESTERSHIRE",1241,41804.25,0,0
2024-06-01,M2L0M,"NHS SHROPSHIRE, TELFORD AND WREKIN",1257,48905.28,0,0
2024-06-01,03L,"NHS ROTHERHAM",1345,40764.47,0,0
2024-06-01,78H,"NHS NORTHAMPTONSHIRE",1351,41331.82,0,0
2024-06-01,02X,"NHS DONCASTER",1359,42008.43,0,0
2024-06-01,15A,"NHS BERKSHIRE WEST",1461,51916.38,0,0
2024-06-01,14L,"NHS MANCHESTER",1468,48284.96,0,0
2024-06-01,11M,"NHS GLOUCESTERSHIRE",1558,55978.98,0,0
2024-06-01,15F,"NHS LEEDS",1585,58237.49,0,0
2024-06-01,13T,"NHS NEWCASTLE GATESHEAD",1594,60602.57,0,0
2024-06-01,27D,"NHS CHESHIRE",1636,55477.53,0,0
2024-06-01,03W,"NHS EAST LEICESTERSHIRE AND RUTLAND",1668,58763.73,0,0
2024-06-01,06N,"NHS HERTS VALLEYS",1814,69188.63,0,0
2024-06-01,03F,"NHS HULL",1840,57890.7,0,0
2024-06-01,92G,"NHS BATH AND NORTH EAST SOMERSET, SWINDON AND WILTSHIRE",1864,69967.13,0,0
2024-06-01,15M,"NHS DERBY AND DERBYSHIRE",1866,74617.62,0,0
2024-06-01,02Y,"NHS EAST RIDING OF YORKSHIRE",1877,62979.6,0,0
2024-06-01,18C,"NHS HEREFORDSHIRE AND WORCESTERSHIRE",1920,71732.36,0,0
2024-06-01,84H,"NHS COUNTY DURHAM",1966,71688.01,0,0
2024-06-01,11N,"NHS CORNWALL AND THE ISLES OF SCILLY",2066,66416.71,0,0
2024-06-01,97R,"NHS EAST SUSSEX",2133,77890.99,0,0
2024-06-01,14Y,"NHS BUCKINGHAMSHIRE",2347,84164.14,0,0
2024-06-01,06K,"NHS EAST AND NORTH HERTFORDSHIRE",2383,74189.84,0,0
2024-06-01,15C,"NHS BRISTOL, NORTH SOMERSET AND SOUTH GLOUCESTERSHIRE",2507,113644.2,0,0
2024-06-01,B2M3M,"NHS COVENTRY AND WARWICKSHIRE",2545,84694.01,0,0
2024-06-01,42D,"NHS NORTH YORKSHIRE",2561,84718.51,0,0
2024-06-01,70F,"NHS WEST SUSSEX",2598,102848.83,0,0
2024-06-01,11J,"NHS DORSET",2881,102660.65,0,0
2024-06-01,10Q,"NHS OXFORDSHIRE",2903,108382.92,0,0
2024-06-01,93C,"NHS NORTH CENTRAL LONDON",3007,115776.35,0,0
2024-06-01,72Q,"NHS SOUTH EAST LONDON",3078,124808.16,0,0
2024-06-01,M1J4Y,"NHS BEDFORDSHIRE, LUTON AND MILTON KEYNES",3162,111156.91,0,0
2024-06-01,36L,"NHS SOUTH WEST LONDON",3434,131369.69,0,0
2024-06-01,15E,"NHS BIRMINGHAM AND SOLIHULL",3445,129467.89,0,0
2024-06-01,92A,"NHS SURREY HEARTLANDS",3689,149698.83,0,0
2024-06-01,D2P2L,"NHS BLACK COUNTRY",3699,145002.2,0,0
2024-06-01,16C,"NHS TEES VALLEY",3761,130533.62,0,0
2024-06-01,03N,"NHS SHEFFIELD",3880,129667.32,0,0
2024-06-01,26A,"NHS NORFOLK AND WAVENEY",4148,141177.02,0,0
2024-06-01,52R,"NHS NOTTINGHAM AND NOTTINGHAMSHIRE",4377,149185.14,0,0
2024-06-01,71E,"NHS LINCOLNSHIRE",4396,134595.11,0,0
2024-06-01,A3A8R,"NHS NORTH EAST LONDON",4474,166189.52,0,0
2024-06-01,15N,"NHS DEVON",4605,164969.38,0,0
2024-06-01,W2U3Z,"NHS NORTH WEST LONDON",4820,190838.88,0,0
2024-06-01,06H,"NHS CAMBRIDGESHIRE AND PETERBOROUGH",5082,152006.85,0,0
2024-06-01,D9Y0V,"NHS HAMPSHIRE, SOUTHAMPTON AND ISLE OF WIGHT",6601,263680.39,0,0
2024-06-01,91Q,"NHS KENT AND MEDWAY",8937,319218.94,0,0
2024-07-01,09W,"NHS MEDWAY",0,0,0,0
2024-07-01,D4U1Y,"NHS FRIMLEY",10,319.31,0,0
2024-07-01,02G,"NHS WEST LANCASHIRE",209,7198.05,0,0
2024-07-01,00Q,"NHS BLACKBURN WITH DARWEN",234,7238.31,0,0
2024-07-01,01V,"NHS SOUTHPORT AND FORMBY",293,10244.89,0,0
2024-07-01,03H,"NHS NORTH EAST LINCOLNSHIRE",313,9105.49,0,0
2024-07-01,01J,"NHS KNOWSLEY",364,11562.52,0,0
2024-07-01,01X,"NHS ST HELENS",378,13265.13,0,0
2024-07-01,02T,"NHS CALDERDALE",422,17016.39,0,0
2024-07-01,02M,"NHS FYLDE AND WYRE",445,14467.43,0,0
2024-07-01,05D,"NHS EAST STAFFORDSHIRE",447,15339.18,0,0
2024-07-01,02Q,"NHS BASSETLAW",449,13296.55,0,0
2024-07-01,01F,"NHS HALTON",451,15234.47,0,0
2024-07-01,02P,"NHS BARNSLEY",456,15482.32,0,0
2024-07-01,01G,"NHS SALFORD",468,15912.99,0,0
2024-07-01,00N,"NHS SOUTH TYNESIDE",471,17735.22,0,0
2024-07-01,01T,"NHS SOUTH SEFTON",500,15846.96,0,0
2024-07-01,12F,"NHS WIRRAL",514,17828.8,0,0
2024-07-01,00R,"NHS BLACKPOOL",516,16432.28,0,0
2024-07-01,01Y,"NHS TAMESIDE AND GLOSSOP",516,18307.68,0,0
2024-07-01,00V,"NHS BURY",527,17057.59,0,0
2024-07-01,02A,"NHS TRAFFORD",568,21806.3,0,0
2024-07-01,99F,"NHS CASTLE POINT AND ROCHFORD",568,19908.58,0,0
2024-07-01,04Y,"NHS CANNOCK CHASE",569,21133.97,0,0
2024-07-01,07G,"NHS THURROCK",583,17889.89,0,0
2024-07-01,02E,"NHS WARRINGTON",585,20699.13,0,0
2024-07-01,99C,"NHS NORTH TYNESIDE",598,24626.34,0,0
2024-07-01,05V,"NHS STAFFORD AND SURROUNDS",616,21500.58,0,0
2024-07-01,01D,"NHS HEYWOOD, MIDDLETON AND ROCHDALE",625,21195.21,0,0
2024-07-01,99G,"NHS SOUTHEND",638,23429.78,0,0
2024-07-01,00P,"NHS SUNDERLAND",660,24095.08,0,0
2024-07-01,03K,"NHS NORTH LINCOLNSHIRE",695,19533.97,0,0
2024-07-01,05W,"NHS STOKE ON TRENT",696,23124.63,0,0
2024-07-01,10R,"NHS PORTSMOUTH",704,30586.21,0,0
2024-07-01,05Q,"NHS SOUTH EAST STAFFORDSHIRE AND SEISDON PENINSULA",726,28017.3,0,0
2024-07-01,99E,"NHS BASILDON AND BRENTWOOD",740,25939.21,0,0
2024-07-01,00Y,"NHS OLDHAM",756,25346.49,0,0
2024-07-01,00X,"NHS CHORLEY AND SOUTH RIBBLE",763,26756.45,0,0
2024-07-01,00T,"NHS BOLTON",784,25706.03,0,0
2024-07-01,05G,"NHS NORTH STAFFORDSHIRE",787,26526.04,0,0
2024-07-01,04C,"NHS LEICESTER CITY",796,26570.62,0,0
2024-07-01,01W,"NHS STOCKPORT",854,30827.48,0,0
2024-07-01,01E,"NHS GREATER PRESTON",872,31126.29,0,0
2024-07-01,03R,"NHS WAKEFIELD",884,32807.4,0,0
2024-07-01,01K,"NHS MORECAMBE BAY",896,32531.57,0,0
2024-07-01,02H,"NHS WIGAN BOROUGH",898,31466.43,0,0
2024-07-01,06L,"NHS IPSWICH AND EAST SUFFOLK",929,28315.32,0,0
2024-07-01,01H,"NHS NORTH CUMBRIA",946,32679.03,0,0
2024-07-01,09D,"NHS BRIGHTON AND HOVE",951,40245.3,0,0
2024-07-01,U2G6B,"NHS THAMES VALLEY ICB - U2G6B",994,38038,0,0
2024-07-01,06T,"NHS NORTH EAST ESSEX",1110,32649.23,0,0
2024-07-01,01A,"NHS EAST LANCASHIRE",1117,34534.84,0,0
2024-07-01,03Q,"NHS VALE OF YORK",1120,39298.8,0,0
2024-07-01,06Q,"NHS MID ESSEX",1148,34187.86,0,0
2024-07-01,11X,"NHS SOMERSET",1154,40256.04,0,0
2024-07-01,07H,"NHS WEST ESSEX",1164,37028.53,0,0
2024-07-01,07K,"NHS WEST SUFFOLK",1276,38252.98,0,0
2024-07-01,99A,"NHS LIVERPOOL",1311,44439.45,0,0
2024-07-01,X2C4Y,"NHS KIRKLEES",1313,52812.51,0,0
2024-07-01,00L,"NHS NORTHUMBERLAND",1355,48250.36,0,0
2024-07-01,04V,"NHS WEST LEICESTERSHIRE",1364,47202.41,0,0
2024-07-01,M2L0M,"NHS SHROPSHIRE, TELFORD AND WREKIN",1372,54350.26,0,0
2024-07-01,36J,"NHS BRADFORD DISTRICT AND CRAVEN",1390,47132.5,0,0
2024-07-01,03L,"NHS ROTHERHAM",1500,45821.82,0,0
2024-07-01,78H,"NHS NORTHAMPTONSHIRE",1505,45263.77,0,0
2024-07-01,02X,"NHS DONCASTER",1510,46636.76,0,0
2024-07-01,15A,"NHS BERKSHIRE WEST",1530,54300.52,0,0
2024-07-01,14L,"NHS MANCHESTER",1610,53088.3,0,0
2024-07-01,11M,"NHS GLOUCESTERSHIRE",1719,62382.75,0,0
2024-07-01,13T,"NHS NEWCASTLE GATESHEAD",1811,68532.54,0,0
2024-07-01,27D,"NHS CHESHIRE",1843,62682.97,0,0
2024-07-01,03W,"NHS EAST LEICESTERSHIRE AND RUTLAND",1857,65082.18,0,0
2024-07-01,15F,"NHS LEEDS",1857,67914.7,0,0
2024-07-01,06N,"NHS HERTS VALLEYS",1931,74486.7,0,0
2024-07-01,92G,"NHS BATH AND NORTH EAST SOMERSET, SWINDON AND WILTSHIRE",1981,75845.48,0,0
2024-07-01,03F,"NHS HULL",1996,64102.4,0,0
2024-07-01,15M,"NHS DERBY AND DERBYSHIRE",2013,79341.78,0,0
2024-07-01,84H,"NHS COUNTY DURHAM",2022,73238.23,0,0
2024-07-01,11N,"NHS CORNWALL AND THE ISLES OF SCILLY",2065,66613.41,0,0
2024-07-01,02Y,"NHS EAST RIDING OF YORKSHIRE",2121,70856.83,0,0
2024-07-01,18C,"NHS HEREFORDSHIRE AND WORCESTERSHIRE",2152,79241.36,0,0
2024-07-01,97R,"NHS EAST SUSSEX",2323,84331.92,0,0
2024-07-01,06K,"NHS EAST AND NORTH HERTFORDSHIRE",2486,76112.73,0,0
2024-07-01,14Y,"NHS BUCKINGHAMSHIRE",2573,92942.66,0,0
2024-07-01,15C,"NHS BRISTOL, NORTH SOMERSET AND SOUTH GLOUCESTERSHIRE",2728,124788.61,0,0
2024-07-01,70F,"NHS WEST SUSSEX",2760,108417.33,0,0
2024-07-01,B2M3M,"NHS COVENTRY AND WARWICKSHIRE",2821,93337.89,0,0
2024-07-01,42D,"NHS NORTH YORKSHIRE",2832,92602.54,0,0
2024-07-01,11J,"NHS DORSET",2903,103509.32,0,0
2024-07-01,10Q,"NHS OXFORDSHIRE",3107,116067.31,0,0
2024-07-01,72Q,"NHS SOUTH EAST LONDON",3331,134334.76,0,0
2024-07-01,93C,"NHS NORTH CENTRAL LONDON",3373,130717.67,0,0
2024-07-01,M1J4Y,"NHS BEDFORDSHIRE, LUTON AND MILTON KEYNES",3624,127369.92,0,0
2024-07-01,36L,"NHS SOUTH WEST LONDON",3641,139578.92,0,0
2024-07-01,15E,"NHS BIRMINGHAM AND SOLIHULL",3837,144901.57,0,0
2024-07-01,92A,"NHS SURREY HEARTLANDS",3905,157968.05,0,0
2024-07-01,16C,"NHS TEES VALLEY",4102,141475.22,0,0
2024-07-01,03N,"NHS SHEFFIELD",4155,138236.06,0,0
2024-07-01,D2P2L,"NHS BLACK COUNTRY",4189,163097.32,0,0
2024-07-01,26A,"NHS NORFOLK AND WAVENEY",4477,151153.86,0,0
2024-07-01,71E,"NHS LINCOLNSHIRE",4541,138848.57,0,0
2024-07-01,52R,"NHS NOTTINGHAM AND NOTTINGHAMSHIRE",4692,160239.01,0,0
2024-07-01,A3A8R,"NHS NORTH EAST LONDON",4770,177309.16,0,0
2024-07-01,15N,"NHS DEVON",5024,181618.41,0,0
2024-07-01,W2U3Z,"NHS NORTH WEST LONDON",5348,210583.88,0,0
2024-07-01,06H,"NHS CAMBRIDGESHIRE AND PETERBOROUGH",5567,166673.2,0,0
2024-07-01,D9Y0V,"NHS HAMPSHIRE, SOUTHAMPTON AND ISLE OF WIGHT",7211,290359.93,0,0
2024-07-01,91Q,"NHS KENT AND MEDWAY",9714,348167.99,0,0
2024-08-01,09W,"NHS MEDWAY",0,0,0,0
2024-08-01,D4U1Y,"NHS FRIMLEY",7,239.48,0,0
2024-08-01,02G,"NHS WEST LANCASHIRE",202,6825.62,0,0
2024-08-01,00Q,"NHS BLACKBURN WITH DARWEN",261,8116.48,0,0
2024-08-01,03H,"NHS NORTH EAST LINCOLNSHIRE",284,8455.18,0,0
2024-08-01,01V,"NHS SOUTHPORT AND FORMBY",303,10564.33,0,0
2024-08-01,01J,"NHS KNOWSLEY",329,10511.41,0,0
2024-08-01,01X,"NHS ST HELENS",343,11894.85,0,0
2024-08-01,02T,"NHS CALDERDALE",391,16178.17,0,0
2024-08-01,02P,"NHS BARNSLEY",418,14153.63,0,0
2024-08-01,01G,"NHS SALFORD",420,13930.75,0,0
2024-08-01,01F,"NHS HALTON",432,14449.63,0,0
2024-08-01,05D,"NHS EAST STAFFORDSHIRE",432,14496.01,0,0
2024-08-01,02Q,"NHS BASSETLAW",433,12558.92,0,0
2024-08-01,12F,"NHS WIRRAL",450,15633.53,0,0
2024-08-01,00N,"NHS SOUTH TYNESIDE",468,17721.97,0,0
2024-08-01,01Y,"NHS TAMESIDE AND GLOSSOP",480,17535.94,0,0
2024-08-01,00R,"NHS BLACKPOOL",484,15368,0,0
2024-08-01,02M,"NHS FYLDE AND WYRE",485,15571.48,0,0
2024-08-01,04Y,"NHS CANNOCK CHASE",504,18937.42,0,0
2024-08-01,02A,"NHS TRAFFORD",511,19278.68,0,0
2024-08-01,01T,"NHS SOUTH SEFTON",512,16392.45,0,0
2024-08-01,00V,"NHS BURY",519,16844.81,0,0
2024-08-01,99F,"NHS CASTLE POINT AND ROCHFORD",529,18734.8,0,0
2024-08-01,02E,"NHS WARRINGTON",554,19633.22,0,0
2024-08-01,99C,"NHS NORTH TYNESIDE",569,24293.62,0,0
2024-08-01,07G,"NHS THURROCK",577,17606.85,0,0
2024-08-01,05V,"NHS STAFFORD AND SURROUNDS",579,20640.93,0,0
2024-08-01,01D,"NHS HEYWOOD, MIDDLETON AND ROCHDALE",589,19652.05,0,0
2024-08-01,99G,"NHS SOUTHEND",611,23017.34,0,0
2024-08-01,05W,"NHS STOKE ON TRENT",632,21222.02,0,0
2024-08-01,05Q,"NHS SOUTH EAST STAFFORDSHIRE AND SEISDON PENINSULA",645,25038.52,0,0
2024-08-01,00P,"NHS SUNDERLAND",650,24361.11,0,0
2024-08-01,99E,"NHS BASILDON AND BRENTWOOD",676,24023.37,0,0
2024-08-01,03K,"NHS NORTH LINCOLNSHIRE",697,19598.99,0,0
2024-08-01,10R,"NHS PORTSMOUTH",718,31610.78,0,0
2024-08-01,00Y,"NHS OLDHAM",726,24122.71,0,0
2024-08-01,00T,"NHS BOLTON",729,24734.53,0,0
2024-08-01,00X,"NHS CHORLEY AND SOUTH RIBBLE",761,27102.44,0,0
2024-08-01,05G,"NHS NORTH STAFFORDSHIRE",765,25288.98,0,0
2024-08-01,03R,"NHS WAKEFIELD",791,28561.89,0,0
2024-08-01,04C,"NHS LEICESTER CITY",801,26610.75,0,0
2024-08-01,01W,"NHS STOCKPORT",806,28832.07,0,0
2024-08-01,02H,"NHS WIGAN BOROUGH",827,28646.13,0,0
2024-08-01,01K,"NHS MORECAMBE BAY",838,30381.7,0,0
2024-08-01,01E,"NHS GREATER PRESTON",846,29759.21,0,0
2024-08-01,09D,"NHS BRIGHTON AND HOVE",899,38436.11,0,0
2024-08-01,06L,"NHS IPSWICH AND EAST SUFFOLK",923,28197.57,0,0
2024-08-01,U2G6B,"NHS THAMES VALLEY ICB - U2G6B",928,36398.07,0,0
2024-08-01,01H,"NHS NORTH CUMBRIA",948,33424.67,0,0
2024-08-01,01A,"NHS EAST LANCASHIRE",1055,31823.56,0,0
2024-08-01,03Q,"NHS VALE OF YORK",1065,37789.1,0,0
2024-08-01,06Q,"NHS MID ESSEX",1068,32366.05,0,0
2024-08-01,11X,"NHS SOMERSET",1079,37576.64,0,0
2024-08-01,07H,"NHS WEST ESSEX",1116,34822.67,0,0
2024-08-01,06T,"NHS NORTH EAST ESSEX",1120,33873.74,0,0
2024-08-01,X2C4Y,"NHS KIRKLEES",1206,48911.16,0,0
2024-08-01,99A,"NHS LIVERPOOL",1211,40248.91,0,0
2024-08-01,04V,"NHS WEST LEICESTERSHIRE",1265,43769.21,0,0
2024-08-01,07K,"NHS WEST SUFFOLK",1271,37633.12,0,0
2024-08-01,M2L0M,"NHS SHROPSHIRE, TELFORD AND WREKIN",1294,51889.61,0,0
2024-08-01,03L,"NHS ROTHERHAM",1322,40507.9,0,0
2024-08-01,36J,"NHS BRADFORD DISTRICT AND CRAVEN",1322,44640.86,0,0
2024-08-01,00L,"NHS NORTHUMBERLAND",1342,48756.64,0,0
2024-08-01,02X,"NHS DONCASTER",1395,42980.93,0,0
2024-08-01,78H,"NHS NORTHAMPTONSHIRE",1452,43655.89,0,0
2024-08-01,14L,"NHS MANCHESTER",1491,49775.4,0,0
2024-08-01,15A,"NHS BERKSHIRE WEST",1496,53006.98,0,0
2024-08-01,11M,"NHS GLOUCESTERSHIRE",1633,59269.8,0,0
2024-08-01,13T,"NHS NEWCASTLE GATESHEAD",1688,64501.52,0,0
2024-08-01,15F,"NHS LEEDS",1726,62572.22,0,0
2024-08-01,03W,"NHS EAST LEICESTERSHIRE AND RUTLAND",1734,61613.35,0,0
2024-08-01,27D,"NHS CHESHIRE",1762,59230.28,0,0
2024-08-01,06N,"NHS HERTS VALLEYS",1870,73447.9,0,0
2024-08-01,92G,"NHS BATH AND NORTH EAST SOMERSET, SWINDON AND WILTSHIRE",1883,70501.95,0,0
2024-08-01,03F,"NHS HULL",1894,59805.55,0,0
2024-08-01,15M,"NHS DERBY AND DERBYSHIRE",1929,77622.4,0,0
2024-08-01,11N,"NHS CORNWALL AND THE ISLES OF SCILLY",1964,63343.72,0,0
2024-08-01,84H,"NHS COUNTY DURHAM",1992,72081.98,0,0
2024-08-01,02Y,"NHS EAST RIDING OF YORKSHIRE",2014,67010.91,0,0
2024-08-01,18C,"NHS HEREFORDSHIRE AND WORCESTERSHIRE",2050,77134.2,0,0
2024-08-01,97R,"NHS EAST SUSSEX",2179,78592.93,0,0
2024-08-01,06K,"NHS EAST AND NORTH HERTFORDSHIRE",2410,74147.43,0,0
2024-08-01,14Y,"NHS BUCKINGHAMSHIRE",2472,89046.42,0,0
2024-08-01,15C,"NHS BRISTOL, NORTH SOMERSET AND SOUTH GLOUCESTERSHIRE",2539,115692.12,0,0
2024-08-01,42D,"NHS NORTH YORKSHIRE",2637,85327.61,0,0
2024-08-01,70F,"NHS WEST SUSSEX",2683,106798.32,0,0
2024-08-01,B2M3M,"NHS COVENTRY AND WARWICKSHIRE",2736,90433.49,0,0
2024-08-01,11J,"NHS DORSET",2826,99731.72,0,0
2024-08-01,10Q,"NHS OXFORDSHIRE",2950,110431.12,0,0
2024-08-01,93C,"NHS NORTH CENTRAL LONDON",3027,117347.27,0,0
2024-08-01,72Q,"NHS SOUTH EAST LONDON",3118,126831.68,0,0
2024-08-01,36L,"NHS SOUTH WEST LONDON",3433,134709.38,0,0
2024-08-01,M1J4Y,"NHS BEDFORDSHIRE, LUTON AND MILTON KEYNES",3567,125189.5,0,0
2024-08-01,15E,"NHS BIRMINGHAM AND SOLIHULL",3594,136214.46,0,0
2024-08-01,92A,"NHS SURREY HEARTLANDS",3755,151992.26,0,0
2024-08-01,16C,"NHS TEES VALLEY",3888,134052,0,0
2024-08-01,03N,"NHS SHEFFIELD",3961,132210.06,0,0
2024-08-01,D2P2L,"NHS BLACK COUNTRY",4049,158122.5,0,0
2024-08-01,52R,"NHS NOTTINGHAM AND NOTTINGHAMSHIRE",4326,148780.09,0,0
2024-08-01,71E,"NHS LINCOLNSHIRE",4369,132775.34,0,0
2024-08-01,26A,"NHS NORFOLK AND WAVENEY",4484,150987.47,0,0
2024-08-01,A3A8R,"NHS NORTH EAST LONDON",4590,171153.77,0,0
2024-08-01,15N,"NHS DEVON",4782,171476.09,0,0
2024-08-01,W2U3Z,"NHS NORTH WEST LONDON",4821,192197.8,0,0
2024-08-01,06H,"NHS CAMBRIDGESHIRE AND PETERBOROUGH",5122,152528.8,0,0
2024-08-01,D9Y0V,"NHS HAMPSHIRE, SOUTHAMPTON AND ISLE OF WIGHT",6891,277378.98,0,0
2024-08-01,91Q,"NHS KENT AND MEDWAY",8927,318920.61,0,0
2024-09-01,09W,"NHS MEDWAY",0,0,0,0
2024-09-01,D4U1Y,"NHS FRIMLEY",6,186.27,0,0
2024-09-01,02G,"NHS WEST LANCASHIRE",205,6838.97,0,0
2024-09-01,00Q,"NHS BLACKBURN WITH DARWEN",254,7877.01,0,0
2024-09-01,01V,"NHS SOUTHPORT AND FORMBY",266,8981.07,0,0
2024-09-01,03H,"NHS NORTH EAST LINCOLNSHIRE",275,7998.19,0,0
2024-09-01,01X,"NHS ST HELENS",334,11668.6,0,0
2024-09-01,01J,"NHS KNOWSLEY",349,10937.29,0,0
2024-09-01,02T,"NHS CALDERDALE",379,14847.98,0,0
2024-09-01,02M,"NHS FYLDE AND WYRE",426,13883.04,0,0
2024-09-01,02Q,"NHS BASSETLAW",434,12633.26,0,0
2024-09-01,05D,"NHS EAST STAFFORDSHIRE",435,14386.86,0,0
2024-09-01,02P,"NHS BARNSLEY",438,14366.29,0,0
2024-09-01,00N,"NHS SOUTH TYNESIDE",440,16205.4,0,0
2024-09-01,01G,"NHS SALFORD",446,14875.43,0,0
2024-09-01,12F,"NHS WIRRAL",468,16538.23,0,0
2024-09-01,01F,"NHS HALTON",472,15713.67,0,0
2024-09-01,02A,"NHS TRAFFORD",476,17402.9,0,0
2024-09-01,01T,"NHS SOUTH SEFTON",497,16126.36,0,0
2024-09-01,01Y,"NHS TAMESIDE AND GLOSSOP",509,17961.95,0,0
2024-09-01,00V,"NHS BURY",510,16578.63,0,0
2024-09-01,00R,"NHS BLACKPOOL",523,16818.25,0,0
2024-09-01,04Y,"NHS CANNOCK CHASE",525,19810.44,0,0
2024-09-01,02E,"NHS WARRINGTON",547,19678.2,0,0
2024-09-01,07G,"NHS THURROCK",557,16926.63,0,0
2024-09-01,01D,"NHS HEYWOOD, MIDDLETON AND ROCHDALE",567,19066.57,0,0
2024-09-01,99F,"NHS CASTLE POINT AND ROCHFORD",570,20155.13,0,0
2024-09-01,99C,"NHS NORTH TYNESIDE",573,23642,0,0
2024-09-01,05V,"NHS STAFFORD AND SURROUNDS",588,20514.17,0,0
2024-09-01,99G,"NHS SOUTHEND",601,21527.53,0,0
2024-09-01,00P,"NHS SUNDERLAND",637,23695.97,0,0
2024-09-01,05Q,"NHS SOUTH EAST STAFFORDSHIRE AND SEISDON PENINSULA",639,24246.97,0,0
2024-09-01,05W,"NHS STOKE ON TRENT",640,21913.79,0,0
2024-09-01,10R,"NHS PORTSMOUTH",687,29269.57,0,0
2024-09-01,03K,"NHS NORTH LINCOLNSHIRE",706,19822.49,0,0
2024-09-01,99E,"NHS BASILDON AND BRENTWOOD",710,24256.33,0,0
2024-09-01,00Y,"NHS OLDHAM",718,23430.96,0,0
2024-09-01,00T,"NHS BOLTON",732,24814.39,0,0
2024-09-01,05G,"NHS NORTH STAFFORDSHIRE",732,24273.21,0,0
2024-09-01,00X,"NHS CHORLEY AND SOUTH RIBBLE",744,26463.84,0,0
2024-09-01,01W,"NHS STOCKPORT",787,27555,0,0
2024-09-01,04C,"NHS LEICESTER CITY",787,26357.88,0,0
2024-09-01,03R,"NHS WAKEFIELD",790,28495.49,0,0
2024-09-01,01E,"NHS GREATER PRESTON",807,28817.93,0,0
2024-09-01,02H,"NHS WIGAN BOROUGH",831,28912.13,0,0
2024-09-01,01K,"NHS MORECAMBE BAY",870,30974.3,0,0
2024-09-01,06L,"NHS IPSWICH AND EAST SUFFOLK",885,26888.01,0,0
2024-09-01,01H,"NHS NORTH CUMBRIA",890,30597.04,0,0
2024-09-01,09D,"NHS BRIGHTON AND HOVE",925,39340.96,0,0
2024-09-01,06Q,"NHS MID ESSEX",980,29803.87,0,0
2024-09-01,U2G6B,"NHS THAMES VALLEY ICB - U2G6B",999,38862.96,0,0
2024-09-01,03Q,"NHS VALE OF YORK",1042,36815.06,0,0
2024-09-01,11X,"NHS SOMERSET",1042,36525.08,0,0
2024-09-01,01A,"NHS EAST LANCASHIRE",1045,31794.57,0,0
2024-09-01,07H,"NHS WEST ESSEX",1078,33974.33,0,0
2024-09-01,06T,"NHS NORTH EAST ESSEX",1115,33156.28,0,0
2024-09-01,99A,"NHS LIVERPOOL",1223,41180.02,0,0
2024-09-01,X2C4Y,"NHS KIRKLEES",1242,50815.35,0,0
2024-09-01,M2L0M,"NHS SHROPSHIRE, TELFORD AND WREKIN",1275,49946.88,0,0
2024-09-01,04V,"NHS WEST LEICESTERSHIRE",1279,44014.04,0,0
2024-09-01,07K,"NHS WEST SUFFOLK",1280,38181.94,0,0
2024-09-01,00L,"NHS NORTHUMBERLAND",1287,45954.04,0,0
2024-09-01,36J,"NHS BRADFORD DISTRICT AND CRAVEN",1299,43376.33,0,0
2024-09-01,78H,"NHS NORTHAMPTONSHIRE",1376,42079.04,0,0
2024-09-01,02X,"NHS DONCASTER",1408,43832.05,0,0
2024-09-01,03L,"NHS ROTHERHAM",1423,44651.35,0,0
2024-09-01,14L,"NHS MANCHESTER",1429,47447.04,0,0
2024-09-01,15A,"NHS BERKSHIRE WEST",1467,51312.19,0,0
2024-09-01,11M,"NHS GLOUCESTERSHIRE",1607,58369.18,0,0
2024-09-01,13T,"NHS NEWCASTLE GATESHEAD",1686,63650.25,0,0
2024-09-01,15F,"NHS LEEDS",1706,62268.19,0,0
2024-09-01,03W,"NHS EAST LEICESTERSHIRE AND RUTLAND",1737,60708.15,0,0
2024-09-01,27D,"NHS CHESHIRE",1777,59937.99,0,0
2024-09-01,92G,"NHS BATH AND NORTH EAST SOMERSET, SWINDON AND WILTSHIRE",1859,71520.98,0,0
2024-09-01,15M,"NHS DERBY AND DERBYSHIRE",1885,75917.37,0,0
2024-09-01,02Y,"NHS EAST RIDING OF YORKSHIRE",1898,63186.26,0,0
2024-09-01,84H,"NHS COUNTY DURHAM",1907,69615.52,0,0
2024-09-01,18C,"NHS HEREFORDSHIRE AND WORCESTERSHIRE",1930,71758.71,0,0
2024-09-01,03F,"NHS HULL",1942,61443.93,0,0
2024-09-01,06N,"NHS HERTS VALLEYS",1946,75833.94,0,0
2024-09-01,11N,"NHS CORNWALL AND THE ISLES OF SCILLY",1975,64158.41,0,0
2024-09-01,97R,"NHS EAST SUSSEX",2226,80578.89,0,0
2024-09-01,06K,"NHS EAST AND NORTH HERTFORDSHIRE",2251,69913.29,0,0
2024-09-01,14Y,"NHS BUCKINGHAMSHIRE",2377,85867.56,0,0
2024-09-01,15C,"NHS BRISTOL, NORTH SOMERSET AND SOUTH GLOUCESTERSHIRE",2540,115982.2,0,0
2024-09-01,42D,"NHS NORTH YORKSHIRE",2621,86992.4,0,0
2024-09-01,70F,"NHS WEST SUSSEX",2634,104785.61,0,0
2024-09-01,B2M3M,"NHS COVENTRY AND WARWICKSHIRE",2652,86493.04,0,0
2024-09-01,11J,"NHS DORSET",2905,102798.51,0,0
2024-09-01,10Q,"NHS OXFORDSHIRE",2929,109808.26,0,0
2024-09-01,72Q,"NHS SOUTH EAST LONDON",3099,125820.71,0,0
2024-09-01,93C,"NHS NORTH CENTRAL LONDON",3225,124585.21,0,0
2024-09-01,36L,"NHS SOUTH WEST LONDON",3374,130346.21,0,0
2024-09-01,M1J4Y,"NHS BEDFORDSHIRE, LUTON AND MILTON KEYNES",3563,125693.1,0,0
2024-09-01,15E,"NHS BIRMINGHAM AND SOLIHULL",3599,136720.01,0,0
2024-09-01,92A,"NHS SURREY HEARTLANDS",3699,149492.76,0,0
2024-09-01,16C,"NHS TEES VALLEY",3741,129395.75,0,0
2024-09-01,03N,"NHS SHEFFIELD",4114,137755.04,0,0
2024-09-01,D2P2L,"NHS BLACK COUNTRY",4126,161861.12,0,0
2024-09-01,52R,"NHS NOTTINGHAM AND NOTTINGHAMSHIRE",4258,145075.23,0,0
2024-09-01,26A,"NHS NORFOLK AND WAVENEY",4299,145354.71,0,0
2024-09-01,71E,"NHS LINCOLNSHIRE",4355,133624.45,0,0
2024-09-01,A3A8R,"NHS NORTH EAST LONDON",4644,173601.77,0,0
2024-09-01,15N,"NHS DEVON",4847,175334.69,0,0
2024-09-01,W2U3Z,"NHS NORTH WEST LONDON",4848,191480.02,0,0
2024-09-01,06H,"NHS CAMBRIDGESHIRE AND PETERBOROUGH",5057,151870.13,0,0
2024-09-01,D9Y0V,"NHS HAMPSHIRE, SOUTHAMPTON AND ISLE OF WIGHT",7034,281499.31,0,0
2024-09-01,91Q,"NHS KENT AND MEDWAY",9217,329246.03,0,0
2024-10-01,09W,"NHS MEDWAY",0,0,0,0
2024-10-01,D4U1Y,"NHS FRIMLEY",8,239.5,0,0
2024-10-01,02G,"NHS WEST LANCASHIRE",220,7291.39,0,0
2024-10-01,00Q,"NHS BLACKBURN WITH DARWEN",264,8169.76,0,0
2024-10-01,03H,"NHS NORTH EAST LINCOLNSHIRE",275,8227.17,0,0
2024-10-01,01V,"NHS SOUTHPORT AND FORMBY",320,11056.66,0,0
2024-10-01,01J,"NHS KNOWSLEY",358,11456.21,0,0
2024-10-01,01X,"NHS ST HELENS",399,13611.32,0,0
2024-10-01,02T,"NHS CALDERDALE",417,16497.83,0,0
2024-10-01,01F,"NHS HALTON",448,14715.94,0,0
2024-10-01,05D,"NHS EAST STAFFORDSHIRE",460,15128.91,0,0
2024-10-01,02Q,"NHS BASSETLAW",469,13800.34,0,0
2024-10-01,02P,"NHS BARNSLEY",476,16189.1,0,0
2024-10-01,00N,"NHS SOUTH TYNESIDE",480,18107.95,0,0
2024-10-01,01G,"NHS SALFORD",493,15873.62,0,0
2024-10-01,12F,"NHS WIRRAL",526,18627.28,0,0
2024-10-01,01T,"NHS SOUTH SEFTON",531,17097.77,0,0
2024-10-01,01Y,"NHS TAMESIDE AND GLOSSOP",532,19491.87,0,0
2024-10-01,02M,"NHS FYLDE AND WYRE",542,17881.69,0,0
2024-10-01,02E,"NHS WARRINGTON",554,19646.55,0,0
2024-10-01,04Y,"NHS CANNOCK CHASE",558,21340.35,0,0
2024-10-01,02A,"NHS TRAFFORD",559,21035.09,0,0
2024-10-01,99C,"NHS NORTH TYNESIDE",564,23442.5,0,0
2024-10-01,00V,"NHS BURY",568,18375.04,0,0
2024-10-01,99F,"NHS CASTLE POINT AND ROCHFORD",579,20217,0,0
2024-10-01,00R,"NHS BLACKPOOL",596,19372.9,0,0
2024-10-01,01D,"NHS HEYWOOD, MIDDLETON AND ROCHDALE",599,20250.77,0,0
2024-10-01,05V,"NHS STAFFORD AND SURROUNDS",622,21435.96,0,0
2024-10-01,07G,"NHS THURROCK",623,19242.23,0,0
2024-10-01,99G,"NHS SOUTHEND",660,23350.58,0,0
2024-10-01,00P,"NHS SUNDERLAND",662,24654.05,0,0
2024-10-01,05W,"NHS STOKE ON TRENT",682,22845.44,0,0
2024-10-01,00T,"NHS BOLTON",697,22978.54,0,0
2024-10-01,05Q,"NHS SOUTH EAST STAFFORDSHIRE AND SEISDON PENINSULA",711,27820.86,0,0
2024-10-01,03K,"NHS NORTH LINCOLNSHIRE",717,20218.08,0,0
2024-10-01,00X,"NHS CHORLEY AND SOUTH RIBBLE",772,27022.89,0,0
2024-10-01,99E,"NHS BASILDON AND BRENTWOOD",786,27575.99,0,0
2024-10-01,10R,"NHS PORTSMOUTH",795,34657.75,0,0
2024-10-01,05G,"NHS NORTH STAFFORDSHIRE",826,27973.67,0,0
2024-10-01,03R,"NHS WAKEFIELD",844,30346.07,0,0
2024-10-01,04C,"NHS LEICESTER CITY",844,27875.02,0,0
2024-10-01,00Y,"NHS OLDHAM",847,28646.53,0,0
2024-10-01,02H,"NHS WIGAN BOROUGH",882,30841.43,0,0
2024-10-01,01E,"NHS GREATER PRESTON",899,31823.14,0,0
2024-10-01,01W,"NHS STOCKPORT",904,32730.55,0,0
2024-10-01,01K,"NHS MORECAMBE BAY",906,33107.61,0,0
2024-10-01,06L,"NHS IPSWICH AND EAST SUFFOLK",932,28486.54,0,0
2024-10-01,01H,"NHS NORTH CUMBRIA",983,34989.64,0,0
2024-10-01,09D,"NHS BRIGHTON AND HOVE",1031,44343.41,0,0
2024-10-01,U2G6B,"NHS THAMES VALLEY ICB - U2G6B",1050,41214.6,0,0
2024-10-01,03Q,"NHS VALE OF YORK",1122,39782.54,0,0
2024-10-01,06Q,"NHS MID ESSEX",1129,33809.59,0,0
2024-10-01,01A,"NHS EAST LANCASHIRE",1138,34979.89,0,0
2024-10-01,11X,"NHS SOMERSET",1140,39720.83,0,0
2024-10-01,07H,"NHS WEST ESSEX",1178,37050.55,0,0
2024-10-01,06T,"NHS NORTH EAST ESSEX",1182,35013.07,0,0
2024-10-01,99A,"NHS LIVERPOOL",1331,44041.11,0,0
2024-10-01,04V,"NHS WEST LEICESTERSHIRE",1361,46825.12,0,0
2024-10-01,X2C4Y,"NHS KIRKLEES",1381,55716.88,0,0
2024-10-01,07K,"NHS WEST SUFFOLK",1388,41248.69,0,0
2024-10-01,00L,"NHS NORTHUMBERLAND",1389,50263.02,0,0
2024-10-01,M2L0M,"NHS SHROPSHIRE, TELFORD AND WREKIN",1400,54788.08,0,0
2024-10-01,36J,"NHS BRADFORD DISTRICT AND CRAVEN",1438,48363.39,0,0
2024-10-01,02X,"NHS DONCASTER",1458,44375.87,0,0
2024-10-01,78H,"NHS NORTHAMPTONSHIRE",1491,45225.46,0,0
2024-10-01,03L,"NHS ROTHERHAM",1545,47879.07,0,0
2024-10-01,15A,"NHS BERKSHIRE WEST",1582,55784.59,0,0
2024-10-01,14L,"NHS MANCHESTER",1662,55576.87,0,0
2024-10-01,13T,"NHS NEWCASTLE GATESHEAD",1767,66857.1,0,0
2024-10-01,11M,"NHS GLOUCESTERSHIRE",1771,64191.2,0,0
2024-10-01,27D,"NHS CHESHIRE",1829,62014.88,0,0
2024-10-01,03W,"NHS EAST LEICESTERSHIRE AND RUTLAND",1880,66270.17,0,0
2024-10-01,15F,"NHS LEEDS",1924,69770.56,0,0
2024-10-01,15M,"NHS DERBY AND DERBYSHIRE",1978,78594.9,0,0
2024-10-01,03F,"NHS HULL",2015,64223.21,0,0
2024-10-01,92G,"NHS BATH AND NORTH EAST SOMERSET, SWINDON AND WILTSHIRE",2049,77121.61,0,0
2024-10-01,02Y,"NHS EAST RIDING OF YORKSHIRE",2067,67696.37,0,0
2024-10-01,06N,"NHS HERTS VALLEYS",2087,79927.34,0,0
2024-10-01,84H,"NHS COUNTY DURHAM",2093,76108.48,0,0
2024-10-01,18C,"NHS HEREFORDSHIRE AND WORCESTERSHIRE",2150,80251.39,0,0
2024-10-01,11N,"NHS CORNWALL AND THE ISLES OF SCILLY",2152,69197.16,0,0
2024-10-01,97R,"NHS EAST SUSSEX",2375,85602.51,0,0
2024-10-01,14Y,"NHS BUCKINGHAMSHIRE",2567,92577.5,0,0
2024-10-01,06K,"NHS EAST AND NORTH HERTFORDSHIRE",2584,80065.15,0,0
2024-10-01,42D,"NHS NORTH YORKSHIRE",2687,87558.11,0,0
2024-10-01,70F,"NHS WEST SUSSEX",2773,110356.6,0,0
2024-10-01,15C,"NHS BRISTOL, NORTH SOMERSET AND SOUTH GLOUCESTERSHIRE",2893,130415.19,0,0
2024-10-01,B2M3M,"NHS COVENTRY AND WARWICKSHIRE",2980,98005.99,0,0
2024-10-01,11J,"NHS DORSET",3084,110626.61,0,0
2024-10-01,10Q,"NHS OXFORDSHIRE",3205,120432.64,0,0
2024-10-01,72Q,"NHS SOUTH EAST LONDON",3443,140761.95,0,0
2024-10-01,93C,"NHS NORTH CENTRAL LONDON",3453,132196.59,0,0
2024-10-01,36L,"NHS SOUTH WEST LONDON",3665,141110.64,0,0
2024-10-01,15E,"NHS BIRMINGHAM AND SOLIHULL",3816,143945.48,0,0
2024-10-01,92A,"NHS SURREY HEARTLANDS",4022,163026.95,0,0
2024-10-01,M1J4Y,"NHS BEDFORDSHIRE, LUTON AND MILTON KEYNES",4088,143915.59,0,0
2024-10-01,16C,"NHS TEES VALLEY",4115,142187.92,0,0
2024-10-01,D2P2L,"NHS BLACK COUNTRY",4434,174411.42,0,0
2024-10-01,03N,"NHS SHEFFIELD",4487,149280.19,0,0
2024-10-01,52R,"NHS NOTTINGHAM AND NOTTINGHAMSHIRE",4582,157016.1,0,0
2024-10-01,71E,"NHS LINCOLNSHIRE",4606,140533.78,0,0
2024-10-01,26A,"NHS NORFOLK AND WAVENEY",4623,155763.33,0,0
2024-10-01,A3A8R,"NHS NORTH EAST LONDON",4835,179177.8,0,0
2024-10-01,15N,"NHS DEVON",5218,188667.34,0,0
2024-10-01,W2U3Z,"NHS NORTH WEST LONDON",5388,212422.77,0,0
2024-10-01,06H,"NHS CAMBRIDGESHIRE AND PETERBOROUGH",5550,165902.04,0,0
2024-10-01,D9Y0V,"NHS HAMPSHIRE, SOUTHAMPTON AND ISLE OF WIGHT",7912,315459.69,0,0
2024-10-01,91Q,"NHS KENT AND MEDWAY",9636,341962.44,0,0
2024-11-01,09W,"NHS MEDWAY",0,0,0,0
2024-11-01,D4U1Y,"NHS FRIMLEY",9,345.9,0,0
2024-11-01,02G,"NHS WEST LANCASHIRE",211,7104.68,0,0
2024-11-01,00Q,"NHS BLACKBURN WITH DARWEN",291,8941.07,0,0
2024-11-01,03H,"NHS NORTH EAST LINCOLNSHIRE",293,8722.57,0,0
2024-11-01,01V,"NHS SOUTHPORT AND FORMBY",297,10337.6,0,0
2024-11-01,01J,"NHS KNOWSLEY",347,11029.8,0,0
2024-11-01,01X,"NHS ST HELENS",374,12785.71,0,0
2024-11-01,02T,"NHS CALDERDALE",410,16270.69,0,0
2024-11-01,02P,"NHS BARNSLEY",418,13709.27,0,0
2024-11-01,01F,"NHS HALTON",437,14475.59,0,0
2024-11-01,05D,"NHS EAST STAFFORDSHIRE",439,15008.73,0,0
2024-11-01,00N,"NHS SOUTH TYNESIDE",444,16377.53,0,0
2024-11-01,02Q,"NHS BASSETLAW",450,13356.77,0,0
2024-11-01,02M,"NHS FYLDE AND WYRE",473,15559.39,0,0
2024-11-01,01G,"NHS SALFORD",492,16790.39,0,0
2024-11-01,12F,"NHS WIRRAL",496,17202.71,0,0
2024-11-01,02A,"NHS TRAFFORD",500,18785.45,0,0
2024-11-01,00T,"NHS BOLTON",515,17136.4,0,0
2024-11-01,04Y,"NHS CANNOCK CHASE",523,18925.14,0,0
2024-11-01,00R,"NHS BLACKPOOL",534,17336.26,0,0
2024-11-01,99C,"NHS NORTH TYNESIDE",542,22243.95,0,0
2024-11-01,02E,"NHS WARRINGTON",545,19650.55,0,0
2024-11-01,01T,"NHS SOUTH SEFTON",548,17708.79,0,0
2024-11-01,01Y,"NHS TAMESIDE AND GLOSSOP",556,20754.55,0,0
2024-11-01,00V,"NHS BURY",587,19451.59,0,0
2024-11-01,99F,"NHS CASTLE POINT AND ROCHFORD",587,20521.97,0,0
2024-11-01,01D,"NHS HEYWOOD, MIDDLETON AND ROCHDALE",590,20316.01,0,0
2024-11-01,05V,"NHS STAFFORD AND SURROUNDS",602,21010.71,0,0
2024-11-01,05Q,"NHS SOUTH EAST STAFFORDSHIRE AND SEISDON PENINSULA",609,23249.9,0,0
2024-11-01,07G,"NHS THURROCK",618,19001.51,0,0
2024-11-01,99G,"NHS SOUTHEND",628,22577.49,0,0
2024-11-01,05W,"NHS STOKE ON TRENT",664,22351.81,0,0
2024-11-01,00P,"NHS SUNDERLAND",685,25357.84,0,0
2024-11-01,99E,"NHS BASILDON AND BRENTWOOD",744,25899.95,0,0
2024-11-01,00X,"NHS CHORLEY AND SOUTH RIBBLE",773,27500.28,0,0
2024-11-01,00Y,"NHS OLDHAM",775,26023.92,0,0
2024-11-01,03K,"NHS NORTH LINCOLNSHIRE",793,22312.08,0,0
2024-11-01,05G,"NHS NORTH STAFFORDSHIRE",806,26425.82,0,0
2024-11-01,01E,"NHS GREATER PRESTON",821,29212.55,0,0
2024-11-01,10R,"NHS PORTSMOUTH",822,35573.85,0,0
2024-11-01,03R,"NHS WAKEFIELD",825,29583.23,0,0
2024-11-01,02H,"NHS WIGAN BOROUGH",841,29589.04,0,0
2024-11-01,01W,"NHS STOCKPORT",853,30600.1,0,0
2024-11-01,04C,"NHS LEICESTER CITY",862,28605.18,0,0
2024-11-01,06L,"NHS IPSWICH AND EAST SUFFOLK",896,27196.43,0,0
2024-11-01,01K,"NHS MORECAMBE BAY",901,32402.55,0,0
2024-11-01,01H,"NHS NORTH CUMBRIA",1000,34808.6,0,0
2024-11-01,06Q,"NHS MID ESSEX",1052,31744.35,0,0
2024-11-01,01A,"NHS EAST LANCASHIRE",1086,33205.89,0,0
2024-11-01,09D,"NHS BRIGHTON AND HOVE",1119,47228.11,0,0
2024-11-01,03Q,"NHS VALE OF YORK",1147,41049.41,0,0
2024-11-01,07H,"NHS WEST ESSEX",1151,36573.63,0,0
2024-11-01,11X,"NHS SOMERSET",1151,40595.36,0,0
2024-11-01,U2G6B,"NHS THAMES VALLEY ICB - U2G6B",1156,45891.69,0,0
2024-11-01,X2C4Y,"NHS KIRKLEES",1190,47395.69,0,0
2024-11-01,06T,"NHS NORTH EAST ESSEX",1201,36339.7,0,0
2024-11-01,99A,"NHS LIVERPOOL",1284,43293.41,0,0
2024-11-01,M2L0M,"NHS SHROPSHIRE, TELFORD AND WREKIN",1290,50759.77,0,0
2024-11-01,04V,"NHS WEST LEICESTERSHIRE",1296,43662.02,0,0
2024-11-01,07K,"NHS WEST SUFFOLK",1310,39128,0,0
2024-11-01,36J,"NHS BRADFORD DISTRICT AND CRAVEN",1368,45412.72,0,0
2024-11-01,00L,"NHS NORTHUMBERLAND",1400,49968.22,0,0
2024-11-01,78H,"NHS NORTHAMPTONSHIRE",1412,42666.61,0,0
2024-11-01,02X,"NHS DONCASTER",1446,44866.2,0,0
2024-11-01,03L,"NHS ROTHERHAM",1506,47185.15,0,0
2024-11-01,15A,"NHS BERKSHIRE WEST",1578,56299.28,0,0
2024-11-01,14L,"NHS MANCHESTER",1639,55044.18,0,0
2024-11-01,11M,"NHS GLOUCESTERSHIRE",1703,60589.62,0,0
2024-11-01,03W,"NHS EAST LEICESTERSHIRE AND RUTLAND",1740,60698.2,0,0
2024-11-01,13T,"NHS NEWCASTLE GATESHEAD",1770,66534.13,0,0
2024-11-01,15F,"NHS LEEDS",1822,64666.98,0,0
2024-11-01,27D,"NHS CHESHIRE",1903,64838.15,0,0
2024-11-01,15M,"NHS DERBY AND DERBYSHIRE",1976,78520.09,0,0
2024-11-01,84H,"NHS COUNTY DURHAM",1983,70890.24,0,0
2024-11-01,92G,"NHS BATH AND NORTH EAST SOMERSET, SWINDON AND WILTSHIRE",1989,74869.28,0,0
2024-11-01,11N,"NHS CORNWALL AND THE ISLES OF SCILLY",2044,66036.04,0,0
2024-11-01,03F,"NHS HULL",2050,65297.4,0,0
2024-11-01,18C,"NHS HEREFORDSHIRE AND WORCESTERSHIRE",2088,77457.66,0,0
2024-11-01,06N,"NHS HERTS VALLEYS",2107,82121.97,0,0
2024-11-01,02Y,"NHS EAST RIDING OF YORKSHIRE",2121,70663.79,0,0
2024-11-01,97R,"NHS EAST SUSSEX",2391,87023.71,0,0
2024-11-01,06K,"NHS EAST AND NORTH HERTFORDSHIRE",2523,78107.61,0,0
2024-11-01,14Y,"NHS BUCKINGHAMSHIRE",2560,91844.76,0,0
2024-11-01,15C,"NHS BRISTOL, NORTH SOMERSET AND SOUTH GLOUCESTERSHIRE",2716,121549.2,0,0
2024-11-01,42D,"NHS NORTH YORKSHIRE",2716,88361.08,0,0
2024-11-01,70F,"NHS WEST SUSSEX",2745,109718.74,0,0
2024-11-01,B2M3M,"NHS COVENTRY AND WARWICKSHIRE",2899,95792.32,0,0
2024-11-01,11J,"NHS DORSET",3042,107100.48,0,0
2024-11-01,10Q,"NHS OXFORDSHIRE",3077,115642.23,0,0
2024-11-01,72Q,"NHS SOUTH EAST LONDON",3345,134515.47,0,0
2024-11-01,93C,"NHS NORTH CENTRAL LONDON",3477,134264.44,0,0
2024-11-01,36L,"NHS SOUTH WEST LONDON",3634,140676.86,0,0
2024-11-01,15E,"NHS BIRMINGHAM AND SOLIHULL",3777,141362.54,0,0
2024-11-01,92A,"NHS SURREY HEARTLANDS",3882,157070.95,0,0
2024-11-01,M1J4Y,"NHS BEDFORDSHIRE, LUTON AND MILTON KEYNES",3967,138435.78,0,0
2024-11-01,16C,"NHS TEES VALLEY",4050,138705.23,0,0
2024-11-01,D2P2L,"NHS BLACK COUNTRY",4307,167643.9,0,0
2024-11-01,52R,"NHS NOTTINGHAM AND NOTTINGHAMSHIRE",4396,148356.43,0,0
2024-11-01,71E,"NHS LINCOLNSHIRE",4436,135652.37,0,0
2024-11-01,03N,"NHS SHEFFIELD",4441,148528.31,0,0
2024-11-01,26A,"NHS NORFOLK AND WAVENEY",4577,152770.68,0,0
2024-11-01,A3A8R,"NHS NORTH EAST LONDON",4954,186244.89,0,0
2024-11-01,15N,"NHS DEVON",5085,182205.43,0,0
2024-11-01,W2U3Z,"NHS NORTH WEST LONDON",5181,201901.38,0,0
2024-11-01,06H,"NHS CAMBRIDGESHIRE AND PETERBOROUGH",5613,169648.44,0,0
2024-11-01,D9Y0V,"NHS HAMPSHIRE, SOUTHAMPTON AND ISLE OF WIGHT",7981,320084.45,0,0
2024-11-01,91Q,"NHS KENT AND MEDWAY",9628,344432.91,0,0
2024-12-01,09W,"NHS MEDWAY",0,0,0,0
2024-12-01,D4U1Y,"NHS FRIMLEY",16,478.98,0,0
2024-12-01,02G,"NHS WEST LANCASHIRE",237,8142.45,0,0
2024-12-01,00Q,"NHS BLACKBURN WITH DARWEN",291,9074.04,0,0
2024-12-01,03H,"NHS NORTH EAST LINCOLNSHIRE",320,9384.48,0,0
2024-12-01,01V,"NHS SOUTHPORT AND FORMBY",323,10816.76,0,0
2024-12-01,01J,"NHS KNOWSLEY",381,12293.71,0,0
2024-12-01,02T,"NHS CALDERDALE",403,16057.88,0,0
2024-12-01,01X,"NHS ST HELENS",432,15153.76,0,0
2024-12-01,01F,"NHS HALTON",449,15180.67,0,0
2024-12-01,00T,"NHS BOLTON",461,15406.73,0,0
2024-12-01,02P,"NHS BARNSLEY",485,15604.67,0,0
2024-12-01,05D,"NHS EAST STAFFORDSHIRE",496,16595.81,0,0
2024-12-01,02Q,"NHS BASSETLAW",505,14987.07,0,0
2024-12-01,00N,"NHS SOUTH TYNESIDE",512,18666.02,0,0
2024-12-01,00R,"NHS BLACKPOOL",530,16790.93,0,0
2024-12-01,04Y,"NHS CANNOCK CHASE",531,19501.92,0,0
2024-12-01,02M,"NHS FYLDE AND WYRE",553,17950.99,0,0
2024-12-01,01T,"NHS SOUTH SEFTON",558,18533.56,0,0
2024-12-01,01G,"NHS SALFORD",591,19983.67,0,0
2024-12-01,99C,"NHS NORTH TYNESIDE",591,25383.41,0,0
2024-12-01,12F,"NHS WIRRAL",593,21060.96,0,0
2024-12-01,01Y,"NHS TAMESIDE AND GLOSSOP",601,21579.8,0,0
2024-12-01,02A,"NHS TRAFFORD",602,22098.53,0,0
2024-12-01,02E,"NHS WARRINGTON",603,21853.89,0,0
2024-12-01,99F,"NHS CASTLE POINT AND ROCHFORD",603,21427.85,0,0
2024-12-01,07G,"NHS THURROCK",619,19714.75,0,0
2024-12-01,01D,"NHS HEYWOOD, MIDDLETON AND ROCHDALE",624,21167.72,0,0
2024-12-01,05V,"NHS STAFFORD AND SURROUNDS",661,22949.58,0,0
2024-12-01,00V,"NHS BURY",666,22325.33,0,0
2024-12-01,00P,"NHS SUNDERLAND",712,26488.76,0,0
2024-12-01,99G,"NHS SOUTHEND",712,26608.49,0,0
2024-12-01,05W,"NHS STOKE ON TRENT",718,23509.62,0,0
2024-12-01,05Q,"NHS SOUTH EAST STAFFORDSHIRE AND SEISDON PENINSULA",738,28255.33,0,0
2024-12-01,99E,"NHS BASILDON AND BRENTWOOD",771,26699.64,0,0
2024-12-01,03K,"NHS NORTH LINCOLNSHIRE",793,21964.37,0,0
2024-12-01,00Y,"NHS OLDHAM",825,27673.85,0,0
2024-12-01,00X,"NHS CHORLEY AND SOUTH RIBBLE",852,29682.56,0,0
2024-12-01,04C,"NHS LEICESTER CITY",875,28153.17,0,0
2024-12-01,10R,"NHS PORTSMOUTH",878,38354.35,0,0
2024-12-01,05G,"NHS NORTH STAFFORDSHIRE",883,29121.65,0,0
2024-12-01,03R,"NHS WAKEFIELD",904,32515.52,0,0
2024-12-01,01E,"NHS GREATER PRESTON",905,31863.88,0,0
2024-12-01,02H,"NHS WIGAN BOROUGH",908,30853.46,0,0
2024-12-01,01W,"NHS STOCKPORT",934,33700.11,0,0
2024-12-01,01K,"NHS MORECAMBE BAY",995,35184.22,0,0
2024-12-01,06L,"NHS IPSWICH AND EAST SUFFOLK",1031,31618.59,0,0
2024-12-01,09D,"NHS BRIGHTON AND HOVE",1081,45764.84,0,0
2024-12-01,01H,"NHS NORTH CUMBRIA",1094,37594.86,0,0
2024-12-01,06Q,"NHS MID ESSEX",1125,33903.56,0,0
2024-12-01,01A,"NHS EAST LANCASHIRE",1146,35219.85,0,0
2024-12-01,U2G6B,"NHS THAMES VALLEY ICB - U2G6B",1179,46098.55,0,0
2024-12-01,11X,"NHS SOMERSET",1197,42278.71,0,0
2024-12-01,03Q,"NHS VALE OF YORK",1229,43535.68,0,0
2024-12-01,07H,"NHS WEST ESSEX",1233,38696.42,0,0
2024-12-01,06T,"NHS NORTH EAST ESSEX",1243,36315.13,0,0
2024-12-01,99A,"NHS LIVERPOOL",1331,44384.63,0,0
2024-12-01,X2C4Y,"NHS KIRKLEES",1374,55065.28,0,0
2024-12-01,04V,"NHS WEST LEICESTERSHIRE",1414,48995.16,0,0
2024-12-01,07K,"NHS WEST SUFFOLK",1425,42296.19,0,0
2024-12-01,M2L0M,"NHS SHROPSHIRE, TELFORD AND WREKIN",1426,57429.94,0,0
2024-12-01,36J,"NHS BRADFORD DISTRICT AND CRAVEN",1456,48446.37,0,0
2024-12-01,00L,"NHS NORTHUMBERLAND",1466,52549.35,0,0
2024-12-01,78H,"NHS NORTHAMPTONSHIRE",1466,44126.71,0,0
2024-12-01,02X,"NHS DONCASTER",1610,49584.65,0,0
2024-12-01,15A,"NHS BERKSHIRE WEST",1612,56152.6,0,0
2024-12-01,03L,"NHS ROTHERHAM",1629,50669.61,0,0
2024-12-01,14L,"NHS MANCHESTER",1706,56905.88,0,0
2024-12-01,03W,"NHS EAST LEICESTERSHIRE AND RUTLAND",1817,63152.13,0,0
2024-12-01,13T,"NHS NEWCASTLE GATESHEAD",1901,71510.15,0,0
2024-12-01,11M,"NHS GLOUCESTERSHIRE",1928,69860.94,0,0
2024-12-01,15F,"NHS LEEDS",1954,71364.87,0,0
2024-12-01,03F,"NHS HULL",2063,65030.06,0,0
2024-12-01,27D,"NHS CHESHIRE",2080,70302,0,0
2024-12-01,15M,"NHS DERBY AND DERBYSHIRE",2120,82421.48,0,0
2024-12-01,84H,"NHS COUNTY DURHAM",2127,76971.75,0,0
2024-12-01,18C,"NHS HEREFORDSHIRE AND WORCESTERSHIRE",2194,81713.94,0,0
2024-12-01,11N,"NHS CORNWALL AND THE ISLES OF SCILLY",2197,70965.62,0,0
2024-12-01,02Y,"NHS EAST RIDING OF YORKSHIRE",2222,72944.7,0,0
2024-12-01,92G,"NHS BATH AND NORTH EAST SOMERSET, SWINDON AND WILTSHIRE",2243,84693.25,0,0
2024-12-01,06N,"NHS HERTS VALLEYS",2278,87816.91,0,0
2024-12-01,97R,"NHS EAST SUSSEX",2471,90071.17,0,0
2024-12-01,14Y,"NHS BUCKINGHAMSHIRE",2662,97524.45,0,0
2024-12-01,06K,"NHS EAST AND NORTH HERTFORDSHIRE",2663,80946.02,0,0
2024-12-01,42D,"NHS NORTH YORKSHIRE",2821,91966.87,0,0
2024-12-01,B2M3M,"NHS COVENTRY AND WARWICKSHIRE",3025,98625.64,0,0
2024-12-01,70F,"NHS WEST SUSSEX",3054,119518.64,0,0
2024-12-01,15C,"NHS BRISTOL, NORTH SOMERSET AND SOUTH GLOUCESTERSHIRE",3170,142872.99,0,0
2024-12-01,11J,"NHS DORSET",3234,114485.01,0,0
2024-12-01,10Q,"NHS OXFORDSHIRE",3371,126218.76,0,0
2024-12-01,72Q,"NHS SOUTH EAST LONDON",3547,142219.05,0,0
2024-12-01,93C,"NHS NORTH CENTRAL LONDON",3587,138655.44,0,0
2024-12-01,15E,"NHS BIRMINGHAM AND SOLIHULL",3981,150962.42,0,0
2024-12-01,36L,"NHS SOUTH WEST LONDON",3997,152598.68,0,0
2024-12-01,92A,"NHS SURREY HEARTLANDS",4170,166017.2,0,0
2024-12-01,16C,"NHS TEES VALLEY",4240,145052.65,0,0
2024-12-01,M1J4Y,"NHS BEDFORDSHIRE, LUTON AND MILTON KEYNES",4335,151504.12,0,0
2024-12-01,D2P2L,"NHS BLACK COUNTRY",4592,180282.91,0,0
2024-12-01,03N,"NHS SHEFFIELD",4627,153323.81,0,0
2024-12-01,52R,"NHS NOTTINGHAM AND NOTTINGHAMSHIRE",4643,159110.41,0,0
2024-12-01,71E,"NHS LINCOLNSHIRE",4785,146681.63,0,0
2024-12-01,26A,"NHS NORFOLK AND WAVENEY",4952,164296.88,0,0
2024-12-01,A3A8R,"NHS NORTH EAST LONDON",4954,183785.1,0,0
2024-12-01,W2U3Z,"NHS NORTH WEST LONDON",5264,205148.44,0,0
2024-12-01,15N,"NHS DEVON",5649,203547.43,0,0
2024-12-01,06H,"NHS CAMBRIDGESHIRE AND PETERBOROUGH",6080,184269.84,0,0
2024-12-01,D9Y0V,"NHS HAMPSHIRE, SOUTHAMPTON AND ISLE OF WIGHT",8446,335369.02,0,0
2024-12-01,91Q,"NHS KENT AND MEDWAY",10161,361466.54,0,0
2025-01-01,09W,"NHS MEDWAY",0,0,0,0
2025-01-01,D4U1Y,"NHS FRIMLEY",21,585.44,0,0
2025-01-01,02G,"NHS WEST LANCASHIRE",254,8381.99,0,0
2025-01-01,00Q,"NHS BLACKBURN WITH DARWEN",279,8422.15,0,0
2025-01-01,03H,"NHS NORTH EAST LINCOLNSHIRE",304,8877.16,0,0
2025-01-01,01V,"NHS SOUTHPORT AND FORMBY",323,11574.75,0,0
2025-01-01,01J,"NHS KNOWSLEY",406,12719.56,0,0
2025-01-01,01X,"NHS ST HELENS",438,15140.49,0,0
2025-01-01,02T,"NHS CALDERDALE",459,18665.19,0,0
2025-01-01,01F,"NHS HALTON",477,15633.1,0,0
2025-01-01,02Q,"NHS BASSETLAW",496,14850.46,0,0
2025-01-01,05D,"NHS EAST STAFFORDSHIRE",499,16838.15,0,0
2025-01-01,02P,"NHS BARNSLEY",501,16332.85,0,0
2025-01-01,00T,"NHS BOLTON",506,16497.85,0,0
2025-01-01,00N,"NHS SOUTH TYNESIDE",532,19331.09,0,0
2025-01-01,02M,"NHS FYLDE AND WYRE",548,18064.09,0,0
2025-01-01,01T,"NHS SOUTH SEFTON",550,17575.8,0,0
2025-01-01,04Y,"NHS CANNOCK CHASE",556,20554.52,0,0
2025-01-01,01G,"NHS SALFORD",588,19451.49,0,0
2025-01-01,07G,"NHS THURROCK",603,18921.19,0,0
2025-01-01,12F,"NHS WIRRAL",605,21074.22,0,0
2025-01-01,02E,"NHS WARRINGTON",610,21922.16,0,0
2025-01-01,00R,"NHS BLACKPOOL",614,19651.31,0,0
2025-01-01,99C,"NHS NORTH TYNESIDE",622,26154.99,0,0
2025-01-01,02A,"NHS TRAFFORD",625,22869.94,0,0
2025-01-01,99F,"NHS CASTLE POINT AND ROCHFORD",627,21531.01,0,0
2025-01-01,01Y,"NHS TAMESIDE AND GLOSSOP",646,23748.01,0,0
2025-01-01,05V,"NHS STAFFORD AND SURROUNDS",659,23161.76,0,0
2025-01-01,01D,"NHS HEYWOOD, MIDDLETON AND ROCHDALE",672,23043.46,0,0
2025-01-01,00P,"NHS SUNDERLAND",689,25450.87,0,0
2025-01-01,00V,"NHS BURY",697,23402.93,0,0
2025-01-01,05Q,"NHS SOUTH EAST STAFFORDSHIRE AND SEISDON PENINSULA",720,27894.09,0,0
2025-01-01,05W,"NHS STOKE ON TRENT",753,24826.59,0,0
2025-01-01,99G,"NHS SOUTHEND",755,27659.5,0,0
2025-01-01,99E,"NHS BASILDON AND BRENTWOOD",796,26822.87,0,0
2025-01-01,00X,"NHS CHORLEY AND SOUTH RIBBLE",834,28857.47,0,0
2025-01-01,04C,"NHS LEICESTER CITY",883,30068.29,0,0
2025-01-01,05G,"NHS NORTH STAFFORDSHIRE",883,29711.87,0,0
2025-01-01,00Y,"NHS OLDHAM",902,29895.64,0,0
2025-01-01,01E,"NHS GREATER PRESTON",909,32218.91,0,0
2025-01-01,03K,"NHS NORTH LINCOLNSHIRE",927,25639.16,0,0
2025-01-01,10R,"NHS PORTSMOUTH",940,40349.79,0,0
2025-01-01,02H,"NHS WIGAN BOROUGH",960,32995.19,0,0
2025-01-01,03R,"NHS WAKEFIELD",973,34435.95,0,0
2025-01-01,06L,"NHS IPSWICH AND EAST SUFFOLK",1032,31312.92,0,0
2025-01-01,01W,"NHS STOCKPORT",1045,37039.44,0,0
2025-01-01,01K,"NHS MORECAMBE BAY",1066,37255.14,0,0
2025-01-01,09D,"NHS BRIGHTON AND HOVE",1116,46935.27,0,0
2025-01-01,01H,"NHS NORTH CUMBRIA",1134,40384.5,0,0
2025-01-01,06Q,"NHS MID ESSEX",1141,34276.65,0,0
2025-01-01,11X,"NHS SOMERSET",1186,41788.63,0,0
2025-01-01,01A,"NHS EAST LANCASHIRE",1200,36295.97,0,0
2025-01-01,07H,"NHS WEST ESSEX",1240,38296.13,0,0
2025-01-01,06T,"NHS NORTH EAST ESSEX",1246,37069.44,0,0
2025-01-01,03Q,"NHS VALE OF YORK",1247,44539.57,0,0
2025-01-01,U2G6B,"NHS THAMES VALLEY ICB - U2G6B",1253,49034.96,0,0
2025-01-01,X2C4Y,"NHS KIRKLEES",1312,51761.3,0,0
2025-01-01,99A,"NHS LIVERPOOL",1404,47643.83,0,0
2025-01-01,04V,"NHS WEST LEICESTERSHIRE",1418,49491.56,0,0
2025-01-01,07K,"NHS WEST SUFFOLK",1426,41992.18,0,0
2025-01-01,M2L0M,"NHS SHROPSHIRE, TELFORD AND WREKIN",1473,58035.68,0,0
2025-01-01,36J,"NHS BRADFORD DISTRICT AND CRAVEN",1484,48866.84,0,0
2025-01-01,00L,"NHS NORTHUMBERLAND",1535,54838.19,0,0
2025-01-01,78H,"NHS NORTHAMPTONSHIRE",1575,47891.58,0,0
2025-01-01,02X,"NHS DONCASTER",1586,48492.28,0,0
2025-01-01,03L,"NHS ROTHERHAM",1714,52996.14,0,0
2025-01-01,15A,"NHS BERKSHIRE WEST",1799,62427.13,0,0
2025-01-01,03W,"NHS EAST LEICESTERSHIRE AND RUTLAND",1885,66111.41,0,0
2025-01-01,14L,"NHS MANCHESTER",1900,62851.52,0,0
2025-01-01,13T,"NHS NEWCASTLE GATESHEAD",1971,72827.21,0,0
2025-01-01,15F,"NHS LEEDS",2024,72729.1,0,0
2025-01-01,11M,"NHS GLOUCESTERSHIRE",2091,74023.14,0,0
2025-01-01,84H,"NHS COUNTY DURHAM",2190,78849.87,0,0
2025-01-01,27D,"NHS CHESHIRE",2251,75425.86,0,0
2025-01-01,11N,"NHS CORNWALL AND THE ISLES OF SCILLY",2266,72906.37,0,0
2025-01-01,02Y,"NHS EAST RIDING OF YORKSHIRE",2270,74917.71,0,0
2025-01-01,15M,"NHS DERBY AND DERBYSHIRE",2276,89462.24,0,0
2025-01-01,92G,"NHS BATH AND NORTH EAST SOMERSET, SWINDON AND WILTSHIRE",2286,85979.48,0,0
2025-01-01,03F,"NHS HULL",2295,71845.32,0,0
2025-01-01,18C,"NHS HEREFORDSHIRE AND WORCESTERSHIRE",2328,87224.24,0,0
2025-01-01,06N,"NHS HERTS VALLEYS",2407,93446.21,0,0
2025-01-01,97R,"NHS EAST SUSSEX",2593,92963.58,0,0
2025-01-01,14Y,"NHS BUCKINGHAMSHIRE",2736,99420.84,0,0
2025-01-01,06K,"NHS EAST AND NORTH HERTFORDSHIRE",2872,87434.43,0,0
2025-01-01,42D,"NHS NORTH YORKSHIRE",2972,96830.04,0,0
2025-01-01,15C,"NHS BRISTOL, NORTH SOMERSET AND SOUTH GLOUCESTERSHIRE",3069,135084.77,0,0
2025-01-01,B2M3M,"NHS COVENTRY AND WARWICKSHIRE",3202,103160.23,0,0
2025-01-01,70F,"NHS WEST SUSSEX",3234,125483.77,0,0
2025-01-01,10Q,"NHS OXFORDSHIRE",3368,124478.24,0,0
2025-01-01,11J,"NHS DORSET",3494,122077.06,0,0
2025-01-01,93C,"NHS NORTH CENTRAL LONDON",3835,145135.54,0,0
2025-01-01,36L,"NHS SOUTH WEST LONDON",4006,152078.81,0,0
2025-01-01,72Q,"NHS SOUTH EAST LONDON",4011,158436.09,0,0
2025-01-01,15E,"NHS BIRMINGHAM AND SOLIHULL",4284,160261.69,0,0
2025-01-01,92A,"NHS SURREY HEARTLANDS",4392,176017.89,0,0
2025-01-01,16C,"NHS TEES VALLEY",4567,154550.03,0,0
2025-01-01,M1J4Y,"NHS BEDFORDSHIRE, LUTON AND MILTON KEYNES",4578,160019.83,0,0
2025-01-01,D2P2L,"NHS BLACK COUNTRY",4799,188250.77,0,0
2025-01-01,52R,"NHS NOTTINGHAM AND NOTTINGHAMSHIRE",4808,162423.42,0,0
2025-01-01,03N,"NHS SHEFFIELD",4850,163320.4,0,0
2025-01-01,71E,"NHS LINCOLNSHIRE",4872,148055.39,0,0
2025-01-01,26A,"NHS NORFOLK AND WAVENEY",5179,171299.32,0,0
2025-01-01,A3A8R,"NHS NORTH EAST LONDON",5306,199468.59,0,0
2025-01-01,W2U3Z,"NHS NORTH WEST LONDON",5590,217745.52,0,0
2025-01-01,15N,"NHS DEVON",5680,201639.3,0,0
2025-01-01,06H,"NHS CAMBRIDGESHIRE AND PETERBOROUGH",6514,198775.56,0,0
2025-01-01,D9Y0V,"NHS HAMPSHIRE, SOUTHAMPTON AND ISLE OF WIGHT",9074,362027.49,0,0
2025-01-01,91Q,"NHS KENT AND MEDWAY",10491,374481.61,0,0
2025-02-01,09W,"NHS MEDWAY",0,0,0,0
2025-02-01,D4U1Y,"NHS FRIMLEY",10,266.1,0,0
2025-02-01,02G,"NHS WEST LANCASHIRE",233,7783.12,0,0
2025-02-01,00Q,"NHS BLACKBURN WITH DARWEN",275,8501.78,0,0
2025-02-01,03H,"NHS NORTH EAST LINCOLNSHIRE",297,8717.43,0,0
2025-02-01,01V,"NHS SOUTHPORT AND FORMBY",339,11588.12,0,0
2025-02-01,02T,"NHS CALDERDALE",385,15152.99,0,0
2025-02-01,01X,"NHS ST HELENS",391,13570.34,0,0
2025-02-01,01J,"NHS KNOWSLEY",393,12559.63,0,0
2025-02-01,01F,"NHS HALTON",444,14541.94,0,0
2025-02-01,02P,"NHS BARNSLEY",446,14113.31,0,0
2025-02-01,00N,"NHS SOUTH TYNESIDE",451,16470.5,0,0
2025-02-01,02Q,"NHS BASSETLAW",464,13770.46,0,0
2025-02-01,00T,"NHS BOLTON",471,15180.48,0,0
2025-02-01,02M,"NHS FYLDE AND WYRE",479,15389.75,0,0
2025-02-01,05D,"NHS EAST STAFFORDSHIRE",484,15975.39,0,0
2025-02-01,04Y,"NHS CANNOCK CHASE",496,17709.21,0,0
2025-02-01,01T,"NHS SOUTH SEFTON",547,17642.03,0,0
2025-02-01,02E,"NHS WARRINGTON",553,19728.4,0,0
2025-02-01,99C,"NHS NORTH TYNESIDE",556,23041.77,0,0
2025-02-01,99F,"NHS CASTLE POINT AND ROCHFORD",565,19528.62,0,0
2025-02-01,00R,"NHS BLACKPOOL",567,18267.39,0,0
2025-02-01,07G,"NHS THURROCK",582,18351.14,0,0
2025-02-01,12F,"NHS WIRRAL",593,20689.54,0,0
2025-02-01,02A,"NHS TRAFFORD",601,21725.68,0,0
2025-02-01,01G,"NHS SALFORD",605,20302.64,0,0
2025-02-01,99G,"NHS SOUTHEND",622,22390.9,0,0
2025-02-01,05V,"NHS STAFFORD AND SURROUNDS",634,22360.35,0,0
2025-02-01,05Q,"NHS SOUTH EAST STAFFORDSHIRE AND SEISDON PENINSULA",645,24672.78,0,0
2025-02-01,00P,"NHS SUNDERLAND",646,23827.54,0,0
2025-02-01,01Y,"NHS TAMESIDE AND GLOSSOP",657,23747.93,0,0
2025-02-01,01D,"NHS HEYWOOD, MIDDLETON AND ROCHDALE",671,22005.77,0,0
2025-02-01,00V,"NHS BURY",678,22152.21,0,0
2025-02-01,05W,"NHS STOKE ON TRENT",682,22258.66,0,0
2025-02-01,99E,"NHS BASILDON AND BRENTWOOD",688,23940.49,0,0
2025-02-01,00X,"NHS CHORLEY AND SOUTH RIBBLE",787,27539.95,0,0
2025-02-01,01E,"NHS GREATER PRESTON",788,27796.95,0,0
2025-02-01,03K,"NHS NORTH LINCOLNSHIRE",796,22354.83,0,0
2025-02-01,00Y,"NHS OLDHAM",828,26649.28,0,0
2025-02-01,05G,"NHS NORTH STAFFORDSHIRE",833,27447.4,0,0
2025-02-01,04C,"NHS LEICESTER CITY",837,27301.07,0,0
2025-02-01,10R,"NHS PORTSMOUTH",879,38154.18,0,0
2025-02-01,03R,"NHS WAKEFIELD",902,30952.04,0,0
2025-02-01,02H,"NHS WIGAN BOROUGH",915,31863.74,0,0
2025-02-01,06L,"NHS IPSWICH AND EAST SUFFOLK",924,27990.66,0,0
2025-02-01,01W,"NHS STOCKPORT",960,34085.52,0,0
2025-02-01,01K,"NHS MORECAMBE BAY",989,35116.45,0,0
2025-02-01,03Q,"NHS VALE OF YORK",1015,35663.44,0,0
2025-02-01,11X,"NHS SOMERSET",1018,35619.91,0,0
2025-02-01,01H,"NHS NORTH CUMBRIA",1052,36456.75,0,0
2025-02-01,06Q,"NHS MID ESSEX",1052,31210.67,0,0
2025-02-01,01A,"NHS EAST LANCASHIRE",1077,32921.69,0,0
2025-02-01,09D,"NHS BRIGHTON AND HOVE",1109,47174.19,0,0
2025-02-01,U2G6B,"NHS THAMES VALLEY ICB - U2G6B",1166,45911.38,0,0
2025-02-01,07H,"NHS WEST ESSEX",1178,36849.32,0,0
2025-02-01,X2C4Y,"NHS KIRKLEES",1218,48811.31,0,0
2025-02-01,06T,"NHS NORTH EAST ESSEX",1230,37244.69,0,0
2025-02-01,07K,"NHS WEST SUFFOLK",1264,37108.61,0,0
2025-02-01,04V,"NHS WEST LEICESTERSHIRE",1275,44541.64,0,0
2025-02-01,99A,"NHS LIVERPOOL",1294,42614.51,0,0
2025-02-01,00L,"NHS NORTHUMBERLAND",1402,50255.25,0,0
2025-02-01,M2L0M,"NHS SHROPSHIRE, TELFORD AND WREKIN",1419,56215.93,0,0
2025-02-01,78H,"NHS NORTHAMPTONSHIRE",1428,43187.3,0,0
2025-02-01,36J,"NHS BRADFORD DISTRICT AND CRAVEN",1429,46146.17,0,0
2025-02-01,02X,"NHS DONCASTER",1437,44801.41,0,0
2025-02-01,03L,"NHS ROTHERHAM",1538,46963.61,0,0
2025-02-01,15A,"NHS BERKSHIRE WEST",1569,55388.43,0,0
2025-02-01,03W,"NHS EAST LEICESTERSHIRE AND RUTLAND",1616,57394.29,0,0
2025-02-01,11M,"NHS GLOUCESTERSHIRE",1758,63310.81,0,0
2025-02-01,14L,"NHS MANCHESTER",1787,59138.82,0,0
2025-02-01,13T,"NHS NEWCASTLE GATESHEAD",1810,68076.58,0,0
2025-02-01,84H,"NHS COUNTY DURHAM",1978,69728.27,0,0
2025-02-01,11N,"NHS CORNWALL AND THE ISLES OF SCILLY",2012,64920.51,0,0
2025-02-01,27D,"NHS CHESHIRE",2024,69308.61,0,0
2025-02-01,18C,"NHS HEREFORDSHIRE AND WORCESTERSHIRE",2031,77199.08,0,0
2025-02-01,15M,"NHS DERBY AND DERBYSHIRE",2046,78921.95,0,0
2025-02-01,03F,"NHS HULL",2058,63822,0,0
2025-02-01,15F,"NHS LEEDS",2060,73445.79,0,0
2025-02-01,02Y,"NHS EAST RIDING OF YORKSHIRE",2084,68959.73,0,0
2025-02-01,92G,"NHS BATH AND NORTH EAST SOMERSET, SWINDON AND WILTSHIRE",2105,77285.52,0,0
2025-02-01,06N,"NHS HERTS VALLEYS",2254,86350.72,0,0
2025-02-01,97R,"NHS EAST SUSSEX",2315,83740.08,0,0
2025-02-01,14Y,"NHS BUCKINGHAMSHIRE",2493,88797.23,0,0
2025-02-01,42D,"NHS NORTH YORKSHIRE",2678,87443.52,0,0
2025-02-01,06K,"NHS EAST AND NORTH HERTFORDSHIRE",2699,81392.12,0,0
2025-02-01,15C,"NHS BRISTOL, NORTH SOMERSET AND SOUTH GLOUCESTERSHIRE",2722,121533.13,0,0
2025-02-01,B2M3M,"NHS COVENTRY AND WARWICKSHIRE",2901,94263.64,0,0
2025-02-01,70F,"NHS WEST SUSSEX",2925,112779.76,0,0
2025-02-01,10Q,"NHS OXFORDSHIRE",3001,112127.87,0,0
2025-02-01,11J,"NHS DORSET",3034,106429.05,0,0
2025-02-01,72Q,"NHS SOUTH EAST LONDON",3434,136975.01,0,0
2025-02-01,93C,"NHS NORTH CENTRAL LONDON",3527,133305.51,0,0
2025-02-01,36L,"NHS SOUTH WEST LONDON",3601,138408.48,0,0
2025-02-01,15E,"NHS BIRMINGHAM AND SOLIHULL",3876,143962.9,0,0
2025-02-01,92A,"NHS SURREY HEARTLANDS",3928,155510.07,0,0
2025-02-01,16C,"NHS TEES VALLEY",4171,140597.2,0,0
2025-02-01,52R,"NHS NOTTINGHAM AND NOTTINGHAMSHIRE",4223,143398.46,0,0
2025-02-01,03N,"NHS SHEFFIELD",4315,143336.35,0,0
2025-02-01,M1J4Y,"NHS BEDFORDSHIRE, LUTON AND MILTON KEYNES",4333,151200.47,0,0
2025-02-01,D2P2L,"NHS BLACK COUNTRY",4336,167469.11,0,0
2025-02-01,71E,"NHS LINCOLNSHIRE",4349,132684.26,0,0
2025-02-01,A3A8R,"NHS NORTH EAST LONDON",4828,179005.6,0,0
2025-02-01,26A,"NHS NORFOLK AND WAVENEY",4861,162004.89,0,0
2025-02-01,W2U3Z,"NHS NORTH WEST LONDON",4883,190177.69,0,0
2025-02-01,15N,"NHS DEVON",5157,182319.73,0,0
2025-02-01,06H,"NHS CAMBRIDGESHIRE AND PETERBOROUGH",5805,177160.39,0,0
2025-02-01,D9Y0V,"NHS HAMPSHIRE, SOUTHAMPTON AND ISLE OF WIGHT",8271,325931.19,0,0
2025-02-01,91Q,"NHS KENT AND MEDWAY",9260,330392.42,0,0
2025-03-01,09W,"NHS MEDWAY",0,0,0,0
2025-03-01,D4U1Y,"NHS FRIMLEY",14,425.75,0,0
2025-03-01,02G,"NHS WEST LANCASHIRE",257,8514.83,0,0
2025-03-01,00Q,"NHS BLACKBURN WITH DARWEN",272,8342.09,0,0
2025-03-01,03H,"NHS NORTH EAST LINCOLNSHIRE",329,9494.23,0,0
2025-03-01,02T,"NHS CALDERDALE",396,15831.24,0,0
2025-03-01,01X,"NHS ST HELENS",409,14315.28,0,0
2025-03-01,01J,"NHS KNOWSLEY",414,13371.08,0,0
2025-03-01,01V,"NHS SOUTHPORT AND FORMBY",416,14195.71,0,0
2025-03-01,01F,"NHS HALTON",428,14062.83,0,0
2025-03-01,02P,"NHS BARNSLEY",495,16568.92,0,0
2025-03-01,05D,"NHS EAST STAFFORDSHIRE",496,17523.17,0,0
2025-03-01,02Q,"NHS BASSETLAW",501,14695.87,0,0
2025-03-01,00N,"NHS SOUTH TYNESIDE",512,19144.29,0,0
2025-03-01,02M,"NHS FYLDE AND WYRE",546,17929.99,0,0
2025-03-01,01T,"NHS SOUTH SEFTON",564,18134.14,0,0
2025-03-01,02E,"NHS WARRINGTON",569,20047.59,0,0
2025-03-01,04Y,"NHS CANNOCK CHASE",582,21302.64,0,0
2025-03-01,00T,"NHS BOLTON",587,18905.73,0,0
2025-03-01,07G,"NHS THURROCK",590,18322.58,0,0
2025-03-01,99F,"NHS CASTLE POINT AND ROCHFORD",595,20882.3,0,0
2025-03-01,99C,"NHS NORTH TYNESIDE",611,25183.44,0,0
2025-03-01,02A,"NHS TRAFFORD",629,22550.35,0,0
2025-03-01,00R,"NHS BLACKPOOL",636,20063.46,0,0
2025-03-01,05V,"NHS STAFFORD AND SURROUNDS",669,23422.9,0,0
2025-03-01,00V,"NHS BURY",671,22471.12,0,0
2025-03-01,05Q,"NHS SOUTH EAST STAFFORDSHIRE AND SEISDON PENINSULA",681,26012.29,0,0
2025-03-01,12F,"NHS WIRRAL",690,23814.55,0,0
2025-03-01,99G,"NHS SOUTHEND",695,25383.96,0,0
2025-03-01,01Y,"NHS TAMESIDE AND GLOSSOP",703,25969.27,0,0
2025-03-01,01G,"NHS SALFORD",706,23601.99,0,0
2025-03-01,00P,"NHS SUNDERLAND",722,26634.48,0,0
2025-03-01,01D,"NHS HEYWOOD, MIDDLETON AND ROCHDALE",745,24586.64,0,0
2025-03-01,99E,"NHS BASILDON AND BRENTWOOD",780,26769.05,0,0
2025-03-01,05W,"NHS STOKE ON TRENT",783,24773.31,0,0
2025-03-01,00X,"NHS CHORLEY AND SOUTH RIBBLE",817,28670.54,0,0
2025-03-01,04C,"NHS LEICESTER CITY",830,27340.56,0,0
2025-03-01,03K,"NHS NORTH LINCOLNSHIRE",869,24139.72,0,0
2025-03-01,01E,"NHS GREATER PRESTON",877,31296.96,0,0
2025-03-01,05G,"NHS NORTH STAFFORDSHIRE",899,29609.94,0,0
2025-03-01,00Y,"NHS OLDHAM",904,29602.52,0,0
2025-03-01,10R,"NHS PORTSMOUTH",917,39803.46,0,0
2025-03-01,03R,"NHS WAKEFIELD",940,34052.63,0,0
2025-03-01,02H,"NHS WIGAN BOROUGH",968,33446.83,0,0
2025-03-01,06L,"NHS IPSWICH AND EAST SUFFOLK",1007,30291.17,0,0
2025-03-01,01K,"NHS MORECAMBE BAY",1079,37705.93,0,0
2025-03-01,09D,"NHS BRIGHTON AND HOVE",1083,45032.16,0,0
2025-03-01,01W,"NHS STOCKPORT",1093,38874.68,0,0
2025-03-01,01A,"NHS EAST LANCASHIRE",1143,35021.34,0,0
2025-03-01,11X,"NHS SOMERSET",1145,40188.51,0,0
2025-03-01,06Q,"NHS MID ESSEX",1154,34221.7,0,0
2025-03-01,01H,"NHS NORTH CUMBRIA",1178,42326.92,0,0
2025-03-01,07H,"NHS WEST ESSEX",1195,37163.06,0,0
2025-03-01,03Q,"NHS VALE OF YORK",1215,43139.09,0,0
2025-03-01,U2G6B,"NHS THAMES VALLEY ICB - U2G6B",1242,48026.5,0,0
2025-03-01,06T,"NHS NORTH EAST ESSEX",1311,40773.49,0,0
2025-03-01,04V,"NHS WEST LEICESTERSHIRE",1353,47060.43,0,0
2025-03-01,07K,"NHS WEST SUFFOLK",1379,40354.37,0,0
2025-03-01,X2C4Y,"NHS KIRKLEES",1385,54234.74,0,0
2025-03-01,99A,"NHS LIVERPOOL",1441,47989.03,0,0
2025-03-01,00L,"NHS NORTHUMBERLAND",1475,52489.97,0,0
2025-03-01,78H,"NHS NORTHAMPTONSHIRE",1513,46605.6,0,0
2025-03-01,M2L0M,"NHS SHROPSHIRE, TELFORD AND WREKIN",1540,60332.38,0,0
2025-03-01,36J,"NHS BRADFORD DISTRICT AND CRAVEN",1549,51222.42,0,0
2025-03-01,02X,"NHS DONCASTER",1627,49853.19,0,0
2025-03-01,03L,"NHS ROTHERHAM",1693,51792.78,0,0
2025-03-01,15A,"NHS BERKSHIRE WEST",1739,60056.46,0,0
2025-03-01,03W,"NHS EAST LEICESTERSHIRE AND RUTLAND",1795,62423.61,0,0
2025-03-01,13T,"NHS NEWCASTLE GATESHEAD",1896,70271.3,0,0
2025-03-01,14L,"NHS MANCHESTER",1928,65219.2,0,0
2025-03-01,11M,"NHS GLOUCESTERSHIRE",2038,71903.31,0,0
2025-03-01,92G,"NHS BATH AND NORTH EAST SOMERSET, SWINDON AND WILTSHIRE",2184,81477.83,0,0
2025-03-01,15F,"NHS LEEDS",2190,76736.43,0,0
2025-03-01,84H,"NHS COUNTY DURHAM",2192,77537.15,0,0
2025-03-01,03F,"NHS HULL",2202,69289.34,0,0
2025-03-01,02Y,"NHS EAST RIDING OF YORKSHIRE",2208,73418.32,0,0
2025-03-01,11N,"NHS CORNWALL AND THE ISLES OF SCILLY",2209,71808.26,0,0
2025-03-01,27D,"NHS CHESHIRE",2215,75030.35,0,0
2025-03-01,15M,"NHS DERBY AND DERBYSHIRE",2243,85791.74,0,0
2025-03-01,18C,"NHS HEREFORDSHIRE AND WORCESTERSHIRE",2290,85344.36,0,0
2025-03-01,06N,"NHS HERTS VALLEYS",2336,91048.46,0,0
2025-03-01,97R,"NHS EAST SUSSEX",2488,90935.3,0,0
2025-03-01,14Y,"NHS BUCKINGHAMSHIRE",2758,97714.98,0,0
2025-03-01,42D,"NHS NORTH YORKSHIRE",2767,89490.97,0,0
2025-03-01,06K,"NHS EAST AND NORTH HERTFORDSHIRE",2933,88480.77,0,0
2025-03-01,B2M3M,"NHS COVENTRY AND WARWICKSHIRE",2950,94585.34,0,0
2025-03-01,70F,"NHS WEST SUSSEX",3138,120979.76,0,0
2025-03-01,15C,"NHS BRISTOL, NORTH SOMERSET AND SOUTH GLOUCESTERSHIRE",3164,139200.65,0,0
2025-03-01,10Q,"NHS OXFORDSHIRE",3224,118353.31,0,0
2025-03-01,11J,"NHS DORSET",3501,121088.92,0,0
2025-03-01,93C,"NHS NORTH CENTRAL LONDON",3759,142191.3,0,0
2025-03-01,72Q,"NHS SOUTH EAST LONDON",3772,150330.63,0,0
2025-03-01,36L,"NHS SOUTH WEST LONDON",3809,145914.03,0,0
2025-03-01,15E,"NHS BIRMINGHAM AND SOLIHULL",4305,160936.89,0,0
2025-03-01,92A,"NHS SURREY HEARTLANDS",4338,174287.13,0,0
2025-03-01,M1J4Y,"NHS BEDFORDSHIRE, LUTON AND MILTON KEYNES",4417,152276.83,0,0
2025-03-01,16C,"NHS TEES VALLEY",4452,149795.61,0,0
2025-03-01,D2P2L,"NHS BLACK COUNTRY",4508,174531.61,0,0
2025-03-01,52R,"NHS NOTTINGHAM AND NOTTINGHAMSHIRE",4558,155399.11,0,0
2025-03-01,71E,"NHS LINCOLNSHIRE",4646,140593.58,0,0
2025-03-01,03N,"NHS SHEFFIELD",4747,159698.58,0,0
2025-03-01,26A,"NHS NORFOLK AND WAVENEY",5232,173112.07,0,0
2025-03-01,A3A8R,"NHS NORTH EAST LONDON",5256,195806.59,0,0
2025-03-01,W2U3Z,"NHS NORTH WEST LONDON",5285,203414.2,0,0
2025-03-01,15N,"NHS DEVON",5758,204027.78,0,0
2025-03-01,06H,"NHS CAMBRIDGESHIRE AND PETERBOROUGH",6214,190286.33,0,0
2025-03-01,D9Y0V,"NHS HAMPSHIRE, SOUTHAMPTON AND ISLE OF WIGHT",9076,361926.73,0,0
2025-03-01,91Q,"NHS KENT AND MEDWAY",9974,356211.86,0,0
2025-04-01,09W,"NHS MEDWAY",0,0,0,0
2025-04-01,D4U1Y,"NHS FRIMLEY",12,319.35,0,0
2025-04-01,02G,"NHS WEST LANCASHIRE",269,9047.56,0,0
2025-04-01,00Q,"NHS BLACKBURN WITH DARWEN",294,8968.11,0,0
2025-04-01,03H,"NHS NORTH EAST LINCOLNSHIRE",349,10512.4,0,0
2025-04-01,01V,"NHS SOUTHPORT AND FORMBY",375,12493.69,0,0
2025-04-01,01J,"NHS KNOWSLEY",393,12493.93,0,0
2025-04-01,02T,"NHS CALDERDALE",431,16912.93,0,0
2025-04-01,01X,"NHS ST HELENS",437,14915.08,0,0
2025-04-01,01F,"NHS HALTON",452,14995.15,0,0
2025-04-01,02P,"NHS BARNSLEY",482,15590.8,0,0
2025-04-01,04Y,"NHS CANNOCK CHASE",499,17738.58,0,0
2025-04-01,02Q,"NHS BASSETLAW",501,15174.86,0,0
2025-04-01,05D,"NHS EAST STAFFORDSHIRE",508,17273.39,0,0
2025-04-01,00N,"NHS SOUTH TYNESIDE",515,18826.43,0,0
2025-04-01,02M,"NHS FYLDE AND WYRE",552,18005.06,0,0
2025-04-01,02E,"NHS WARRINGTON",565,20193.48,0,0
2025-04-01,01T,"NHS SOUTH SEFTON",566,18215.24,0,0
2025-04-01,00T,"NHS BOLTON",587,18109.04,0,0
2025-04-01,99C,"NHS NORTH TYNESIDE",619,25225.17,0,0
2025-04-01,07G,"NHS THURROCK",620,19251.04,0,0
2025-04-01,99F,"NHS CASTLE POINT AND ROCHFORD",637,22238.82,0,0
2025-04-01,00R,"NHS BLACKPOOL",665,21089.37,0,0
2025-04-01,01G,"NHS SALFORD",672,21887.42,0,0
2025-04-01,02A,"NHS TRAFFORD",676,24534.23,0,0
2025-04-01,00V,"NHS BURY",678,22379.62,0,0
2025-04-01,05V,"NHS STAFFORD AND SURROUNDS",682,23367.91,0,0
2025-04-01,05Q,"NHS SOUTH EAST STAFFORDSHIRE AND SEISDON PENINSULA",705,27482.97,0,0
2025-04-01,01Y,"NHS TAMESIDE AND GLOSSOP",712,26423.36,0,0
2025-04-01,99G,"NHS SOUTHEND",712,25399.21,0,0
2025-04-01,00P,"NHS SUNDERLAND",733,26982.21,0,0
2025-04-01,01D,"NHS HEYWOOD, MIDDLETON AND ROCHDALE",755,25053.97,0,0
2025-04-01,05W,"NHS STOKE ON TRENT",777,25467.98,0,0
2025-04-01,12F,"NHS WIRRAL",779,27012.2,0,0
2025-04-01,04C,"NHS LEICESTER CITY",814,26743.83,0,0
2025-04-01,99E,"NHS BASILDON AND BRENTWOOD",816,28052.88,0,0
2025-04-01,03K,"NHS NORTH LINCOLNSHIRE",821,22743.75,0,0
2025-04-01,00X,"NHS CHORLEY AND SOUTH RIBBLE",838,28140.67,0,0
2025-04-01,10R,"NHS PORTSMOUTH",885,39100.81,0,0
2025-04-01,01E,"NHS GREATER PRESTON",888,31119.69,0,0
2025-04-01,00Y,"NHS OLDHAM",952,31121.33,0,0
2025-04-01,05G,"NHS NORTH STAFFORDSHIRE",975,32027.55,0,0
2025-04-01,02H,"NHS WIGAN BOROUGH",977,33263,0,0
2025-04-01,06L,"NHS IPSWICH AND EAST SUFFOLK",988,29653.48,0,0
2025-04-01,03R,"NHS WAKEFIELD",991,34672.65,0,0
2025-04-01,09D,"NHS BRIGHTON AND HOVE",1067,44596.09,0,0
2025-04-01,01K,"NHS MORECAMBE BAY",1070,37473.54,0,0
2025-04-01,01W,"NHS STOCKPORT",1089,38544.73,0,0
2025-04-01,03Q,"NHS VALE OF YORK",1117,40441.98,0,0
2025-04-01,11X,"NHS SOMERSET",1124,39603.77,0,0
2025-04-01,06Q,"NHS MID ESSEX",1128,34094.85,0,0
2025-04-01,01H,"NHS NORTH CUMBRIA",1141,40048.67,0,0
2025-04-01,01A,"NHS EAST LANCASHIRE",1172,35519.61,0,0
2025-04-01,07H,"NHS WEST ESSEX",1224,38284.24,0,0
2025-04-01,U2G6B,"NHS THAMES VALLEY ICB - U2G6B",1258,48412.29,0,0
2025-04-01,06T,"NHS NORTH EAST ESSEX",1279,39116.94,0,0
2025-04-01,X2C4Y,"NHS KIRKLEES",1315,52927.31,0,0
2025-04-01,04V,"NHS WEST LEICESTERSHIRE",1341,46646.48,0,0
2025-04-01,07K,"NHS WEST SUFFOLK",1397,40438.2,0,0
2025-04-01,78H,"NHS NORTHAMPTONSHIRE",1412,42797.46,0,0
2025-04-01,99A,"NHS LIVERPOOL",1436,46968.07,0,0
2025-04-01,00L,"NHS NORTHUMBERLAND",1473,52867.11,0,0
2025-04-01,M2L0M,"NHS SHROPSHIRE, TELFORD AND WREKIN",1540,60714,0,0
2025-04-01,36J,"NHS BRADFORD DISTRICT AND CRAVEN",1574,50868.88,0,0
2025-04-01,02X,"NHS DONCASTER",1603,49826.23,0,0
2025-04-01,03L,"NHS ROTHERHAM",1646,49912.21,0,0
2025-04-01,15A,"NHS BERKSHIRE WEST",1691,58902.16,0,0
2025-04-01,03W,"NHS EAST LEICESTERSHIRE AND RUTLAND",1777,62534.36,0,0
2025-04-01,11M,"NHS GLOUCESTERSHIRE",1934,68527.5,0,0
2025-04-01,14L,"NHS MANCHESTER",2000,67151.73,0,0
2025-04-01,13T,"NHS NEWCASTLE GATESHEAD",2011,74374.03,0,0
2025-04-01,11N,"NHS CORNWALL AND THE ISLES OF SCILLY",2039,65780.36,0,0
2025-04-01,84H,"NHS COUNTY DURHAM",2096,74121.79,0,0
2025-04-01,92G,"NHS BATH AND NORTH EAST SOMERSET, SWINDON AND WILTSHIRE",2110,78031.35,0,0
2025-04-01,27D,"NHS CHESHIRE",2157,73736.03,0,0
2025-04-01,15M,"NHS DERBY AND DERBYSHIRE",2182,84462.76,0,0
2025-04-01,02Y,"NHS EAST RIDING OF YORKSHIRE",2199,71559.72,0,0
2025-04-01,15F,"NHS LEEDS",2199,76729.68,0,0
2025-04-01,03F,"NHS HULL",2200,68296.43,0,0
2025-04-01,18C,"NHS HEREFORDSHIRE AND WORCESTERSHIRE",2394,90246.74,0,0
2025-04-01,97R,"NHS EAST SUSSEX",2452,90001.37,0,0
2025-04-01,06N,"NHS HERTS VALLEYS",2601,100336.71,0,0
2025-04-01,14Y,"NHS BUCKINGHAMSHIRE",2759,99422.98,0,0
2025-04-01,42D,"NHS NORTH YORKSHIRE",2841,93259.09,0,0
2025-04-01,06K,"NHS EAST AND NORTH HERTFORDSHIRE",2903,87757.14,0,0
2025-04-01,15C,"NHS BRISTOL, NORTH SOMERSET AND SOUTH GLOUCESTERSHIRE",2984,133081.75,0,0
2025-04-01,70F,"NHS WEST SUSSEX",3072,118112.22,0,0
2025-04-01,10Q,"NHS OXFORDSHIRE",3129,115965.23,0,0
2025-04-01,B2M3M,"NHS COVENTRY AND WARWICKSHIRE",3303,107199.61,0,0
2025-04-01,11J,"NHS DORSET",3350,117908.05,0,0
2025-04-01,72Q,"NHS SOUTH EAST LONDON",3899,153029.12,0,0
2025-04-01,36L,"NHS SOUTH WEST LONDON",4012,151741.82,0,0
2025-04-01,93C,"NHS NORTH CENTRAL LONDON",4043,150493.32,0,0
2025-04-01,92A,"NHS SURREY HEARTLANDS",4253,167768.46,0,0
2025-04-01,15E,"NHS BIRMINGHAM AND SOLIHULL",4256,157396.14,0,0
2025-04-01,16C,"NHS TEES VALLEY",4484,152031.02,0,0
2025-04-01,52R,"NHS NOTTINGHAM AND NOTTINGHAMSHIRE",4548,152896.54,0,0
2025-04-01,D2P2L,"NHS BLACK COUNTRY",4629,178624.6,0,0
2025-04-01,03N,"NHS SHEFFIELD",4645,154642.36,0,0
2025-04-01,71E,"NHS LINCOLNSHIRE",4652,140215.89,0,0
2025-04-01,M1J4Y,"NHS BEDFORDSHIRE, LUTON AND MILTON KEYNES",4660,163593.51,0,0
2025-04-01,26A,"NHS NORFOLK AND WAVENEY",5111,168068.69,0,0
2025-04-01,A3A8R,"NHS NORTH EAST LONDON",5352,198547.86,0,0
2025-04-01,W2U3Z,"NHS NORTH WEST LONDON",5628,214578.04,0,0
2025-04-01,15N,"NHS DEVON",5669,201214.28,0,0
2025-04-01,06H,"NHS CAMBRIDGESHIRE AND PETERBOROUGH",6313,192693.92,0,0
2025-04-01,D9Y0V,"NHS HAMPSHIRE, SOUTHAMPTON AND ISLE OF WIGHT",8641,342071.5,0,0
2025-04-01,91Q,"NHS KENT AND MEDWAY",9889,353376.54,0,0
2025-05-01,09W,"NHS MEDWAY",0,0,0,0
2025-05-01,D4U1Y,"NHS FRIMLEY",10,266.11,0,0
2025-05-01,02G,"NHS WEST LANCASHIRE",251,8182.84,0,0
2025-05-01,00Q,"NHS BLACKBURN WITH DARWEN",348,10578.14,0,0
2025-05-01,03H,"NHS NORTH EAST LINCOLNSHIRE",352,10788.3,0,0
2025-05-01,01V,"NHS SOUTHPORT AND FORMBY",418,14103.58,0,0
2025-05-01,01J,"NHS KNOWSLEY",452,14516.37,0,0
2025-05-01,01X,"NHS ST HELENS",453,15500.55,0,0
2025-05-01,02T,"NHS CALDERDALE",453,17873.68,0,0
2025-05-01,05D,"NHS EAST STAFFORDSHIRE",487,16047.72,0,0
2025-05-01,02Q,"NHS BASSETLAW",494,14881.28,0,0
2025-05-01,01F,"NHS HALTON",507,17070.73,0,0
2025-05-01,02P,"NHS BARNSLEY",508,16733.31,0,0
2025-05-01,00N,"NHS SOUTH TYNESIDE",572,21354.23,0,0
2025-05-01,04Y,"NHS CANNOCK CHASE",575,20513.71,0,0
2025-05-01,02M,"NHS FYLDE AND WYRE",577,18355.87,0,0
2025-05-01,99F,"NHS CASTLE POINT AND ROCHFORD",615,21357.79,0,0
2025-05-01,02E,"NHS WARRINGTON",635,22217.87,0,0
2025-05-01,07G,"NHS THURROCK",643,19794.41,0,0
2025-05-01,99C,"NHS NORTH TYNESIDE",648,27140.82,0,0
2025-05-01,01T,"NHS SOUTH SEFTON",650,20942.85,0,0
2025-05-01,00T,"NHS BOLTON",654,21381.84,0,0
2025-05-01,05V,"NHS STAFFORD AND SURROUNDS",690,24015.85,0,0
2025-05-01,99G,"NHS SOUTHEND",698,24893.71,0,0
2025-05-01,05Q,"NHS SOUTH EAST STAFFORDSHIRE AND SEISDON PENINSULA",722,28297.98,0,0
2025-05-01,02A,"NHS TRAFFORD",736,27208.45,0,0
2025-05-01,00R,"NHS BLACKPOOL",739,23670.64,0,0
2025-05-01,00V,"NHS BURY",757,25333.34,0,0
2025-05-01,01Y,"NHS TAMESIDE AND GLOSSOP",763,27634.41,0,0
2025-05-01,00P,"NHS SUNDERLAND",769,28392.59,0,0
2025-05-01,01D,"NHS HEYWOOD, MIDDLETON AND ROCHDALE",778,25587.72,0,0
2025-05-01,01G,"NHS SALFORD",796,26903.23,0,0
2025-05-01,12F,"NHS WIRRAL",811,28087.17,0,0
2025-05-01,05W,"NHS STOKE ON TRENT",827,27143.05,0,0
2025-05-01,99E,"NHS BASILDON AND BRENTWOOD",837,28982.9,0,0
2025-05-01,04C,"NHS LEICESTER CITY",861,28752.82,0,0
2025-05-01,10R,"NHS PORTSMOUTH",893,38688.64,0,0
2025-05-01,03K,"NHS NORTH LINCOLNSHIRE",907,25769.07,0,0
2025-05-01,01E,"NHS GREATER PRESTON",913,31968.31,0,0
2025-05-01,00X,"NHS CHORLEY AND SOUTH RIBBLE",932,32171.93,0,0
2025-05-01,05G,"NHS NORTH STAFFORDSHIRE",1003,33957.72,0,0
2025-05-01,06L,"NHS IPSWICH AND EAST SUFFOLK",1036,30842.01,0,0
2025-05-01,03R,"NHS WAKEFIELD",1065,37634.5,0,0
2025-05-01,02H,"NHS WIGAN BOROUGH",1073,36030.79,0,0
2025-05-01,00Y,"NHS OLDHAM",1074,35379.03,0,0
2025-05-01,11X,"NHS SOMERSET",1111,38796.26,0,0
2025-05-01,01K,"NHS MORECAMBE BAY",1136,40031.8,0,0
2025-05-01,01W,"NHS STOCKPORT",1194,42070.67,0,0
2025-05-01,06Q,"NHS MID ESSEX",1219,36227.87,0,0
2025-05-01,01H,"NHS NORTH CUMBRIA",1223,43100.42,0,0
2025-05-01,01A,"NHS EAST LANCASHIRE",1240,38227.3,0,0
2025-05-01,03Q,"NHS VALE OF YORK",1241,44137.51,0,0
2025-05-01,09D,"NHS BRIGHTON AND HOVE",1243,52405.76,0,0
2025-05-01,06T,"NHS NORTH EAST ESSEX",1318,40215.77,0,0
2025-05-01,U2G6B,"NHS THAMES VALLEY ICB - U2G6B",1333,52194.04,0,0
2025-05-01,07H,"NHS WEST ESSEX",1346,41519.21,0,0
2025-05-01,04V,"NHS WEST LEICESTERSHIRE",1408,48911.76,0,0
2025-05-01,X2C4Y,"NHS KIRKLEES",1409,56149.29,0,0
2025-05-01,78H,"NHS NORTHAMPTONSHIRE",1476,44983.59,0,0
2025-05-01,07K,"NHS WEST SUFFOLK",1477,43228.32,0,0
2025-05-01,99A,"NHS LIVERPOOL",1539,51212.23,0,0
2025-05-01,00L,"NHS NORTHUMBERLAND",1541,55237.39,0,0
2025-05-01,M2L0M,"NHS SHROPSHIRE, TELFORD AND WREKIN",1666,66244.01,0,0
2025-05-01,02X,"NHS DONCASTER",1715,52584.23,0,0
2025-05-01,36J,"NHS BRADFORD DISTRICT AND CRAVEN",1783,58492.56,0,0
2025-05-01,03L,"NHS ROTHERHAM",1789,54642.62,0,0
2025-05-01,15A,"NHS BERKSHIRE WEST",1855,64104.47,0,0
2025-05-01,03W,"NHS EAST LEICESTERSHIRE AND RUTLAND",1903,66686.33,0,0
2025-05-01,11M,"NHS GLOUCESTERSHIRE",1903,68215.37,0,0
2025-05-01,13T,"NHS NEWCASTLE GATESHEAD",2099,78950.62,0,0
2025-05-01,14L,"NHS MANCHESTER",2152,72074.98,0,0
2025-05-01,92G,"NHS BATH AND NORTH EAST SOMERSET, SWINDON AND WILTSHIRE",2212,84004.05,0,0
2025-05-01,03F,"NHS HULL",2242,70677.86,0,0
2025-05-01,02Y,"NHS EAST RIDING OF YORKSHIRE",2260,73701.52,0,0
2025-05-01,84H,"NHS COUNTY DURHAM",2280,81083.48,0,0
2025-05-01,11N,"NHS CORNWALL AND THE ISLES OF SCILLY",2319,74866.93,0,0
2025-05-01,15F,"NHS LEEDS",2323,82036.39,0,0
2025-05-01,18C,"NHS HEREFORDSHIRE AND WORCESTERSHIRE",2342,89897.56,0,0
2025-05-01,15M,"NHS DERBY AND DERBYSHIRE",2407,92573.08,0,0
2025-05-01,27D,"NHS CHESHIRE",2470,83948.02,0,0
2025-05-01,06N,"NHS HERTS VALLEYS",2546,97818.95,0,0
2025-05-01,97R,"NHS EAST SUSSEX",2667,96656.29,0,0
2025-05-01,42D,"NHS NORTH YORKSHIRE",2876,93409.76,0,0
2025-05-01,14Y,"NHS BUCKINGHAMSHIRE",2892,104304.68,0,0
2025-05-01,06K,"NHS EAST AND NORTH HERTFORDSHIRE",3094,93742.77,0,0
2025-05-01,15C,"NHS BRISTOL, NORTH SOMERSET AND SOUTH GLOUCESTERSHIRE",3213,142729.75,0,0
2025-05-01,10Q,"NHS OXFORDSHIRE",3389,127379.54,0,0
2025-05-01,B2M3M,"NHS COVENTRY AND WARWICKSHIRE",3400,109921.14,0,0
2025-05-01,11J,"NHS DORSET",3555,124680.1,0,0
2025-05-01,70F,"NHS WEST SUSSEX",3561,137909.62,0,0
2025-05-01,72Q,"NHS SOUTH EAST LONDON",4095,160679.56,0,0
2025-05-01,93C,"NHS NORTH CENTRAL LONDON",4097,154548.09,0,0
2025-05-01,36L,"NHS SOUTH WEST LONDON",4309,163674.84,0,0
2025-05-01,15E,"NHS BIRMINGHAM AND SOLIHULL",4580,170567.82,0,0
2025-05-01,92A,"NHS SURREY HEARTLANDS",4693,187955.75,0,0
2025-05-01,52R,"NHS NOTTINGHAM AND NOTTINGHAMSHIRE",4745,161209.43,0,0
2025-05-01,16C,"NHS TEES VALLEY",4783,160862.6,0,0
2025-05-01,M1J4Y,"NHS BEDFORDSHIRE, LUTON AND MILTON KEYNES",4784,165112.39,0,0
2025-05-01,03N,"NHS SHEFFIELD",4859,161252.17,0,0
2025-05-01,D2P2L,"NHS BLACK COUNTRY",4915,190297.93,0,0
2025-05-01,71E,"NHS LINCOLNSHIRE",4939,149471.11,0,0
2025-05-01,26A,"NHS NORFOLK AND WAVENEY",5523,182303.69,0,0
2025-05-01,A3A8R,"NHS NORTH EAST LONDON",5656,208314.41,0,0
2025-05-01,W2U3Z,"NHS NORTH WEST LONDON",5930,224570.73,0,0
2025-05-01,15N,"NHS DEVON",5959,211510.33,0,0
2025-05-01,06H,"NHS CAMBRIDGESHIRE AND PETERBOROUGH",6669,203948.27,0,0
2025-05-01,D9Y0V,"NHS HAMPSHIRE, SOUTHAMPTON AND ISLE OF WIGHT",9673,382785.06,0,0
2025-05-01,91Q,"NHS KENT AND MEDWAY",10513,376325.76,0,0
2025-06-01,09W,"NHS MEDWAY",0,0,0,0
2025-06-01,D4U1Y,"NHS FRIMLEY",12,372.56,0,0
2025-06-01,02G,"NHS WEST LANCASHIRE",295,9460.31,0,0
2025-06-01,00Q,"NHS BLACKBURN WITH DARWEN",346,10618.12,0,0
2025-06-01,03H,"NHS NORTH EAST LINCOLNSHIRE",373,11191.92,0,0
2025-06-01,01V,"NHS SOUTHPORT AND FORMBY",389,12946.21,0,0
2025-06-01,01X,"NHS ST HELENS",443,15340.92,0,0
2025-06-01,01J,"NHS KNOWSLEY",452,14409.99,0,0
2025-06-01,02T,"NHS CALDERDALE",459,17405.56,0,0
2025-06-01,01F,"NHS HALTON",464,15088.51,0,0
2025-06-01,05D,"NHS EAST STAFFORDSHIRE",506,17323.17,0,0
2025-06-01,00N,"NHS SOUTH TYNESIDE",518,18427.59,0,0
2025-06-01,02Q,"NHS BASSETLAW",520,15230.88,0,0
2025-06-01,04Y,"NHS CANNOCK CHASE",540,19431.84,0,0
2025-06-01,02P,"NHS BARNSLEY",544,18113.63,0,0
2025-06-01,02M,"NHS FYLDE AND WYRE",566,18859.58,0,0
2025-06-01,99C,"NHS NORTH TYNESIDE",591,24493.57,0,0
2025-06-01,02E,"NHS WARRINGTON",593,21045.27,0,0
2025-06-01,99F,"NHS CASTLE POINT AND ROCHFORD",607,21231.18,0,0
2025-06-01,01T,"NHS SOUTH SEFTON",631,20743.28,0,0
2025-06-01,07G,"NHS THURROCK",659,20279.6,0,0
2025-06-01,00T,"NHS BOLTON",688,22273.43,0,0
2025-06-01,99G,"NHS SOUTHEND",690,24933.64,0,0
2025-06-01,05V,"NHS STAFFORD AND SURROUNDS",695,24355.89,0,0
2025-06-01,00R,"NHS BLACKPOOL",713,22606.4,0,0
2025-06-01,05Q,"NHS SOUTH EAST STAFFORDSHIRE AND SEISDON PENINSULA",715,27832.55,0,0
2025-06-01,02A,"NHS TRAFFORD",738,27022.5,0,0
2025-06-01,00V,"NHS BURY",772,25599.73,0,0
2025-06-01,01Y,"NHS TAMESIDE AND GLOSSOP",775,28166.74,0,0
2025-06-01,00P,"NHS SUNDERLAND",797,28951.76,0,0
2025-06-01,05W,"NHS STOKE ON TRENT",804,26172.01,0,0
2025-06-01,01D,"NHS HEYWOOD, MIDDLETON AND ROCHDALE",809,27036.6,0,0
2025-06-01,01G,"NHS SALFORD",816,26812,0,0
2025-06-01,04C,"NHS LEICESTER CITY",828,27635.36,0,0
2025-06-01,12F,"NHS WIRRAL",832,29337.85,0,0
2025-06-01,99E,"NHS BASILDON AND BRENTWOOD",836,28646.71,0,0
2025-06-01,00X,"NHS CHORLEY AND SOUTH RIBBLE",876,30335.99,0,0
2025-06-01,10R,"NHS PORTSMOUTH",887,39380.51,0,0
2025-06-01,01E,"NHS GREATER PRESTON",925,32249.2,0,0
2025-06-01,03K,"NHS NORTH LINCOLNSHIRE",943,26469.69,0,0
2025-06-01,03R,"NHS WAKEFIELD",993,33972.7,0,0
2025-06-01,00Y,"NHS OLDHAM",1019,33024.43,0,0
2025-06-01,02H,"NHS WIGAN BOROUGH",1036,35245.79,0,0
2025-06-01,05G,"NHS NORTH STAFFORDSHIRE",1036,35011.57,0,0
2025-06-01,06L,"NHS IPSWICH AND EAST SUFFOLK",1050,31514.85,0,0
2025-06-01,11X,"NHS SOMERSET",1086,38418.16,0,0
2025-06-01,09D,"NHS BRIGHTON AND HOVE",1147,47177.84,0,0
2025-06-01,01W,"NHS STOCKPORT",1154,40913.38,0,0
2025-06-01,01A,"NHS EAST LANCASHIRE",1186,36668.18,0,0
2025-06-01,01K,"NHS MORECAMBE BAY",1187,42133.29,0,0
2025-06-01,06Q,"NHS MID ESSEX",1195,35041.76,0,0
2025-06-01,03Q,"NHS VALE OF YORK",1235,44274.15,0,0
2025-06-01,07H,"NHS WEST ESSEX",1246,38181.02,0,0
2025-06-01,U2G6B,"NHS THAMES VALLEY ICB - U2G6B",1299,51090.03,0,0
2025-06-01,06T,"NHS NORTH EAST ESSEX",1320,39369.4,0,0
2025-06-01,01H,"NHS NORTH CUMBRIA",1322,46551.57,0,0
2025-06-01,04V,"NHS WEST LEICESTERSHIRE",1352,47046.04,0,0
2025-06-01,X2C4Y,"NHS KIRKLEES",1396,54418.44,0,0
2025-06-01,07K,"NHS WEST SUFFOLK",1491,43630.09,0,0
2025-06-01,78H,"NHS NORTHAMPTONSHIRE",1514,45926.2,0,0
2025-06-01,00L,"NHS NORTHUMBERLAND",1534,54826.71,0,0
2025-06-01,99A,"NHS LIVERPOOL",1539,51438.72,0,0
2025-06-01,M2L0M,"NHS SHROPSHIRE, TELFORD AND WREKIN",1674,65358.27,0,0
2025-06-01,02X,"NHS DONCASTER",1773,54302.75,0,0
2025-06-01,03W,"NHS EAST LEICESTERSHIRE AND RUTLAND",1787,62127.9,0,0
2025-06-01,11M,"NHS GLOUCESTERSHIRE",1837,64981.46,0,0
2025-06-01,03L,"NHS ROTHERHAM",1840,56098.06,0,0
2025-06-01,36J,"NHS BRADFORD DISTRICT AND CRAVEN",1847,59155.72,0,0
2025-06-01,15A,"NHS BERKSHIRE WEST",1873,65715.19,0,0
2025-06-01,13T,"NHS NEWCASTLE GATESHEAD",2048,75399.44,0,0
2025-06-01,14L,"NHS MANCHESTER",2181,73581.55,0,0
2025-06-01,02Y,"NHS EAST RIDING OF YORKSHIRE",2216,72723.36,0,0
2025-06-01,11N,"NHS CORNWALL AND THE ISLES OF SCILLY",2236,71780.39,0,0
2025-06-01,92G,"NHS BATH AND NORTH EAST SOMERSET, SWINDON AND WILTSHIRE",2255,83544.08,0,0
2025-06-01,03F,"NHS HULL",2283,71754.53,0,0
2025-06-01,15M,"NHS DERBY AND DERBYSHIRE",2302,87048.3,0,0
2025-06-01,84H,"NHS COUNTY DURHAM",2306,80804.15,0,0
2025-06-01,27D,"NHS CHESHIRE",2424,81850.64,0,0
2025-06-01,15F,"NHS LEEDS",2468,85997.11,0,0
2025-06-01,06N,"NHS HERTS VALLEYS",2610,101785.35,0,0
2025-06-01,18C,"NHS HEREFORDSHIRE AND WORCESTERSHIRE",2683,100349.71,0,0
2025-06-01,97R,"NHS EAST SUSSEX",2701,98251.49,0,0
2025-06-01,14Y,"NHS BUCKINGHAMSHIRE",2806,100696.86,0,0
2025-06-01,42D,"NHS NORTH YORKSHIRE",2906,94421.85,0,0
2025-06-01,06K,"NHS EAST AND NORTH HERTFORDSHIRE",3204,96626.65,0,0
2025-06-01,15C,"NHS BRISTOL, NORTH SOMERSET AND SOUTH GLOUCESTERSHIRE",3244,144053.57,0,0
2025-06-01,10Q,"NHS OXFORDSHIRE",3306,122718.79,0,0
2025-06-01,70F,"NHS WEST SUSSEX",3388,129553.47,0,0
2025-06-01,11J,"NHS DORSET",3480,120782.83,0,0
2025-06-01,B2M3M,"NHS COVENTRY AND WARWICKSHIRE",3611,117658.49,0,0
2025-06-01,36L,"NHS SOUTH WEST LONDON",4116,156877.04,0,0
2025-06-01,72Q,"NHS SOUTH EAST LONDON",4125,162596.37,0,0
2025-06-01,93C,"NHS NORTH CENTRAL LONDON",4240,157916.16,0,0
2025-06-01,15E,"NHS BIRMINGHAM AND SOLIHULL",4446,165532.16,0,0
2025-06-01,92A,"NHS SURREY HEARTLANDS",4539,178256.85,0,0
2025-06-01,52R,"NHS NOTTINGHAM AND NOTTINGHAMSHIRE",4566,152762.21,0,0
2025-06-01,D2P2L,"NHS BLACK COUNTRY",4704,179611.64,0,0
2025-06-01,M1J4Y,"NHS BEDFORDSHIRE, LUTON AND MILTON KEYNES",4732,164692.29,0,0
2025-06-01,16C,"NHS TEES VALLEY",4811,162137.02,0,0
2025-06-01,71E,"NHS LINCOLNSHIRE",4919,148861.65,0,0
2025-06-01,03N,"NHS SHEFFIELD",4927,164840.28,0,0
2025-06-01,26A,"NHS NORFOLK AND WAVENEY",5319,175380.06,0,0
2025-06-01,15N,"NHS DEVON",5628,199161.59,0,0
2025-06-01,A3A8R,"NHS NORTH EAST LONDON",5816,214675.6,0,0
2025-06-01,W2U3Z,"NHS NORTH WEST LONDON",5853,221392.53,0,0
2025-06-01,06H,"NHS CAMBRIDGESHIRE AND PETERBOROUGH",6490,200244.89,0,0
2025-06-01,D9Y0V,"NHS HAMPSHIRE, SOUTHAMPTON AND ISLE OF WIGHT",9281,367575.96,0,0
2025-06-01,91Q,"NHS KENT AND MEDWAY",10200,363346.64,0,0
2025-07-01,09W,"NHS MEDWAY",0,0,0,0
2025-07-01,D4U1Y,"NHS FRIMLEY",9,239.5,0,0
2025-07-01,02G,"NHS WEST LANCASHIRE",323,10644.49,0,0
2025-07-01,00Q,"NHS BLACKBURN WITH DARWEN",382,11443.27,0,0
2025-07-01,03H,"NHS NORTH EAST LINCOLNSHIRE",384,11203.69,0,0
2025-07-01,01V,"NHS SOUTHPORT AND FORMBY",401,13372.05,0,0
2025-07-01,01X,"NHS ST HELENS",470,16033.05,0,0
2025-07-01,02T,"NHS CALDERDALE",486,18440.63,0,0
2025-07-01,01J,"NHS KNOWSLEY",492,15567.76,0,0
2025-07-01,01F,"NHS HALTON",517,17164.21,0,0
2025-07-01,02P,"NHS BARNSLEY",542,17882.89,0,0
2025-07-01,05D,"NHS EAST STAFFORDSHIRE",552,18621.98,0,0
2025-07-01,02Q,"NHS BASSETLAW",553,16908.83,0,0
2025-07-01,04Y,"NHS CANNOCK CHASE",568,20477.89,0,0
2025-07-01,00N,"NHS SOUTH TYNESIDE",575,21194.96,0,0
2025-07-01,02M,"NHS FYLDE AND WYRE",607,19743.89,0,0
2025-07-01,01T,"NHS SOUTH SEFTON",653,20663.95,0,0
2025-07-01,07G,"NHS THURROCK",666,20483.04,0,0
2025-07-01,99F,"NHS CASTLE POINT AND ROCHFORD",684,24324.96,0,0
2025-07-01,99C,"NHS NORTH TYNESIDE",701,29243.47,0,0
2025-07-01,99G,"NHS SOUTHEND",712,25785.37,0,0
2025-07-01,05V,"NHS STAFFORD AND SURROUNDS",719,24994.02,0,0
2025-07-01,02E,"NHS WARRINGTON",720,25341.38,0,0
2025-07-01,05Q,"NHS SOUTH EAST STAFFORDSHIRE AND SEISDON PENINSULA",757,29184.79,0,0
2025-07-01,00V,"NHS BURY",775,25998.96,0,0
2025-07-01,00T,"NHS BOLTON",778,25280.74,0,0
2025-07-01,00R,"NHS BLACKPOOL",790,24456.32,0,0
2025-07-01,02A,"NHS TRAFFORD",802,28925.42,0,0
2025-07-01,01Y,"NHS TAMESIDE AND GLOSSOP",816,29909.9,0,0
2025-07-01,01D,"NHS HEYWOOD, MIDDLETON AND ROCHDALE",836,27316.48,0,0
2025-07-01,05W,"NHS STOKE ON TRENT",856,27489.64,0,0
2025-07-01,99E,"NHS BASILDON AND BRENTWOOD",873,29283.23,0,0
2025-07-01,01G,"NHS SALFORD",877,29125.88,0,0
2025-07-01,12F,"NHS WIRRAL",880,31347.05,0,0
2025-07-01,00P,"NHS SUNDERLAND",898,33408.91,0,0
2025-07-01,00X,"NHS CHORLEY AND SOUTH RIBBLE",924,31573.78,0,0
2025-07-01,04C,"NHS LEICESTER CITY",935,31454.15,0,0
2025-07-01,10R,"NHS PORTSMOUTH",965,42214.8,0,0
2025-07-01,03K,"NHS NORTH LINCOLNSHIRE",998,27699.1,0,0
2025-07-01,01E,"NHS GREATER PRESTON",1004,35712.08,0,0
2025-07-01,02H,"NHS WIGAN BOROUGH",1100,37042.41,0,0
2025-07-01,06L,"NHS IPSWICH AND EAST SUFFOLK",1110,33179.28,0,0
2025-07-01,00Y,"NHS OLDHAM",1115,36204.77,0,0
2025-07-01,03R,"NHS WAKEFIELD",1121,39443.62,0,0
2025-07-01,05G,"NHS NORTH STAFFORDSHIRE",1142,38604.84,0,0
2025-07-01,09D,"NHS BRIGHTON AND HOVE",1201,49373.46,0,0
2025-07-01,11X,"NHS SOMERSET",1210,42917.19,0,0
2025-07-01,01A,"NHS EAST LANCASHIRE",1247,37922.04,0,0
2025-07-01,01K,"NHS MORECAMBE BAY",1262,45111.52,0,0
2025-07-01,06Q,"NHS MID ESSEX",1279,38010.07,0,0
2025-07-01,03Q,"NHS VALE OF YORK",1293,45993.03,0,0
2025-07-01,01W,"NHS STOCKPORT",1313,45624.03,0,0
2025-07-01,07H,"NHS WEST ESSEX",1383,42541.32,0,0
2025-07-01,06T,"NHS NORTH EAST ESSEX",1392,42224.44,0,0
2025-07-01,U2G6B,"NHS THAMES VALLEY ICB - U2G6B",1400,53485.78,0,0
2025-07-01,78H,"NHS NORTHAMPTONSHIRE",1423,43295.08,0,0
2025-07-01,01H,"NHS NORTH CUMBRIA",1427,50732.88,0,0
2025-07-01,04V,"NHS WEST LEICESTERSHIRE",1448,50091.11,0,0
2025-07-01,X2C4Y,"NHS KIRKLEES",1501,58576.74,0,0
2025-07-01,07K,"NHS WEST SUFFOLK",1531,44538.62,0,0
2025-07-01,00L,"NHS NORTHUMBERLAND",1627,57391.03,0,0
2025-07-01,99A,"NHS LIVERPOOL",1712,56216.2,0,0
2025-07-01,M2L0M,"NHS SHROPSHIRE, TELFORD AND WREKIN",1812,70536.38,0,0
2025-07-01,03L,"NHS ROTHERHAM",1901,57119.91,0,0
2025-07-01,03W,"NHS EAST LEICESTERSHIRE AND RUTLAND",1903,66142.95,0,0
2025-07-01,02X,"NHS DONCASTER",1905,57991.18,0,0
2025-07-01,11M,"NHS GLOUCESTERSHIRE",1950,70425.53,0,0
2025-07-01,36J,"NHS BRADFORD DISTRICT AND CRAVEN",1958,63331.38,0,0
2025-07-01,15A,"NHS BERKSHIRE WEST",2025,69531.84,0,0
2025-07-01,13T,"NHS NEWCASTLE GATESHEAD",2130,79590.61,0,0
2025-07-01,92G,"NHS BATH AND NORTH EAST SOMERSET, SWINDON AND WILTSHIRE",2361,88607.93,0,0
2025-07-01,14L,"NHS MANCHESTER",2416,80817.82,0,0
2025-07-01,84H,"NHS COUNTY DURHAM",2430,84955.11,0,0
2025-07-01,02Y,"NHS EAST RIDING OF YORKSHIRE",2441,79990.27,0,0
2025-07-01,03F,"NHS HULL",2451,76001.75,0,0
2025-07-01,11N,"NHS CORNWALL AND THE ISLES OF SCILLY",2480,81016.53,0,0
2025-07-01,15M,"NHS DERBY AND DERBYSHIRE",2530,97088.28,0,0
2025-07-01,15F,"NHS LEEDS",2584,88511.69,0,0
2025-07-01,27D,"NHS CHESHIRE",2678,90781.18,0,0
2025-07-01,06N,"NHS HERTS VALLEYS",2727,105700.45,0,0
2025-07-01,18C,"NHS HEREFORDSHIRE AND WORCESTERSHIRE",2789,106044.54,0,0
2025-07-01,97R,"NHS EAST SUSSEX",2884,104897.42,0,0
2025-07-01,14Y,"NHS BUCKINGHAMSHIRE",2924,104827.55,0,0
2025-07-01,42D,"NHS NORTH YORKSHIRE",3001,97694.14,0,0
2025-07-01,15C,"NHS BRISTOL, NORTH SOMERSET AND SOUTH GLOUCESTERSHIRE",3419,151044.66,0,0
2025-07-01,06K,"NHS EAST AND NORTH HERTFORDSHIRE",3448,104260.26,0,0
2025-07-01,70F,"NHS WEST SUSSEX",3492,134337.34,0,0
2025-07-01,10Q,"NHS OXFORDSHIRE",3505,129150.72,0,0
2025-07-01,11J,"NHS DORSET",3721,130571.17,0,0
2025-07-01,B2M3M,"NHS COVENTRY AND WARWICKSHIRE",3764,121797.83,0,0
2025-07-01,36L,"NHS SOUTH WEST LONDON",4440,167602.67,0,0
2025-07-01,93C,"NHS NORTH CENTRAL LONDON",4474,169664.62,0,0
2025-07-01,72Q,"NHS SOUTH EAST LONDON",4523,178283.85,0,0
2025-07-01,15E,"NHS BIRMINGHAM AND SOLIHULL",4830,175853.76,0,0
2025-07-01,52R,"NHS NOTTINGHAM AND NOTTINGHAMSHIRE",4857,162978.7,0,0
2025-07-01,92A,"NHS SURREY HEARTLANDS",4898,194219.01,0,0
2025-07-01,71E,"NHS LINCOLNSHIRE",5082,153276.92,0,0
2025-07-01,D2P2L,"NHS BLACK COUNTRY",5269,202204.34,0,0
2025-07-01,16C,"NHS TEES VALLEY",5290,177897.2,0,0
2025-07-01,M1J4Y,"NHS BEDFORDSHIRE, LUTON AND MILTON KEYNES",5306,182637.44,0,0
2025-07-01,03N,"NHS SHEFFIELD",5407,179227.53,0,0
2025-07-01,26A,"NHS NORFOLK AND WAVENEY",5843,192801.73,0,0
2025-07-01,15N,"NHS DEVON",6116,218225.92,0,0
2025-07-01,W2U3Z,"NHS NORTH WEST LONDON",6286,237040.91,0,0
2025-07-01,A3A8R,"NHS NORTH EAST LONDON",6324,234275.05,0,0
2025-07-01,06H,"NHS CAMBRIDGESHIRE AND PETERBOROUGH",6961,212926.21,0,0
2025-07-01,D9Y0V,"NHS HAMPSHIRE, SOUTHAMPTON AND ISLE OF WIGHT",9900,391924.33,0,0
2025-07-01,91Q,"NHS KENT AND MEDWAY",10801,384845.29,0,0
2025-08-01,09W,"NHS MEDWAY",0,0,0,0
2025-08-01,D4U1Y,"NHS FRIMLEY",12,372.56,0,0
2025-08-01,02G,"NHS WEST LANCASHIRE",270,8808.33,0,0
2025-08-01,00Q,"NHS BLACKBURN WITH DARWEN",325,9939.57,0,0
2025-08-01,03H,"NHS NORTH EAST LINCOLNSHIRE",338,10021.51,0,0
2025-08-01,02T,"NHS CALDERDALE",407,15912.57,0,0
2025-08-01,01V,"NHS SOUTHPORT AND FORMBY",421,14157.07,0,0
2025-08-01,01X,"NHS ST HELENS",442,14995.21,0,0
2025-08-01,01F,"NHS HALTON",477,16059.72,0,0
2025-08-01,01J,"NHS KNOWSLEY",478,14689.74,0,0
2025-08-01,05D,"NHS EAST STAFFORDSHIRE",499,16780.1,0,0
2025-08-01,02Q,"NHS BASSETLAW",511,15079.85,0,0
2025-08-01,04Y,"NHS CANNOCK CHASE",527,18984.29,0,0
2025-08-01,02P,"NHS BARNSLEY",528,17505.18,0,0
2025-08-01,00N,"NHS SOUTH TYNESIDE",535,19678.18,0,0
2025-08-01,02E,"NHS WARRINGTON",590,21018.8,0,0
2025-08-01,02M,"NHS FYLDE AND WYRE",605,19576.25,0,0
2025-08-01,01T,"NHS SOUTH SEFTON",611,19812.18,0,0
2025-08-01,07G,"NHS THURROCK",619,18933.36,0,0
2025-08-01,99F,"NHS CASTLE POINT AND ROCHFORD",622,21735.29,0,0
2025-08-01,05V,"NHS STAFFORD AND SURROUNDS",645,22335.51,0,0
2025-08-01,99C,"NHS NORTH TYNESIDE",645,27048.17,0,0
2025-08-01,99G,"NHS SOUTHEND",714,26330.75,0,0
2025-08-01,02A,"NHS TRAFFORD",716,26370.62,0,0
2025-08-01,05Q,"NHS SOUTH EAST STAFFORDSHIRE AND SEISDON PENINSULA",733,28377.1,0,0
2025-08-01,05W,"NHS STOKE ON TRENT",762,24164.71,0,0
2025-08-01,01Y,"NHS TAMESIDE AND GLOSSOP",771,28060.54,0,0
2025-08-01,00T,"NHS BOLTON",772,25267.31,0,0
2025-08-01,00R,"NHS BLACKPOOL",775,23737.88,0,0
2025-08-01,00V,"NHS BURY",794,26212,0,0
2025-08-01,01G,"NHS SALFORD",807,26797.42,0,0
2025-08-01,01D,"NHS HEYWOOD, MIDDLETON AND ROCHDALE",835,28473.59,0,0
2025-08-01,04C,"NHS LEICESTER CITY",836,28393.83,0,0
2025-08-01,99E,"NHS BASILDON AND BRENTWOOD",845,28833.68,0,0
2025-08-01,00P,"NHS SUNDERLAND",846,30402.35,0,0
2025-08-01,00X,"NHS CHORLEY AND SOUTH RIBBLE",861,29671.02,0,0
2025-08-01,12F,"NHS WIRRAL",869,30309.51,0,0
2025-08-01,03K,"NHS NORTH LINCOLNSHIRE",902,25535.47,0,0
2025-08-01,10R,"NHS PORTSMOUTH",903,39873.15,0,0
2025-08-01,03R,"NHS WAKEFIELD",921,32024.12,0,0
2025-08-01,01E,"NHS GREATER PRESTON",935,32336.32,0,0
2025-08-01,05G,"NHS NORTH STAFFORDSHIRE",985,33616.34,0,0
2025-08-01,06L,"NHS IPSWICH AND EAST SUFFOLK",992,29861.97,0,0
2025-08-01,11X,"NHS SOMERSET",1046,37201.49,0,0
2025-08-01,02H,"NHS WIGAN BOROUGH",1054,35578.86,0,0
2025-08-01,00Y,"NHS OLDHAM",1077,35752.04,0,0
2025-08-01,01A,"NHS EAST LANCASHIRE",1160,35891.59,0,0
2025-08-01,03Q,"NHS VALE OF YORK",1160,41674.46,0,0
2025-08-01,01K,"NHS MORECAMBE BAY",1181,41827.41,0,0
2025-08-01,U2G6B,"NHS THAMES VALLEY ICB - U2G6B",1183,46101.2,0,0
2025-08-01,01W,"NHS STOCKPORT",1202,42550.24,0,0
2025-08-01,06Q,"NHS MID ESSEX",1205,36294.4,0,0
2025-08-01,09D,"NHS BRIGHTON AND HOVE",1220,50538.92,0,0
2025-08-01,78H,"NHS NORTHAMPTONSHIRE",1225,37008.74,0,0
2025-08-01,04V,"NHS WEST LEICESTERSHIRE",1275,43785.7,0,0
2025-08-01,07H,"NHS WEST ESSEX",1295,39559.69,0,0
2025-08-01,06T,"NHS NORTH EAST ESSEX",1298,39326.7,0,0
2025-08-01,X2C4Y,"NHS KIRKLEES",1333,52845.49,0,0
2025-08-01,01H,"NHS NORTH CUMBRIA",1341,47768.93,0,0
2025-08-01,07K,"NHS WEST SUFFOLK",1403,40743.62,0,0
2025-08-01,00L,"NHS NORTHUMBERLAND",1527,54199.44,0,0
2025-08-01,99A,"NHS LIVERPOOL",1542,51026.83,0,0
2025-08-01,03W,"NHS EAST LEICESTERSHIRE AND RUTLAND",1713,60525.2,0,0
2025-08-01,03L,"NHS ROTHERHAM",1735,52386.36,0,0
2025-08-01,M2L0M,"NHS SHROPSHIRE, TELFORD AND WREKIN",1741,68427.29,0,0
2025-08-01,15A,"NHS BERKSHIRE WEST",1758,61709.2,0,0
2025-08-01,02X,"NHS DONCASTER",1772,52883.91,0,0
2025-08-01,11M,"NHS GLOUCESTERSHIRE",1776,63869.38,0,0
2025-08-01,36J,"NHS BRADFORD DISTRICT AND CRAVEN",1777,57829.16,0,0
2025-08-01,13T,"NHS NEWCASTLE GATESHEAD",1995,74947.15,0,0
2025-08-01,92G,"NHS BATH AND NORTH EAST SOMERSET, SWINDON AND WILTSHIRE",2055,77699.81,0,0
2025-08-01,14L,"NHS MANCHESTER",2218,74617.25,0,0
2025-08-01,84H,"NHS COUNTY DURHAM",2239,78849.62,0,0
2025-08-01,02Y,"NHS EAST RIDING OF YORKSHIRE",2241,73127.82,0,0
2025-08-01,03F,"NHS HULL",2253,69970.71,0,0
2025-08-01,11N,"NHS CORNWALL AND THE ISLES OF SCILLY",2344,76467.43,0,0
2025-08-01,15M,"NHS DERBY AND DERBYSHIRE",2354,89839.09,0,0
2025-08-01,15F,"NHS LEEDS",2411,83537.79,0,0
2025-08-01,18C,"NHS HEREFORDSHIRE AND WORCESTERSHIRE",2423,92181.12,0,0
2025-08-01,27D,"NHS CHESHIRE",2428,82417.02,0,0
2025-08-01,06N,"NHS HERTS VALLEYS",2614,100886.73,0,0
2025-08-01,14Y,"NHS BUCKINGHAMSHIRE",2694,96039.38,0,0
2025-08-01,97R,"NHS EAST SUSSEX",2707,98794.21,0,0
2025-08-01,42D,"NHS NORTH YORKSHIRE",2819,91287.78,0,0
2025-08-01,06K,"NHS EAST AND NORTH HERTFORDSHIRE",3018,90829.81,0,0
2025-08-01,10Q,"NHS OXFORDSHIRE",3129,116617.44,0,0
2025-08-01,15C,"NHS BRISTOL, NORTH SOMERSET AND SOUTH GLOUCESTERSHIRE",3172,140018.74,0,0
2025-08-01,70F,"NHS WEST SUSSEX",3311,126081.13,0,0
2025-08-01,B2M3M,"NHS COVENTRY AND WARWICKSHIRE",3331,108348.84,0,0
2025-08-01,11J,"NHS DORSET",3481,121957.44,0,0
2025-08-01,72Q,"NHS SOUTH EAST LONDON",4018,158592.81,0,0
2025-08-01,93C,"NHS NORTH CENTRAL LONDON",4109,152066.08,0,0
2025-08-01,36L,"NHS SOUTH WEST LONDON",4178,157238.13,0,0
2025-08-01,15E,"NHS BIRMINGHAM AND SOLIHULL",4330,160312.56,0,0
2025-08-01,52R,"NHS NOTTINGHAM AND NOTTINGHAMSHIRE",4441,150831.5,0,0
2025-08-01,92A,"NHS SURREY HEARTLANDS",4474,177537.81,0,0
2025-08-01,M1J4Y,"NHS BEDFORDSHIRE, LUTON AND MILTON KEYNES",4519,156320.08,0,0
2025-08-01,71E,"NHS LINCOLNSHIRE",4667,140713.79,0,0
2025-08-01,16C,"NHS TEES VALLEY",4689,156597.44,0,0
2025-08-01,03N,"NHS SHEFFIELD",4709,157825.94,0,0
2025-08-01,D2P2L,"NHS BLACK COUNTRY",4759,181971.15,0,0
2025-08-01,26A,"NHS NORFOLK AND WAVENEY",5358,176091.56,0,0
2025-08-01,15N,"NHS DEVON",5661,201987.74,0,0
2025-08-01,W2U3Z,"NHS NORTH WEST LONDON",5832,219890.74,0,0
2025-08-01,A3A8R,"NHS NORTH EAST LONDON",5896,216300.78,0,0
2025-08-01,06H,"NHS CAMBRIDGESHIRE AND PETERBOROUGH",6389,197350.21,0,0
2025-08-01,D9Y0V,"NHS HAMPSHIRE, SOUTHAMPTON AND ISLE OF WIGHT",9106,360833.31,0,0
2025-08-01,91Q,"NHS KENT AND MEDWAY",10009,357690.53,0,0
2025-09-01,09W,"NHS MEDWAY",0,0,0,0
2025-09-01,D4U1Y,"NHS FRIMLEY",4,133.05,0,0
2025-09-01,02G,"NHS WEST LANCASHIRE",318,10458.38,0,0
2025-09-01,00Q,"NHS BLACKBURN WITH DARWEN",389,12308.06,0,0
2025-09-01,01V,"NHS SOUTHPORT AND FORMBY",401,13239.32,0,0
2025-09-01,03H,"NHS NORTH EAST LINCOLNSHIRE",403,11811.63,0,0
2025-09-01,01X,"NHS ST HELENS",479,16326.06,0,0
2025-09-01,02T,"NHS CALDERDALE",483,18081.85,0,0
2025-09-01,01F,"NHS HALTON",492,16578.94,0,0
2025-09-01,01J,"NHS KNOWSLEY",511,16007.21,0,0
2025-09-01,05D,"NHS EAST STAFFORDSHIRE",544,18472.52,0,0
2025-09-01,04Y,"NHS CANNOCK CHASE",551,19716.48,0,0
2025-09-01,02Q,"NHS BASSETLAW",558,16895.88,0,0
2025-09-01,02P,"NHS BARNSLEY",578,18828.03,0,0
2025-09-01,00N,"NHS SOUTH TYNESIDE",580,21461.42,0,0
2025-09-01,02M,"NHS FYLDE AND WYRE",645,21078.74,0,0
2025-09-01,07G,"NHS THURROCK",648,19748.73,0,0
2025-09-01,99F,"NHS CASTLE POINT AND ROCHFORD",661,23119.92,0,0
2025-09-01,02E,"NHS WARRINGTON",666,23123.4,0,0
2025-09-01,05V,"NHS STAFFORD AND SURROUNDS",688,23968.19,0,0
2025-09-01,01T,"NHS SOUTH SEFTON",703,22274.28,0,0
2025-09-01,99C,"NHS NORTH TYNESIDE",708,29403.68,0,0
2025-09-01,05Q,"NHS SOUTH EAST STAFFORDSHIRE AND SEISDON PENINSULA",755,29276.14,0,0
2025-09-01,99G,"NHS SOUTHEND",775,28632.98,0,0
2025-09-01,02A,"NHS TRAFFORD",814,30256.25,0,0
2025-09-01,00R,"NHS BLACKPOOL",819,25015.78,0,0
2025-09-01,05W,"NHS STOKE ON TRENT",831,27050.89,0,0
2025-09-01,00T,"NHS BOLTON",844,27942.18,0,0
2025-09-01,00V,"NHS BURY",849,28753.67,0,0
2025-09-01,01D,"NHS HEYWOOD, MIDDLETON AND ROCHDALE",874,28434.73,0,0
2025-09-01,04C,"NHS LEICESTER CITY",892,29911.29,0,0
2025-09-01,01G,"NHS SALFORD",894,30549.78,0,0
2025-09-01,99E,"NHS BASILDON AND BRENTWOOD",909,30889.68,0,0
2025-09-01,01Y,"NHS TAMESIDE AND GLOSSOP",934,33396.71,0,0
2025-09-01,00P,"NHS SUNDERLAND",940,34966.27,0,0
2025-09-01,12F,"NHS WIRRAL",954,34274.83,0,0
2025-09-01,00X,"NHS CHORLEY AND SOUTH RIBBLE",961,33303.96,0,0
2025-09-01,03K,"NHS NORTH LINCOLNSHIRE",1000,28099.14,0,0
2025-09-01,05G,"NHS NORTH STAFFORDSHIRE",1011,33352.25,0,0
2025-09-01,01E,"NHS GREATER PRESTON",1016,35963.82,0,0
2025-09-01,10R,"NHS PORTSMOUTH",1025,44943.04,0,0
2025-09-01,03R,"NHS WAKEFIELD",1080,37974.72,0,0
2025-09-01,06L,"NHS IPSWICH AND EAST SUFFOLK",1089,31960.47,0,0
2025-09-01,11X,"NHS SOMERSET",1108,38977.84,0,0
2025-09-01,02H,"NHS WIGAN BOROUGH",1209,41167.76,0,0
2025-09-01,00Y,"NHS OLDHAM",1238,41181.46,0,0
2025-09-01,01A,"NHS EAST LANCASHIRE",1259,39054.96,0,0
2025-09-01,06Q,"NHS MID ESSEX",1271,37736.97,0,0
2025-09-01,03Q,"NHS VALE OF YORK",1299,46351.88,0,0
2025-09-01,01W,"NHS STOCKPORT",1316,46635.79,0,0
2025-09-01,09D,"NHS BRIGHTON AND HOVE",1317,52714.39,0,0
2025-09-01,01K,"NHS MORECAMBE BAY",1347,48203.14,0,0
2025-09-01,78H,"NHS NORTHAMPTONSHIRE",1347,40801.37,0,0
2025-09-01,04V,"NHS WEST LEICESTERSHIRE",1383,47961.21,0,0
2025-09-01,06T,"NHS NORTH EAST ESSEX",1408,42349.77,0,0
2025-09-01,U2G6B,"NHS THAMES VALLEY ICB - U2G6B",1414,54497.84,0,0
2025-09-01,07H,"NHS WEST ESSEX",1425,43943.72,0,0
2025-09-01,07K,"NHS WEST SUFFOLK",1465,42941.3,0,0
2025-09-01,01H,"NHS NORTH CUMBRIA",1473,52200.12,0,0
2025-09-01,X2C4Y,"NHS KIRKLEES",1535,60422.39,0,0
2025-09-01,00L,"NHS NORTHUMBERLAND",1652,58202.85,0,0
2025-09-01,99A,"NHS LIVERPOOL",1698,56177.05,0,0
2025-09-01,M2L0M,"NHS SHROPSHIRE, TELFORD AND WREKIN",1813,70208.27,0,0
2025-09-01,03W,"NHS EAST LEICESTERSHIRE AND RUTLAND",1874,64476.6,0,0
2025-09-01,02X,"NHS DONCASTER",1882,55987.82,0,0
2025-09-01,03L,"NHS ROTHERHAM",1929,57945.17,0,0
2025-09-01,11M,"NHS GLOUCESTERSHIRE",1952,71754.3,0,0
2025-09-01,15A,"NHS BERKSHIRE WEST",1975,68925.26,0,0
2025-09-01,36J,"NHS BRADFORD DISTRICT AND CRAVEN",2012,65963.42,0,0
2025-09-01,13T,"NHS NEWCASTLE GATESHEAD",2176,81215.4,0,0
2025-09-01,92G,"NHS BATH AND NORTH EAST SOMERSET, SWINDON AND WILTSHIRE",2289,84973.27,0,0
2025-09-01,02Y,"NHS EAST RIDING OF YORKSHIRE",2303,76592.16,0,0
2025-09-01,03F,"NHS HULL",2400,74602.46,0,0
2025-09-01,84H,"NHS COUNTY DURHAM",2456,84486.29,0,0
2025-09-01,11N,"NHS CORNWALL AND THE ISLES OF SCILLY",2571,83812.95,0,0
2025-09-01,15M,"NHS DERBY AND DERBYSHIRE",2573,99104.39,0,0
2025-09-01,14L,"NHS MANCHESTER",2589,86274.71,0,0
2025-09-01,15F,"NHS LEEDS",2673,90867.24,0,0
2025-09-01,27D,"NHS CHESHIRE",2701,92674.69,0,0
2025-09-01,18C,"NHS HEREFORDSHIRE AND WORCESTERSHIRE",2729,103074.01,0,0
2025-09-01,06N,"NHS HERTS VALLEYS",2830,109334.33,0,0
2025-09-01,97R,"NHS EAST SUSSEX",2984,108859.4,0,0
2025-09-01,14Y,"NHS BUCKINGHAMSHIRE",2987,108389.94,0,0
2025-09-01,42D,"NHS NORTH YORKSHIRE",3046,98289.32,0,0
2025-09-01,10Q,"NHS OXFORDSHIRE",3357,125106.16,0,0
2025-09-01,06K,"NHS EAST AND NORTH HERTFORDSHIRE",3423,102606.82,0,0
2025-09-01,15C,"NHS BRISTOL, NORTH SOMERSET AND SOUTH GLOUCESTERSHIRE",3584,158717.21,0,0
2025-09-01,11J,"NHS DORSET",3739,131293.38,0,0
2025-09-01,70F,"NHS WEST SUSSEX",3779,144507.08,0,0
2025-09-01,B2M3M,"NHS COVENTRY AND WARWICKSHIRE",3813,123505.71,0,0
2025-09-01,72Q,"NHS SOUTH EAST LONDON",4506,178220.8,0,0
2025-09-01,93C,"NHS NORTH CENTRAL LONDON",4656,173061.87,0,0
2025-09-01,92A,"NHS SURREY HEARTLANDS",4760,188796.96,0,0
2025-09-01,36L,"NHS SOUTH WEST LONDON",4763,179753.63,0,0
2025-09-01,52R,"NHS NOTTINGHAM AND NOTTINGHAMSHIRE",4836,163806.14,0,0
2025-09-01,M1J4Y,"NHS BEDFORDSHIRE, LUTON AND MILTON KEYNES",4936,171554.6,0,0
2025-09-01,15E,"NHS BIRMINGHAM AND SOLIHULL",5056,187112.42,0,0
2025-09-01,03N,"NHS SHEFFIELD",5082,170298.38,0,0
2025-09-01,71E,"NHS LINCOLNSHIRE",5096,152741.45,0,0
2025-09-01,16C,"NHS TEES VALLEY",5222,175426.81,0,0
2025-09-01,D2P2L,"NHS BLACK COUNTRY",5261,201835.78,0,0
2025-09-01,26A,"NHS NORFOLK AND WAVENEY",5891,193634.22,0,0
2025-09-01,15N,"NHS DEVON",6035,215337.38,0,0
2025-09-01,A3A8R,"NHS NORTH EAST LONDON",6357,234399.83,0,0
2025-09-01,W2U3Z,"NHS NORTH WEST LONDON",6365,238323.64,0,0
2025-09-01,06H,"NHS CAMBRIDGESHIRE AND PETERBOROUGH",6878,212298.04,0,0
2025-09-01,D9Y0V,"NHS HAMPSHIRE, SOUTHAMPTON AND ISLE OF WIGHT",10184,403717.44,0,0
2025-09-01,91Q,"NHS KENT AND MEDWAY",10726,381778.7,0,0
2025-10-01,09W,"NHS MEDWAY",0,0,0,0
2025-10-01,D4U1Y,"NHS FRIMLEY",17,465.72,0,0
2025-10-01,02G,"NHS WEST LANCASHIRE",344,11456.37,0,0
2025-10-01,00Q,"NHS BLACKBURN WITH DARWEN",406,12281.79,0,0
2025-10-01,03H,"NHS NORTH EAST LINCOLNSHIRE",464,13826.97,0,0
2025-10-01,01V,"NHS SOUTHPORT AND FORMBY",479,15875.37,0,0
2025-10-01,01X,"NHS ST HELENS",511,17257.62,0,0
2025-10-01,01F,"NHS HALTON",523,17404.06,0,0
2025-10-01,02T,"NHS CALDERDALE",537,20130.9,0,0
2025-10-01,04Y,"NHS CANNOCK CHASE",537,19488.38,0,0
2025-10-01,02Q,"NHS BASSETLAW",544,16487.49,0,0
2025-10-01,01J,"NHS KNOWSLEY",560,17218.3,0,0
2025-10-01,05D,"NHS EAST STAFFORDSHIRE",562,19305.41,0,0
2025-10-01,02P,"NHS BARNSLEY",640,20936.41,0,0
2025-10-01,00N,"NHS SOUTH TYNESIDE",646,23750.16,0,0
2025-10-01,02M,"NHS FYLDE AND WYRE",656,21613.23,0,0
2025-10-01,99F,"NHS CASTLE POINT AND ROCHFORD",686,23668.52,0,0
2025-10-01,01T,"NHS SOUTH SEFTON",687,21941.71,0,0
2025-10-01,07G,"NHS THURROCK",705,21721.09,0,0
2025-10-01,05V,"NHS STAFFORD AND SURROUNDS",724,25222.55,0,0
2025-10-01,99C,"NHS NORTH TYNESIDE",736,31199.82,0,0
2025-10-01,02E,"NHS WARRINGTON",747,26316.7,0,0
2025-10-01,99G,"NHS SOUTHEND",778,28074.5,0,0
2025-10-01,05Q,"NHS SOUTH EAST STAFFORDSHIRE AND SEISDON PENINSULA",819,31370.73,0,0
2025-10-01,00R,"NHS BLACKPOOL",852,25681.36,0,0
2025-10-01,05W,"NHS STOKE ON TRENT",872,27876.14,0,0
2025-10-01,00V,"NHS BURY",890,29805.05,0,0
2025-10-01,00T,"NHS BOLTON",922,30324.09,0,0
2025-10-01,01D,"NHS HEYWOOD, MIDDLETON AND ROCHDALE",931,31228.8,0,0
2025-10-01,02A,"NHS TRAFFORD",936,34208.22,0,0
2025-10-01,01Y,"NHS TAMESIDE AND GLOSSOP",940,33224.01,0,0
2025-10-01,01G,"NHS SALFORD",946,30976.19,0,0
2025-10-01,99E,"NHS BASILDON AND BRENTWOOD",946,31982.52,0,0
2025-10-01,04C,"NHS LEICESTER CITY",960,32452.76,0,0
2025-10-01,03K,"NHS NORTH LINCOLNSHIRE",1013,28529.03,0,0
2025-10-01,00X,"NHS CHORLEY AND SOUTH RIBBLE",1014,35233.4,0,0
2025-10-01,12F,"NHS WIRRAL",1025,36789.72,0,0
2025-10-01,10R,"NHS PORTSMOUTH",1034,45262.57,0,0
2025-10-01,01E,"NHS GREATER PRESTON",1072,37271.49,0,0
2025-10-01,05G,"NHS NORTH STAFFORDSHIRE",1112,37275.08,0,0
2025-10-01,00P,"NHS SUNDERLAND",1138,40315.84,0,0
2025-10-01,06L,"NHS IPSWICH AND EAST SUFFOLK",1144,34229.79,0,0
2025-10-01,02H,"NHS WIGAN BOROUGH",1208,40569.42,0,0
2025-10-01,03R,"NHS WAKEFIELD",1218,41702.64,0,0
2025-10-01,11X,"NHS SOMERSET",1218,42659,0,0
2025-10-01,00Y,"NHS OLDHAM",1263,41208.51,0,0
2025-10-01,01A,"NHS EAST LANCASHIRE",1343,41054,0,0
2025-10-01,03Q,"NHS VALE OF YORK",1368,49115.5,0,0
2025-10-01,06Q,"NHS MID ESSEX",1371,40913.82,0,0
2025-10-01,01W,"NHS STOCKPORT",1408,50281.61,0,0
2025-10-01,78H,"NHS NORTHAMPTONSHIRE",1420,42987.56,0,0
2025-10-01,07H,"NHS WEST ESSEX",1447,43656.28,0,0
2025-10-01,09D,"NHS BRIGHTON AND HOVE",1455,59499.72,0,0
2025-10-01,U2G6B,"NHS THAMES VALLEY ICB - U2G6B",1464,57248.5,0,0
2025-10-01,04V,"NHS WEST LEICESTERSHIRE",1470,51038.17,0,0
2025-10-01,06T,"NHS NORTH EAST ESSEX",1482,44546.44,0,0
2025-10-01,01K,"NHS MORECAMBE BAY",1490,52650.81,0,0
2025-10-01,07K,"NHS WEST SUFFOLK",1507,44099.25,0,0
2025-10-01,01H,"NHS NORTH CUMBRIA",1534,54644.72,0,0
2025-10-01,X2C4Y,"NHS KIRKLEES",1548,59377.06,0,0
2025-10-01,00L,"NHS NORTHUMBERLAND",1745,61711.25,0,0
2025-10-01,99A,"NHS LIVERPOOL",1768,57774.26,0,0
2025-10-01,02X,"NHS DONCASTER",1920,58597.29,0,0
2025-10-01,03W,"NHS EAST LEICESTERSHIRE AND RUTLAND",1920,67125.07,0,0
2025-10-01,M2L0M,"NHS SHROPSHIRE, TELFORD AND WREKIN",1962,77274.34,0,0
2025-10-01,11M,"NHS GLOUCESTERSHIRE",2007,70793.17,0,0
2025-10-01,15A,"NHS BERKSHIRE WEST",2065,73010.43,0,0
2025-10-01,03L,"NHS ROTHERHAM",2116,63500.71,0,0
2025-10-01,36J,"NHS BRADFORD DISTRICT AND CRAVEN",2200,71717.83,0,0
2025-10-01,13T,"NHS NEWCASTLE GATESHEAD",2300,84941.59,0,0
2025-10-01,02Y,"NHS EAST RIDING OF YORKSHIRE",2501,81948.39,0,0
2025-10-01,92G,"NHS BATH AND NORTH EAST SOMERSET, SWINDON AND WILTSHIRE",2510,92292.34,0,0
2025-10-01,03F,"NHS HULL",2568,79883.65,0,0
2025-10-01,84H,"NHS COUNTY DURHAM",2606,90955.23,0,0
2025-10-01,15M,"NHS DERBY AND DERBYSHIRE",2638,99806.46,0,0
2025-10-01,14L,"NHS MANCHESTER",2792,93433.63,0,0
2025-10-01,11N,"NHS CORNWALL AND THE ISLES OF SCILLY",2854,92561.26,0,0
2025-10-01,15F,"NHS LEEDS",2905,100021.51,0,0
2025-10-01,18C,"NHS HEREFORDSHIRE AND WORCESTERSHIRE",2969,113758.86,0,0
2025-10-01,27D,"NHS CHESHIRE",3040,103481.24,0,0
2025-10-01,14Y,"NHS BUCKINGHAMSHIRE",3080,109652.38,0,0
2025-10-01,06N,"NHS HERTS VALLEYS",3142,121675.22,0,0
2025-10-01,42D,"NHS NORTH YORKSHIRE",3218,103221.39,0,0
2025-10-01,97R,"NHS EAST SUSSEX",3258,116354.05,0,0
2025-10-01,10Q,"NHS OXFORDSHIRE",3621,134664.48,0,0
2025-10-01,06K,"NHS EAST AND NORTH HERTFORDSHIRE",3791,113815.46,0,0
2025-10-01,15C,"NHS BRISTOL, NORTH SOMERSET AND SOUTH GLOUCESTERSHIRE",3835,168848.55,0,0
2025-10-01,70F,"NHS WEST SUSSEX",4051,153322.92,0,0
2025-10-01,11J,"NHS DORSET",4102,142606.74,0,0
2025-10-01,B2M3M,"NHS COVENTRY AND WARWICKSHIRE",4161,135577.67,0,0
2025-10-01,72Q,"NHS SOUTH EAST LONDON",4906,192752.58,0,0
2025-10-01,52R,"NHS NOTTINGHAM AND NOTTINGHAMSHIRE",5068,171952.06,0,0
2025-10-01,93C,"NHS NORTH CENTRAL LONDON",5097,188191.2,0,0
2025-10-01,36L,"NHS SOUTH WEST LONDON",5109,192607.47,0,0
2025-10-01,92A,"NHS SURREY HEARTLANDS",5362,213620.8,0,0
2025-10-01,M1J4Y,"NHS BEDFORDSHIRE, LUTON AND MILTON KEYNES",5363,185196.29,0,0
2025-10-01,15E,"NHS BIRMINGHAM AND SOLIHULL",5397,199447.54,0,0
2025-10-01,16C,"NHS TEES VALLEY",5430,182906.62,0,0
2025-10-01,D2P2L,"NHS BLACK COUNTRY",5430,208648.89,0,0
2025-10-01,71E,"NHS LINCOLNSHIRE",5459,165399.36,0,0
2025-10-01,03N,"NHS SHEFFIELD",5543,184795.9,0,0
2025-10-01,26A,"NHS NORFOLK AND WAVENEY",6028,196456.1,0,0
2025-10-01,15N,"NHS DEVON",6467,232080.81,0,0
2025-10-01,W2U3Z,"NHS NORTH WEST LONDON",6855,255364.04,0,0
2025-10-01,A3A8R,"NHS NORTH EAST LONDON",6930,253042.75,0,0
2025-10-01,06H,"NHS CAMBRIDGESHIRE AND PETERBOROUGH",7454,228578.21,0,0
2025-10-01,D9Y0V,"NHS HAMPSHIRE, SOUTHAMPTON AND ISLE OF WIGHT",11042,438728.86,0,0
2025-10-01,91Q,"NHS KENT AND MEDWAY",11448,408459.02,0,0
2025-11-01,09W,"NHS MEDWAY",0,0,0,0
2025-11-01,D4U1Y,"NHS FRIMLEY",19,545.63,0,0
2025-11-01,02G,"NHS WEST LANCASHIRE",359,12069.35,0,0
2025-11-01,01V,"NHS SOUTHPORT AND FORMBY",430,14411.37,0,0
2025-11-01,03H,"NHS NORTH EAST LINCOLNSHIRE",435,12530.41,0,0
2025-11-01,04Y,"NHS CANNOCK CHASE",461,16501.39,0,0
2025-11-01,00Q,"NHS BLACKBURN WITH DARWEN",466,15303.05,0,0
2025-11-01,01F,"NHS HALTON",494,16527.15,0,0
2025-11-01,02T,"NHS CALDERDALE",501,18695.47,0,0
2025-11-01,01X,"NHS ST HELENS",506,16700.31,0,0
2025-11-01,02Q,"NHS BASSETLAW",506,15144.06,0,0
2025-11-01,01J,"NHS KNOWSLEY",522,17219.25,0,0
2025-11-01,05D,"NHS EAST STAFFORDSHIRE",550,18535.64,0,0
2025-11-01,02P,"NHS BARNSLEY",554,18534.39,0,0
2025-11-01,00N,"NHS SOUTH TYNESIDE",607,22687.39,0,0
2025-11-01,99C,"NHS NORTH TYNESIDE",640,27157.29,0,0
2025-11-01,02M,"NHS FYLDE AND WYRE",645,22131.49,0,0
2025-11-01,07G,"NHS THURROCK",672,20305.79,0,0
2025-11-01,05V,"NHS STAFFORD AND SURROUNDS",680,24191.6,0,0
2025-11-01,99F,"NHS CASTLE POINT AND ROCHFORD",687,23451.26,0,0
2025-11-01,01T,"NHS SOUTH SEFTON",690,21464.61,0,0
2025-11-01,02E,"NHS WARRINGTON",712,24788.71,0,0
2025-11-01,05Q,"NHS SOUTH EAST STAFFORDSHIRE AND SEISDON PENINSULA",744,29363.92,0,0
2025-11-01,99G,"NHS SOUTHEND",753,27664.15,0,0
2025-11-01,05W,"NHS STOKE ON TRENT",810,25709.53,0,0
2025-11-01,00R,"NHS BLACKPOOL",843,26055.71,0,0
2025-11-01,00V,"NHS BURY",854,29062.1,0,0
2025-11-01,02A,"NHS TRAFFORD",875,31909.03,0,0
2025-11-01,01D,"NHS HEYWOOD, MIDDLETON AND ROCHDALE",896,29860.79,0,0
2025-11-01,01G,"NHS SALFORD",903,30432.76,0,0
2025-11-01,04C,"NHS LEICESTER CITY",904,30685.67,0,0
2025-11-01,00T,"NHS BOLTON",922,30313.43,0,0
2025-11-01,01Y,"NHS TAMESIDE AND GLOSSOP",950,34650.11,0,0
2025-11-01,99E,"NHS BASILDON AND BRENTWOOD",957,32567.65,0,0
2025-11-01,00X,"NHS CHORLEY AND SOUTH RIBBLE",969,32921.08,0,0
2025-11-01,12F,"NHS WIRRAL",970,34424.28,0,0
2025-11-01,01E,"NHS GREATER PRESTON",996,34551.88,0,0
2025-11-01,00P,"NHS SUNDERLAND",1006,37058.47,0,0
2025-11-01,03K,"NHS NORTH LINCOLNSHIRE",1017,29002.1,0,0
2025-11-01,10R,"NHS PORTSMOUTH",1044,45226.35,0,0
2025-11-01,06L,"NHS IPSWICH AND EAST SUFFOLK",1048,30530.95,0,0
2025-11-01,05G,"NHS NORTH STAFFORDSHIRE",1061,35816.96,0,0
2025-11-01,03R,"NHS WAKEFIELD",1121,38884.61,0,0
2025-11-01,11X,"NHS SOMERSET",1141,41029.31,0,0
2025-11-01,02H,"NHS WIGAN BOROUGH",1235,41743.58,0,0
2025-11-01,00Y,"NHS OLDHAM",1243,41105.21,0,0
2025-11-01,06Q,"NHS MID ESSEX",1283,38039.14,0,0
2025-11-01,01A,"NHS EAST LANCASHIRE",1290,40043.14,0,0
2025-11-01,03Q,"NHS VALE OF YORK",1315,47598.49,0,0
2025-11-01,78H,"NHS NORTHAMPTONSHIRE",1317,39487.71,0,0
2025-11-01,04V,"NHS WEST LEICESTERSHIRE",1345,46457.19,0,0
2025-11-01,09D,"NHS BRIGHTON AND HOVE",1381,56284.49,0,0
2025-11-01,01W,"NHS STOCKPORT",1388,49340.9,0,0
2025-11-01,06T,"NHS NORTH EAST ESSEX",1395,41771.81,0,0
2025-11-01,07K,"NHS WEST SUFFOLK",1439,41649.24,0,0
2025-11-01,01K,"NHS MORECAMBE BAY",1440,51140.97,0,0
2025-11-01,U2G6B,"NHS THAMES VALLEY ICB - U2G6B",1478,56591.65,0,0
2025-11-01,07H,"NHS WEST ESSEX",1479,45740.88,0,0
2025-11-01,01H,"NHS NORTH CUMBRIA",1517,53914.78,0,0
2025-11-01,X2C4Y,"NHS KIRKLEES",1527,58494.63,0,0
2025-11-01,00L,"NHS NORTHUMBERLAND",1641,58130.93,0,0
2025-11-01,99A,"NHS LIVERPOOL",1750,57752.3,0,0
2025-11-01,03W,"NHS EAST LEICESTERSHIRE AND RUTLAND",1754,61086.21,0,0
2025-11-01,02X,"NHS DONCASTER",1792,54434.11,0,0
2025-11-01,M2L0M,"NHS SHROPSHIRE, TELFORD AND WREKIN",1870,73031.86,0,0
2025-11-01,11M,"NHS GLOUCESTERSHIRE",1896,69212.03,0,0
2025-11-01,03L,"NHS ROTHERHAM",1925,57839.25,0,0
2025-11-01,15A,"NHS BERKSHIRE WEST",2005,69974.14,0,0
2025-11-01,36J,"NHS BRADFORD DISTRICT AND CRAVEN",2096,67281.5,0,0
2025-11-01,13T,"NHS NEWCASTLE GATESHEAD",2185,80903.11,0,0
2025-11-01,92G,"NHS BATH AND NORTH EAST SOMERSET, SWINDON AND WILTSHIRE",2340,87137.32,0,0
2025-11-01,02Y,"NHS EAST RIDING OF YORKSHIRE",2385,77217.16,0,0
2025-11-01,03F,"NHS HULL",2409,74557.35,0,0
2025-11-01,84H,"NHS COUNTY DURHAM",2497,85284.93,0,0
2025-11-01,15M,"NHS DERBY AND DERBYSHIRE",2559,96561.75,0,0
2025-11-01,11N,"NHS CORNWALL AND THE ISLES OF SCILLY",2604,84739.11,0,0
2025-11-01,14L,"NHS MANCHESTER",2688,90513.27,0,0
2025-11-01,15F,"NHS LEEDS",2787,95222.72,0,0
2025-11-01,27D,"NHS CHESHIRE",2840,96633.65,0,0
2025-11-01,18C,"NHS HEREFORDSHIRE AND WORCESTERSHIRE",2902,109199.61,0,0
2025-11-01,42D,"NHS NORTH YORKSHIRE",3052,97130.54,0,0
2025-11-01,14Y,"NHS BUCKINGHAMSHIRE",3060,110798.97,0,0
2025-11-01,06N,"NHS HERTS VALLEYS",3085,118662.48,0,0
2025-11-01,97R,"NHS EAST SUSSEX",3281,118885.54,0,0
2025-11-01,10Q,"NHS OXFORDSHIRE",3458,127521.18,0,0
2025-11-01,06K,"NHS EAST AND NORTH HERTFORDSHIRE",3541,106809.13,0,0
2025-11-01,15C,"NHS BRISTOL, NORTH SOMERSET AND SOUTH GLOUCESTERSHIRE",3713,162945.12,0,0
2025-11-01,70F,"NHS WEST SUSSEX",3852,145508.28,0,0
2025-11-01,B2M3M,"NHS COVENTRY AND WARWICKSHIRE",3853,124719.48,0,0
2025-11-01,11J,"NHS DORSET",3868,133384.09,0,0
2025-11-01,52R,"NHS NOTTINGHAM AND NOTTINGHAMSHIRE",4779,162419.41,0,0
2025-11-01,36L,"NHS SOUTH WEST LONDON",4846,180142.28,0,0
2025-11-01,72Q,"NHS SOUTH EAST LONDON",4860,189892.74,0,0
2025-11-01,71E,"NHS LINCOLNSHIRE",5060,153053.34,0,0
2025-11-01,15E,"NHS BIRMINGHAM AND SOLIHULL",5067,187567.57,0,0
2025-11-01,92A,"NHS SURREY HEARTLANDS",5071,199456.81,0,0
2025-11-01,93C,"NHS NORTH CENTRAL LONDON",5168,189697.14,0,0
2025-11-01,16C,"NHS TEES VALLEY",5174,172994.24,0,0
2025-11-01,03N,"NHS SHEFFIELD",5207,172375.42,0,0
2025-11-01,D2P2L,"NHS BLACK COUNTRY",5207,199896.78,0,0
2025-11-01,M1J4Y,"NHS BEDFORDSHIRE, LUTON AND MILTON KEYNES",5322,183320.33,0,0
2025-11-01,26A,"NHS NORFOLK AND WAVENEY",6059,197517.21,0,0
2025-11-01,15N,"NHS DEVON",6230,224079.06,0,0
2025-11-01,W2U3Z,"NHS NORTH WEST LONDON",6550,241660.05,0,0
2025-11-01,A3A8R,"NHS NORTH EAST LONDON",6839,249403.81,0,0
2025-11-01,06H,"NHS CAMBRIDGESHIRE AND PETERBOROUGH",6842,210578.46,0,0
2025-11-01,D9Y0V,"NHS HAMPSHIRE, SOUTHAMPTON AND ISLE OF WIGHT",10834,427567.36,0,0
2025-11-01,91Q,"NHS KENT AND MEDWAY",11195,398707.19,0,0
2025-12-01,09W,"NHS MEDWAY",0,0,0,0
2025-12-01,D4U1Y,"NHS FRIMLEY",35,1117.83,0,0
2025-12-01,02G,"NHS WEST LANCASHIRE",427,14371.72,0,0
2025-12-01,00Q,"NHS BLACKBURN WITH DARWEN",450,14066.09,0,0
2025-12-01,04Y,"NHS CANNOCK CHASE",499,17701.11,0,0
2025-12-01,03H,"NHS NORTH EAST LINCOLNSHIRE",509,14720.07,0,0
2025-12-01,01V,"NHS SOUTHPORT AND FORMBY",526,17459.1,0,0
2025-12-01,02T,"NHS CALDERDALE",569,20918.24,0,0
2025-12-01,01F,"NHS HALTON",586,19388.71,0,0
2025-12-01,01X,"NHS ST HELENS",607,21011.88,0,0
2025-12-01,02Q,"NHS BASSETLAW",629,18939.49,0,0
2025-12-01,01J,"NHS KNOWSLEY",644,21198.53,0,0
2025-12-01,02P,"NHS BARNSLEY",663,21863.33,0,0
2025-12-01,05D,"NHS EAST STAFFORDSHIRE",676,22855.72,0,0
2025-12-01,00N,"NHS SOUTH TYNESIDE",698,25656.82,0,0
2025-12-01,02M,"NHS FYLDE AND WYRE",734,24100.4,0,0
2025-12-01,99C,"NHS NORTH TYNESIDE",750,31309.53,0,0
2025-12-01,02E,"NHS WARRINGTON",785,27355.77,0,0
2025-12-01,07G,"NHS THURROCK",797,24737.28,0,0
2025-12-01,05V,"NHS STAFFORD AND SURROUNDS",804,27952.45,0,0
2025-12-01,99F,"NHS CASTLE POINT AND ROCHFORD",807,27995.69,0,0
2025-12-01,01T,"NHS SOUTH SEFTON",840,26867.71,0,0
2025-12-01,05Q,"NHS SOUTH EAST STAFFORDSHIRE AND SEISDON PENINSULA",840,32102.57,0,0
2025-12-01,99G,"NHS SOUTHEND",861,31776.5,0,0
2025-12-01,00R,"NHS BLACKPOOL",932,28451.8,0,0
2025-12-01,05W,"NHS STOKE ON TRENT",933,30872.85,0,0
2025-12-01,04C,"NHS LEICESTER CITY",960,32629.11,0,0
2025-12-01,00T,"NHS BOLTON",1056,34598.96,0,0
2025-12-01,02A,"NHS TRAFFORD",1068,38177.51,0,0
2025-12-01,01D,"NHS HEYWOOD, MIDDLETON AND ROCHDALE",1071,35583.58,0,0
2025-12-01,99E,"NHS BASILDON AND BRENTWOOD",1073,37052.67,0,0
2025-12-01,01G,"NHS SALFORD",1090,36541.62,0,0
2025-12-01,01Y,"NHS TAMESIDE AND GLOSSOP",1093,39281.92,0,0
2025-12-01,12F,"NHS WIRRAL",1103,39641.15,0,0
2025-12-01,03K,"NHS NORTH LINCOLNSHIRE",1119,31150.24,0,0
2025-12-01,10R,"NHS PORTSMOUTH",1130,49964.07,0,0
2025-12-01,00V,"NHS BURY",1132,38271.39,0,0
2025-12-01,01E,"NHS GREATER PRESTON",1187,40864.98,0,0
2025-12-01,00X,"NHS CHORLEY AND SOUTH RIBBLE",1188,40932.55,0,0
2025-12-01,06L,"NHS IPSWICH AND EAST SUFFOLK",1195,35455.82,0,0
2025-12-01,05G,"NHS NORTH STAFFORDSHIRE",1200,40264.48,0,0
2025-12-01,00P,"NHS SUNDERLAND",1237,44671.06,0,0
2025-12-01,11X,"NHS SOMERSET",1258,44675.31,0,0
2025-12-01,03R,"NHS WAKEFIELD",1265,43372.22,0,0
2025-12-01,01A,"NHS EAST LANCASHIRE",1392,42654.21,0,0
2025-12-01,00Y,"NHS OLDHAM",1413,47307.06,0,0
2025-12-01,02H,"NHS WIGAN BOROUGH",1442,49223.01,0,0
2025-12-01,78H,"NHS NORTHAMPTONSHIRE",1451,43018.64,0,0
2025-12-01,06Q,"NHS MID ESSEX",1471,43424.89,0,0
2025-12-01,03Q,"NHS VALE OF YORK",1487,53509.8,0,0
2025-12-01,01W,"NHS STOCKPORT",1531,54797.77,0,0
2025-12-01,04V,"NHS WEST LEICESTERSHIRE",1540,53362.27,0,0
2025-12-01,06T,"NHS NORTH EAST ESSEX",1568,47494.35,0,0
2025-12-01,U2G6B,"NHS THAMES VALLEY ICB - U2G6B",1581,60448.41,0,0
2025-12-01,09D,"NHS BRIGHTON AND HOVE",1603,65985.86,0,0
2025-12-01,07H,"NHS WEST ESSEX",1636,49340.38,0,0
2025-12-01,07K,"NHS WEST SUFFOLK",1643,48012.32,0,0
2025-12-01,01H,"NHS NORTH CUMBRIA",1654,57381.31,0,0
2025-12-01,X2C4Y,"NHS KIRKLEES",1714,66272.43,0,0
2025-12-01,01K,"NHS MORECAMBE BAY",1762,63025.73,0,0
2025-12-01,00L,"NHS NORTHUMBERLAND",1855,66205.06,0,0
2025-12-01,99A,"NHS LIVERPOOL",1991,65933.94,0,0
2025-12-01,03W,"NHS EAST LEICESTERSHIRE AND RUTLAND",2039,70836.73,0,0
2025-12-01,02X,"NHS DONCASTER",2056,62217.77,0,0
2025-12-01,11M,"NHS GLOUCESTERSHIRE",2078,72716.63,0,0
2025-12-01,M2L0M,"NHS SHROPSHIRE, TELFORD AND WREKIN",2139,84276.88,0,0
2025-12-01,03L,"NHS ROTHERHAM",2204,66442.6,0,0
2025-12-01,15A,"NHS BERKSHIRE WEST",2335,81895.73,0,0
2025-12-01,36J,"NHS BRADFORD DISTRICT AND CRAVEN",2355,76485.02,0,0
2025-12-01,13T,"NHS NEWCASTLE GATESHEAD",2441,89807.36,0,0
2025-12-01,03F,"NHS HULL",2647,81811.72,0,0
2025-12-01,92G,"NHS BATH AND NORTH EAST SOMERSET, SWINDON AND WILTSHIRE",2650,100014.24,0,0
2025-12-01,02Y,"NHS EAST RIDING OF YORKSHIRE",2698,87578.32,0,0
2025-12-01,15M,"NHS DERBY AND DERBYSHIRE",2816,106298.7,0,0
2025-12-01,14L,"NHS MANCHESTER",2953,99138.53,0,0
2025-12-01,84H,"NHS COUNTY DURHAM",2985,102994.59,0,0
2025-12-01,15F,"NHS LEEDS",3085,105754.9,0,0
2025-12-01,11N,"NHS CORNWALL AND THE ISLES OF SCILLY",3150,103118.44,0,0
2025-12-01,18C,"NHS HEREFORDSHIRE AND WORCESTERSHIRE",3220,122275.72,0,0
2025-12-01,27D,"NHS CHESHIRE",3336,114839.1,0,0
2025-12-01,14Y,"NHS BUCKINGHAMSHIRE",3453,125055.99,0,0
2025-12-01,06N,"NHS HERTS VALLEYS",3483,132786.21,0,0
2025-12-01,42D,"NHS NORTH YORKSHIRE",3495,111435.03,0,0
2025-12-01,97R,"NHS EAST SUSSEX",3755,136002.32,0,0
2025-12-01,10Q,"NHS OXFORDSHIRE",3883,141948.21,0,0
2025-12-01,06K,"NHS EAST AND NORTH HERTFORDSHIRE",4167,126178.1,0,0
2025-12-01,15C,"NHS BRISTOL, NORTH SOMERSET AND SOUTH GLOUCESTERSHIRE",4200,183905.33,0,0
2025-12-01,11J,"NHS DORSET",4449,154368.53,0,0
2025-12-01,B2M3M,"NHS COVENTRY AND WARWICKSHIRE",4464,144138.25,0,0
2025-12-01,70F,"NHS WEST SUSSEX",4544,172700.66,0,0
2025-12-01,72Q,"NHS SOUTH EAST LONDON",5312,205825.29,0,0
2025-12-01,52R,"NHS NOTTINGHAM AND NOTTINGHAMSHIRE",5390,183749.35,0,0
2025-12-01,71E,"NHS LINCOLNSHIRE",5561,169501.88,0,0
2025-12-01,93C,"NHS NORTH CENTRAL LONDON",5640,205576.87,0,0
2025-12-01,36L,"NHS SOUTH WEST LONDON",5641,212254.52,0,0
2025-12-01,15E,"NHS BIRMINGHAM AND SOLIHULL",5758,212136.42,0,0
2025-12-01,92A,"NHS SURREY HEARTLANDS",5787,228937.54,0,0
2025-12-01,D2P2L,"NHS BLACK COUNTRY",5818,222473.04,0,0
2025-12-01,M1J4Y,"NHS BEDFORDSHIRE, LUTON AND MILTON KEYNES",5818,200974.25,0,0
2025-12-01,16C,"NHS TEES VALLEY",5827,195409.53,0,0
2025-12-01,03N,"NHS SHEFFIELD",5983,197683.63,0,0
2025-12-01,26A,"NHS NORFOLK AND WAVENEY",6493,211350.93,0,0
2025-12-01,06H,"NHS CAMBRIDGESHIRE AND PETERBOROUGH",6866,208554.03,0,0
2025-12-01,15N,"NHS DEVON",7161,257382.31,0,0
2025-12-01,W2U3Z,"NHS NORTH WEST LONDON",7418,277244.93,0,0
2025-12-01,A3A8R,"NHS NORTH EAST LONDON",7457,272988.59,0,0
2025-12-01,D9Y0V,"NHS HAMPSHIRE, SOUTHAMPTON AND ISLE OF WIGHT",12292,483290.07,0,0
2025-12-01,91Q,"NHS KENT AND MEDWAY",12647,449756.32,0,0
2026-01-01,09W,"NHS MEDWAY",0,0,0,0
2026-01-01,D4U1Y,"NHS FRIMLEY",50,1490.48,0,0
2026-01-01,02G,"NHS WEST LANCASHIRE",392,13054.33,0,0
2026-01-01,00Q,"NHS BLACKBURN WITH DARWEN",451,14558.13,0,0
2026-01-01,03H,"NHS NORTH EAST LINCOLNSHIRE",473,13476.42,0,0
2026-01-01,01V,"NHS SOUTHPORT AND FORMBY",511,17179.46,0,0
2026-01-01,02T,"NHS CALDERDALE",525,19334.59,0,0
2026-01-01,04Y,"NHS CANNOCK CHASE",551,20120.93,0,0
2026-01-01,01F,"NHS HALTON",559,18523.57,0,0
2026-01-01,02Q,"NHS BASSETLAW",603,17461.36,0,0
2026-01-01,01X,"NHS ST HELENS",604,20905.28,0,0
2026-01-01,05D,"NHS EAST STAFFORDSHIRE",616,20644.97,0,0
2026-01-01,02P,"NHS BARNSLEY",631,20293.71,0,0
2026-01-01,01J,"NHS KNOWSLEY",661,21943.5,0,0
2026-01-01,02M,"NHS FYLDE AND WYRE",695,22974.33,0,0
2026-01-01,00N,"NHS SOUTH TYNESIDE",709,25921.43,0,0
2026-01-01,99C,"NHS NORTH TYNESIDE",739,31202.75,0,0
2026-01-01,01T,"NHS SOUTH SEFTON",744,24006.31,0,0
2026-01-01,07G,"NHS THURROCK",746,23084.31,0,0
2026-01-01,05Q,"NHS SOUTH EAST STAFFORDSHIRE AND SEISDON PENINSULA",763,29594.17,0,0
2026-01-01,05V,"NHS STAFFORD AND SURROUNDS",766,27032.51,0,0
2026-01-01,99F,"NHS CASTLE POINT AND ROCHFORD",779,25788.75,0,0
2026-01-01,02E,"NHS WARRINGTON",796,27568.49,0,0
2026-01-01,99G,"NHS SOUTHEND",859,30698.77,0,0
2026-01-01,00R,"NHS BLACKPOOL",891,27160.8,0,0
2026-01-01,05W,"NHS STOKE ON TRENT",965,31498.25,0,0
2026-01-01,01D,"NHS HEYWOOD, MIDDLETON AND ROCHDALE",982,32855.28,0,0
2026-01-01,04C,"NHS LEICESTER CITY",996,34185.59,0,0
2026-01-01,02A,"NHS TRAFFORD",1002,35888.37,0,0
2026-01-01,00V,"NHS BURY",1047,35197.25,0,0
2026-01-01,00T,"NHS BOLTON",1062,35144.21,0,0
2026-01-01,01G,"NHS SALFORD",1062,35742.86,0,0
2026-01-01,00X,"NHS CHORLEY AND SOUTH RIBBLE",1089,37299.5,0,0
2026-01-01,01Y,"NHS TAMESIDE AND GLOSSOP",1089,39534.31,0,0
2026-01-01,99E,"NHS BASILDON AND BRENTWOOD",1103,36954.47,0,0
2026-01-01,00P,"NHS SUNDERLAND",1135,40878.35,0,0
2026-01-01,03K,"NHS NORTH LINCOLNSHIRE",1146,32548.37,0,0
2026-01-01,05G,"NHS NORTH STAFFORDSHIRE",1166,38947.55,0,0
2026-01-01,12F,"NHS WIRRAL",1167,41823.18,0,0
2026-01-01,06L,"NHS IPSWICH AND EAST SUFFOLK",1186,34855.97,0,0
2026-01-01,03R,"NHS WAKEFIELD",1196,40923.07,0,0
2026-01-01,01E,"NHS GREATER PRESTON",1197,40693.56,0,0
2026-01-01,10R,"NHS PORTSMOUTH",1223,53649.57,0,0
2026-01-01,11X,"NHS SOMERSET",1225,43302.96,0,0
2026-01-01,01A,"NHS EAST LANCASHIRE",1358,41779.31,0,0
2026-01-01,00Y,"NHS OLDHAM",1372,46135.68,0,0
2026-01-01,02H,"NHS WIGAN BOROUGH",1393,47372.97,0,0
2026-01-01,78H,"NHS NORTHAMPTONSHIRE",1414,42325.49,0,0
2026-01-01,03Q,"NHS VALE OF YORK",1419,51091.21,0,0
2026-01-01,06Q,"NHS MID ESSEX",1459,43099.37,0,0
2026-01-01,04V,"NHS WEST LEICESTERSHIRE",1483,51325.72,0,0
2026-01-01,06T,"NHS NORTH EAST ESSEX",1548,47387.1,0,0
2026-01-01,09D,"NHS BRIGHTON AND HOVE",1561,62779.02,0,0
2026-01-01,07K,"NHS WEST SUFFOLK",1569,45475.85,0,0
2026-01-01,07H,"NHS WEST ESSEX",1575,48003.91,0,0
2026-01-01,X2C4Y,"NHS KIRKLEES",1581,60482.16,0,0
2026-01-01,01W,"NHS STOCKPORT",1625,57818.15,0,0
2026-01-01,U2G6B,"NHS THAMES VALLEY ICB - U2G6B",1668,63339.06,0,0
2026-01-01,01H,"NHS NORTH CUMBRIA",1678,59936.06,0,0
2026-01-01,01K,"NHS MORECAMBE BAY",1694,60810.44,0,0
2026-01-01,00L,"NHS NORTHUMBERLAND",1791,63419.89,0,0
2026-01-01,99A,"NHS LIVERPOOL",1924,63847.69,0,0
2026-01-01,03W,"NHS EAST LEICESTERSHIRE AND RUTLAND",1943,67933.71,0,0
2026-01-01,02X,"NHS DONCASTER",1945,59093.79,0,0
2026-01-01,11M,"NHS GLOUCESTERSHIRE",2107,77128.49,0,0
2026-01-01,03L,"NHS ROTHERHAM",2197,66059.37,0,0
2026-01-01,M2L0M,"NHS SHROPSHIRE, TELFORD AND WREKIN",2223,86678.21,0,0
2026-01-01,15A,"NHS BERKSHIRE WEST",2326,81567.46,0,0
2026-01-01,36J,"NHS BRADFORD DISTRICT AND CRAVEN",2380,77898.95,0,0
2026-01-01,13T,"NHS NEWCASTLE GATESHEAD",2397,88156.63,0,0
2026-01-01,92G,"NHS BATH AND NORTH EAST SOMERSET, SWINDON AND WILTSHIRE",2603,96847.34,0,0
2026-01-01,03F,"NHS HULL",2650,81438.72,0,0
2026-01-01,02Y,"NHS EAST RIDING OF YORKSHIRE",2663,86391.95,0,0
2026-01-01,15M,"NHS DERBY AND DERBYSHIRE",2860,109114.59,0,0
2026-01-01,84H,"NHS COUNTY DURHAM",2885,98512.49,0,0
2026-01-01,11N,"NHS CORNWALL AND THE ISLES OF SCILLY",3020,98193.31,0,0
2026-01-01,18C,"NHS HEREFORDSHIRE AND WORCESTERSHIRE",3067,116881.6,0,0
2026-01-01,14L,"NHS MANCHESTER",3117,104500.66,0,0
2026-01-01,15F,"NHS LEEDS",3144,107870.5,0,0
2026-01-01,27D,"NHS CHESHIRE",3299,112934.64,0,0
2026-01-01,14Y,"NHS BUCKINGHAMSHIRE",3425,122694,0,0
2026-01-01,42D,"NHS NORTH YORKSHIRE",3464,110819.19,0,0
2026-01-01,06N,"NHS HERTS VALLEYS",3507,133664.63,0,0
2026-01-01,97R,"NHS EAST SUSSEX",3639,131394.69,0,0
2026-01-01,10Q,"NHS OXFORDSHIRE",3761,139414.82,0,0
2026-01-01,06K,"NHS EAST AND NORTH HERTFORDSHIRE",4040,120745.48,0,0
2026-01-01,B2M3M,"NHS COVENTRY AND WARWICKSHIRE",4223,137394.77,0,0
2026-01-01,15C,"NHS BRISTOL, NORTH SOMERSET AND SOUTH GLOUCESTERSHIRE",4239,186624.1,0,0
2026-01-01,11J,"NHS DORSET",4285,147419.32,0,0
2026-01-01,70F,"NHS WEST SUSSEX",4441,168743.09,0,0
2026-01-01,52R,"NHS NOTTINGHAM AND NOTTINGHAMSHIRE",5261,178868.69,0,0
2026-01-01,72Q,"NHS SOUTH EAST LONDON",5327,207859.42,0,0
2026-01-01,36L,"NHS SOUTH WEST LONDON",5460,201688.86,0,0
2026-01-01,71E,"NHS LINCOLNSHIRE",5553,168586.84,0,0
2026-01-01,15E,"NHS BIRMINGHAM AND SOLIHULL",5591,205428.33,0,0
2026-01-01,93C,"NHS NORTH CENTRAL LONDON",5603,205602.81,0,0
2026-01-01,16C,"NHS TEES VALLEY",5721,191822.09,0,0
2026-01-01,03N,"NHS SHEFFIELD",5749,188584.03,0,0
2026-01-01,D2P2L,"NHS BLACK COUNTRY",5872,223828.74,0,0
2026-01-01,M1J4Y,"NHS BEDFORDSHIRE, LUTON AND MILTON KEYNES",5873,203696.04,0,0
2026-01-01,92A,"NHS SURREY HEARTLANDS",5875,229563.3,0,0
2026-01-01,06H,"NHS CAMBRIDGESHIRE AND PETERBOROUGH",5884,179997.17,0,0
2026-01-01,26A,"NHS NORFOLK AND WAVENEY",6471,210005.09,0,0
2026-01-01,15N,"NHS DEVON",6956,247253.58,0,0
2026-01-01,W2U3Z,"NHS NORTH WEST LONDON",7316,271190.41,0,0
2026-01-01,A3A8R,"NHS NORTH EAST LONDON",7510,272322.11,0,0
2026-01-01,91Q,"NHS KENT AND MEDWAY",12105,430395.35,0,0
2026-01-01,D9Y0V,"NHS HAMPSHIRE, SOUTHAMPTON AND ISLE OF WIGHT",12141,477830.72,0,0
2026-02-01,09W,"NHS MEDWAY",0,0,0,0
2026-02-01,D4U1Y,"NHS FRIMLEY",27,798.46,0,0
2026-02-01,02G,"NHS WEST LANCASHIRE",382,12787.97,0,0
2026-02-01,00Q,"NHS BLACKBURN WITH DARWEN",409,12442.51,0,0
2026-02-01,04Y,"NHS CANNOCK CHASE",443,16055.42,0,0
2026-02-01,01V,"NHS SOUTHPORT AND FORMBY",463,15635.64,0,0
2026-02-01,03H,"NHS NORTH EAST LINCOLNSHIRE",510,14695.08,0,0
2026-02-01,02T,"NHS CALDERDALE",513,18948.43,0,0
2026-02-01,01F,"NHS HALTON",515,17365.54,0,0
2026-02-01,02Q,"NHS BASSETLAW",525,15443.21,0,0
2026-02-01,01X,"NHS ST HELENS",526,17977.6,0,0
2026-02-01,05D,"NHS EAST STAFFORDSHIRE",549,19147.48,0,0
2026-02-01,01J,"NHS KNOWSLEY",608,19907.36,0,0
2026-02-01,00N,"NHS SOUTH TYNESIDE",620,22528.04,0,0
2026-02-01,02P,"NHS BARNSLEY",625,20196.54,0,0
2026-02-01,02M,"NHS FYLDE AND WYRE",654,21698.98,0,0
2026-02-01,99C,"NHS NORTH TYNESIDE",654,26958.07,0,0
2026-02-01,05V,"NHS STAFFORD AND SURROUNDS",688,23785.48,0,0
2026-02-01,02E,"NHS WARRINGTON",700,24467.66,0,0
2026-02-01,01T,"NHS SOUTH SEFTON",703,22475.78,0,0
2026-02-01,99G,"NHS SOUTHEND",740,27424.64,0,0
2026-02-01,07G,"NHS THURROCK",745,23070.37,0,0
2026-02-01,99F,"NHS CASTLE POINT AND ROCHFORD",756,25723.43,0,0
2026-02-01,05Q,"NHS SOUTH EAST STAFFORDSHIRE AND SEISDON PENINSULA",788,30832.87,0,0
2026-02-01,00R,"NHS BLACKPOOL",801,24525.6,0,0
2026-02-01,04C,"NHS LEICESTER CITY",890,30073.69,0,0
2026-02-01,05W,"NHS STOKE ON TRENT",900,29714.6,0,0
2026-02-01,99E,"NHS BASILDON AND BRENTWOOD",923,31243.68,0,0
2026-02-01,00T,"NHS BOLTON",937,30247.16,0,0
2026-02-01,00V,"NHS BURY",953,32335.73,0,0
2026-02-01,02A,"NHS TRAFFORD",953,34597.11,0,0
2026-02-01,01G,"NHS SALFORD",994,33333.86,0,0
2026-02-01,12F,"NHS WIRRAL",1001,35954.52,0,0
2026-02-01,01Y,"NHS TAMESIDE AND GLOSSOP",1005,35941.22,0,0
2026-02-01,01D,"NHS HEYWOOD, MIDDLETON AND ROCHDALE",1017,34212.14,0,0
2026-02-01,00P,"NHS SUNDERLAND",1036,37857.09,0,0
2026-02-01,00X,"NHS CHORLEY AND SOUTH RIBBLE",1037,34864.16,0,0
2026-02-01,01E,"NHS GREATER PRESTON",1043,36011.15,0,0
2026-02-01,05G,"NHS NORTH STAFFORDSHIRE",1046,35588.61,0,0
2026-02-01,10R,"NHS PORTSMOUTH",1049,45958.22,0,0
2026-02-01,03K,"NHS NORTH LINCOLNSHIRE",1060,29600.76,0,0
2026-02-01,06L,"NHS IPSWICH AND EAST SUFFOLK",1079,31734.47,0,0
2026-02-01,11X,"NHS SOMERSET",1107,38988.35,0,0
2026-02-01,03R,"NHS WAKEFIELD",1130,38783.78,0,0
2026-02-01,01A,"NHS EAST LANCASHIRE",1189,36325.7,0,0
2026-02-01,78H,"NHS NORTHAMPTONSHIRE",1252,37214.26,0,0
2026-02-01,02H,"NHS WIGAN BOROUGH",1275,42954.79,0,0
2026-02-01,00Y,"NHS OLDHAM",1284,42289.71,0,0
2026-02-01,03Q,"NHS VALE OF YORK",1300,46503.86,0,0
2026-02-01,04V,"NHS WEST LEICESTERSHIRE",1359,46508.3,0,0
2026-02-01,06Q,"NHS MID ESSEX",1373,40783.72,0,0
2026-02-01,06T,"NHS NORTH EAST ESSEX",1406,42320.72,0,0
2026-02-01,01H,"NHS NORTH CUMBRIA",1409,50223.51,0,0
2026-02-01,07K,"NHS WEST SUFFOLK",1420,40953.22,0,0
2026-02-01,01W,"NHS STOCKPORT",1427,49900.26,0,0
2026-02-01,09D,"NHS BRIGHTON AND HOVE",1441,58852.67,0,0
2026-02-01,X2C4Y,"NHS KIRKLEES",1476,56711.09,0,0
2026-02-01,07H,"NHS WEST ESSEX",1479,44929.92,0,0
2026-02-01,U2G6B,"NHS THAMES VALLEY ICB - U2G6B",1517,58268.34,0,0
2026-02-01,01K,"NHS MORECAMBE BAY",1533,54031.29,0,0
2026-02-01,00L,"NHS NORTHUMBERLAND",1683,59259.73,0,0
2026-02-01,03W,"NHS EAST LEICESTERSHIRE AND RUTLAND",1730,61392.05,0,0
2026-02-01,11M,"NHS GLOUCESTERSHIRE",1765,63179.62,0,0
2026-02-01,99A,"NHS LIVERPOOL",1789,58484.57,0,0
2026-02-01,02X,"NHS DONCASTER",1831,55787.47,0,0
2026-02-01,03L,"NHS ROTHERHAM",1983,59570.72,0,0
2026-02-01,M2L0M,"NHS SHROPSHIRE, TELFORD AND WREKIN",2062,79256.28,0,0
2026-02-01,15A,"NHS BERKSHIRE WEST",2135,74843.66,0,0
2026-02-01,36J,"NHS BRADFORD DISTRICT AND CRAVEN",2147,69384.28,0,0
2026-02-01,13T,"NHS NEWCASTLE GATESHEAD",2156,79757.28,0,0
2026-02-01,92G,"NHS BATH AND NORTH EAST SOMERSET, SWINDON AND WILTSHIRE",2396,90281.43,0,0
2026-02-01,02Y,"NHS EAST RIDING OF YORKSHIRE",2412,78237.91,0,0
2026-02-01,03F,"NHS HULL",2448,75741.92,0,0
2026-02-01,15M,"NHS DERBY AND DERBYSHIRE",2570,95864.58,0,0
2026-02-01,11N,"NHS CORNWALL AND THE ISLES OF SCILLY",2718,89206.26,0,0
2026-02-01,84H,"NHS COUNTY DURHAM",2771,93917.19,0,0
2026-02-01,14L,"NHS MANCHESTER",2824,93629.48,0,0
2026-02-01,15F,"NHS LEEDS",2839,96963.86,0,0
2026-02-01,27D,"NHS CHESHIRE",2863,98479.32,0,0
2026-02-01,18C,"NHS HEREFORDSHIRE AND WORCESTERSHIRE",2979,112417.38,0,0
2026-02-01,14Y,"NHS BUCKINGHAMSHIRE",3001,108710.56,0,0
2026-02-01,42D,"NHS NORTH YORKSHIRE",3121,99289.32,0,0
2026-02-01,06N,"NHS HERTS VALLEYS",3296,124921.61,0,0
2026-02-01,97R,"NHS EAST SUSSEX",3320,119085.18,0,0
2026-02-01,10Q,"NHS OXFORDSHIRE",3517,130401.45,0,0
2026-02-01,15C,"NHS BRISTOL, NORTH SOMERSET AND SOUTH GLOUCESTERSHIRE",3735,162795.83,0,0
2026-02-01,06K,"NHS EAST AND NORTH HERTFORDSHIRE",3868,116318.88,0,0
2026-02-01,70F,"NHS WEST SUSSEX",3976,150728.51,0,0
2026-02-01,B2M3M,"NHS COVENTRY AND WARWICKSHIRE",3980,129804.54,0,0
2026-02-01,11J,"NHS DORSET",4007,138795.29,0,0
2026-02-01,52R,"NHS NOTTINGHAM AND NOTTINGHAMSHIRE",4798,164026.01,0,0
2026-02-01,71E,"NHS LINCOLNSHIRE",4901,147901.86,0,0
2026-02-01,72Q,"NHS SOUTH EAST LONDON",4983,195149.17,0,0
2026-02-01,92A,"NHS SURREY HEARTLANDS",5173,203084.74,0,0
2026-02-01,93C,"NHS NORTH CENTRAL LONDON",5218,191667.14,0,0
2026-02-01,36L,"NHS SOUTH WEST LONDON",5252,197070.83,0,0
2026-02-01,06H,"NHS CAMBRIDGESHIRE AND PETERBOROUGH",5253,160551.55,0,0
2026-02-01,03N,"NHS SHEFFIELD",5277,174969.07,0,0
2026-02-01,D2P2L,"NHS BLACK COUNTRY",5324,204528.01,0,0
2026-02-01,16C,"NHS TEES VALLEY",5377,179289.39,0,0
2026-02-01,M1J4Y,"NHS BEDFORDSHIRE, LUTON AND MILTON KEYNES",5386,184428.67,0,0
2026-02-01,15E,"NHS BIRMINGHAM AND SOLIHULL",5476,202325.2,0,0
2026-02-01,26A,"NHS NORFOLK AND WAVENEY",6044,194984.78,0,0
2026-02-01,15N,"NHS DEVON",6301,225225.15,0,0
2026-02-01,W2U3Z,"NHS NORTH WEST LONDON",6731,245106.79,0,0
2026-02-01,A3A8R,"NHS NORTH EAST LONDON",7295,265505.76,0,0
2026-02-01,D9Y0V,"NHS HAMPSHIRE, SOUTHAMPTON AND ISLE OF WIGHT",11093,437589.2,0,0
2026-02-01,91Q,"NHS KENT AND MEDWAY",11182,399220.38,0,0
2026-03-01,09W,"NHS MEDWAY",0,0,0,0
2026-03-01,D4U1Y,"NHS FRIMLEY",24,718.6,0,0
2026-03-01,02G,"NHS WEST LANCASHIRE",402,13187.37,0,0
2026-03-01,00Q,"NHS BLACKBURN WITH DARWEN",470,14691.32,0,0
2026-03-01,03H,"NHS NORTH EAST LINCOLNSHIRE",493,14132.72,0,0
2026-03-01,01V,"NHS SOUTHPORT AND FORMBY",497,16700.27,0,0
2026-03-01,04Y,"NHS CANNOCK CHASE",540,19525.53,0,0
2026-03-01,02T,"NHS CALDERDALE",552,20452.17,0,0
2026-03-01,01F,"NHS HALTON",555,18563.35,0,0
2026-03-01,02Q,"NHS BASSETLAW",585,17344.86,0,0
2026-03-01,01X,"NHS ST HELENS",644,21730.3,0,0
2026-03-01,05D,"NHS EAST STAFFORDSHIRE",644,21214.5,0,0
2026-03-01,01J,"NHS KNOWSLEY",684,22449.11,0,0
2026-03-01,00N,"NHS SOUTH TYNESIDE",705,24976.79,0,0
2026-03-01,99C,"NHS NORTH TYNESIDE",732,30058.49,0,0
2026-03-01,02P,"NHS BARNSLEY",740,23715.33,0,0
2026-03-01,02M,"NHS FYLDE AND WYRE",742,25139.51,0,0
2026-03-01,07G,"NHS THURROCK",742,23086.76,0,0
2026-03-01,01T,"NHS SOUTH SEFTON",755,24179.25,0,0
2026-03-01,05V,"NHS STAFFORD AND SURROUNDS",780,27603.47,0,0
2026-03-01,02E,"NHS WARRINGTON",795,27530.15,0,0
2026-03-01,99F,"NHS CASTLE POINT AND ROCHFORD",798,27519.84,0,0
2026-03-01,99G,"NHS SOUTHEND",807,29460.83,0,0
2026-03-01,05Q,"NHS SOUTH EAST STAFFORDSHIRE AND SEISDON PENINSULA",839,33640.04,0,0
2026-03-01,00R,"NHS BLACKPOOL",871,27386.52,0,0
2026-03-01,04C,"NHS LEICESTER CITY",959,32655.16,0,0
2026-03-01,01D,"NHS HEYWOOD, MIDDLETON AND ROCHDALE",1022,33972.89,0,0
2026-03-01,05W,"NHS STOKE ON TRENT",1040,34066.26,0,0
2026-03-01,02A,"NHS TRAFFORD",1058,37631.45,0,0
2026-03-01,01G,"NHS SALFORD",1072,35184.05,0,0
2026-03-01,99E,"NHS BASILDON AND BRENTWOOD",1089,36376.96,0,0
2026-03-01,00V,"NHS BURY",1115,37485.8,0,0
2026-03-01,00T,"NHS BOLTON",1122,36661.15,0,0
2026-03-01,01Y,"NHS TAMESIDE AND GLOSSOP",1132,40612.05,0,0
2026-03-01,00X,"NHS CHORLEY AND SOUTH RIBBLE",1143,38882.91,0,0
2026-03-01,03K,"NHS NORTH LINCOLNSHIRE",1145,32175.1,0,0
2026-03-01,05G,"NHS NORTH STAFFORDSHIRE",1147,37861.56,0,0
2026-03-01,01E,"NHS GREATER PRESTON",1161,39515.43,0,0
2026-03-01,00P,"NHS SUNDERLAND",1162,41689.89,0,0
2026-03-01,12F,"NHS WIRRAL",1179,42396.47,0,0
2026-03-01,06L,"NHS IPSWICH AND EAST SUFFOLK",1184,34970.33,0,0
2026-03-01,10R,"NHS PORTSMOUTH",1192,54061.21,0,0
2026-03-01,11X,"NHS SOMERSET",1245,44079.34,0,0
2026-03-01,03R,"NHS WAKEFIELD",1264,43076.97,0,0
2026-03-01,01A,"NHS EAST LANCASHIRE",1357,42004.89,0,0
2026-03-01,78H,"NHS NORTHAMPTONSHIRE",1360,40653.74,0,0
2026-03-01,00Y,"NHS OLDHAM",1451,48850.06,0,0
2026-03-01,04V,"NHS WEST LEICESTERSHIRE",1479,50873.75,0,0
2026-03-01,06Q,"NHS MID ESSEX",1483,43410.93,0,0
2026-03-01,02H,"NHS WIGAN BOROUGH",1497,50766.02,0,0
2026-03-01,06T,"NHS NORTH EAST ESSEX",1508,45445.25,0,0
2026-03-01,03Q,"NHS VALE OF YORK",1525,55024.58,0,0
2026-03-01,07K,"NHS WEST SUFFOLK",1538,44749.96,0,0
2026-03-01,01H,"NHS NORTH CUMBRIA",1552,56251.94,0,0
2026-03-01,X2C4Y,"NHS KIRKLEES",1596,61316.69,0,0
2026-03-01,07H,"NHS WEST ESSEX",1612,48722.74,0,0
2026-03-01,01K,"NHS MORECAMBE BAY",1652,58632.12,0,0
2026-03-01,09D,"NHS BRIGHTON AND HOVE",1667,67861.35,0,0
2026-03-01,U2G6B,"NHS THAMES VALLEY ICB - U2G6B",1669,64003.8,0,0
2026-03-01,01W,"NHS STOCKPORT",1712,60319.61,0,0
2026-03-01,00L,"NHS NORTHUMBERLAND",1733,61511.09,0,0
2026-03-01,03W,"NHS EAST LEICESTERSHIRE AND RUTLAND",1935,68273.18,0,0
2026-03-01,99A,"NHS LIVERPOOL",1941,64618.96,0,0
2026-03-01,11M,"NHS GLOUCESTERSHIRE",1995,72205.86,0,0
2026-03-01,02X,"NHS DONCASTER",2036,61722.05,0,0
2026-03-01,03L,"NHS ROTHERHAM",2237,67482.26,0,0
2026-03-01,36J,"NHS BRADFORD DISTRICT AND CRAVEN",2287,73899.38,0,0
2026-03-01,M2L0M,"NHS SHROPSHIRE, TELFORD AND WREKIN",2287,89366.01,0,0
2026-03-01,15A,"NHS BERKSHIRE WEST",2295,79327.08,0,0
2026-03-01,13T,"NHS NEWCASTLE GATESHEAD",2398,87504.24,0,0
2026-03-01,02Y,"NHS EAST RIDING OF YORKSHIRE",2607,84008.06,0,0
2026-03-01,03F,"NHS HULL",2610,80345.25,0,0
2026-03-01,92G,"NHS BATH AND NORTH EAST SOMERSET, SWINDON AND WILTSHIRE",2770,102531.21,0,0
2026-03-01,15M,"NHS DERBY AND DERBYSHIRE",2839,108011.45,0,0
2026-03-01,15F,"NHS LEEDS",2980,101451.7,0,0
2026-03-01,84H,"NHS COUNTY DURHAM",2987,102549.81,0,0
2026-03-01,11N,"NHS CORNWALL AND THE ISLES OF SCILLY",3090,101037.29,0,0
2026-03-01,27D,"NHS CHESHIRE",3145,109519.48,0,0
2026-03-01,18C,"NHS HEREFORDSHIRE AND WORCESTERSHIRE",3147,117759.22,0,0
2026-03-01,14L,"NHS MANCHESTER",3219,106656.28,0,0
2026-03-01,14Y,"NHS BUCKINGHAMSHIRE",3381,123525.34,0,0
2026-03-01,42D,"NHS NORTH YORKSHIRE",3386,108643.78,0,0
2026-03-01,06N,"NHS HERTS VALLEYS",3674,140966.05,0,0
2026-03-01,10Q,"NHS OXFORDSHIRE",3798,141605.15,0,0
2026-03-01,97R,"NHS EAST SUSSEX",3873,139912.31,0,0
2026-03-01,15C,"NHS BRISTOL, NORTH SOMERSET AND SOUTH GLOUCESTERSHIRE",4095,179524,0,0
2026-03-01,06K,"NHS EAST AND NORTH HERTFORDSHIRE",4100,122322.24,0,0
2026-03-01,B2M3M,"NHS COVENTRY AND WARWICKSHIRE",4281,138954.47,0,0
2026-03-01,11J,"NHS DORSET",4320,150902.8,0,0
2026-03-01,70F,"NHS WEST SUSSEX",4386,166339.84,0,0
2026-03-01,71E,"NHS LINCOLNSHIRE",5444,165671.75,0,0
2026-03-01,72Q,"NHS SOUTH EAST LONDON",5486,213859.28,0,0
2026-03-01,52R,"NHS NOTTINGHAM AND NOTTINGHAMSHIRE",5488,187290.31,0,0
2026-03-01,36L,"NHS SOUTH WEST LONDON",5581,208944.3,0,0
2026-03-01,92A,"NHS SURREY HEARTLANDS",5703,224568.5,0,0
2026-03-01,03N,"NHS SHEFFIELD",5728,189328.84,0,0
2026-03-01,06H,"NHS CAMBRIDGESHIRE AND PETERBOROUGH",5764,176179.83,0,0
2026-03-01,M1J4Y,"NHS BEDFORDSHIRE, LUTON AND MILTON KEYNES",5826,202798.79,0,0
2026-03-01,93C,"NHS NORTH CENTRAL LONDON",5882,215433.93,0,0
2026-03-01,D2P2L,"NHS BLACK COUNTRY",5906,225889.72,0,0
2026-03-01,16C,"NHS TEES VALLEY",5977,200609.7,0,0
2026-03-01,15E,"NHS BIRMINGHAM AND SOLIHULL",5992,222006.49,0,0
2026-03-01,26A,"NHS NORFOLK AND WAVENEY",6655,213647.16,0,0
2026-03-01,15N,"NHS DEVON",7072,253629.11,0,0
2026-03-01,W2U3Z,"NHS NORTH WEST LONDON",7631,280063.83,0,0
2026-03-01,A3A8R,"NHS NORTH EAST LONDON",7765,280956.79,0,0
2026-03-01,D9Y0V,"NHS HAMPSHIRE, SOUTHAMPTON AND ISLE OF WIGHT",12232,483724.32,0,0
2026-03-01,91Q,"NHS KENT AND MEDWAY",12266,438989.7,0,0
2026-04-01,09W,"NHS MEDWAY",0,0,0,0
2026-04-01,D4U1Y,"NHS FRIMLEY",30,904.93,0,0
2026-04-01,02G,"NHS WEST LANCASHIRE",380,13094.16,0,0
2026-04-01,00Q,"NHS BLACKBURN WITH DARWEN",445,13972.91,0,0
2026-04-01,01V,"NHS SOUTHPORT AND FORMBY",492,17072.92,0,0
2026-04-01,03H,"NHS NORTH EAST LINCOLNSHIRE",499,14136.75,0,0
2026-04-01,04Y,"NHS CANNOCK CHASE",502,17608.02,0,0
2026-04-01,01F,"NHS HALTON",532,18177.53,0,0
2026-04-01,02T,"NHS CALDERDALE",538,20039.92,0,0
2026-04-01,02Q,"NHS BASSETLAW",571,16847.84,0,0
2026-04-01,05D,"NHS EAST STAFFORDSHIRE",611,20864.78,0,0
2026-04-01,01X,"NHS ST HELENS",612,20439.9,0,0
2026-04-01,05V,"NHS STAFFORD AND SURROUNDS",665,22900.72,0,0
2026-04-01,01J,"NHS KNOWSLEY",701,23407.42,0,0
2026-04-01,02P,"NHS BARNSLEY",701,22914.81,0,0
2026-04-01,00N,"NHS SOUTH TYNESIDE",732,25788.95,0,0
2026-04-01,99C,"NHS NORTH TYNESIDE",734,30910.31,0,0
2026-04-01,07G,"NHS THURROCK",736,22833.69,0,0
2026-04-01,02M,"NHS FYLDE AND WYRE",760,24849.08,0,0
2026-04-01,02E,"NHS WARRINGTON",761,26284.39,0,0
2026-04-01,01T,"NHS SOUTH SEFTON",765,24631.97,0,0
2026-04-01,05Q,"NHS SOUTH EAST STAFFORDSHIRE AND SEISDON PENINSULA",772,29762.3,0,0
2026-04-01,99F,"NHS CASTLE POINT AND ROCHFORD",797,27230.98,0,0
2026-04-01,99G,"NHS SOUTHEND",820,30206.35,0,0
2026-04-01,00R,"NHS BLACKPOOL",841,25710.43,0,0
2026-04-01,04C,"NHS LEICESTER CITY",928,30979.23,0,0
2026-04-01,02A,"NHS TRAFFORD",1033,36394.6,0,0
2026-04-01,99E,"NHS BASILDON AND BRENTWOOD",1042,34965.66,0,0
2026-04-01,00T,"NHS BOLTON",1059,34559.2,0,0
2026-04-01,01E,"NHS GREATER PRESTON",1060,36414.06,0,0
2026-04-01,01G,"NHS SALFORD",1062,34918.4,0,0
2026-04-01,01D,"NHS HEYWOOD, MIDDLETON AND ROCHDALE",1075,36062.58,0,0
2026-04-01,00V,"NHS BURY",1083,35889.7,0,0
2026-04-01,01Y,"NHS TAMESIDE AND GLOSSOP",1090,39667.62,0,0
2026-04-01,05W,"NHS STOKE ON TRENT",1119,36794.69,0,0
2026-04-01,05G,"NHS NORTH STAFFORDSHIRE",1139,39144.44,0,0
2026-04-01,12F,"NHS WIRRAL",1146,41703.59,0,0
2026-04-01,00P,"NHS SUNDERLAND",1150,42195.81,0,0
2026-04-01,00X,"NHS CHORLEY AND SOUTH RIBBLE",1154,39708.39,0,0
2026-04-01,03K,"NHS NORTH LINCOLNSHIRE",1169,32955.72,0,0
2026-04-01,06L,"NHS IPSWICH AND EAST SUFFOLK",1169,34277.23,0,0
2026-04-01,10R,"NHS PORTSMOUTH",1174,51135.31,0,0
2026-04-01,11X,"NHS SOMERSET",1204,43111.89,0,0
2026-04-01,03R,"NHS WAKEFIELD",1247,43182.93,0,0
2026-04-01,03Q,"NHS VALE OF YORK",1320,47468.67,0,0
2026-04-01,01A,"NHS EAST LANCASHIRE",1343,41534.27,0,0
2026-04-01,00Y,"NHS OLDHAM",1362,46175.89,0,0
2026-04-01,78H,"NHS NORTHAMPTONSHIRE",1366,40519.06,0,0
2026-04-01,02H,"NHS WIGAN BOROUGH",1385,46338.52,0,0
2026-04-01,06Q,"NHS MID ESSEX",1440,42539.16,0,0
2026-04-01,04V,"NHS WEST LEICESTERSHIRE",1469,50243.39,0,0
2026-04-01,09D,"NHS BRIGHTON AND HOVE",1488,60697.97,0,0
2026-04-01,06T,"NHS NORTH EAST ESSEX",1495,45294.41,0,0
2026-04-01,07K,"NHS WEST SUFFOLK",1501,43380.61,0,0
2026-04-01,01H,"NHS NORTH CUMBRIA",1543,55302.33,0,0
2026-04-01,U2G6B,"NHS THAMES VALLEY ICB - U2G6B",1577,60811.01,0,0
2026-04-01,07H,"NHS WEST ESSEX",1585,48482.5,0,0
2026-04-01,01K,"NHS MORECAMBE BAY",1587,56289.07,0,0
2026-04-01,01W,"NHS STOCKPORT",1604,56527.99,0,0
2026-04-01,X2C4Y,"NHS KIRKLEES",1629,61357.29,0,0
2026-04-01,00L,"NHS NORTHUMBERLAND",1787,63240.64,0,0
2026-04-01,03W,"NHS EAST LEICESTERSHIRE AND RUTLAND",1831,64578.04,0,0
2026-04-01,11M,"NHS GLOUCESTERSHIRE",1846,65925.67,0,0
2026-04-01,99A,"NHS LIVERPOOL",1983,65684.59,0,0
2026-04-01,02X,"NHS DONCASTER",2004,60632.85,0,0
2026-04-01,03L,"NHS ROTHERHAM",2143,64862.11,0,0
2026-04-01,15A,"NHS BERKSHIRE WEST",2215,76722.77,0,0
2026-04-01,M2L0M,"NHS SHROPSHIRE, TELFORD AND WREKIN",2218,84833.08,0,0
2026-04-01,13T,"NHS NEWCASTLE GATESHEAD",2283,83498.38,0,0
2026-04-01,36J,"NHS BRADFORD DISTRICT AND CRAVEN",2315,75135.39,0,0
2026-04-01,03F,"NHS HULL",2530,77490.63,0,0
2026-04-01,92G,"NHS BATH AND NORTH EAST SOMERSET, SWINDON AND WILTSHIRE",2621,97430.36,0,0
2026-04-01,02Y,"NHS EAST RIDING OF YORKSHIRE",2678,87685.49,0,0
2026-04-01,15M,"NHS DERBY AND DERBYSHIRE",2678,101909.07,0,0
2026-04-01,11N,"NHS CORNWALL AND THE ISLES OF SCILLY",2910,94673.98,0,0
2026-04-01,84H,"NHS COUNTY DURHAM",2916,98851.63,0,0
2026-04-01,18C,"NHS HEREFORDSHIRE AND WORCESTERSHIRE",3016,114529.04,0,0
2026-04-01,15F,"NHS LEEDS",3031,104244.48,0,0
2026-04-01,27D,"NHS CHESHIRE",3053,104280.49,0,0
2026-04-01,42D,"NHS NORTH YORKSHIRE",3244,103629.61,0,0
2026-04-01,14L,"NHS MANCHESTER",3269,108267.96,0,0
2026-04-01,14Y,"NHS BUCKINGHAMSHIRE",3277,119526.46,0,0
2026-04-01,97R,"NHS EAST SUSSEX",3511,127087.78,0,0
2026-04-01,06N,"NHS HERTS VALLEYS",3525,134134.05,0,0
2026-04-01,10Q,"NHS OXFORDSHIRE",3707,138083.81,0,0
2026-04-01,15C,"NHS BRISTOL, NORTH SOMERSET AND SOUTH GLOUCESTERSHIRE",3847,168359.03,0,0
2026-04-01,06K,"NHS EAST AND NORTH HERTFORDSHIRE",4017,119918.84,0,0
2026-04-01,11J,"NHS DORSET",4122,144293.16,0,0
2026-04-01,B2M3M,"NHS COVENTRY AND WARWICKSHIRE",4139,134522.22,0,0
2026-04-01,70F,"NHS WEST SUSSEX",4190,161204.88,0,0
2026-04-01,52R,"NHS NOTTINGHAM AND NOTTINGHAMSHIRE",5123,175621.57,0,0
2026-04-01,71E,"NHS LINCOLNSHIRE",5404,163712.53,0,0
2026-04-01,03N,"NHS SHEFFIELD",5453,179856.93,0,0
2026-04-01,72Q,"NHS SOUTH EAST LONDON",5459,215112.61,0,0
2026-04-01,36L,"NHS SOUTH WEST LONDON",5494,204082.48,0,0
2026-04-01,06H,"NHS CAMBRIDGESHIRE AND PETERBOROUGH",5537,167742.57,0,0
2026-04-01,92A,"NHS SURREY HEARTLANDS",5563,218928.25,0,0
2026-04-01,16C,"NHS TEES VALLEY",5688,190745.43,0,0
2026-04-01,93C,"NHS NORTH CENTRAL LONDON",5756,209415.12,0,0
2026-04-01,M1J4Y,"NHS BEDFORDSHIRE, LUTON AND MILTON KEYNES",5822,202537.98,0,0
2026-04-01,15E,"NHS BIRMINGHAM AND SOLIHULL",5829,213746.99,0,0
2026-04-01,D2P2L,"NHS BLACK COUNTRY",5873,224788.45,0,0
2026-04-01,26A,"NHS NORFOLK AND WAVENEY",6407,206967.03,0,0
2026-04-01,15N,"NHS DEVON",6688,241092.96,0,0
2026-04-01,W2U3Z,"NHS NORTH WEST LONDON",7224,265736.38,0,0
2026-04-01,A3A8R,"NHS NORTH EAST LONDON",7960,285113.66,0,0
2026-04-01,D9Y0V,"NHS HAMPSHIRE, SOUTHAMPTON AND ISLE OF WIGHT",11798,469056.68,0,0
2026-04-01,91Q,"NHS KENT AND MEDWAY",12283,438120.09,0,0
2026-05-01,09W,"NHS MEDWAY",0,0,0,0
2026-05-01,D4U1Y,"NHS FRIMLEY",27,825.08,0,0
2026-05-01,02G,"NHS WEST LANCASHIRE",403,13413.86,0,0
2026-05-01,00Q,"NHS BLACKBURN WITH DARWEN",456,13906.64,0,0
2026-05-01,03H,"NHS NORTH EAST LINCOLNSHIRE",493,14399.47,0,0
2026-05-01,01V,"NHS SOUTHPORT AND FORMBY",496,16381.49,0,0
2026-05-01,02T,"NHS CALDERDALE",540,20412.66,0,0
2026-05-01,02Q,"NHS BASSETLAW",567,16453.6,0,0
2026-05-01,04Y,"NHS CANNOCK CHASE",571,20864.82,0,0
2026-05-01,01X,"NHS ST HELENS",573,19614.93,0,0
2026-05-01,01F,"NHS HALTON",578,19428.72,0,0
2026-05-01,05D,"NHS EAST STAFFORDSHIRE",646,21728.46,0,0
2026-05-01,02P,"NHS BARNSLEY",666,21654.35,0,0
2026-05-01,01J,"NHS KNOWSLEY",676,22409.67,0,0
2026-05-01,00N,"NHS SOUTH TYNESIDE",711,25802.27,0,0
2026-05-01,99C,"NHS NORTH TYNESIDE",715,30099.09,0,0
2026-05-01,01T,"NHS SOUTH SEFTON",752,24499.16,0,0
2026-05-01,02E,"NHS WARRINGTON",762,26813.84,0,0
2026-05-01,07G,"NHS THURROCK",763,23485.23,0,0
2026-05-01,05V,"NHS STAFFORD AND SURROUNDS",766,27323.93,0,0
2026-05-01,99F,"NHS CASTLE POINT AND ROCHFORD",770,26708.73,0,0
2026-05-01,02M,"NHS FYLDE AND WYRE",796,26124.26,0,0
2026-05-01,00R,"NHS BLACKPOOL",807,24952.09,0,0
2026-05-01,99G,"NHS SOUTHEND",811,29102.52,0,0
2026-05-01,05Q,"NHS SOUTH EAST STAFFORDSHIRE AND SEISDON PENINSULA",833,32205.25,0,0
2026-05-01,04C,"NHS LEICESTER CITY",911,30939.49,0,0
2026-05-01,05W,"NHS STOKE ON TRENT",1024,33747.73,0,0
2026-05-01,02A,"NHS TRAFFORD",1028,36168.85,0,0
2026-05-01,99E,"NHS BASILDON AND BRENTWOOD",1046,35966.72,0,0
2026-05-01,01D,"NHS HEYWOOD, MIDDLETON AND ROCHDALE",1050,34599.43,0,0
2026-05-01,00T,"NHS BOLTON",1059,34998.52,0,0
2026-05-01,00X,"NHS CHORLEY AND SOUTH RIBBLE",1059,35304.54,0,0
2026-05-01,01G,"NHS SALFORD",1095,36715.05,0,0
2026-05-01,01E,"NHS GREATER PRESTON",1103,38260.7,0,0
2026-05-01,00P,"NHS SUNDERLAND",1111,40386.75,0,0
2026-05-01,10R,"NHS PORTSMOUTH",1113,49818.2,0,0
2026-05-01,03K,"NHS NORTH LINCOLNSHIRE",1116,31326.48,0,0
2026-05-01,06L,"NHS IPSWICH AND EAST SUFFOLK",1119,33300.24,0,0
2026-05-01,12F,"NHS WIRRAL",1130,41118.57,0,0
2026-05-01,01Y,"NHS TAMESIDE AND GLOSSOP",1153,41479.48,0,0
2026-05-01,03R,"NHS WAKEFIELD",1155,40449.17,0,0
2026-05-01,00V,"NHS BURY",1160,38963.96,0,0
2026-05-01,05G,"NHS NORTH STAFFORDSHIRE",1177,39205.42,0,0
2026-05-01,11X,"NHS SOMERSET",1217,42559.28,0,0
2026-05-01,01A,"NHS EAST LANCASHIRE",1337,41175.45,0,0
2026-05-01,02H,"NHS WIGAN BOROUGH",1398,47387.36,0,0
2026-05-01,00Y,"NHS OLDHAM",1399,47307.57,0,0
2026-05-01,04V,"NHS WEST LEICESTERSHIRE",1410,48963.9,0,0
2026-05-01,78H,"NHS NORTHAMPTONSHIRE",1426,42598.67,0,0
2026-05-01,06T,"NHS NORTH EAST ESSEX",1436,43149.85,0,0
2026-05-01,03Q,"NHS VALE OF YORK",1438,51813.85,0,0
2026-05-01,07K,"NHS WEST SUFFOLK",1477,42743.58,0,0
2026-05-01,09D,"NHS BRIGHTON AND HOVE",1478,60783.92,0,0
2026-05-01,06Q,"NHS MID ESSEX",1508,44112.53,0,0
2026-05-01,07H,"NHS WEST ESSEX",1554,47520.78,0,0
2026-05-01,01W,"NHS STOCKPORT",1569,55131.51,0,0
2026-05-01,X2C4Y,"NHS KIRKLEES",1574,59297.64,0,0
2026-05-01,01K,"NHS MORECAMBE BAY",1589,56138.02,0,0
2026-05-01,01H,"NHS NORTH CUMBRIA",1604,57909.62,0,0
2026-05-01,U2G6B,"NHS THAMES VALLEY ICB - U2G6B",1611,61996.14,0,0
2026-05-01,00L,"NHS NORTHUMBERLAND",1778,63428.2,0,0
2026-05-01,03W,"NHS EAST LEICESTERSHIRE AND RUTLAND",1803,63258.05,0,0
2026-05-01,99A,"NHS LIVERPOOL",1905,63729.02,0,0
2026-05-01,11M,"NHS GLOUCESTERSHIRE",1918,69805.64,0,0
2026-05-01,02X,"NHS DONCASTER",1956,59249.65,0,0
2026-05-01,03L,"NHS ROTHERHAM",1990,60212.03,0,0
2026-05-01,M2L0M,"NHS SHROPSHIRE, TELFORD AND WREKIN",2169,83929.57,0,0
2026-05-01,15A,"NHS BERKSHIRE WEST",2232,77421.25,0,0
2026-05-01,13T,"NHS NEWCASTLE GATESHEAD",2313,85523.55,0,0
2026-05-01,36J,"NHS BRADFORD DISTRICT AND CRAVEN",2340,76148.84,0,0
2026-05-01,02Y,"NHS EAST RIDING OF YORKSHIRE",2551,83195.71,0,0
2026-05-01,92G,"NHS BATH AND NORTH EAST SOMERSET, SWINDON AND WILTSHIRE",2612,97920.06,0,0
2026-05-01,03F,"NHS HULL",2636,80838.17,0,0
2026-05-01,15M,"NHS DERBY AND DERBYSHIRE",2688,101390.96,0,0
2026-05-01,15F,"NHS LEEDS",2858,98294.96,0,0
2026-05-01,11N,"NHS CORNWALL AND THE ISLES OF SCILLY",2859,93325.97,0,0
2026-05-01,84H,"NHS COUNTY DURHAM",2861,97384.74,0,0
2026-05-01,14L,"NHS MANCHESTER",3071,101602.38,0,0
2026-05-01,27D,"NHS CHESHIRE",3093,106863.97,0,0
2026-05-01,18C,"NHS HEREFORDSHIRE AND WORCESTERSHIRE",3127,118354.98,0,0
2026-05-01,42D,"NHS NORTH YORKSHIRE",3245,103554.55,0,0
2026-05-01,14Y,"NHS BUCKINGHAMSHIRE",3250,117818.03,0,0
2026-05-01,06N,"NHS HERTS VALLEYS",3481,133412.15,0,0
2026-05-01,97R,"NHS EAST SUSSEX",3689,133245.25,0,0
2026-05-01,10Q,"NHS OXFORDSHIRE",3703,138049,0,0
2026-05-01,15C,"NHS BRISTOL, NORTH SOMERSET AND SOUTH GLOUCESTERSHIRE",3813,167801.85,0,0
2026-05-01,70F,"NHS WEST SUSSEX",4080,155934.44,0,0
2026-05-01,11J,"NHS DORSET",4091,142872.8,0,0
2026-05-01,B2M3M,"NHS COVENTRY AND WARWICKSHIRE",4198,135369.22,0,0
2026-05-01,06K,"NHS EAST AND NORTH HERTFORDSHIRE",4215,126606.18,0,0
2026-05-01,52R,"NHS NOTTINGHAM AND NOTTINGHAMSHIRE",5154,176409.97,0,0
2026-05-01,72Q,"NHS SOUTH EAST LONDON",5184,203405.55,0,0
2026-05-01,36L,"NHS SOUTH WEST LONDON",5273,196588.11,0,0
2026-05-01,03N,"NHS SHEFFIELD",5280,174730.93,0,0
2026-05-01,71E,"NHS LINCOLNSHIRE",5311,161269.75,0,0
2026-05-01,M1J4Y,"NHS BEDFORDSHIRE, LUTON AND MILTON KEYNES",5467,188237.18,0,0
2026-05-01,06H,"NHS CAMBRIDGESHIRE AND PETERBOROUGH",5537,169012.78,0,0
2026-05-01,15E,"NHS BIRMINGHAM AND SOLIHULL",5641,208535.41,0,0
2026-05-01,16C,"NHS TEES VALLEY",5649,190206.78,0,0
2026-05-01,92A,"NHS SURREY HEARTLANDS",5659,220504.38,0,0
2026-05-01,D2P2L,"NHS BLACK COUNTRY",5725,217658.66,0,0
2026-05-01,93C,"NHS NORTH CENTRAL LONDON",5852,214960.53,0,0
2026-05-01,26A,"NHS NORFOLK AND WAVENEY",6329,206126.75,0,0
2026-05-01,15N,"NHS DEVON",6876,248652.25,0,0
2026-05-01,W2U3Z,"NHS NORTH WEST LONDON",7276,265408.81,0,0
2026-05-01,A3A8R,"NHS NORTH EAST LONDON",7607,276572.41,0,0
2026-05-01,91Q,"NHS KENT AND MEDWAY",11985,430370.41,0,0
2026-05-01,D9Y0V,"NHS HAMPSHIRE, SOUTHAMPTON AND ISLE OF WIGHT",12044,481451.7,0,0
2026-06-01,09W,"NHS MEDWAY",0,0,0,0
2026-06-01,D4U1Y,"NHS FRIMLEY",40,1171.15,0,0
2026-06-01,02G,"NHS WEST LANCASHIRE",409,13866.34,0,0
2026-06-01,00Q,"NHS BLACKBURN WITH DARWEN",475,14638.75,0,0
2026-06-01,03H,"NHS NORTH EAST LINCOLNSHIRE",498,14895.18,0,0
2026-06-01,01V,"NHS SOUTHPORT AND FORMBY",502,16953.72,0,0
2026-06-01,01F,"NHS HALTON",572,19535.27,0,0
2026-06-01,04Y,"NHS CANNOCK CHASE",580,20499.23,0,0
2026-06-01,02T,"NHS CALDERDALE",598,21810.36,0,0
2026-06-01,01X,"NHS ST HELENS",630,21518.06,0,0
2026-06-01,05D,"NHS EAST STAFFORDSHIRE",655,21883.79,0,0
2026-06-01,01J,"NHS KNOWSLEY",687,22662.86,0,0
2026-06-01,02Q,"NHS BASSETLAW",692,20488.41,0,0
2026-06-01,02P,"NHS BARNSLEY",727,23500.92,0,0
2026-06-01,02M,"NHS FYLDE AND WYRE",738,24413.25,0,0
2026-06-01,99C,"NHS NORTH TYNESIDE",739,30724.84,0,0
2026-06-01,05V,"NHS STAFFORD AND SURROUNDS",740,26465.58,0,0
2026-06-01,00N,"NHS SOUTH TYNESIDE",757,27585.61,0,0
2026-06-01,01T,"NHS SOUTH SEFTON",771,24779.04,0,0
2026-06-01,07G,"NHS THURROCK",818,25119.4,0,0
2026-06-01,02E,"NHS WARRINGTON",826,28326.27,0,0
2026-06-01,99G,"NHS SOUTHEND",854,30979.04,0,0
2026-06-01,99F,"NHS CASTLE POINT AND ROCHFORD",856,29836.92,0,0
2026-06-01,05Q,"NHS SOUTH EAST STAFFORDSHIRE AND SEISDON PENINSULA",875,34193.48,0,0
2026-06-01,00R,"NHS BLACKPOOL",951,28652.26,0,0
2026-06-01,04C,"NHS LEICESTER CITY",1013,33415.44,0,0
2026-06-01,99E,"NHS BASILDON AND BRENTWOOD",1072,36338.16,0,0
2026-06-01,02A,"NHS TRAFFORD",1121,39908.4,0,0
2026-06-01,00T,"NHS BOLTON",1151,38418.84,0,0
2026-06-01,01D,"NHS HEYWOOD, MIDDLETON AND ROCHDALE",1152,37740.41,0,0
2026-06-01,11X,"NHS SOMERSET",1161,41303.49,0,0
2026-06-01,01E,"NHS GREATER PRESTON",1174,39459.13,0,0
2026-06-01,00P,"NHS SUNDERLAND",1178,42622.81,0,0
2026-06-01,00X,"NHS CHORLEY AND SOUTH RIBBLE",1178,40587.47,0,0
2026-06-01,05W,"NHS STOKE ON TRENT",1178,38179.75,0,0
2026-06-01,10R,"NHS PORTSMOUTH",1179,52573.1,0,0
2026-06-01,01G,"NHS SALFORD",1185,39363.77,0,0
2026-06-01,06L,"NHS IPSWICH AND EAST SUFFOLK",1208,35327.3,0,0
2026-06-01,12F,"NHS WIRRAL",1211,43542.46,0,0
2026-06-01,03K,"NHS NORTH LINCOLNSHIRE",1228,34242.11,0,0
2026-06-01,00V,"NHS BURY",1230,40934.03,0,0
2026-06-01,05G,"NHS NORTH STAFFORDSHIRE",1264,42055.76,0,0
2026-06-01,01Y,"NHS TAMESIDE AND GLOSSOP",1314,47346.87,0,0
2026-06-01,03R,"NHS WAKEFIELD",1341,46631.6,0,0
2026-06-01,01A,"NHS EAST LANCASHIRE",1358,41835.03,0,0
2026-06-01,78H,"NHS NORTHAMPTONSHIRE",1406,41854.4,0,0
2026-06-01,06T,"NHS NORTH EAST ESSEX",1486,44511.78,0,0
2026-06-01,03Q,"NHS VALE OF YORK",1497,53573.61,0,0
2026-06-01,09D,"NHS BRIGHTON AND HOVE",1542,63259.55,0,0
2026-06-01,04V,"NHS WEST LEICESTERSHIRE",1552,52631.98,0,0
2026-06-01,00Y,"NHS OLDHAM",1555,51859.48,0,0
2026-06-01,02H,"NHS WIGAN BOROUGH",1557,53322.76,0,0
2026-06-01,06Q,"NHS MID ESSEX",1565,46246.36,0,0
2026-06-01,07K,"NHS WEST SUFFOLK",1621,46763.43,0,0
2026-06-01,01H,"NHS NORTH CUMBRIA",1651,58137.06,0,0
2026-06-01,01K,"NHS MORECAMBE BAY",1666,60097,0,0
2026-06-01,07H,"NHS WEST ESSEX",1713,52412.68,0,0
2026-06-01,U2G6B,"NHS THAMES VALLEY ICB - U2G6B",1725,66534.29,0,0
2026-06-01,01W,"NHS STOCKPORT",1744,61852.02,0,0
2026-06-01,00L,"NHS NORTHUMBERLAND",1796,63580.95,0,0
2026-06-01,X2C4Y,"NHS KIRKLEES",1796,69062.96,0,0
2026-06-01,11M,"NHS GLOUCESTERSHIRE",1975,72377.68,0,0
2026-06-01,03W,"NHS EAST LEICESTERSHIRE AND RUTLAND",2020,70388.32,0,0
2026-06-01,99A,"NHS LIVERPOOL",2101,69585.28,0,0
2026-06-01,03L,"NHS ROTHERHAM",2127,64027.72,0,0
2026-06-01,02X,"NHS DONCASTER",2128,64208.15,0,0
2026-06-01,15A,"NHS BERKSHIRE WEST",2333,82398.19,0,0
2026-06-01,13T,"NHS NEWCASTLE GATESHEAD",2382,88611.41,0,0
2026-06-01,M2L0M,"NHS SHROPSHIRE, TELFORD AND WREKIN",2446,94519.1,0,0
2026-06-01,36J,"NHS BRADFORD DISTRICT AND CRAVEN",2462,79805.15,0,0
2026-06-01,02Y,"NHS EAST RIDING OF YORKSHIRE",2590,84065.13,0,0
2026-06-01,03F,"NHS HULL",2662,82374.25,0,0
2026-06-01,92G,"NHS BATH AND NORTH EAST SOMERSET, SWINDON AND WILTSHIRE",2811,103590.4,0,0
2026-06-01,15M,"NHS DERBY AND DERBYSHIRE",2854,108346.72,0,0
2026-06-01,84H,"NHS COUNTY DURHAM",3056,105522.21,0,0
2026-06-01,11N,"NHS CORNWALL AND THE ISLES OF SCILLY",3067,100527.4,0,0
2026-06-01,27D,"NHS CHESHIRE",3197,111081.43,0,0
2026-06-01,15F,"NHS LEEDS",3233,110608.61,0,0
2026-06-01,14Y,"NHS BUCKINGHAMSHIRE",3265,119322.49,0,0
2026-06-01,14L,"NHS MANCHESTER",3435,115083.33,0,0
2026-06-01,18C,"NHS HEREFORDSHIRE AND WORCESTERSHIRE",3478,130448.25,0,0
2026-06-01,42D,"NHS NORTH YORKSHIRE",3483,111652.81,0,0
2026-06-01,06N,"NHS HERTS VALLEYS",3663,140233.04,0,0
2026-06-01,97R,"NHS EAST SUSSEX",3697,133366.75,0,0
2026-06-01,10Q,"NHS OXFORDSHIRE",3756,138367.04,0,0
2026-06-01,15C,"NHS BRISTOL, NORTH SOMERSET AND SOUTH GLOUCESTERSHIRE",4124,182558.48,0,0
2026-06-01,11J,"NHS DORSET",4143,144308.9,0,0
2026-06-01,06K,"NHS EAST AND NORTH HERTFORDSHIRE",4268,126791.71,0,0
2026-06-01,70F,"NHS WEST SUSSEX",4421,168307,0,0
2026-06-01,B2M3M,"NHS COVENTRY AND WARWICKSHIRE",4425,142625.39,0,0
2026-06-01,52R,"NHS NOTTINGHAM AND NOTTINGHAMSHIRE",5345,183414.47,0,0
2026-06-01,71E,"NHS LINCOLNSHIRE",5530,168260.64,0,0
2026-06-01,72Q,"NHS SOUTH EAST LONDON",5618,222129.83,0,0
2026-06-01,36L,"NHS SOUTH WEST LONDON",5703,212471.05,0,0
2026-06-01,03N,"NHS SHEFFIELD",5799,190083.21,0,0
2026-06-01,06H,"NHS CAMBRIDGESHIRE AND PETERBOROUGH",5821,176729.55,0,0
2026-06-01,92A,"NHS SURREY HEARTLANDS",5952,235121.19,0,0
2026-06-01,M1J4Y,"NHS BEDFORDSHIRE, LUTON AND MILTON KEYNES",6081,210625.9,0,0
2026-06-01,93C,"NHS NORTH CENTRAL LONDON",6116,223133.73,0,0
2026-06-01,16C,"NHS TEES VALLEY",6161,207657.32,0,0
2026-06-01,15E,"NHS BIRMINGHAM AND SOLIHULL",6189,228362.48,0,0
2026-06-01,D2P2L,"NHS BLACK COUNTRY",6275,238661.11,0,0
2026-06-01,26A,"NHS NORFOLK AND WAVENEY",6561,212239.3,0,0
2026-06-01,15N,"NHS DEVON",7156,258624.9,0,0
2026-06-01,W2U3Z,"NHS NORTH WEST LONDON",7516,274485.84,0,0
2026-06-01,A3A8R,"NHS NORTH EAST LONDON",8590,308992.72,0,0
2026-06-01,D9Y0V,"NHS HAMPSHIRE, SOUTHAMPTON AND ISLE OF WIGHT",12361,492406.34,0,0
2026-06-01,91Q,"NHS KENT AND MEDWAY",12990,465354.97,0,0