date,id,name,y_items,y_actual_cost,x_items,x_actual_cost
2021-07-01,09W,"NHS MEDWAY",0,0,0,0
2021-07-01,D4U1Y,"NHS FRIMLEY",51,77.84,0,0
2021-07-01,03Q,"NHS VALE OF YORK",280,713.57,0,0
2021-07-01,00N,"NHS SOUTH TYNESIDE",392,828.34,0,0
2021-07-01,00Q,"NHS BLACKBURN WITH DARWEN",413,862.17,0,0
2021-07-01,02G,"NHS WEST LANCASHIRE",418,861.7,0,0
2021-07-01,99C,"NHS NORTH TYNESIDE",508,1209.57,0,0
2021-07-01,01E,"NHS GREATER PRESTON",555,1272.69,0,0
2021-07-01,03F,"NHS HULL",627,2097.11,0,0
2021-07-01,00X,"NHS CHORLEY AND SOUTH RIBBLE",718,1566.88,0,0
2021-07-01,02Y,"NHS EAST RIDING OF YORKSHIRE",777,2032.26,0,0
2021-07-01,02Q,"NHS BASSETLAW",788,1489.96,0,0
2021-07-01,01A,"NHS EAST LANCASHIRE",859,1703.6,0,0
2021-07-01,03H,"NHS NORTH EAST LINCOLNSHIRE",906,1928.6,0,0
2021-07-01,06L,"NHS IPSWICH AND EAST SUFFOLK",940,1758.28,0,0
2021-07-01,07K,"NHS WEST SUFFOLK",963,1831.11,0,0
2021-07-01,02M,"NHS FYLDE AND WYRE",986,2002.24,0,0
2021-07-01,03K,"NHS NORTH LINCOLNSHIRE",1017,1915,0,0
2021-07-01,02P,"NHS BARNSLEY",1048,2352.39,0,0
2021-07-01,00R,"NHS BLACKPOOL",1050,2120.84,0,0
2021-07-01,99G,"NHS SOUTHEND",1108,2676.1,0,0
2021-07-01,03L,"NHS ROTHERHAM",1199,2599.6,0,0
2021-07-01,00L,"NHS NORTHUMBERLAND",1218,2909.24,0,0
2021-07-01,03R,"NHS WAKEFIELD",1323,3662.66,0,0
2021-07-01,42D,"NHS NORTH YORKSHIRE",1385,3213.01,0,0
2021-07-01,01D,"NHS HEYWOOD, MIDDLETON AND ROCHDALE",1415,3496.89,0,0
2021-07-01,01F,"NHS HALTON",1484,2775,0,0
2021-07-01,01J,"NHS KNOWSLEY",1489,3079.96,0,0
2021-07-01,00Y,"NHS OLDHAM",1610,3112.07,0,0
2021-07-01,10Q,"NHS OXFORDSHIRE",1660,3674.02,0,0
2021-07-01,15F,"NHS LEEDS",1661,4635.05,0,0
2021-07-01,01K,"NHS MORECAMBE BAY",1683,3524.14,0,0
2021-07-01,X2C4Y,"NHS KIRKLEES",1701,4702.48,0,0
2021-07-01,13T,"NHS NEWCASTLE GATESHEAD",1766,4117.2,0,0
2021-07-01,02H,"NHS WIGAN BOROUGH",1904,3795.51,0,0
2021-07-01,99F,"NHS CASTLE POINT AND ROCHFORD",1910,4041.97,0,0
2021-07-01,07G,"NHS THURROCK",1940,3904.88,0,0
2021-07-01,01V,"NHS SOUTHPORT AND FORMBY",2114,3990.05,0,0
2021-07-01,02X,"NHS DONCASTER",2202,4180.64,0,0
2021-07-01,05D,"NHS EAST STAFFORDSHIRE",2218,4166.24,0,0
2021-07-01,U2G6B,"NHS THAMES VALLEY ICB - U2G6B",2236,4392.34,0,0
2021-07-01,01H,"NHS NORTH CUMBRIA",2267,5027.05,0,0
2021-07-01,02T,"NHS CALDERDALE",2433,5552.32,0,0
2021-07-01,05V,"NHS STAFFORD AND SURROUNDS",2458,4587.12,0,0
2021-07-01,02A,"NHS TRAFFORD",2610,5884.86,0,0
2021-07-01,02E,"NHS WARRINGTON",2634,5201.02,0,0
2021-07-01,99A,"NHS LIVERPOOL",3133,6428.99,0,0
2021-07-01,06Q,"NHS MID ESSEX",3153,5760.82,0,0
2021-07-01,05W,"NHS STOKE ON TRENT",3155,6695.85,0,0
2021-07-01,04Y,"NHS CANNOCK CHASE",3201,6237.19,0,0
2021-07-01,07H,"NHS WEST ESSEX",3268,5846.51,0,0
2021-07-01,99E,"NHS BASILDON AND BRENTWOOD",3306,7108.23,0,0
2021-07-01,14Y,"NHS BUCKINGHAMSHIRE",3458,6318.43,0,0
2021-07-01,05G,"NHS NORTH STAFFORDSHIRE",3676,7419.9,0,0
2021-07-01,03W,"NHS EAST LEICESTERSHIRE AND RUTLAND",3678,6833.67,0,0
2021-07-01,36L,"NHS SOUTH WEST LONDON",3714,8560.42,0,0
2021-07-01,09D,"NHS BRIGHTON AND HOVE",3767,8966.94,0,0
2021-07-01,01T,"NHS SOUTH SEFTON",3812,7026.71,0,0
2021-07-01,01X,"NHS ST HELENS",4000,7358.95,0,0
2021-07-01,A3A8R,"NHS NORTH EAST LONDON",4018,9268.18,0,0
2021-07-01,06K,"NHS EAST AND NORTH HERTFORDSHIRE",4187,7730.75,0,0
2021-07-01,05Q,"NHS SOUTH EAST STAFFORDSHIRE AND SEISDON PENINSULA",4305,8884.22,0,0
2021-07-01,10R,"NHS PORTSMOUTH",4323,9187.5,0,0
2021-07-01,04V,"NHS WEST LEICESTERSHIRE",4341,8141.17,0,0
2021-07-01,11J,"NHS DORSET",4437,10330.7,0,0
2021-07-01,12F,"NHS WIRRAL",4538,10362.36,0,0
2021-07-01,00V,"NHS BURY",4562,7664.99,0,0
2021-07-01,71E,"NHS LINCOLNSHIRE",4739,9621.4,0,0
2021-07-01,00T,"NHS BOLTON",4780,9428.91,0,0
2021-07-01,01W,"NHS STOCKPORT",4905,9065.03,0,0
2021-07-01,11M,"NHS GLOUCESTERSHIRE",4945,9756.37,0,0
2021-07-01,93C,"NHS NORTH CENTRAL LONDON",4987,10331.37,0,0
2021-07-01,01Y,"NHS TAMESIDE AND GLOSSOP",5020,9783.79,0,0
2021-07-01,00P,"NHS SUNDERLAND",5265,10347.7,0,0
2021-07-01,06T,"NHS NORTH EAST ESSEX",5367,9289.03,0,0
2021-07-01,04C,"NHS LEICESTER CITY",5405,9604.92,0,0
2021-07-01,W2U3Z,"NHS NORTH WEST LONDON",5421,12389.17,0,0
2021-07-01,70F,"NHS WEST SUSSEX",5475,12720.06,0,0
2021-07-01,11X,"NHS SOMERSET",5589,11014.3,0,0
2021-07-01,18C,"NHS HEREFORDSHIRE AND WORCESTERSHIRE",5646,12570.74,0,0
2021-07-01,84H,"NHS COUNTY DURHAM",5707,11500.52,0,0
2021-07-01,15A,"NHS BERKSHIRE WEST",5721,10009.3,0,0
2021-07-01,72Q,"NHS SOUTH EAST LONDON",5741,13089.45,0,0
2021-07-01,11N,"NHS CORNWALL AND THE ISLES OF SCILLY",5758,11555.39,0,0
2021-07-01,01G,"NHS SALFORD",5810,10349.83,0,0
2021-07-01,06N,"NHS HERTS VALLEYS",6111,12795.08,0,0
2021-07-01,03N,"NHS SHEFFIELD",6643,12691.26,0,0
2021-07-01,36J,"NHS BRADFORD DISTRICT AND CRAVEN",6689,13685.14,0,0
2021-07-01,06H,"NHS CAMBRIDGESHIRE AND PETERBOROUGH",6742,12710.33,0,0
2021-07-01,16C,"NHS TEES VALLEY",6761,14204.48,0,0
2021-07-01,M2L0M,"NHS SHROPSHIRE, TELFORD AND WREKIN",7492,17104.54,0,0
2021-07-01,97R,"NHS EAST SUSSEX",7559,16736.22,0,0
2021-07-01,92G,"NHS BATH AND NORTH EAST SOMERSET, SWINDON AND WILTSHIRE",8816,17741.88,0,0
2021-07-01,14L,"NHS MANCHESTER",10184,22628.37,0,0
2021-07-01,15N,"NHS DEVON",10426,23352.41,0,0
2021-07-01,B2M3M,"NHS COVENTRY AND WARWICKSHIRE",10804,19244.87,0,0
2021-07-01,M1J4Y,"NHS BEDFORDSHIRE, LUTON AND MILTON KEYNES",11055,21795.33,0,0
2021-07-01,27D,"NHS CHESHIRE",11260,21027.88,0,0
2021-07-01,26A,"NHS NORFOLK AND WAVENEY",11575,22286.55,0,0
2021-07-01,92A,"NHS SURREY HEARTLANDS",11832,24769.37,0,0
2021-07-01,15C,"NHS BRISTOL, NORTH SOMERSET AND SOUTH GLOUCESTERSHIRE",12109,26933.95,0,0
2021-07-01,78H,"NHS NORTHAMPTONSHIRE",12320,21349.94,0,0
2021-07-01,15M,"NHS DERBY AND DERBYSHIRE",13824,28858.82,0,0
2021-07-01,D2P2L,"NHS BLACK COUNTRY",15124,30851.18,0,0
2021-07-01,52R,"NHS NOTTINGHAM AND NOTTINGHAMSHIRE",15994,31382.85,0,0
2021-07-01,15E,"NHS BIRMINGHAM AND SOLIHULL",23224,46423.79,0,0
2021-07-01,91Q,"NHS KENT AND MEDWAY",23263,45755.67,0,0
2021-07-01,D9Y0V,"NHS HAMPSHIRE, SOUTHAMPTON AND ISLE OF WIGHT",24073,53150.03,0,0
2021-08-01,09W,"NHS MEDWAY",0,0,0,0
2021-08-01,D4U1Y,"NHS FRIMLEY",42,73.32,0,0
2021-08-01,03Q,"NHS VALE OF YORK",260,592.73,0,0
2021-08-01,00N,"NHS SOUTH TYNESIDE",361,788,0,0
2021-08-01,02G,"NHS WEST LANCASHIRE",372,777.46,0,0
2021-08-01,00Q,"NHS BLACKBURN WITH DARWEN",410,830.82,0,0
2021-08-01,99C,"NHS NORTH TYNESIDE",484,1207.61,0,0
2021-08-01,01E,"NHS GREATER PRESTON",522,1221.77,0,0
2021-08-01,03F,"NHS HULL",588,1883.01,0,0
2021-08-01,00X,"NHS CHORLEY AND SOUTH RIBBLE",718,1565.98,0,0
2021-08-01,02Q,"NHS BASSETLAW",720,1325.81,0,0
2021-08-01,02Y,"NHS EAST RIDING OF YORKSHIRE",766,1996.93,0,0
2021-08-01,01A,"NHS EAST LANCASHIRE",791,1579.95,0,0
2021-08-01,03H,"NHS NORTH EAST LINCOLNSHIRE",881,1888.54,0,0
2021-08-01,02M,"NHS FYLDE AND WYRE",904,1832.51,0,0
2021-08-01,07K,"NHS WEST SUFFOLK",907,1739.59,0,0
2021-08-01,06L,"NHS IPSWICH AND EAST SUFFOLK",930,1758.65,0,0
2021-08-01,02P,"NHS BARNSLEY",941,2153.02,0,0
2021-08-01,00R,"NHS BLACKPOOL",968,2052.71,0,0
2021-08-01,03K,"NHS NORTH LINCOLNSHIRE",998,1851.82,0,0
2021-08-01,99G,"NHS SOUTHEND",1054,2521.05,0,0
2021-08-01,03L,"NHS ROTHERHAM",1075,2287.45,0,0
2021-08-01,00L,"NHS NORTHUMBERLAND",1214,2789.03,0,0
2021-08-01,03R,"NHS WAKEFIELD",1289,3424.64,0,0
2021-08-01,42D,"NHS NORTH YORKSHIRE",1294,3104.45,0,0
2021-08-01,01D,"NHS HEYWOOD, MIDDLETON AND ROCHDALE",1341,3180.45,0,0
2021-08-01,01J,"NHS KNOWSLEY",1405,2870.73,0,0
2021-08-01,01F,"NHS HALTON",1414,2682.89,0,0
2021-08-01,00Y,"NHS OLDHAM",1514,2946.67,0,0
2021-08-01,10Q,"NHS OXFORDSHIRE",1522,3427.72,0,0
2021-08-01,01K,"NHS MORECAMBE BAY",1544,3237.6,0,0
2021-08-01,X2C4Y,"NHS KIRKLEES",1584,4255.22,0,0
2021-08-01,15F,"NHS LEEDS",1621,4380.73,0,0
2021-08-01,13T,"NHS NEWCASTLE GATESHEAD",1629,3756.62,0,0
2021-08-01,99F,"NHS CASTLE POINT AND ROCHFORD",1719,3762.77,0,0
2021-08-01,02H,"NHS WIGAN BOROUGH",1751,3419.64,0,0
2021-08-01,07G,"NHS THURROCK",1833,3633.13,0,0
2021-08-01,05D,"NHS EAST STAFFORDSHIRE",1919,3638.13,0,0
2021-08-01,01V,"NHS SOUTHPORT AND FORMBY",1950,3601.54,0,0
2021-08-01,U2G6B,"NHS THAMES VALLEY ICB - U2G6B",2054,4034.55,0,0
2021-08-01,01H,"NHS NORTH CUMBRIA",2181,4850.04,0,0
2021-08-01,02X,"NHS DONCASTER",2188,4130.36,0,0
2021-08-01,05V,"NHS STAFFORD AND SURROUNDS",2263,4193.37,0,0
2021-08-01,02T,"NHS CALDERDALE",2364,5725.38,0,0
2021-08-01,02A,"NHS TRAFFORD",2407,5626.5,0,0
2021-08-01,02E,"NHS WARRINGTON",2577,5120.09,0,0
2021-08-01,04Y,"NHS CANNOCK CHASE",2765,5489.37,0,0
2021-08-01,05W,"NHS STOKE ON TRENT",2884,6318.79,0,0
2021-08-01,99A,"NHS LIVERPOOL",2932,6087.02,0,0
2021-08-01,99E,"NHS BASILDON AND BRENTWOOD",2954,6452.39,0,0
2021-08-01,06Q,"NHS MID ESSEX",2971,5408.85,0,0
2021-08-01,07H,"NHS WEST ESSEX",3089,5493.43,0,0
2021-08-01,14Y,"NHS BUCKINGHAMSHIRE",3290,6045.87,0,0
2021-08-01,05G,"NHS NORTH STAFFORDSHIRE",3348,6730.63,0,0
2021-08-01,03W,"NHS EAST LEICESTERSHIRE AND RUTLAND",3379,6309.25,0,0
2021-08-01,09D,"NHS BRIGHTON AND HOVE",3427,8136.5,0,0
2021-08-01,36L,"NHS SOUTH WEST LONDON",3472,8084.97,0,0
2021-08-01,01T,"NHS SOUTH SEFTON",3576,6571.05,0,0
2021-08-01,A3A8R,"NHS NORTH EAST LONDON",3624,8413.77,0,0
2021-08-01,01X,"NHS ST HELENS",3748,6992.01,0,0
2021-08-01,05Q,"NHS SOUTH EAST STAFFORDSHIRE AND SEISDON PENINSULA",3830,7904.83,0,0
2021-08-01,10R,"NHS PORTSMOUTH",3925,8270.56,0,0
2021-08-01,06K,"NHS EAST AND NORTH HERTFORDSHIRE",3965,7401.82,0,0
2021-08-01,11J,"NHS DORSET",4052,9435.66,0,0
2021-08-01,00V,"NHS BURY",4064,6860.03,0,0
2021-08-01,04V,"NHS WEST LEICESTERSHIRE",4110,7763.34,0,0
2021-08-01,12F,"NHS WIRRAL",4230,9568.52,0,0
2021-08-01,93C,"NHS NORTH CENTRAL LONDON",4426,8927.07,0,0
2021-08-01,71E,"NHS LINCOLNSHIRE",4461,9059.91,0,0
2021-08-01,11M,"NHS GLOUCESTERSHIRE",4572,9199.56,0,0
2021-08-01,01W,"NHS STOCKPORT",4618,8462.65,0,0
2021-08-01,01Y,"NHS TAMESIDE AND GLOSSOP",4641,9185.21,0,0
2021-08-01,00P,"NHS SUNDERLAND",4822,9498.68,0,0
2021-08-01,00T,"NHS BOLTON",4848,9158.21,0,0
2021-08-01,11X,"NHS SOMERSET",4893,9738.26,0,0
2021-08-01,W2U3Z,"NHS NORTH WEST LONDON",5018,11394.25,0,0
2021-08-01,06T,"NHS NORTH EAST ESSEX",5024,8619.01,0,0
2021-08-01,15A,"NHS BERKSHIRE WEST",5116,9043.73,0,0
2021-08-01,70F,"NHS WEST SUSSEX",5130,11886.82,0,0
2021-08-01,84H,"NHS COUNTY DURHAM",5178,10400.14,0,0
2021-08-01,04C,"NHS LEICESTER CITY",5181,9155.04,0,0
2021-08-01,11N,"NHS CORNWALL AND THE ISLES OF SCILLY",5229,10504.98,0,0
2021-08-01,18C,"NHS HEREFORDSHIRE AND WORCESTERSHIRE",5263,11834.88,0,0
2021-08-01,72Q,"NHS SOUTH EAST LONDON",5325,12099.63,0,0
2021-08-01,01G,"NHS SALFORD",5470,9704.29,0,0
2021-08-01,06N,"NHS HERTS VALLEYS",5699,11817.38,0,0
2021-08-01,03N,"NHS SHEFFIELD",5961,11334.53,0,0
2021-08-01,06H,"NHS CAMBRIDGESHIRE AND PETERBOROUGH",6208,11630.46,0,0
2021-08-01,16C,"NHS TEES VALLEY",6392,13487.85,0,0
2021-08-01,36J,"NHS BRADFORD DISTRICT AND CRAVEN",6569,13485.31,0,0
2021-08-01,M2L0M,"NHS SHROPSHIRE, TELFORD AND WREKIN",6908,15974.92,0,0
2021-08-01,97R,"NHS EAST SUSSEX",7098,15598.49,0,0
2021-08-01,92G,"NHS BATH AND NORTH EAST SOMERSET, SWINDON AND WILTSHIRE",7982,16175.86,0,0
2021-08-01,15N,"NHS DEVON",9489,21387.24,0,0
2021-08-01,14L,"NHS MANCHESTER",9585,21713.43,0,0
2021-08-01,B2M3M,"NHS COVENTRY AND WARWICKSHIRE",9855,17684.72,0,0
2021-08-01,M1J4Y,"NHS BEDFORDSHIRE, LUTON AND MILTON KEYNES",10023,19570.39,0,0
2021-08-01,27D,"NHS CHESHIRE",10123,19012.05,0,0
2021-08-01,26A,"NHS NORFOLK AND WAVENEY",10763,20589.12,0,0
2021-08-01,92A,"NHS SURREY HEARTLANDS",10829,22795.8,0,0
2021-08-01,15C,"NHS BRISTOL, NORTH SOMERSET AND SOUTH GLOUCESTERSHIRE",11072,24651.8,0,0
2021-08-01,78H,"NHS NORTHAMPTONSHIRE",11411,19943.99,0,0
2021-08-01,15M,"NHS DERBY AND DERBYSHIRE",12712,26529.86,0,0
2021-08-01,D2P2L,"NHS BLACK COUNTRY",14076,28555.96,0,0
2021-08-01,52R,"NHS NOTTINGHAM AND NOTTINGHAMSHIRE",15088,29649.18,0,0
2021-08-01,91Q,"NHS KENT AND MEDWAY",21067,40982.91,0,0
2021-08-01,15E,"NHS BIRMINGHAM AND SOLIHULL",21944,43596.59,0,0
2021-08-01,D9Y0V,"NHS HAMPSHIRE, SOUTHAMPTON AND ISLE OF WIGHT",22221,49391.61,0,0
2021-09-01,09W,"NHS MEDWAY",0,0,0,0
2021-09-01,D4U1Y,"NHS FRIMLEY",46,78.61,0,0
2021-09-01,03Q,"NHS VALE OF YORK",320,761.81,0,0
2021-09-01,00N,"NHS SOUTH TYNESIDE",359,809.65,0,0
2021-09-01,00Q,"NHS BLACKBURN WITH DARWEN",413,882.8,0,0
2021-09-01,02G,"NHS WEST LANCASHIRE",458,963.26,0,0
2021-09-01,99C,"NHS NORTH TYNESIDE",504,1256.56,0,0
2021-09-01,01E,"NHS GREATER PRESTON",573,1280.93,0,0
2021-09-01,03F,"NHS HULL",622,2149.96,0,0
2021-09-01,00X,"NHS CHORLEY AND SOUTH RIBBLE",738,1612.92,0,0
2021-09-01,02Q,"NHS BASSETLAW",755,1402.49,0,0
2021-09-01,02Y,"NHS EAST RIDING OF YORKSHIRE",786,2016.24,0,0
2021-09-01,01A,"NHS EAST LANCASHIRE",878,1794.98,0,0
2021-09-01,07K,"NHS WEST SUFFOLK",943,1775.41,0,0
2021-09-01,03H,"NHS NORTH EAST LINCOLNSHIRE",946,1984.46,0,0
2021-09-01,06L,"NHS IPSWICH AND EAST SUFFOLK",967,1903.58,0,0
2021-09-01,02M,"NHS FYLDE AND WYRE",1023,1998.36,0,0
2021-09-01,02P,"NHS BARNSLEY",1034,2313.93,0,0
2021-09-01,03K,"NHS NORTH LINCOLNSHIRE",1049,1955.05,0,0
2021-09-01,03L,"NHS ROTHERHAM",1137,2465.93,0,0
2021-09-01,99G,"NHS SOUTHEND",1150,2727.51,0,0
2021-09-01,00R,"NHS BLACKPOOL",1154,2356.28,0,0
2021-09-01,00L,"NHS NORTHUMBERLAND",1278,3018.67,0,0
2021-09-01,03R,"NHS WAKEFIELD",1368,3719.31,0,0
2021-09-01,42D,"NHS NORTH YORKSHIRE",1387,3208.62,0,0
2021-09-01,01J,"NHS KNOWSLEY",1429,2947.67,0,0
2021-09-01,01F,"NHS HALTON",1539,2891.85,0,0
2021-09-01,10Q,"NHS OXFORDSHIRE",1539,3390.55,0,0
2021-09-01,01D,"NHS HEYWOOD, MIDDLETON AND ROCHDALE",1540,3794.61,0,0
2021-09-01,15F,"NHS LEEDS",1670,4663.77,0,0
2021-09-01,01K,"NHS MORECAMBE BAY",1676,3571.71,0,0
2021-09-01,00Y,"NHS OLDHAM",1719,3268.54,0,0
2021-09-01,X2C4Y,"NHS KIRKLEES",1738,4717.83,0,0
2021-09-01,13T,"NHS NEWCASTLE GATESHEAD",1747,4125.32,0,0
2021-09-01,07G,"NHS THURROCK",1913,3779.13,0,0
2021-09-01,02H,"NHS WIGAN BOROUGH",1916,3770.14,0,0
2021-09-01,99F,"NHS CASTLE POINT AND ROCHFORD",1943,4129.88,0,0
2021-09-01,01V,"NHS SOUTHPORT AND FORMBY",2067,3844.62,0,0
2021-09-01,U2G6B,"NHS THAMES VALLEY ICB - U2G6B",2116,4707.95,0,0
2021-09-01,05D,"NHS EAST STAFFORDSHIRE",2141,3979.67,0,0
2021-09-01,02X,"NHS DONCASTER",2177,4159.66,0,0
2021-09-01,01H,"NHS NORTH CUMBRIA",2268,4975.24,0,0
2021-09-01,05V,"NHS STAFFORD AND SURROUNDS",2449,4570.86,0,0
2021-09-01,02E,"NHS WARRINGTON",2715,5226.35,0,0
2021-09-01,02T,"NHS CALDERDALE",2725,6988.08,0,0
2021-09-01,02A,"NHS TRAFFORD",2790,6348.94,0,0
2021-09-01,04Y,"NHS CANNOCK CHASE",3142,6203.12,0,0
2021-09-01,99A,"NHS LIVERPOOL",3153,6541.34,0,0
2021-09-01,07H,"NHS WEST ESSEX",3175,5720.02,0,0
2021-09-01,06Q,"NHS MID ESSEX",3218,5918.07,0,0
2021-09-01,05W,"NHS STOKE ON TRENT",3305,7076.77,0,0
2021-09-01,99E,"NHS BASILDON AND BRENTWOOD",3339,7137.27,0,0
2021-09-01,14Y,"NHS BUCKINGHAMSHIRE",3555,6424.66,0,0
2021-09-01,05G,"NHS NORTH STAFFORDSHIRE",3613,7277.72,0,0
2021-09-01,03W,"NHS EAST LEICESTERSHIRE AND RUTLAND",3678,6831.16,0,0
2021-09-01,36L,"NHS SOUTH WEST LONDON",3681,8482.21,0,0
2021-09-01,09D,"NHS BRIGHTON AND HOVE",3831,9002.71,0,0
2021-09-01,A3A8R,"NHS NORTH EAST LONDON",3945,8961.72,0,0
2021-09-01,01T,"NHS SOUTH SEFTON",4106,7523.32,0,0
2021-09-01,01X,"NHS ST HELENS",4116,7590.87,0,0
2021-09-01,06K,"NHS EAST AND NORTH HERTFORDSHIRE",4198,7908.19,0,0
2021-09-01,05Q,"NHS SOUTH EAST STAFFORDSHIRE AND SEISDON PENINSULA",4242,8710.65,0,0
2021-09-01,04V,"NHS WEST LEICESTERSHIRE",4362,8134.05,0,0
2021-09-01,10R,"NHS PORTSMOUTH",4367,9330.72,0,0
2021-09-01,11J,"NHS DORSET",4390,10175.97,0,0
2021-09-01,12F,"NHS WIRRAL",4468,10163.45,0,0
2021-09-01,71E,"NHS LINCOLNSHIRE",4734,9598.75,0,0
2021-09-01,00V,"NHS BURY",4868,8053.72,0,0
2021-09-01,11M,"NHS GLOUCESTERSHIRE",4904,9534.1,0,0
2021-09-01,93C,"NHS NORTH CENTRAL LONDON",4954,10322.4,0,0
2021-09-01,00T,"NHS BOLTON",4982,9976.3,0,0
2021-09-01,01W,"NHS STOCKPORT",5228,9612.14,0,0
2021-09-01,01Y,"NHS TAMESIDE AND GLOSSOP",5256,10292.09,0,0
2021-09-01,06T,"NHS NORTH EAST ESSEX",5344,9145.67,0,0
2021-09-01,00P,"NHS SUNDERLAND",5346,10531.81,0,0
2021-09-01,70F,"NHS WEST SUSSEX",5445,12565.67,0,0
2021-09-01,W2U3Z,"NHS NORTH WEST LONDON",5455,12209.32,0,0
2021-09-01,11X,"NHS SOMERSET",5565,10669.66,0,0
2021-09-01,15A,"NHS BERKSHIRE WEST",5586,9790.94,0,0
2021-09-01,01G,"NHS SALFORD",5652,9859.89,0,0
2021-09-01,18C,"NHS HEREFORDSHIRE AND WORCESTERSHIRE",5684,12598.83,0,0
2021-09-01,84H,"NHS COUNTY DURHAM",5724,11618.25,0,0
2021-09-01,11N,"NHS CORNWALL AND THE ISLES OF SCILLY",5761,11549.42,0,0
2021-09-01,04C,"NHS LEICESTER CITY",5791,10233.15,0,0
2021-09-01,72Q,"NHS SOUTH EAST LONDON",5806,13375.32,0,0
2021-09-01,06N,"NHS HERTS VALLEYS",6200,12900.9,0,0
2021-09-01,03N,"NHS SHEFFIELD",6461,12163.3,0,0
2021-09-01,06H,"NHS CAMBRIDGESHIRE AND PETERBOROUGH",6647,12419.71,0,0
2021-09-01,16C,"NHS TEES VALLEY",6853,14222.79,0,0
2021-09-01,36J,"NHS BRADFORD DISTRICT AND CRAVEN",6942,14347.82,0,0
2021-09-01,M2L0M,"NHS SHROPSHIRE, TELFORD AND WREKIN",7457,17311.81,0,0
2021-09-01,97R,"NHS EAST SUSSEX",7904,17318.48,0,0
2021-09-01,92G,"NHS BATH AND NORTH EAST SOMERSET, SWINDON AND WILTSHIRE",8509,17134.04,0,0
2021-09-01,27D,"NHS CHESHIRE",9994,18880.89,0,0
2021-09-01,14L,"NHS MANCHESTER",10526,23171.05,0,0
2021-09-01,15N,"NHS DEVON",10530,23584.24,0,0
2021-09-01,B2M3M,"NHS COVENTRY AND WARWICKSHIRE",10644,18884.98,0,0
2021-09-01,26A,"NHS NORFOLK AND WAVENEY",10700,20362.04,0,0
2021-09-01,M1J4Y,"NHS BEDFORDSHIRE, LUTON AND MILTON KEYNES",10729,21017.78,0,0
2021-09-01,92A,"NHS SURREY HEARTLANDS",11638,24229.76,0,0
2021-09-01,15C,"NHS BRISTOL, NORTH SOMERSET AND SOUTH GLOUCESTERSHIRE",11706,25941.67,0,0
2021-09-01,78H,"NHS NORTHAMPTONSHIRE",12123,20903.73,0,0
2021-09-01,15M,"NHS DERBY AND DERBYSHIRE",13688,28396.85,0,0
2021-09-01,D2P2L,"NHS BLACK COUNTRY",15728,31672.11,0,0
2021-09-01,52R,"NHS NOTTINGHAM AND NOTTINGHAMSHIRE",15923,31087.3,0,0
2021-09-01,91Q,"NHS KENT AND MEDWAY",23536,45482.69,0,0
2021-09-01,D9Y0V,"NHS HAMPSHIRE, SOUTHAMPTON AND ISLE OF WIGHT",24332,53565.03,0,0
2021-09-01,15E,"NHS BIRMINGHAM AND SOLIHULL",24609,48679.38,0,0
2021-10-01,09W,"NHS MEDWAY",0,0,0,0
2021-10-01,D4U1Y,"NHS FRIMLEY",67,105.67,0,0
2021-10-01,03Q,"NHS VALE OF YORK",273,638.8,0,0
2021-10-01,00N,"NHS SOUTH TYNESIDE",378,803.78,0,0
2021-10-01,00Q,"NHS BLACKBURN WITH DARWEN",412,839.35,0,0
2021-10-01,02G,"NHS WEST LANCASHIRE",471,965.25,0,0
2021-10-01,99C,"NHS NORTH TYNESIDE",490,1184.09,0,0
2021-10-01,01E,"NHS GREATER PRESTON",560,1312.51,0,0
2021-10-01,03F,"NHS HULL",617,2060.89,0,0
2021-10-01,02Q,"NHS BASSETLAW",744,1381.88,0,0
2021-10-01,00X,"NHS CHORLEY AND SOUTH RIBBLE",762,1667.67,0,0
2021-10-01,02Y,"NHS EAST RIDING OF YORKSHIRE",762,1962.39,0,0
2021-10-01,01A,"NHS EAST LANCASHIRE",878,1767.8,0,0
2021-10-01,03H,"NHS NORTH EAST LINCOLNSHIRE",903,2095.74,0,0
2021-10-01,06L,"NHS IPSWICH AND EAST SUFFOLK",929,1836.66,0,0
2021-10-01,02M,"NHS FYLDE AND WYRE",942,1859.78,0,0
2021-10-01,03K,"NHS NORTH LINCOLNSHIRE",949,1785.48,0,0
2021-10-01,07K,"NHS WEST SUFFOLK",949,1779.04,0,0
2021-10-01,02P,"NHS BARNSLEY",981,2209.35,0,0
2021-10-01,99G,"NHS SOUTHEND",1086,2560.09,0,0
2021-10-01,00R,"NHS BLACKPOOL",1099,2212.4,0,0
2021-10-01,00L,"NHS NORTHUMBERLAND",1126,2588.16,0,0
2021-10-01,03L,"NHS ROTHERHAM",1127,2330.44,0,0
2021-10-01,03R,"NHS WAKEFIELD",1315,3447.45,0,0
2021-10-01,42D,"NHS NORTH YORKSHIRE",1359,3147.11,0,0
2021-10-01,01F,"NHS HALTON",1428,2731.46,0,0
2021-10-01,01J,"NHS KNOWSLEY",1446,2926.14,0,0
2021-10-01,01D,"NHS HEYWOOD, MIDDLETON AND ROCHDALE",1455,3418.61,0,0
2021-10-01,10Q,"NHS OXFORDSHIRE",1531,3496.54,0,0
2021-10-01,15F,"NHS LEEDS",1579,4204.23,0,0
2021-10-01,01K,"NHS MORECAMBE BAY",1591,3322.26,0,0
2021-10-01,00Y,"NHS OLDHAM",1633,3147.34,0,0
2021-10-01,X2C4Y,"NHS KIRKLEES",1662,4508.99,0,0
2021-10-01,13T,"NHS NEWCASTLE GATESHEAD",1710,3944.77,0,0
2021-10-01,07G,"NHS THURROCK",1792,3634.76,0,0
2021-10-01,02H,"NHS WIGAN BOROUGH",1874,3628.76,0,0
2021-10-01,99F,"NHS CASTLE POINT AND ROCHFORD",1881,3888.4,0,0
2021-10-01,U2G6B,"NHS THAMES VALLEY ICB - U2G6B",2032,4044.16,0,0
2021-10-01,05D,"NHS EAST STAFFORDSHIRE",2048,3930.7,0,0
2021-10-01,01V,"NHS SOUTHPORT AND FORMBY",2081,3868.07,0,0
2021-10-01,02X,"NHS DONCASTER",2164,4156.59,0,0
2021-10-01,01H,"NHS NORTH CUMBRIA",2296,5100.4,0,0
2021-10-01,05V,"NHS STAFFORD AND SURROUNDS",2391,4451.42,0,0
2021-10-01,02E,"NHS WARRINGTON",2566,4988.49,0,0
2021-10-01,02T,"NHS CALDERDALE",2596,6480.89,0,0
2021-10-01,02A,"NHS TRAFFORD",2600,5765.87,0,0
2021-10-01,06Q,"NHS MID ESSEX",3020,5448.79,0,0
2021-10-01,04Y,"NHS CANNOCK CHASE",3028,5918.6,0,0
2021-10-01,99A,"NHS LIVERPOOL",3035,6209.54,0,0
2021-10-01,05W,"NHS STOKE ON TRENT",3128,6649.67,0,0
2021-10-01,07H,"NHS WEST ESSEX",3153,5666.17,0,0
2021-10-01,99E,"NHS BASILDON AND BRENTWOOD",3162,6747.36,0,0
2021-10-01,14Y,"NHS BUCKINGHAMSHIRE",3460,6247.19,0,0
2021-10-01,03W,"NHS EAST LEICESTERSHIRE AND RUTLAND",3484,6438.56,0,0
2021-10-01,05G,"NHS NORTH STAFFORDSHIRE",3611,7388.21,0,0
2021-10-01,36L,"NHS SOUTH WEST LONDON",3655,8357.53,0,0
2021-10-01,01T,"NHS SOUTH SEFTON",3748,6831.52,0,0
2021-10-01,05Q,"NHS SOUTH EAST STAFFORDSHIRE AND SEISDON PENINSULA",3855,7818.41,0,0
2021-10-01,09D,"NHS BRIGHTON AND HOVE",3877,9003.25,0,0
2021-10-01,A3A8R,"NHS NORTH EAST LONDON",3896,8837.67,0,0
2021-10-01,01X,"NHS ST HELENS",3912,7241.81,0,0
2021-10-01,06K,"NHS EAST AND NORTH HERTFORDSHIRE",4048,7474.86,0,0
2021-10-01,04V,"NHS WEST LEICESTERSHIRE",4071,7655.16,0,0
2021-10-01,11J,"NHS DORSET",4312,9844.09,0,0
2021-10-01,10R,"NHS PORTSMOUTH",4352,9134.95,0,0
2021-10-01,12F,"NHS WIRRAL",4418,10044.31,0,0
2021-10-01,71E,"NHS LINCOLNSHIRE",4577,9254.31,0,0
2021-10-01,00V,"NHS BURY",4680,7847.97,0,0
2021-10-01,11M,"NHS GLOUCESTERSHIRE",4826,9490.48,0,0
2021-10-01,01Y,"NHS TAMESIDE AND GLOSSOP",4841,9487.37,0,0
2021-10-01,01W,"NHS STOCKPORT",4871,8971.45,0,0
2021-10-01,93C,"NHS NORTH CENTRAL LONDON",4871,9901.53,0,0
2021-10-01,00T,"NHS BOLTON",5065,9442.8,0,0
2021-10-01,06T,"NHS NORTH EAST ESSEX",5072,8648.61,0,0
2021-10-01,00P,"NHS SUNDERLAND",5099,10016.72,0,0
2021-10-01,15A,"NHS BERKSHIRE WEST",5251,9181.75,0,0
2021-10-01,11X,"NHS SOMERSET",5272,9969.76,0,0
2021-10-01,W2U3Z,"NHS NORTH WEST LONDON",5315,11902.35,0,0
2021-10-01,84H,"NHS COUNTY DURHAM",5353,10684.25,0,0
2021-10-01,04C,"NHS LEICESTER CITY",5415,9543.41,0,0
2021-10-01,70F,"NHS WEST SUSSEX",5428,12614.43,0,0
2021-10-01,18C,"NHS HEREFORDSHIRE AND WORCESTERSHIRE",5526,12287.36,0,0
2021-10-01,11N,"NHS CORNWALL AND THE ISLES OF SCILLY",5555,11228.48,0,0
2021-10-01,72Q,"NHS SOUTH EAST LONDON",5675,12797.95,0,0
2021-10-01,01G,"NHS SALFORD",5687,10266.67,0,0
2021-10-01,06N,"NHS HERTS VALLEYS",5891,12322.85,0,0
2021-10-01,03N,"NHS SHEFFIELD",6169,11505.63,0,0
2021-10-01,06H,"NHS CAMBRIDGESHIRE AND PETERBOROUGH",6396,11883.95,0,0
2021-10-01,16C,"NHS TEES VALLEY",6882,14380.19,0,0
2021-10-01,36J,"NHS BRADFORD DISTRICT AND CRAVEN",6990,14196.27,0,0
2021-10-01,M2L0M,"NHS SHROPSHIRE, TELFORD AND WREKIN",7369,16858.61,0,0
2021-10-01,97R,"NHS EAST SUSSEX",7528,16367.78,0,0
2021-10-01,92G,"NHS BATH AND NORTH EAST SOMERSET, SWINDON AND WILTSHIRE",8373,16704.23,0,0
2021-10-01,27D,"NHS CHESHIRE",9303,17678.49,0,0
2021-10-01,15N,"NHS DEVON",9989,22324.94,0,0
2021-10-01,26A,"NHS NORFOLK AND WAVENEY",10120,19381.5,0,0
2021-10-01,14L,"NHS MANCHESTER",10281,22615.21,0,0
2021-10-01,B2M3M,"NHS COVENTRY AND WARWICKSHIRE",10428,18597.58,0,0
2021-10-01,M1J4Y,"NHS BEDFORDSHIRE, LUTON AND MILTON KEYNES",10808,21007.3,0,0
2021-10-01,15C,"NHS BRISTOL, NORTH SOMERSET AND SOUTH GLOUCESTERSHIRE",11388,24974.84,0,0
2021-10-01,78H,"NHS NORTHAMPTONSHIRE",11606,19985.58,0,0
2021-10-01,92A,"NHS SURREY HEARTLANDS",11870,24851.92,0,0
2021-10-01,15M,"NHS DERBY AND DERBYSHIRE",13064,27006.03,0,0
2021-10-01,D2P2L,"NHS BLACK COUNTRY",14683,29641.54,0,0
2021-10-01,52R,"NHS NOTTINGHAM AND NOTTINGHAMSHIRE",15670,30443.08,0,0
2021-10-01,91Q,"NHS KENT AND MEDWAY",23025,44552.75,0,0
2021-10-01,D9Y0V,"NHS HAMPSHIRE, SOUTHAMPTON AND ISLE OF WIGHT",23899,52633.78,0,0
2021-10-01,15E,"NHS BIRMINGHAM AND SOLIHULL",24100,46953.59,0,0
2021-11-01,09W,"NHS MEDWAY",0,0,0,0
2021-11-01,D4U1Y,"NHS FRIMLEY",66,97.91,0,0
2021-11-01,03Q,"NHS VALE OF YORK",280,685.08,0,0
2021-11-01,00N,"NHS SOUTH TYNESIDE",367,797.97,0,0
2021-11-01,00Q,"NHS BLACKBURN WITH DARWEN",409,864.64,0,0
2021-11-01,02G,"NHS WEST LANCASHIRE",442,906.15,0,0
2021-11-01,99C,"NHS NORTH TYNESIDE",500,1212.34,0,0
2021-11-01,03F,"NHS HULL",570,1922.13,0,0
2021-11-01,01E,"NHS GREATER PRESTON",595,1374.41,0,0
2021-11-01,00X,"NHS CHORLEY AND SOUTH RIBBLE",723,1603.58,0,0
2021-11-01,02Q,"NHS BASSETLAW",770,1425.79,0,0
2021-11-01,02Y,"NHS EAST RIDING OF YORKSHIRE",814,2141.11,0,0
2021-11-01,01A,"NHS EAST LANCASHIRE",858,1718.41,0,0
2021-11-01,02M,"NHS FYLDE AND WYRE",916,1877.19,0,0
2021-11-01,07K,"NHS WEST SUFFOLK",950,1779.41,0,0
2021-11-01,06L,"NHS IPSWICH AND EAST SUFFOLK",963,1936.9,0,0
2021-11-01,03H,"NHS NORTH EAST LINCOLNSHIRE",999,2607.25,0,0
2021-11-01,02P,"NHS BARNSLEY",1062,2360.74,0,0
2021-11-01,03K,"NHS NORTH LINCOLNSHIRE",1077,2021,0,0
2021-11-01,00R,"NHS BLACKPOOL",1128,2243.66,0,0
2021-11-01,03L,"NHS ROTHERHAM",1131,2380.35,0,0
2021-11-01,99G,"NHS SOUTHEND",1168,2751.23,0,0
2021-11-01,00L,"NHS NORTHUMBERLAND",1210,2796.98,0,0
2021-11-01,03R,"NHS WAKEFIELD",1276,3392.18,0,0
2021-11-01,01J,"NHS KNOWSLEY",1417,2908.52,0,0
2021-11-01,42D,"NHS NORTH YORKSHIRE",1428,3318.3,0,0
2021-11-01,01D,"NHS HEYWOOD, MIDDLETON AND ROCHDALE",1486,3485.23,0,0
2021-11-01,10Q,"NHS OXFORDSHIRE",1496,3253.6,0,0
2021-11-01,01F,"NHS HALTON",1545,2931.34,0,0
2021-11-01,01K,"NHS MORECAMBE BAY",1643,3448.3,0,0
2021-11-01,13T,"NHS NEWCASTLE GATESHEAD",1671,3885.75,0,0
2021-11-01,00Y,"NHS OLDHAM",1688,3253.36,0,0
2021-11-01,15F,"NHS LEEDS",1702,4712.55,0,0
2021-11-01,X2C4Y,"NHS KIRKLEES",1748,4608.11,0,0
2021-11-01,07G,"NHS THURROCK",1800,3548.95,0,0
2021-11-01,99F,"NHS CASTLE POINT AND ROCHFORD",1955,4068.43,0,0
2021-11-01,U2G6B,"NHS THAMES VALLEY ICB - U2G6B",2003,4007.13,0,0
2021-11-01,02H,"NHS WIGAN BOROUGH",2010,3891.07,0,0
2021-11-01,01V,"NHS SOUTHPORT AND FORMBY",2049,3827.98,0,0
2021-11-01,05D,"NHS EAST STAFFORDSHIRE",2109,3948.19,0,0
2021-11-01,02X,"NHS DONCASTER",2150,4117.42,0,0
2021-11-01,01H,"NHS NORTH CUMBRIA",2171,4875.32,0,0
2021-11-01,05V,"NHS STAFFORD AND SURROUNDS",2416,4433.93,0,0
2021-11-01,02T,"NHS CALDERDALE",2623,6746.79,0,0
2021-11-01,02A,"NHS TRAFFORD",2678,6068.04,0,0
2021-11-01,02E,"NHS WARRINGTON",2706,5280.53,0,0
2021-11-01,99A,"NHS LIVERPOOL",3004,6192.54,0,0
2021-11-01,04Y,"NHS CANNOCK CHASE",3074,6082.47,0,0
2021-11-01,06Q,"NHS MID ESSEX",3091,5597.14,0,0
2021-11-01,07H,"NHS WEST ESSEX",3163,5707.56,0,0
2021-11-01,05W,"NHS STOKE ON TRENT",3215,6786.48,0,0
2021-11-01,99E,"NHS BASILDON AND BRENTWOOD",3309,7095.94,0,0
2021-11-01,05G,"NHS NORTH STAFFORDSHIRE",3320,6819.49,0,0
2021-11-01,14Y,"NHS BUCKINGHAMSHIRE",3589,6537.29,0,0
2021-11-01,03W,"NHS EAST LEICESTERSHIRE AND RUTLAND",3645,6814.18,0,0
2021-11-01,36L,"NHS SOUTH WEST LONDON",3727,8542.08,0,0
2021-11-01,01T,"NHS SOUTH SEFTON",3979,7268.2,0,0
2021-11-01,09D,"NHS BRIGHTON AND HOVE",4002,9443.64,0,0
2021-11-01,01X,"NHS ST HELENS",4005,7525.92,0,0
2021-11-01,A3A8R,"NHS NORTH EAST LONDON",4083,9560.35,0,0
2021-11-01,05Q,"NHS SOUTH EAST STAFFORDSHIRE AND SEISDON PENINSULA",4137,8423.38,0,0
2021-11-01,06K,"NHS EAST AND NORTH HERTFORDSHIRE",4247,7935.56,0,0
2021-11-01,04V,"NHS WEST LEICESTERSHIRE",4249,7954.88,0,0
2021-11-01,12F,"NHS WIRRAL",4477,10192.12,0,0
2021-11-01,11J,"NHS DORSET",4508,10403.06,0,0
2021-11-01,10R,"NHS PORTSMOUTH",4552,9565.55,0,0
2021-11-01,00V,"NHS BURY",4723,7956.39,0,0
2021-11-01,71E,"NHS LINCOLNSHIRE",4746,9637.31,0,0
2021-11-01,93C,"NHS NORTH CENTRAL LONDON",4872,9967.72,0,0
2021-11-01,11M,"NHS GLOUCESTERSHIRE",4923,9757.73,0,0
2021-11-01,01Y,"NHS TAMESIDE AND GLOSSOP",4938,9734.71,0,0
2021-11-01,01W,"NHS STOCKPORT",4957,9181.78,0,0
2021-11-01,00T,"NHS BOLTON",4966,9307.71,0,0
2021-11-01,00P,"NHS SUNDERLAND",5113,10068.65,0,0
2021-11-01,06T,"NHS NORTH EAST ESSEX",5117,8769.52,0,0
2021-11-01,W2U3Z,"NHS NORTH WEST LONDON",5118,11525.68,0,0
2021-11-01,11X,"NHS SOMERSET",5346,10170.05,0,0
2021-11-01,15A,"NHS BERKSHIRE WEST",5347,9412.5,0,0
2021-11-01,18C,"NHS HEREFORDSHIRE AND WORCESTERSHIRE",5446,12069.54,0,0
2021-11-01,06N,"NHS HERTS VALLEYS",5478,11360.99,0,0
2021-11-01,84H,"NHS COUNTY DURHAM",5478,11000.16,0,0
2021-11-01,01G,"NHS SALFORD",5524,9631.87,0,0
2021-11-01,70F,"NHS WEST SUSSEX",5651,13091.61,0,0
2021-11-01,04C,"NHS LEICESTER CITY",5675,9945.99,0,0
2021-11-01,72Q,"NHS SOUTH EAST LONDON",5678,12941.9,0,0
2021-11-01,11N,"NHS CORNWALL AND THE ISLES OF SCILLY",5816,11719.5,0,0
2021-11-01,03N,"NHS SHEFFIELD",6522,12247.59,0,0
2021-11-01,06H,"NHS CAMBRIDGESHIRE AND PETERBOROUGH",6592,12212.51,0,0
2021-11-01,16C,"NHS TEES VALLEY",6651,14083.33,0,0
2021-11-01,36J,"NHS BRADFORD DISTRICT AND CRAVEN",6875,13909.35,0,0
2021-11-01,M2L0M,"NHS SHROPSHIRE, TELFORD AND WREKIN",7284,16755.42,0,0
2021-11-01,97R,"NHS EAST SUSSEX",7867,17336.81,0,0
2021-11-01,92G,"NHS BATH AND NORTH EAST SOMERSET, SWINDON AND WILTSHIRE",8272,16715.73,0,0
2021-11-01,27D,"NHS CHESHIRE",8496,16110.05,0,0
2021-11-01,26A,"NHS NORFOLK AND WAVENEY",9823,18622.85,0,0
2021-11-01,15N,"NHS DEVON",10130,22478.78,0,0
2021-11-01,14L,"NHS MANCHESTER",10295,22548.42,0,0
2021-11-01,B2M3M,"NHS COVENTRY AND WARWICKSHIRE",10906,19447.9,0,0
2021-11-01,M1J4Y,"NHS BEDFORDSHIRE, LUTON AND MILTON KEYNES",11051,21729.76,0,0
2021-11-01,78H,"NHS NORTHAMPTONSHIRE",12015,20832.38,0,0
2021-11-01,92A,"NHS SURREY HEARTLANDS",12114,25241.13,0,0
2021-11-01,15C,"NHS BRISTOL, NORTH SOMERSET AND SOUTH GLOUCESTERSHIRE",12288,26729.01,0,0
2021-11-01,15M,"NHS DERBY AND DERBYSHIRE",13426,27781.53,0,0
2021-11-01,D2P2L,"NHS BLACK COUNTRY",15637,31658.91,0,0
2021-11-01,52R,"NHS NOTTINGHAM AND NOTTINGHAMSHIRE",15937,31262.46,0,0
2021-11-01,91Q,"NHS KENT AND MEDWAY",23253,45097.11,0,0
2021-11-01,D9Y0V,"NHS HAMPSHIRE, SOUTHAMPTON AND ISLE OF WIGHT",24564,53696.11,0,0
2021-11-01,15E,"NHS BIRMINGHAM AND SOLIHULL",24597,48222.12,0,0
2021-12-01,09W,"NHS MEDWAY",0,0,0,0
2021-12-01,D4U1Y,"NHS FRIMLEY",71,105.06,0,0
2021-12-01,03Q,"NHS VALE OF YORK",309,730.58,0,0
2021-12-01,00N,"NHS SOUTH TYNESIDE",423,927.27,0,0
2021-12-01,00Q,"NHS BLACKBURN WITH DARWEN",466,979.98,0,0
2021-12-01,02G,"NHS WEST LANCASHIRE",504,1020.73,0,0
2021-12-01,99C,"NHS NORTH TYNESIDE",529,1285.94,0,0
2021-12-01,01E,"NHS GREATER PRESTON",593,1300.91,0,0
2021-12-01,03F,"NHS HULL",653,2151.5,0,0
2021-12-01,02M,"NHS FYLDE AND WYRE",758,1568.16,0,0
2021-12-01,00X,"NHS CHORLEY AND SOUTH RIBBLE",812,1729.06,0,0
2021-12-01,02Q,"NHS BASSETLAW",880,1623.45,0,0
2021-12-01,02Y,"NHS EAST RIDING OF YORKSHIRE",892,2212.43,0,0
2021-12-01,01A,"NHS EAST LANCASHIRE",943,1838.54,0,0
2021-12-01,07K,"NHS WEST SUFFOLK",1003,1837.65,0,0
2021-12-01,06L,"NHS IPSWICH AND EAST SUFFOLK",1032,2105.69,0,0
2021-12-01,03H,"NHS NORTH EAST LINCOLNSHIRE",1049,2390.67,0,0
2021-12-01,02P,"NHS BARNSLEY",1091,2447.5,0,0
2021-12-01,03K,"NHS NORTH LINCOLNSHIRE",1148,2123.35,0,0
2021-12-01,00R,"NHS BLACKPOOL",1177,2316.39,0,0
2021-12-01,03L,"NHS ROTHERHAM",1217,2555.22,0,0
2021-12-01,99G,"NHS SOUTHEND",1247,2891.2,0,0
2021-12-01,00L,"NHS NORTHUMBERLAND",1294,2982.51,0,0
2021-12-01,03R,"NHS WAKEFIELD",1417,3651.15,0,0
2021-12-01,42D,"NHS NORTH YORKSHIRE",1498,3429.19,0,0
2021-12-01,01J,"NHS KNOWSLEY",1547,3152.01,0,0
2021-12-01,01D,"NHS HEYWOOD, MIDDLETON AND ROCHDALE",1554,3599.57,0,0
2021-12-01,01F,"NHS HALTON",1588,2965.66,0,0
2021-12-01,10Q,"NHS OXFORDSHIRE",1605,3649.46,0,0
2021-12-01,00Y,"NHS OLDHAM",1721,3283.06,0,0
2021-12-01,15F,"NHS LEEDS",1799,4860.91,0,0
2021-12-01,X2C4Y,"NHS KIRKLEES",1803,4898.14,0,0
2021-12-01,01K,"NHS MORECAMBE BAY",1833,3834.3,0,0
2021-12-01,13T,"NHS NEWCASTLE GATESHEAD",1883,4397.76,0,0
2021-12-01,07G,"NHS THURROCK",1950,3896.84,0,0
2021-12-01,02X,"NHS DONCASTER",2067,3905.65,0,0
2021-12-01,02H,"NHS WIGAN BOROUGH",2099,4165.8,0,0
2021-12-01,U2G6B,"NHS THAMES VALLEY ICB - U2G6B",2102,4172.78,0,0
2021-12-01,99F,"NHS CASTLE POINT AND ROCHFORD",2190,4650.19,0,0
2021-12-01,05D,"NHS EAST STAFFORDSHIRE",2240,4200.82,0,0
2021-12-01,01V,"NHS SOUTHPORT AND FORMBY",2332,4337.32,0,0
2021-12-01,01H,"NHS NORTH CUMBRIA",2567,5664.34,0,0
2021-12-01,05V,"NHS STAFFORD AND SURROUNDS",2621,4852.11,0,0
2021-12-01,02T,"NHS CALDERDALE",2639,6455.95,0,0
2021-12-01,02A,"NHS TRAFFORD",2675,5872.41,0,0
2021-12-01,02E,"NHS WARRINGTON",2748,5318.74,0,0
2021-12-01,99A,"NHS LIVERPOOL",2915,6115.34,0,0
2021-12-01,04Y,"NHS CANNOCK CHASE",3294,6344.18,0,0
2021-12-01,06Q,"NHS MID ESSEX",3367,6014.38,0,0
2021-12-01,05W,"NHS STOKE ON TRENT",3380,7148.54,0,0
2021-12-01,05G,"NHS NORTH STAFFORDSHIRE",3435,7078.64,0,0
2021-12-01,99E,"NHS BASILDON AND BRENTWOOD",3436,7289.12,0,0
2021-12-01,07H,"NHS WEST ESSEX",3541,6536.33,0,0
2021-12-01,14Y,"NHS BUCKINGHAMSHIRE",3725,6698.39,0,0
2021-12-01,03W,"NHS EAST LEICESTERSHIRE AND RUTLAND",3914,7172.13,0,0
2021-12-01,36L,"NHS SOUTH WEST LONDON",3934,9275.38,0,0
2021-12-01,A3A8R,"NHS NORTH EAST LONDON",4087,9520.16,0,0
2021-12-01,09D,"NHS BRIGHTON AND HOVE",4131,9805.02,0,0
2021-12-01,01X,"NHS ST HELENS",4282,7929.24,0,0
2021-12-01,01T,"NHS SOUTH SEFTON",4363,8013.4,0,0
2021-12-01,06K,"NHS EAST AND NORTH HERTFORDSHIRE",4415,8191.46,0,0
2021-12-01,11M,"NHS GLOUCESTERSHIRE",4484,8889.72,0,0
2021-12-01,05Q,"NHS SOUTH EAST STAFFORDSHIRE AND SEISDON PENINSULA",4620,9497.04,0,0
2021-12-01,04V,"NHS WEST LEICESTERSHIRE",4644,8667.76,0,0
2021-12-01,10R,"NHS PORTSMOUTH",4725,10051.42,0,0
2021-12-01,12F,"NHS WIRRAL",4731,10629.98,0,0
2021-12-01,11J,"NHS DORSET",4968,11324.23,0,0
2021-12-01,00V,"NHS BURY",5107,8510.49,0,0
2021-12-01,71E,"NHS LINCOLNSHIRE",5142,10510.07,0,0
2021-12-01,93C,"NHS NORTH CENTRAL LONDON",5142,10597.61,0,0
2021-12-01,00T,"NHS BOLTON",5194,9770.18,0,0
2021-12-01,01Y,"NHS TAMESIDE AND GLOSSOP",5254,10377.94,0,0
2021-12-01,01W,"NHS STOCKPORT",5348,9857.92,0,0
2021-12-01,06N,"NHS HERTS VALLEYS",5361,11392.44,0,0
2021-12-01,W2U3Z,"NHS NORTH WEST LONDON",5364,12266.45,0,0
2021-12-01,70F,"NHS WEST SUSSEX",5555,12860.59,0,0
2021-12-01,00P,"NHS SUNDERLAND",5556,10967.41,0,0
2021-12-01,06T,"NHS NORTH EAST ESSEX",5678,9593.31,0,0
2021-12-01,18C,"NHS HEREFORDSHIRE AND WORCESTERSHIRE",5688,12753.79,0,0
2021-12-01,04C,"NHS LEICESTER CITY",5781,10216.46,0,0
2021-12-01,01G,"NHS SALFORD",5794,10227.67,0,0
2021-12-01,84H,"NHS COUNTY DURHAM",5824,11609.62,0,0
2021-12-01,11X,"NHS SOMERSET",5873,11086,0,0
2021-12-01,15A,"NHS BERKSHIRE WEST",5942,10452.63,0,0
2021-12-01,72Q,"NHS SOUTH EAST LONDON",6024,14375.46,0,0
2021-12-01,11N,"NHS CORNWALL AND THE ISLES OF SCILLY",6505,13063.95,0,0
2021-12-01,06H,"NHS CAMBRIDGESHIRE AND PETERBOROUGH",6771,12546.77,0,0
2021-12-01,03N,"NHS SHEFFIELD",6977,13548.55,0,0
2021-12-01,36J,"NHS BRADFORD DISTRICT AND CRAVEN",7265,14736.42,0,0
2021-12-01,16C,"NHS TEES VALLEY",7300,15339.09,0,0
2021-12-01,27D,"NHS CHESHIRE",7602,14885.14,0,0
2021-12-01,M2L0M,"NHS SHROPSHIRE, TELFORD AND WREKIN",7926,18287.07,0,0
2021-12-01,92G,"NHS BATH AND NORTH EAST SOMERSET, SWINDON AND WILTSHIRE",8045,16457.05,0,0
2021-12-01,97R,"NHS EAST SUSSEX",8341,18334.28,0,0
2021-12-01,26A,"NHS NORFOLK AND WAVENEY",9407,17716.07,0,0
2021-12-01,15N,"NHS DEVON",10462,23363.83,0,0
2021-12-01,14L,"NHS MANCHESTER",10674,23379.25,0,0
2021-12-01,B2M3M,"NHS COVENTRY AND WARWICKSHIRE",11580,20467.2,0,0
2021-12-01,15C,"NHS BRISTOL, NORTH SOMERSET AND SOUTH GLOUCESTERSHIRE",11635,25788.77,0,0
2021-12-01,M1J4Y,"NHS BEDFORDSHIRE, LUTON AND MILTON KEYNES",11757,22913.37,0,0
2021-12-01,78H,"NHS NORTHAMPTONSHIRE",12403,21197.22,0,0
2021-12-01,92A,"NHS SURREY HEARTLANDS",12861,26803.53,0,0
2021-12-01,15M,"NHS DERBY AND DERBYSHIRE",14396,29529.89,0,0
2021-12-01,D2P2L,"NHS BLACK COUNTRY",16432,33246.16,0,0
2021-12-01,52R,"NHS NOTTINGHAM AND NOTTINGHAMSHIRE",17071,32932.92,0,0
2021-12-01,91Q,"NHS KENT AND MEDWAY",24966,48232.02,0,0
2021-12-01,15E,"NHS BIRMINGHAM AND SOLIHULL",25196,49417.97,0,0
2021-12-01,D9Y0V,"NHS HAMPSHIRE, SOUTHAMPTON AND ISLE OF WIGHT",26944,59398.14,0,0
2022-01-01,09W,"NHS MEDWAY",0,0,0,0
2022-01-01,D4U1Y,"NHS FRIMLEY",67,102.15,0,0
2022-01-01,03Q,"NHS VALE OF YORK",273,629.16,0,0
2022-01-01,00N,"NHS SOUTH TYNESIDE",350,738.44,0,0
2022-01-01,00Q,"NHS BLACKBURN WITH DARWEN",433,871.12,0,0
2022-01-01,02G,"NHS WEST LANCASHIRE",471,948.03,0,0
2022-01-01,99C,"NHS NORTH TYNESIDE",483,1158.5,0,0
2022-01-01,03F,"NHS HULL",543,1626.48,0,0
2022-01-01,01E,"NHS GREATER PRESTON",582,1330.89,0,0
2022-01-01,02M,"NHS FYLDE AND WYRE",689,1417.83,0,0
2022-01-01,00X,"NHS CHORLEY AND SOUTH RIBBLE",745,1523.51,0,0
2022-01-01,02Q,"NHS BASSETLAW",752,1401.19,0,0
2022-01-01,02Y,"NHS EAST RIDING OF YORKSHIRE",806,2036.72,0,0
2022-01-01,01A,"NHS EAST LANCASHIRE",854,1642.24,0,0
2022-01-01,03H,"NHS NORTH EAST LINCOLNSHIRE",898,2059.93,0,0
2022-01-01,06L,"NHS IPSWICH AND EAST SUFFOLK",913,1801.43,0,0
2022-01-01,03K,"NHS NORTH LINCOLNSHIRE",933,1734.89,0,0
2022-01-01,07K,"NHS WEST SUFFOLK",956,1802.76,0,0
2022-01-01,99G,"NHS SOUTHEND",968,2232.4,0,0
2022-01-01,02P,"NHS BARNSLEY",991,2232.3,0,0
2022-01-01,03L,"NHS ROTHERHAM",1113,2387.35,0,0
2022-01-01,00L,"NHS NORTHUMBERLAND",1114,2654.84,0,0
2022-01-01,00R,"NHS BLACKPOOL",1116,2199.54,0,0
2022-01-01,03R,"NHS WAKEFIELD",1254,3032.07,0,0
2022-01-01,10Q,"NHS OXFORDSHIRE",1321,3003.37,0,0
2022-01-01,01J,"NHS KNOWSLEY",1369,2739.34,0,0
2022-01-01,42D,"NHS NORTH YORKSHIRE",1392,3200.9,0,0
2022-01-01,01D,"NHS HEYWOOD, MIDDLETON AND ROCHDALE",1404,3201.48,0,0
2022-01-01,01F,"NHS HALTON",1443,2667.61,0,0
2022-01-01,01K,"NHS MORECAMBE BAY",1626,3381.36,0,0
2022-01-01,00Y,"NHS OLDHAM",1645,3106.63,0,0
2022-01-01,15F,"NHS LEEDS",1645,4413.83,0,0
2022-01-01,13T,"NHS NEWCASTLE GATESHEAD",1674,3909.25,0,0
2022-01-01,X2C4Y,"NHS KIRKLEES",1726,4602.99,0,0
2022-01-01,07G,"NHS THURROCK",1801,3548.4,0,0
2022-01-01,U2G6B,"NHS THAMES VALLEY ICB - U2G6B",1804,3687.33,0,0
2022-01-01,02H,"NHS WIGAN BOROUGH",1837,3584.52,0,0
2022-01-01,02X,"NHS DONCASTER",1892,3656.72,0,0
2022-01-01,99F,"NHS CASTLE POINT AND ROCHFORD",1901,3853.08,0,0
2022-01-01,01V,"NHS SOUTHPORT AND FORMBY",1938,3574.38,0,0
2022-01-01,05D,"NHS EAST STAFFORDSHIRE",2076,3940.29,0,0
2022-01-01,01H,"NHS NORTH CUMBRIA",2230,4925.43,0,0
2022-01-01,05V,"NHS STAFFORD AND SURROUNDS",2295,4217.96,0,0
2022-01-01,02A,"NHS TRAFFORD",2372,5268.84,0,0
2022-01-01,02T,"NHS CALDERDALE",2408,5449.63,0,0
2022-01-01,02E,"NHS WARRINGTON",2534,4933.52,0,0
2022-01-01,99A,"NHS LIVERPOOL",2613,5514.58,0,0
2022-01-01,05G,"NHS NORTH STAFFORDSHIRE",2963,6192.53,0,0
2022-01-01,04Y,"NHS CANNOCK CHASE",3007,5796.03,0,0
2022-01-01,05W,"NHS STOKE ON TRENT",3080,6362.57,0,0
2022-01-01,06Q,"NHS MID ESSEX",3102,5562.62,0,0
2022-01-01,99E,"NHS BASILDON AND BRENTWOOD",3135,6583.83,0,0
2022-01-01,07H,"NHS WEST ESSEX",3168,5685.44,0,0
2022-01-01,14Y,"NHS BUCKINGHAMSHIRE",3345,6066.57,0,0
2022-01-01,03W,"NHS EAST LEICESTERSHIRE AND RUTLAND",3430,6375.42,0,0
2022-01-01,09D,"NHS BRIGHTON AND HOVE",3434,8129.13,0,0
2022-01-01,36L,"NHS SOUTH WEST LONDON",3613,8134.24,0,0
2022-01-01,A3A8R,"NHS NORTH EAST LONDON",3732,8520.73,0,0
2022-01-01,01T,"NHS SOUTH SEFTON",3754,6872.83,0,0
2022-01-01,01X,"NHS ST HELENS",3818,7077.76,0,0
2022-01-01,11M,"NHS GLOUCESTERSHIRE",3929,7801.31,0,0
2022-01-01,05Q,"NHS SOUTH EAST STAFFORDSHIRE AND SEISDON PENINSULA",3965,8003.04,0,0
2022-01-01,06K,"NHS EAST AND NORTH HERTFORDSHIRE",4001,7506.35,0,0
2022-01-01,04V,"NHS WEST LEICESTERSHIRE",4048,7639.4,0,0
2022-01-01,11J,"NHS DORSET",4246,9712.86,0,0
2022-01-01,10R,"NHS PORTSMOUTH",4326,9087.89,0,0
2022-01-01,12F,"NHS WIRRAL",4389,9677.59,0,0
2022-01-01,06N,"NHS HERTS VALLEYS",4401,9343.09,0,0
2022-01-01,70F,"NHS WEST SUSSEX",4500,10485.55,0,0
2022-01-01,71E,"NHS LINCOLNSHIRE",4543,9190.73,0,0
2022-01-01,93C,"NHS NORTH CENTRAL LONDON",4546,9416.91,0,0
2022-01-01,W2U3Z,"NHS NORTH WEST LONDON",4605,10534.32,0,0
2022-01-01,00V,"NHS BURY",4614,7854.74,0,0
2022-01-01,00T,"NHS BOLTON",4619,8941.89,0,0
2022-01-01,01Y,"NHS TAMESIDE AND GLOSSOP",4766,9267.63,0,0
2022-01-01,00P,"NHS SUNDERLAND",4868,9609.25,0,0
2022-01-01,01W,"NHS STOCKPORT",4999,9249.07,0,0
2022-01-01,06T,"NHS NORTH EAST ESSEX",5032,8556.56,0,0
2022-01-01,18C,"NHS HEREFORDSHIRE AND WORCESTERSHIRE",5049,11203.24,0,0
2022-01-01,11X,"NHS SOMERSET",5072,9437.44,0,0
2022-01-01,15A,"NHS BERKSHIRE WEST",5202,9093.38,0,0
2022-01-01,84H,"NHS COUNTY DURHAM",5233,10395.88,0,0
2022-01-01,04C,"NHS LEICESTER CITY",5312,9365.69,0,0
2022-01-01,01G,"NHS SALFORD",5333,9322.44,0,0
2022-01-01,11N,"NHS CORNWALL AND THE ISLES OF SCILLY",5462,11019.98,0,0
2022-01-01,72Q,"NHS SOUTH EAST LONDON",5505,12534.46,0,0
2022-01-01,03N,"NHS SHEFFIELD",6052,11348.74,0,0
2022-01-01,06H,"NHS CAMBRIDGESHIRE AND PETERBOROUGH",6276,11244.44,0,0
2022-01-01,27D,"NHS CHESHIRE",6432,12581.4,0,0
2022-01-01,16C,"NHS TEES VALLEY",6484,13636.18,0,0
2022-01-01,36J,"NHS BRADFORD DISTRICT AND CRAVEN",6550,13368.14,0,0
2022-01-01,92G,"NHS BATH AND NORTH EAST SOMERSET, SWINDON AND WILTSHIRE",6594,13504.96,0,0
2022-01-01,M2L0M,"NHS SHROPSHIRE, TELFORD AND WREKIN",6811,15671.58,0,0
2022-01-01,97R,"NHS EAST SUSSEX",7271,16022.04,0,0
2022-01-01,26A,"NHS NORFOLK AND WAVENEY",8358,16041.82,0,0
2022-01-01,15N,"NHS DEVON",8940,19313.94,0,0
2022-01-01,15C,"NHS BRISTOL, NORTH SOMERSET AND SOUTH GLOUCESTERSHIRE",9847,21580.04,0,0
2022-01-01,14L,"NHS MANCHESTER",10031,21403.62,0,0
2022-01-01,B2M3M,"NHS COVENTRY AND WARWICKSHIRE",10128,18137.79,0,0
2022-01-01,M1J4Y,"NHS BEDFORDSHIRE, LUTON AND MILTON KEYNES",10318,20040.48,0,0
2022-01-01,78H,"NHS NORTHAMPTONSHIRE",10997,18608.26,0,0
2022-01-01,92A,"NHS SURREY HEARTLANDS",11212,23475.51,0,0
2022-01-01,15M,"NHS DERBY AND DERBYSHIRE",12790,25853.43,0,0
2022-01-01,D2P2L,"NHS BLACK COUNTRY",14774,29880.32,0,0
2022-01-01,52R,"NHS NOTTINGHAM AND NOTTINGHAMSHIRE",15169,29103.06,0,0
2022-01-01,91Q,"NHS KENT AND MEDWAY",22735,43754.76,0,0
2022-01-01,D9Y0V,"NHS HAMPSHIRE, SOUTHAMPTON AND ISLE OF WIGHT",23095,50695.54,0,0
2022-01-01,15E,"NHS BIRMINGHAM AND SOLIHULL",23301,45645.15,0,0
2022-02-01,09W,"NHS MEDWAY",0,0,0,0
2022-02-01,D4U1Y,"NHS FRIMLEY",46,69.1,0,0
2022-02-01,03Q,"NHS VALE OF YORK",255,603.49,0,0
2022-02-01,00N,"NHS SOUTH TYNESIDE",352,750.31,0,0
2022-02-01,02G,"NHS WEST LANCASHIRE",392,770.6,0,0
2022-02-01,00Q,"NHS BLACKBURN WITH DARWEN",401,808.47,0,0
2022-02-01,99C,"NHS NORTH TYNESIDE",464,1084.23,0,0
2022-02-01,01E,"NHS GREATER PRESTON",498,1098.33,0,0
2022-02-01,03F,"NHS HULL",509,1493.59,0,0
2022-02-01,02M,"NHS FYLDE AND WYRE",591,1210.06,0,0
2022-02-01,00X,"NHS CHORLEY AND SOUTH RIBBLE",634,1342.02,0,0
2022-02-01,02Y,"NHS EAST RIDING OF YORKSHIRE",730,1778.31,0,0
2022-02-01,02Q,"NHS BASSETLAW",731,1335.52,0,0
2022-02-01,03H,"NHS NORTH EAST LINCOLNSHIRE",841,1969.49,0,0
2022-02-01,01A,"NHS EAST LANCASHIRE",843,1636.59,0,0
2022-02-01,06L,"NHS IPSWICH AND EAST SUFFOLK",846,1650.4,0,0
2022-02-01,03K,"NHS NORTH LINCOLNSHIRE",885,1616.96,0,0
2022-02-01,07K,"NHS WEST SUFFOLK",889,1641.55,0,0
2022-02-01,99G,"NHS SOUTHEND",899,2051.48,0,0
2022-02-01,02P,"NHS BARNSLEY",932,2084.38,0,0
2022-02-01,00R,"NHS BLACKPOOL",964,1948.17,0,0
2022-02-01,00L,"NHS NORTHUMBERLAND",993,2325.93,0,0
2022-02-01,03L,"NHS ROTHERHAM",1031,2146.66,0,0
2022-02-01,03R,"NHS WAKEFIELD",1115,2741.75,0,0
2022-02-01,42D,"NHS NORTH YORKSHIRE",1225,2742.97,0,0
2022-02-01,01D,"NHS HEYWOOD, MIDDLETON AND ROCHDALE",1247,2895.06,0,0
2022-02-01,10Q,"NHS OXFORDSHIRE",1249,2821.89,0,0
2022-02-01,01F,"NHS HALTON",1261,2337.11,0,0
2022-02-01,01J,"NHS KNOWSLEY",1322,2644.68,0,0
2022-02-01,00Y,"NHS OLDHAM",1421,2712.56,0,0
2022-02-01,15F,"NHS LEEDS",1421,3809.39,0,0
2022-02-01,01K,"NHS MORECAMBE BAY",1486,3070.39,0,0
2022-02-01,13T,"NHS NEWCASTLE GATESHEAD",1500,3546.22,0,0
2022-02-01,X2C4Y,"NHS KIRKLEES",1528,4081.67,0,0
2022-02-01,07G,"NHS THURROCK",1536,2840.59,0,0
2022-02-01,02X,"NHS DONCASTER",1680,3081.85,0,0
2022-02-01,99F,"NHS CASTLE POINT AND ROCHFORD",1684,3521.41,0,0
2022-02-01,U2G6B,"NHS THAMES VALLEY ICB - U2G6B",1696,3335.49,0,0
2022-02-01,02H,"NHS WIGAN BOROUGH",1705,3346.47,0,0
2022-02-01,01V,"NHS SOUTHPORT AND FORMBY",1792,3274.69,0,0
2022-02-01,05D,"NHS EAST STAFFORDSHIRE",1965,3690.34,0,0
2022-02-01,02A,"NHS TRAFFORD",2061,4461.73,0,0
2022-02-01,05V,"NHS STAFFORD AND SURROUNDS",2092,3828.26,0,0
2022-02-01,01H,"NHS NORTH CUMBRIA",2093,4674.47,0,0
2022-02-01,02T,"NHS CALDERDALE",2132,4876.59,0,0
2022-02-01,02E,"NHS WARRINGTON",2213,4316.4,0,0
2022-02-01,99A,"NHS LIVERPOOL",2281,4826.22,0,0
2022-02-01,05G,"NHS NORTH STAFFORDSHIRE",2564,5012.54,0,0
2022-02-01,99E,"NHS BASILDON AND BRENTWOOD",2623,5442.85,0,0
2022-02-01,07H,"NHS WEST ESSEX",2684,4777.61,0,0
2022-02-01,04Y,"NHS CANNOCK CHASE",2717,5260.05,0,0
2022-02-01,06Q,"NHS MID ESSEX",2795,4961.13,0,0
2022-02-01,05W,"NHS STOKE ON TRENT",2860,5904.67,0,0
2022-02-01,14Y,"NHS BUCKINGHAMSHIRE",3028,5427.29,0,0
2022-02-01,09D,"NHS BRIGHTON AND HOVE",3033,7169.51,0,0
2022-02-01,03W,"NHS EAST LEICESTERSHIRE AND RUTLAND",3132,5805.58,0,0
2022-02-01,36L,"NHS SOUTH WEST LONDON",3284,7413.77,0,0
2022-02-01,11M,"NHS GLOUCESTERSHIRE",3350,6626,0,0
2022-02-01,A3A8R,"NHS NORTH EAST LONDON",3361,7758.11,0,0
2022-02-01,01T,"NHS SOUTH SEFTON",3449,6350.51,0,0
2022-02-01,01X,"NHS ST HELENS",3546,6501.23,0,0
2022-02-01,05Q,"NHS SOUTH EAST STAFFORDSHIRE AND SEISDON PENINSULA",3602,7355.86,0,0
2022-02-01,06K,"NHS EAST AND NORTH HERTFORDSHIRE",3621,6786.53,0,0
2022-02-01,04V,"NHS WEST LEICESTERSHIRE",3740,6974.16,0,0
2022-02-01,06N,"NHS HERTS VALLEYS",3755,8080.68,0,0
2022-02-01,12F,"NHS WIRRAL",3756,7916.96,0,0
2022-02-01,00T,"NHS BOLTON",3891,7689.36,0,0
2022-02-01,70F,"NHS WEST SUSSEX",3915,8996.54,0,0
2022-02-01,11J,"NHS DORSET",3922,8850.2,0,0
2022-02-01,71E,"NHS LINCOLNSHIRE",4018,8209,0,0
2022-02-01,10R,"NHS PORTSMOUTH",4040,8556.26,0,0
2022-02-01,00V,"NHS BURY",4106,7330.45,0,0
2022-02-01,W2U3Z,"NHS NORTH WEST LONDON",4122,9557.73,0,0
2022-02-01,01Y,"NHS TAMESIDE AND GLOSSOP",4226,7944.03,0,0
2022-02-01,01W,"NHS STOCKPORT",4306,7955.94,0,0
2022-02-01,18C,"NHS HEREFORDSHIRE AND WORCESTERSHIRE",4400,9761.07,0,0
2022-02-01,93C,"NHS NORTH CENTRAL LONDON",4442,9025.15,0,0
2022-02-01,11X,"NHS SOMERSET",4445,8207.12,0,0
2022-02-01,15A,"NHS BERKSHIRE WEST",4510,7899.4,0,0
2022-02-01,84H,"NHS COUNTY DURHAM",4692,9279.4,0,0
2022-02-01,06T,"NHS NORTH EAST ESSEX",4714,8500.93,0,0
2022-02-01,01G,"NHS SALFORD",4715,8248.56,0,0
2022-02-01,00P,"NHS SUNDERLAND",4748,9354.28,0,0
2022-02-01,04C,"NHS LEICESTER CITY",4880,8610.86,0,0
2022-02-01,72Q,"NHS SOUTH EAST LONDON",4985,11364.59,0,0
2022-02-01,11N,"NHS CORNWALL AND THE ISLES OF SCILLY",5217,10438.32,0,0
2022-02-01,03N,"NHS SHEFFIELD",5417,10232.81,0,0
2022-02-01,27D,"NHS CHESHIRE",5473,10687.42,0,0
2022-02-01,06H,"NHS CAMBRIDGESHIRE AND PETERBOROUGH",5492,10086.45,0,0
2022-02-01,92G,"NHS BATH AND NORTH EAST SOMERSET, SWINDON AND WILTSHIRE",5679,11642.66,0,0
2022-02-01,16C,"NHS TEES VALLEY",5795,11999.24,0,0
2022-02-01,36J,"NHS BRADFORD DISTRICT AND CRAVEN",5948,12123.52,0,0
2022-02-01,M2L0M,"NHS SHROPSHIRE, TELFORD AND WREKIN",6176,14141.07,0,0
2022-02-01,97R,"NHS EAST SUSSEX",6634,14500.54,0,0
2022-02-01,26A,"NHS NORFOLK AND WAVENEY",7211,13914.83,0,0
2022-02-01,15N,"NHS DEVON",7745,16610.21,0,0
2022-02-01,15C,"NHS BRISTOL, NORTH SOMERSET AND SOUTH GLOUCESTERSHIRE",8483,18424.76,0,0
2022-02-01,14L,"NHS MANCHESTER",8794,18475.36,0,0
2022-02-01,M1J4Y,"NHS BEDFORDSHIRE, LUTON AND MILTON KEYNES",9305,17847.96,0,0
2022-02-01,B2M3M,"NHS COVENTRY AND WARWICKSHIRE",9409,16629.81,0,0
2022-02-01,78H,"NHS NORTHAMPTONSHIRE",9704,16163.86,0,0
2022-02-01,92A,"NHS SURREY HEARTLANDS",9913,20701.91,0,0
2022-02-01,15M,"NHS DERBY AND DERBYSHIRE",11316,22432.5,0,0
2022-02-01,D2P2L,"NHS BLACK COUNTRY",13323,26467.64,0,0
2022-02-01,52R,"NHS NOTTINGHAM AND NOTTINGHAMSHIRE",13868,26333.23,0,0
2022-02-01,91Q,"NHS KENT AND MEDWAY",20168,38992.56,0,0
2022-02-01,15E,"NHS BIRMINGHAM AND SOLIHULL",21096,41630.6,0,0
2022-02-01,D9Y0V,"NHS HAMPSHIRE, SOUTHAMPTON AND ISLE OF WIGHT",21679,47707.65,0,0
2022-03-01,09W,"NHS MEDWAY",0,0,0,0
2022-03-01,D4U1Y,"NHS FRIMLEY",59,92.82,0,0
2022-03-01,03Q,"NHS VALE OF YORK",279,637.61,0,0
2022-03-01,00N,"NHS SOUTH TYNESIDE",394,839.55,0,0
2022-03-01,00Q,"NHS BLACKBURN WITH DARWEN",445,845.5,0,0
2022-03-01,02G,"NHS WEST LANCASHIRE",493,963.42,0,0
2022-03-01,99C,"NHS NORTH TYNESIDE",528,1257.21,0,0
2022-03-01,03F,"NHS HULL",531,1575.47,0,0
2022-03-01,01E,"NHS GREATER PRESTON",576,1283.45,0,0
2022-03-01,02M,"NHS FYLDE AND WYRE",733,1454.42,0,0
2022-03-01,02Q,"NHS BASSETLAW",753,1374.92,0,0
2022-03-01,00X,"NHS CHORLEY AND SOUTH RIBBLE",770,1589.32,0,0
2022-03-01,02Y,"NHS EAST RIDING OF YORKSHIRE",771,1837.98,0,0
2022-03-01,07K,"NHS WEST SUFFOLK",949,1799.79,0,0
2022-03-01,06L,"NHS IPSWICH AND EAST SUFFOLK",951,1854.13,0,0
2022-03-01,03H,"NHS NORTH EAST LINCOLNSHIRE",956,2090.86,0,0
2022-03-01,01A,"NHS EAST LANCASHIRE",970,1932.37,0,0
2022-03-01,99G,"NHS SOUTHEND",987,2109.18,0,0
2022-03-01,03K,"NHS NORTH LINCOLNSHIRE",1005,1847.08,0,0
2022-03-01,02P,"NHS BARNSLEY",1092,2337.49,0,0
2022-03-01,03L,"NHS ROTHERHAM",1146,2442.07,0,0
2022-03-01,00R,"NHS BLACKPOOL",1164,2211.74,0,0
2022-03-01,00L,"NHS NORTHUMBERLAND",1177,2796.43,0,0
2022-03-01,03R,"NHS WAKEFIELD",1250,2814.46,0,0
2022-03-01,42D,"NHS NORTH YORKSHIRE",1362,3094.23,0,0
2022-03-01,10Q,"NHS OXFORDSHIRE",1416,3271.52,0,0
2022-03-01,01D,"NHS HEYWOOD, MIDDLETON AND ROCHDALE",1449,3071.43,0,0
2022-03-01,01J,"NHS KNOWSLEY",1459,2922.17,0,0
2022-03-01,01F,"NHS HALTON",1527,2861.78,0,0
2022-03-01,15F,"NHS LEEDS",1639,4357.51,0,0
2022-03-01,00Y,"NHS OLDHAM",1649,3136.57,0,0
2022-03-01,13T,"NHS NEWCASTLE GATESHEAD",1725,3966.11,0,0
2022-03-01,01K,"NHS MORECAMBE BAY",1731,3589.37,0,0
2022-03-01,X2C4Y,"NHS KIRKLEES",1737,4580.86,0,0
2022-03-01,07G,"NHS THURROCK",1759,3259.06,0,0
2022-03-01,U2G6B,"NHS THAMES VALLEY ICB - U2G6B",1869,3710.87,0,0
2022-03-01,99F,"NHS CASTLE POINT AND ROCHFORD",1871,3739.32,0,0
2022-03-01,02X,"NHS DONCASTER",1880,3612.09,0,0
2022-03-01,02H,"NHS WIGAN BOROUGH",1901,3702.54,0,0
2022-03-01,01V,"NHS SOUTHPORT AND FORMBY",2103,3850.44,0,0
2022-03-01,05D,"NHS EAST STAFFORDSHIRE",2112,3944.19,0,0
2022-03-01,02A,"NHS TRAFFORD",2254,4583.87,0,0
2022-03-01,01H,"NHS NORTH CUMBRIA",2376,5308.94,0,0
2022-03-01,05V,"NHS STAFFORD AND SURROUNDS",2376,4354.76,0,0
2022-03-01,02E,"NHS WARRINGTON",2420,4609.91,0,0
2022-03-01,02T,"NHS CALDERDALE",2448,5316.72,0,0
2022-03-01,05G,"NHS NORTH STAFFORDSHIRE",2565,4843.8,0,0
2022-03-01,99A,"NHS LIVERPOOL",2657,5537.72,0,0
2022-03-01,04Y,"NHS CANNOCK CHASE",3049,5757.86,0,0
2022-03-01,07H,"NHS WEST ESSEX",3155,5555.77,0,0
2022-03-01,06Q,"NHS MID ESSEX",3167,5568.95,0,0
2022-03-01,05W,"NHS STOKE ON TRENT",3177,6287.17,0,0
2022-03-01,14Y,"NHS BUCKINGHAMSHIRE",3277,5690.29,0,0
2022-03-01,99E,"NHS BASILDON AND BRENTWOOD",3311,6716.84,0,0
2022-03-01,09D,"NHS BRIGHTON AND HOVE",3366,8023.42,0,0
2022-03-01,11M,"NHS GLOUCESTERSHIRE",3377,6775.46,0,0
2022-03-01,03W,"NHS EAST LEICESTERSHIRE AND RUTLAND",3477,6403.44,0,0
2022-03-01,36L,"NHS SOUTH WEST LONDON",3734,8158.18,0,0
2022-03-01,A3A8R,"NHS NORTH EAST LONDON",3734,8054.24,0,0
2022-03-01,01T,"NHS SOUTH SEFTON",3818,7033.32,0,0
2022-03-01,06N,"NHS HERTS VALLEYS",3999,8553.13,0,0
2022-03-01,06K,"NHS EAST AND NORTH HERTFORDSHIRE",4001,7524.85,0,0
2022-03-01,01X,"NHS ST HELENS",4026,7251.56,0,0
2022-03-01,05Q,"NHS SOUTH EAST STAFFORDSHIRE AND SEISDON PENINSULA",4044,8061.53,0,0
2022-03-01,12F,"NHS WIRRAL",4190,8359.4,0,0
2022-03-01,04V,"NHS WEST LEICESTERSHIRE",4241,7866.48,0,0
2022-03-01,70F,"NHS WEST SUSSEX",4404,10228.64,0,0
2022-03-01,11J,"NHS DORSET",4444,10313.56,0,0
2022-03-01,10R,"NHS PORTSMOUTH",4480,9562.61,0,0
2022-03-01,W2U3Z,"NHS NORTH WEST LONDON",4576,10217.72,0,0
2022-03-01,00V,"NHS BURY",4621,7637.72,0,0
2022-03-01,00T,"NHS BOLTON",4723,9765.47,0,0
2022-03-01,71E,"NHS LINCOLNSHIRE",4774,9544.95,0,0
2022-03-01,93C,"NHS NORTH CENTRAL LONDON",4817,9650.75,0,0
2022-03-01,01W,"NHS STOCKPORT",4947,9044.28,0,0
2022-03-01,01Y,"NHS TAMESIDE AND GLOSSOP",4981,9283.32,0,0
2022-03-01,18C,"NHS HEREFORDSHIRE AND WORCESTERSHIRE",5022,11168.66,0,0
2022-03-01,15A,"NHS BERKSHIRE WEST",5112,8909.43,0,0
2022-03-01,06T,"NHS NORTH EAST ESSEX",5122,9233.06,0,0
2022-03-01,11X,"NHS SOMERSET",5206,9452.26,0,0
2022-03-01,00P,"NHS SUNDERLAND",5256,10319.67,0,0
2022-03-01,84H,"NHS COUNTY DURHAM",5289,10459.73,0,0
2022-03-01,01G,"NHS SALFORD",5305,9322.71,0,0
2022-03-01,04C,"NHS LEICESTER CITY",5480,9626.11,0,0
2022-03-01,72Q,"NHS SOUTH EAST LONDON",5648,12817.39,0,0
2022-03-01,11N,"NHS CORNWALL AND THE ISLES OF SCILLY",5811,11571.71,0,0
2022-03-01,03N,"NHS SHEFFIELD",6012,11385.55,0,0
2022-03-01,27D,"NHS CHESHIRE",6082,11704.42,0,0
2022-03-01,06H,"NHS CAMBRIDGESHIRE AND PETERBOROUGH",6251,11123.21,0,0
2022-03-01,36J,"NHS BRADFORD DISTRICT AND CRAVEN",6474,13136.48,0,0
2022-03-01,92G,"NHS BATH AND NORTH EAST SOMERSET, SWINDON AND WILTSHIRE",6552,13430.13,0,0
2022-03-01,16C,"NHS TEES VALLEY",6679,13869.71,0,0
2022-03-01,M2L0M,"NHS SHROPSHIRE, TELFORD AND WREKIN",6979,16132.65,0,0
2022-03-01,97R,"NHS EAST SUSSEX",7514,16507.29,0,0
2022-03-01,26A,"NHS NORFOLK AND WAVENEY",8034,15371.64,0,0
2022-03-01,15N,"NHS DEVON",8551,18357.3,0,0
2022-03-01,15C,"NHS BRISTOL, NORTH SOMERSET AND SOUTH GLOUCESTERSHIRE",9272,19914.61,0,0
2022-03-01,14L,"NHS MANCHESTER",9986,19580.51,0,0
2022-03-01,M1J4Y,"NHS BEDFORDSHIRE, LUTON AND MILTON KEYNES",10362,19823.04,0,0
2022-03-01,B2M3M,"NHS COVENTRY AND WARWICKSHIRE",10477,18566.84,0,0
2022-03-01,92A,"NHS SURREY HEARTLANDS",11034,23105.82,0,0
2022-03-01,78H,"NHS NORTHAMPTONSHIRE",11112,18229.52,0,0
2022-03-01,15M,"NHS DERBY AND DERBYSHIRE",12630,24790.43,0,0
2022-03-01,D2P2L,"NHS BLACK COUNTRY",15159,29651.71,0,0
2022-03-01,52R,"NHS NOTTINGHAM AND NOTTINGHAMSHIRE",15723,29799.03,0,0
2022-03-01,91Q,"NHS KENT AND MEDWAY",23187,44724.08,0,0
2022-03-01,15E,"NHS BIRMINGHAM AND SOLIHULL",23575,45632.8,0,0
2022-03-01,D9Y0V,"NHS HAMPSHIRE, SOUTHAMPTON AND ISLE OF WIGHT",23937,52391.2,0,0
2022-04-01,09W,"NHS MEDWAY",0,0,0,0
2022-04-01,D4U1Y,"NHS FRIMLEY",71,104.92,0,0
2022-04-01,03Q,"NHS VALE OF YORK",274,659.84,0,0
2022-04-01,00N,"NHS SOUTH TYNESIDE",394,863.64,0,0
2022-04-01,00Q,"NHS BLACKBURN WITH DARWEN",424,852.16,0,0
2022-04-01,02G,"NHS WEST LANCASHIRE",435,839.6,0,0
2022-04-01,03F,"NHS HULL",487,1353.75,0,0
2022-04-01,99C,"NHS NORTH TYNESIDE",497,1175.27,0,0
2022-04-01,01E,"NHS GREATER PRESTON",594,1296.03,0,0
2022-04-01,02M,"NHS FYLDE AND WYRE",686,1321.69,0,0
2022-04-01,00X,"NHS CHORLEY AND SOUTH RIBBLE",701,1469.84,0,0
2022-04-01,02Y,"NHS EAST RIDING OF YORKSHIRE",782,1831.24,0,0
2022-04-01,02Q,"NHS BASSETLAW",798,1453.22,0,0
2022-04-01,07K,"NHS WEST SUFFOLK",874,1612.2,0,0
2022-04-01,03H,"NHS NORTH EAST LINCOLNSHIRE",893,1948.06,0,0
2022-04-01,01A,"NHS EAST LANCASHIRE",924,1777.4,0,0
2022-04-01,06L,"NHS IPSWICH AND EAST SUFFOLK",929,1800.19,0,0
2022-04-01,99G,"NHS SOUTHEND",948,2067.53,0,0
2022-04-01,02P,"NHS BARNSLEY",1015,2249.78,0,0
2022-04-01,03K,"NHS NORTH LINCOLNSHIRE",1024,1870.04,0,0
2022-04-01,00R,"NHS BLACKPOOL",1067,2062.38,0,0
2022-04-01,03L,"NHS ROTHERHAM",1083,2324.65,0,0
2022-04-01,00L,"NHS NORTHUMBERLAND",1097,2587.44,0,0
2022-04-01,03R,"NHS WAKEFIELD",1176,2695.4,0,0
2022-04-01,10Q,"NHS OXFORDSHIRE",1267,2820.74,0,0
2022-04-01,01D,"NHS HEYWOOD, MIDDLETON AND ROCHDALE",1277,2485.55,0,0
2022-04-01,42D,"NHS NORTH YORKSHIRE",1319,2984,0,0
2022-04-01,01J,"NHS KNOWSLEY",1373,2690.41,0,0
2022-04-01,01F,"NHS HALTON",1416,2635.72,0,0
2022-04-01,00Y,"NHS OLDHAM",1577,2971.46,0,0
2022-04-01,U2G6B,"NHS THAMES VALLEY ICB - U2G6B",1577,3135.65,0,0
2022-04-01,X2C4Y,"NHS KIRKLEES",1578,4301.85,0,0
2022-04-01,01K,"NHS MORECAMBE BAY",1592,3265.05,0,0
2022-04-01,15F,"NHS LEEDS",1609,4259.18,0,0
2022-04-01,13T,"NHS NEWCASTLE GATESHEAD",1627,3752.41,0,0
2022-04-01,07G,"NHS THURROCK",1640,3035.45,0,0
2022-04-01,99F,"NHS CASTLE POINT AND ROCHFORD",1705,3418.28,0,0
2022-04-01,02A,"NHS TRAFFORD",1753,3427.29,0,0
2022-04-01,02H,"NHS WIGAN BOROUGH",1810,3591.11,0,0
2022-04-01,02X,"NHS DONCASTER",1848,3503.43,0,0
2022-04-01,01V,"NHS SOUTHPORT AND FORMBY",1934,3569.57,0,0
2022-04-01,05D,"NHS EAST STAFFORDSHIRE",2039,3809.8,0,0
2022-04-01,02E,"NHS WARRINGTON",2091,4113.4,0,0
2022-04-01,05V,"NHS STAFFORD AND SURROUNDS",2226,4068.54,0,0
2022-04-01,01H,"NHS NORTH CUMBRIA",2249,4960.56,0,0
2022-04-01,02T,"NHS CALDERDALE",2253,4798.68,0,0
2022-04-01,05G,"NHS NORTH STAFFORDSHIRE",2351,4458.47,0,0
2022-04-01,99A,"NHS LIVERPOOL",2499,5186.45,0,0
2022-04-01,99E,"NHS BASILDON AND BRENTWOOD",2758,5511.37,0,0
2022-04-01,04Y,"NHS CANNOCK CHASE",2817,5374.33,0,0
2022-04-01,05W,"NHS STOKE ON TRENT",2825,5263.15,0,0
2022-04-01,06Q,"NHS MID ESSEX",2870,4993.23,0,0
2022-04-01,07H,"NHS WEST ESSEX",2917,5180.27,0,0
2022-04-01,09D,"NHS BRIGHTON AND HOVE",3076,7341,0,0
2022-04-01,14Y,"NHS BUCKINGHAMSHIRE",3076,5352.2,0,0
2022-04-01,11M,"NHS GLOUCESTERSHIRE",3083,6102.24,0,0
2022-04-01,03W,"NHS EAST LEICESTERSHIRE AND RUTLAND",3334,6106.53,0,0
2022-04-01,36L,"NHS SOUTH WEST LONDON",3404,7374.63,0,0
2022-04-01,A3A8R,"NHS NORTH EAST LONDON",3506,7466.95,0,0
2022-04-01,06N,"NHS HERTS VALLEYS",3537,7511.6,0,0
2022-04-01,01T,"NHS SOUTH SEFTON",3539,6489.38,0,0
2022-04-01,06K,"NHS EAST AND NORTH HERTFORDSHIRE",3669,6781.93,0,0
2022-04-01,01X,"NHS ST HELENS",3702,6630.58,0,0
2022-04-01,05Q,"NHS SOUTH EAST STAFFORDSHIRE AND SEISDON PENINSULA",3780,7510.09,0,0
2022-04-01,70F,"NHS WEST SUSSEX",3996,9287.52,0,0
2022-04-01,12F,"NHS WIRRAL",3999,7968.38,0,0
2022-04-01,04V,"NHS WEST LEICESTERSHIRE",4025,7515.91,0,0
2022-04-01,10R,"NHS PORTSMOUTH",4065,8655.98,0,0
2022-04-01,W2U3Z,"NHS NORTH WEST LONDON",4082,9149.62,0,0
2022-04-01,11J,"NHS DORSET",4118,9456.52,0,0
2022-04-01,00T,"NHS BOLTON",4127,8951.12,0,0
2022-04-01,00V,"NHS BURY",4288,7614.3,0,0
2022-04-01,18C,"NHS HEREFORDSHIRE AND WORCESTERSHIRE",4353,9678.63,0,0
2022-04-01,71E,"NHS LINCOLNSHIRE",4419,8857.89,0,0
2022-04-01,01W,"NHS STOCKPORT",4423,8199.34,0,0
2022-04-01,01Y,"NHS TAMESIDE AND GLOSSOP",4432,8079.52,0,0
2022-04-01,93C,"NHS NORTH CENTRAL LONDON",4532,9005.53,0,0
2022-04-01,00P,"NHS SUNDERLAND",4712,9758.81,0,0
2022-04-01,11X,"NHS SOMERSET",4801,8626.91,0,0
2022-04-01,06T,"NHS NORTH EAST ESSEX",4843,8224.56,0,0
2022-04-01,15A,"NHS BERKSHIRE WEST",4893,8598.5,0,0
2022-04-01,04C,"NHS LEICESTER CITY",4961,8673.39,0,0
2022-04-01,84H,"NHS COUNTY DURHAM",5053,10047.39,0,0
2022-04-01,01G,"NHS SALFORD",5072,9039.79,0,0
2022-04-01,72Q,"NHS SOUTH EAST LONDON",5233,11781.38,0,0
2022-04-01,11N,"NHS CORNWALL AND THE ISLES OF SCILLY",5305,10608.59,0,0
2022-04-01,27D,"NHS CHESHIRE",5439,10532.88,0,0
2022-04-01,03N,"NHS SHEFFIELD",5560,10519.9,0,0
2022-04-01,92G,"NHS BATH AND NORTH EAST SOMERSET, SWINDON AND WILTSHIRE",5624,11602.83,0,0
2022-04-01,06H,"NHS CAMBRIDGESHIRE AND PETERBOROUGH",5796,10341.49,0,0
2022-04-01,36J,"NHS BRADFORD DISTRICT AND CRAVEN",5907,11842.03,0,0
2022-04-01,16C,"NHS TEES VALLEY",6159,12760.58,0,0
2022-04-01,M2L0M,"NHS SHROPSHIRE, TELFORD AND WREKIN",6174,13997.6,0,0
2022-04-01,97R,"NHS EAST SUSSEX",6932,15160.96,0,0
2022-04-01,26A,"NHS NORFOLK AND WAVENEY",7226,13767.02,0,0
2022-04-01,15N,"NHS DEVON",7443,15882.45,0,0
2022-04-01,15C,"NHS BRISTOL, NORTH SOMERSET AND SOUTH GLOUCESTERSHIRE",7949,16822.14,0,0
2022-04-01,14L,"NHS MANCHESTER",8907,16854.37,0,0
2022-04-01,M1J4Y,"NHS BEDFORDSHIRE, LUTON AND MILTON KEYNES",9440,18306.44,0,0
2022-04-01,B2M3M,"NHS COVENTRY AND WARWICKSHIRE",9814,17220.2,0,0
2022-04-01,78H,"NHS NORTHAMPTONSHIRE",10080,16395.88,0,0
2022-04-01,92A,"NHS SURREY HEARTLANDS",10302,21585.43,0,0
2022-04-01,15M,"NHS DERBY AND DERBYSHIRE",11871,23238.87,0,0
2022-04-01,D2P2L,"NHS BLACK COUNTRY",13604,26525.22,0,0
2022-04-01,52R,"NHS NOTTINGHAM AND NOTTINGHAMSHIRE",14359,27033.37,0,0
2022-04-01,91Q,"NHS KENT AND MEDWAY",21249,40541.67,0,0
2022-04-01,15E,"NHS BIRMINGHAM AND SOLIHULL",21427,41804.37,0,0
2022-04-01,D9Y0V,"NHS HAMPSHIRE, SOUTHAMPTON AND ISLE OF WIGHT",22158,48191.88,0,0
2022-05-01,09W,"NHS MEDWAY",0,0,0,0
2022-05-01,D4U1Y,"NHS FRIMLEY",61,90.73,0,0
2022-05-01,03Q,"NHS VALE OF YORK",272,656.68,0,0
2022-05-01,00N,"NHS SOUTH TYNESIDE",394,874.91,0,0
2022-05-01,00Q,"NHS BLACKBURN WITH DARWEN",449,884.56,0,0
2022-05-01,02G,"NHS WEST LANCASHIRE",462,920.39,0,0
2022-05-01,03F,"NHS HULL",478,1308.51,0,0
2022-05-01,99C,"NHS NORTH TYNESIDE",529,1251.6,0,0
2022-05-01,01E,"NHS GREATER PRESTON",595,1297.92,0,0
2022-05-01,00X,"NHS CHORLEY AND SOUTH RIBBLE",721,1474.6,0,0
2022-05-01,02Y,"NHS EAST RIDING OF YORKSHIRE",723,1609.91,0,0
2022-05-01,02Q,"NHS BASSETLAW",724,1329.88,0,0
2022-05-01,02M,"NHS FYLDE AND WYRE",756,1465.43,0,0
2022-05-01,01A,"NHS EAST LANCASHIRE",880,1684.43,0,0
2022-05-01,03H,"NHS NORTH EAST LINCOLNSHIRE",888,2009.33,0,0
2022-05-01,07K,"NHS WEST SUFFOLK",924,1670.59,0,0
2022-05-01,06L,"NHS IPSWICH AND EAST SUFFOLK",927,1761.68,0,0
2022-05-01,99G,"NHS SOUTHEND",946,2001.11,0,0
2022-05-01,03K,"NHS NORTH LINCOLNSHIRE",999,1797.5,0,0
2022-05-01,02P,"NHS BARNSLEY",1024,2259.81,0,0
2022-05-01,00L,"NHS NORTHUMBERLAND",1143,2722.89,0,0
2022-05-01,00R,"NHS BLACKPOOL",1143,2200.72,0,0
2022-05-01,03R,"NHS WAKEFIELD",1177,2661.63,0,0
2022-05-01,03L,"NHS ROTHERHAM",1182,2439.54,0,0
2022-05-01,01D,"NHS HEYWOOD, MIDDLETON AND ROCHDALE",1267,2510.09,0,0
2022-05-01,10Q,"NHS OXFORDSHIRE",1315,2948.75,0,0
2022-05-01,42D,"NHS NORTH YORKSHIRE",1352,3022.58,0,0
2022-05-01,01F,"NHS HALTON",1416,2658.21,0,0
2022-05-01,01J,"NHS KNOWSLEY",1445,2838.06,0,0
2022-05-01,15F,"NHS LEEDS",1600,4239.77,0,0
2022-05-01,00Y,"NHS OLDHAM",1617,2975.18,0,0
2022-05-01,13T,"NHS NEWCASTLE GATESHEAD",1617,3754.68,0,0
2022-05-01,01K,"NHS MORECAMBE BAY",1653,3418.24,0,0
2022-05-01,07G,"NHS THURROCK",1653,2917.92,0,0
2022-05-01,U2G6B,"NHS THAMES VALLEY ICB - U2G6B",1655,3317.95,0,0
2022-05-01,X2C4Y,"NHS KIRKLEES",1775,4613.46,0,0
2022-05-01,02A,"NHS TRAFFORD",1790,3566.82,0,0
2022-05-01,02H,"NHS WIGAN BOROUGH",1886,3667.91,0,0
2022-05-01,02X,"NHS DONCASTER",1888,3536.66,0,0
2022-05-01,99F,"NHS CASTLE POINT AND ROCHFORD",1924,3937.2,0,0
2022-05-01,01V,"NHS SOUTHPORT AND FORMBY",1957,3613.24,0,0
2022-05-01,02E,"NHS WARRINGTON",2071,4134,0,0
2022-05-01,05D,"NHS EAST STAFFORDSHIRE",2073,3905.62,0,0
2022-05-01,05V,"NHS STAFFORD AND SURROUNDS",2207,3989.37,0,0
2022-05-01,01H,"NHS NORTH CUMBRIA",2259,5096.4,0,0
2022-05-01,02T,"NHS CALDERDALE",2294,4905.43,0,0
2022-05-01,05G,"NHS NORTH STAFFORDSHIRE",2364,4418.44,0,0
2022-05-01,11M,"NHS GLOUCESTERSHIRE",2407,5132.49,0,0
2022-05-01,99A,"NHS LIVERPOOL",2480,5219.11,0,0
2022-05-01,05W,"NHS STOKE ON TRENT",2734,5154.83,0,0
2022-05-01,04Y,"NHS CANNOCK CHASE",2894,5484.17,0,0
2022-05-01,99E,"NHS BASILDON AND BRENTWOOD",2990,5972.64,0,0
2022-05-01,07H,"NHS WEST ESSEX",3060,5480.83,0,0
2022-05-01,06Q,"NHS MID ESSEX",3094,5449.54,0,0
2022-05-01,09D,"NHS BRIGHTON AND HOVE",3098,7427.1,0,0
2022-05-01,14Y,"NHS BUCKINGHAMSHIRE",3318,5754.43,0,0
2022-05-01,36L,"NHS SOUTH WEST LONDON",3414,7461.41,0,0
2022-05-01,03W,"NHS EAST LEICESTERSHIRE AND RUTLAND",3426,6279.25,0,0
2022-05-01,01T,"NHS SOUTH SEFTON",3575,6655.36,0,0
2022-05-01,A3A8R,"NHS NORTH EAST LONDON",3583,7511.21,0,0
2022-05-01,06N,"NHS HERTS VALLEYS",3607,7749.61,0,0
2022-05-01,01X,"NHS ST HELENS",3693,6643.9,0,0
2022-05-01,06K,"NHS EAST AND NORTH HERTFORDSHIRE",3898,7251.02,0,0
2022-05-01,05Q,"NHS SOUTH EAST STAFFORDSHIRE AND SEISDON PENINSULA",3937,7838.73,0,0
2022-05-01,10R,"NHS PORTSMOUTH",3996,8443.63,0,0
2022-05-01,12F,"NHS WIRRAL",4057,7950.79,0,0
2022-05-01,04V,"NHS WEST LEICESTERSHIRE",4184,7838.53,0,0
2022-05-01,70F,"NHS WEST SUSSEX",4237,9880.95,0,0
2022-05-01,W2U3Z,"NHS NORTH WEST LONDON",4257,9631.07,0,0
2022-05-01,11J,"NHS DORSET",4259,9754.08,0,0
2022-05-01,00T,"NHS BOLTON",4308,8093.04,0,0
2022-05-01,18C,"NHS HEREFORDSHIRE AND WORCESTERSHIRE",4531,10153.39,0,0
2022-05-01,93C,"NHS NORTH CENTRAL LONDON",4543,9166.02,0,0
2022-05-01,00V,"NHS BURY",4582,7747.56,0,0
2022-05-01,01Y,"NHS TAMESIDE AND GLOSSOP",4616,8447.1,0,0
2022-05-01,71E,"NHS LINCOLNSHIRE",4621,9594.29,0,0
2022-05-01,11X,"NHS SOMERSET",4857,8761.1,0,0
2022-05-01,01W,"NHS STOCKPORT",4866,8917.56,0,0
2022-05-01,06T,"NHS NORTH EAST ESSEX",4900,8226.88,0,0
2022-05-01,01G,"NHS SALFORD",4993,8996.9,0,0
2022-05-01,15A,"NHS BERKSHIRE WEST",5048,8802.3,0,0
2022-05-01,04C,"NHS LEICESTER CITY",5070,9000.12,0,0
2022-05-01,84H,"NHS COUNTY DURHAM",5070,10021.51,0,0
2022-05-01,00P,"NHS SUNDERLAND",5186,10134.84,0,0
2022-05-01,72Q,"NHS SOUTH EAST LONDON",5354,12042.09,0,0
2022-05-01,11N,"NHS CORNWALL AND THE ISLES OF SCILLY",5425,10950.71,0,0
2022-05-01,27D,"NHS CHESHIRE",5436,10527.09,0,0
2022-05-01,03N,"NHS SHEFFIELD",5698,10714.96,0,0
2022-05-01,92G,"NHS BATH AND NORTH EAST SOMERSET, SWINDON AND WILTSHIRE",5742,11780.4,0,0
2022-05-01,06H,"NHS CAMBRIDGESHIRE AND PETERBOROUGH",5751,10186.69,0,0
2022-05-01,36J,"NHS BRADFORD DISTRICT AND CRAVEN",6242,12819.79,0,0
2022-05-01,M2L0M,"NHS SHROPSHIRE, TELFORD AND WREKIN",6427,14893.19,0,0
2022-05-01,16C,"NHS TEES VALLEY",6714,13845.18,0,0
2022-05-01,97R,"NHS EAST SUSSEX",7103,15647.63,0,0
2022-05-01,15N,"NHS DEVON",7328,15726.85,0,0
2022-05-01,26A,"NHS NORFOLK AND WAVENEY",7394,14108.11,0,0
2022-05-01,15C,"NHS BRISTOL, NORTH SOMERSET AND SOUTH GLOUCESTERSHIRE",8130,17358.8,0,0
2022-05-01,14L,"NHS MANCHESTER",9228,17608.94,0,0
2022-05-01,M1J4Y,"NHS BEDFORDSHIRE, LUTON AND MILTON KEYNES",9839,18970.66,0,0
2022-05-01,B2M3M,"NHS COVENTRY AND WARWICKSHIRE",10097,17749.06,0,0
2022-05-01,92A,"NHS SURREY HEARTLANDS",10327,21654.58,0,0
2022-05-01,78H,"NHS NORTHAMPTONSHIRE",10607,17190.84,0,0
2022-05-01,15M,"NHS DERBY AND DERBYSHIRE",12161,24003.02,0,0
2022-05-01,D2P2L,"NHS BLACK COUNTRY",14504,28462.38,0,0
2022-05-01,52R,"NHS NOTTINGHAM AND NOTTINGHAMSHIRE",14909,28110.08,0,0
2022-05-01,91Q,"NHS KENT AND MEDWAY",21881,42085.3,0,0
2022-05-01,15E,"NHS BIRMINGHAM AND SOLIHULL",22236,43062.26,0,0
2022-05-01,D9Y0V,"NHS HAMPSHIRE, SOUTHAMPTON AND ISLE OF WIGHT",22637,49610.59,0,0
2022-06-01,09W,"NHS MEDWAY",0,0,0,0
2022-06-01,D4U1Y,"NHS FRIMLEY",64,113.62,0,0
2022-06-01,03Q,"NHS VALE OF YORK",264,610.38,0,0
2022-06-01,00N,"NHS SOUTH TYNESIDE",399,869.93,0,0
2022-06-01,00Q,"NHS BLACKBURN WITH DARWEN",427,877.56,0,0
2022-06-01,02G,"NHS WEST LANCASHIRE",441,877.47,0,0
2022-06-01,99C,"NHS NORTH TYNESIDE",483,1156.89,0,0
2022-06-01,03F,"NHS HULL",507,1367.06,0,0
2022-06-01,01E,"NHS GREATER PRESTON",586,1273.16,0,0
2022-06-01,00X,"NHS CHORLEY AND SOUTH RIBBLE",695,1414.12,0,0
2022-06-01,02M,"NHS FYLDE AND WYRE",696,1341.05,0,0
2022-06-01,02Y,"NHS EAST RIDING OF YORKSHIRE",759,1715.77,0,0
2022-06-01,02Q,"NHS BASSETLAW",772,1404.38,0,0
2022-06-01,03H,"NHS NORTH EAST LINCOLNSHIRE",842,1854.49,0,0
2022-06-01,06L,"NHS IPSWICH AND EAST SUFFOLK",864,1639.67,0,0
2022-06-01,01A,"NHS EAST LANCASHIRE",907,1724.45,0,0
2022-06-01,99G,"NHS SOUTHEND",926,2000.06,0,0
2022-06-01,03K,"NHS NORTH LINCOLNSHIRE",943,1723.33,0,0
2022-06-01,07K,"NHS WEST SUFFOLK",970,1761.88,0,0
2022-06-01,02P,"NHS BARNSLEY",1055,2300.21,0,0
2022-06-01,00R,"NHS BLACKPOOL",1086,2110.75,0,0
2022-06-01,00L,"NHS NORTHUMBERLAND",1098,2573.56,0,0
2022-06-01,03R,"NHS WAKEFIELD",1156,2501.99,0,0
2022-06-01,03L,"NHS ROTHERHAM",1164,2362.56,0,0
2022-06-01,01F,"NHS HALTON",1180,2264.21,0,0
2022-06-01,01D,"NHS HEYWOOD, MIDDLETON AND ROCHDALE",1310,2602.29,0,0
2022-06-01,10Q,"NHS OXFORDSHIRE",1321,2968.07,0,0
2022-06-01,42D,"NHS NORTH YORKSHIRE",1383,3159.28,0,0
2022-06-01,01J,"NHS KNOWSLEY",1455,2813.56,0,0
2022-06-01,07G,"NHS THURROCK",1472,2637.13,0,0
2022-06-01,01K,"NHS MORECAMBE BAY",1608,3294.28,0,0
2022-06-01,U2G6B,"NHS THAMES VALLEY ICB - U2G6B",1678,3435.23,0,0
2022-06-01,02A,"NHS TRAFFORD",1683,3386.47,0,0
2022-06-01,00Y,"NHS OLDHAM",1693,3128.89,0,0
2022-06-01,15F,"NHS LEEDS",1693,4490.37,0,0
2022-06-01,13T,"NHS NEWCASTLE GATESHEAD",1695,3878.31,0,0
2022-06-01,X2C4Y,"NHS KIRKLEES",1697,4441.1,0,0
2022-06-01,01V,"NHS SOUTHPORT AND FORMBY",1796,3341.8,0,0
2022-06-01,02X,"NHS DONCASTER",1805,3339.07,0,0
2022-06-01,02E,"NHS WARRINGTON",1815,3609.28,0,0
2022-06-01,99F,"NHS CASTLE POINT AND ROCHFORD",1841,3555.1,0,0
2022-06-01,11M,"NHS GLOUCESTERSHIRE",1874,4186.83,0,0
2022-06-01,02H,"NHS WIGAN BOROUGH",1925,3807.7,0,0
2022-06-01,05D,"NHS EAST STAFFORDSHIRE",2069,3888.25,0,0
2022-06-01,02T,"NHS CALDERDALE",2161,4563.5,0,0
2022-06-01,01H,"NHS NORTH CUMBRIA",2172,4802.79,0,0
2022-06-01,05V,"NHS STAFFORD AND SURROUNDS",2259,4126,0,0
2022-06-01,05G,"NHS NORTH STAFFORDSHIRE",2357,4390.86,0,0
2022-06-01,99A,"NHS LIVERPOOL",2528,5260.45,0,0
2022-06-01,04Y,"NHS CANNOCK CHASE",2815,5329.59,0,0
2022-06-01,09D,"NHS BRIGHTON AND HOVE",2902,7008.39,0,0
2022-06-01,99E,"NHS BASILDON AND BRENTWOOD",2916,5847.44,0,0
2022-06-01,05W,"NHS STOKE ON TRENT",2995,5558.29,0,0
2022-06-01,07H,"NHS WEST ESSEX",3052,5439.06,0,0
2022-06-01,06Q,"NHS MID ESSEX",3081,5364.48,0,0
2022-06-01,14Y,"NHS BUCKINGHAMSHIRE",3193,5583.8,0,0
2022-06-01,01T,"NHS SOUTH SEFTON",3370,6232.89,0,0
2022-06-01,03W,"NHS EAST LEICESTERSHIRE AND RUTLAND",3386,6164.04,0,0
2022-06-01,01X,"NHS ST HELENS",3402,6195.17,0,0
2022-06-01,A3A8R,"NHS NORTH EAST LONDON",3468,7249.69,0,0
2022-06-01,06N,"NHS HERTS VALLEYS",3496,7542.28,0,0
2022-06-01,36L,"NHS SOUTH WEST LONDON",3500,7567.21,0,0
2022-06-01,05Q,"NHS SOUTH EAST STAFFORDSHIRE AND SEISDON PENINSULA",3730,7406.91,0,0
2022-06-01,06K,"NHS EAST AND NORTH HERTFORDSHIRE",3781,7084.32,0,0
2022-06-01,12F,"NHS WIRRAL",3957,7766.17,0,0
2022-06-01,10R,"NHS PORTSMOUTH",3992,8503.82,0,0
2022-06-01,70F,"NHS WEST SUSSEX",4070,9617.82,0,0
2022-06-01,00T,"NHS BOLTON",4097,8242.87,0,0
2022-06-01,04V,"NHS WEST LEICESTERSHIRE",4105,7597.86,0,0
2022-06-01,18C,"NHS HEREFORDSHIRE AND WORCESTERSHIRE",4138,9245.32,0,0
2022-06-01,11J,"NHS DORSET",4152,9539.68,0,0
2022-06-01,W2U3Z,"NHS NORTH WEST LONDON",4203,9476.78,0,0
2022-06-01,00V,"NHS BURY",4258,7063.06,0,0
2022-06-01,93C,"NHS NORTH CENTRAL LONDON",4471,8987.39,0,0
2022-06-01,01W,"NHS STOCKPORT",4483,8418.76,0,0
2022-06-01,01Y,"NHS TAMESIDE AND GLOSSOP",4512,8261.08,0,0
2022-06-01,71E,"NHS LINCOLNSHIRE",4562,9266.07,0,0
2022-06-01,11X,"NHS SOMERSET",4723,8513.33,0,0
2022-06-01,15A,"NHS BERKSHIRE WEST",4758,8392.41,0,0
2022-06-01,00P,"NHS SUNDERLAND",4839,9452.57,0,0
2022-06-01,06T,"NHS NORTH EAST ESSEX",4922,8260.48,0,0
2022-06-01,01G,"NHS SALFORD",4945,8671.49,0,0
2022-06-01,11N,"NHS CORNWALL AND THE ISLES OF SCILLY",4974,10053.48,0,0
2022-06-01,84H,"NHS COUNTY DURHAM",5109,10141.76,0,0
2022-06-01,27D,"NHS CHESHIRE",5175,9952.25,0,0
2022-06-01,04C,"NHS LEICESTER CITY",5362,9454.24,0,0
2022-06-01,72Q,"NHS SOUTH EAST LONDON",5382,12300.41,0,0
2022-06-01,03N,"NHS SHEFFIELD",5415,10327.56,0,0
2022-06-01,92G,"NHS BATH AND NORTH EAST SOMERSET, SWINDON AND WILTSHIRE",5550,11347.55,0,0
2022-06-01,06H,"NHS CAMBRIDGESHIRE AND PETERBOROUGH",5638,9967.21,0,0
2022-06-01,36J,"NHS BRADFORD DISTRICT AND CRAVEN",5858,11741.28,0,0
2022-06-01,M2L0M,"NHS SHROPSHIRE, TELFORD AND WREKIN",5909,13609.28,0,0
2022-06-01,16C,"NHS TEES VALLEY",6204,12662.44,0,0
2022-06-01,97R,"NHS EAST SUSSEX",6772,14921.15,0,0
2022-06-01,15N,"NHS DEVON",6836,14632.42,0,0
2022-06-01,26A,"NHS NORFOLK AND WAVENEY",7434,14186.91,0,0
2022-06-01,15C,"NHS BRISTOL, NORTH SOMERSET AND SOUTH GLOUCESTERSHIRE",7603,15965.36,0,0
2022-06-01,14L,"NHS MANCHESTER",9281,17538.3,0,0
2022-06-01,M1J4Y,"NHS BEDFORDSHIRE, LUTON AND MILTON KEYNES",9357,18171.89,0,0
2022-06-01,B2M3M,"NHS COVENTRY AND WARWICKSHIRE",9854,17269.99,0,0
2022-06-01,92A,"NHS SURREY HEARTLANDS",9980,21026.51,0,0
2022-06-01,78H,"NHS NORTHAMPTONSHIRE",10121,16334.86,0,0
2022-06-01,15M,"NHS DERBY AND DERBYSHIRE",11493,22528.19,0,0
2022-06-01,D2P2L,"NHS BLACK COUNTRY",14197,27717.65,0,0
2022-06-01,52R,"NHS NOTTINGHAM AND NOTTINGHAMSHIRE",14560,27457.46,0,0
2022-06-01,91Q,"NHS KENT AND MEDWAY",21765,41787.46,0,0
2022-06-01,15E,"NHS BIRMINGHAM AND SOLIHULL",21862,42320.81,0,0
2022-06-01,D9Y0V,"NHS HAMPSHIRE, SOUTHAMPTON AND ISLE OF WIGHT",21892,48030.89,0,0
2022-07-01,09W,"NHS MEDWAY",0,0,0,0
2022-07-01,D4U1Y,"NHS FRIMLEY",40,60.96,0,0
2022-07-01,03Q,"NHS VALE OF YORK",276,648.21,0,0
2022-07-01,00N,"NHS SOUTH TYNESIDE",384,876.3,0,0
2022-07-01,99C,"NHS NORTH TYNESIDE",408,1008.17,0,0
2022-07-01,00Q,"NHS BLACKBURN WITH DARWEN",434,880.85,0,0
2022-07-01,02G,"NHS WEST LANCASHIRE",460,918.21,0,0
2022-07-01,03F,"NHS HULL",472,1279.99,0,0
2022-07-01,01E,"NHS GREATER PRESTON",622,1365.54,0,0
2022-07-01,02Q,"NHS BASSETLAW",703,1270.97,0,0
2022-07-01,02M,"NHS FYLDE AND WYRE",721,1411.1,0,0
2022-07-01,00X,"NHS CHORLEY AND SOUTH RIBBLE",733,1513.45,0,0
2022-07-01,02Y,"NHS EAST RIDING OF YORKSHIRE",759,1728.74,0,0
2022-07-01,06L,"NHS IPSWICH AND EAST SUFFOLK",865,1658.23,0,0
2022-07-01,01A,"NHS EAST LANCASHIRE",894,1679.72,0,0
2022-07-01,03H,"NHS NORTH EAST LINCOLNSHIRE",907,2004.81,0,0
2022-07-01,99G,"NHS SOUTHEND",940,2008.67,0,0
2022-07-01,07K,"NHS WEST SUFFOLK",953,1706.7,0,0
2022-07-01,01F,"NHS HALTON",1041,1982.07,0,0
2022-07-01,02P,"NHS BARNSLEY",1047,2240.72,0,0
2022-07-01,00R,"NHS BLACKPOOL",1069,2064.61,0,0
2022-07-01,07G,"NHS THURROCK",1085,1996.67,0,0
2022-07-01,03R,"NHS WAKEFIELD",1098,2436.79,0,0
2022-07-01,03K,"NHS NORTH LINCOLNSHIRE",1099,1996.57,0,0
2022-07-01,00L,"NHS NORTHUMBERLAND",1117,2738.9,0,0
2022-07-01,03L,"NHS ROTHERHAM",1120,2345.26,0,0
2022-07-01,01D,"NHS HEYWOOD, MIDDLETON AND ROCHDALE",1343,2673.05,0,0
2022-07-01,10Q,"NHS OXFORDSHIRE",1343,3087.45,0,0
2022-07-01,42D,"NHS NORTH YORKSHIRE",1371,3021.26,0,0
2022-07-01,01J,"NHS KNOWSLEY",1405,2720.16,0,0
2022-07-01,01K,"NHS MORECAMBE BAY",1526,3165.29,0,0
2022-07-01,U2G6B,"NHS THAMES VALLEY ICB - U2G6B",1569,3252.04,0,0
2022-07-01,15F,"NHS LEEDS",1650,4345.53,0,0
2022-07-01,00Y,"NHS OLDHAM",1676,3123.5,0,0
2022-07-01,11M,"NHS GLOUCESTERSHIRE",1676,3774.64,0,0
2022-07-01,02E,"NHS WARRINGTON",1688,3402.03,0,0
2022-07-01,X2C4Y,"NHS KIRKLEES",1689,4488.71,0,0
2022-07-01,02A,"NHS TRAFFORD",1706,3437.02,0,0
2022-07-01,01V,"NHS SOUTHPORT AND FORMBY",1709,3162.36,0,0
2022-07-01,02X,"NHS DONCASTER",1776,3321.92,0,0
2022-07-01,99F,"NHS CASTLE POINT AND ROCHFORD",1815,3633.7,0,0
2022-07-01,13T,"NHS NEWCASTLE GATESHEAD",1824,4267.79,0,0
2022-07-01,02H,"NHS WIGAN BOROUGH",1866,3692.26,0,0
2022-07-01,05D,"NHS EAST STAFFORDSHIRE",2060,3832.17,0,0
2022-07-01,99E,"NHS BASILDON AND BRENTWOOD",2089,4274.64,0,0
2022-07-01,05V,"NHS STAFFORD AND SURROUNDS",2218,4010.92,0,0
2022-07-01,01H,"NHS NORTH CUMBRIA",2266,5052.7,0,0
2022-07-01,05G,"NHS NORTH STAFFORDSHIRE",2301,4329.74,0,0
2022-07-01,02T,"NHS CALDERDALE",2323,4872.63,0,0
2022-07-01,99A,"NHS LIVERPOOL",2402,5044.55,0,0
2022-07-01,04Y,"NHS CANNOCK CHASE",2761,5184.78,0,0
2022-07-01,09D,"NHS BRIGHTON AND HOVE",2882,7060.58,0,0
2022-07-01,05W,"NHS STOKE ON TRENT",2897,5728.76,0,0
2022-07-01,06Q,"NHS MID ESSEX",2951,5191.9,0,0
2022-07-01,07H,"NHS WEST ESSEX",3055,5443.2,0,0
2022-07-01,14Y,"NHS BUCKINGHAMSHIRE",3133,5487.36,0,0
2022-07-01,01X,"NHS ST HELENS",3248,5966.77,0,0
2022-07-01,01T,"NHS SOUTH SEFTON",3301,6122.81,0,0
2022-07-01,06N,"NHS HERTS VALLEYS",3320,7040.58,0,0
2022-07-01,A3A8R,"NHS NORTH EAST LONDON",3367,7067.27,0,0
2022-07-01,03W,"NHS EAST LEICESTERSHIRE AND RUTLAND",3370,6203.3,0,0
2022-07-01,36L,"NHS SOUTH WEST LONDON",3416,7568.6,0,0
2022-07-01,06K,"NHS EAST AND NORTH HERTFORDSHIRE",3688,6881.5,0,0
2022-07-01,W2U3Z,"NHS NORTH WEST LONDON",3879,8747.07,0,0
2022-07-01,10R,"NHS PORTSMOUTH",3932,8353.52,0,0
2022-07-01,00T,"NHS BOLTON",3937,7436,0,0
2022-07-01,05Q,"NHS SOUTH EAST STAFFORDSHIRE AND SEISDON PENINSULA",3938,7765.12,0,0
2022-07-01,12F,"NHS WIRRAL",3961,7860.62,0,0
2022-07-01,04V,"NHS WEST LEICESTERSHIRE",4034,7502.97,0,0
2022-07-01,93C,"NHS NORTH CENTRAL LONDON",4109,8315.94,0,0
2022-07-01,70F,"NHS WEST SUSSEX",4112,9550.71,0,0
2022-07-01,11J,"NHS DORSET",4131,9381.3,0,0
2022-07-01,71E,"NHS LINCOLNSHIRE",4230,8464.24,0,0
2022-07-01,18C,"NHS HEREFORDSHIRE AND WORCESTERSHIRE",4237,9573.58,0,0
2022-07-01,00V,"NHS BURY",4310,7178.49,0,0
2022-07-01,01W,"NHS STOCKPORT",4333,8166.92,0,0
2022-07-01,15A,"NHS BERKSHIRE WEST",4597,8116.18,0,0
2022-07-01,01Y,"NHS TAMESIDE AND GLOSSOP",4606,8476.37,0,0
2022-07-01,06T,"NHS NORTH EAST ESSEX",4750,7997.07,0,0
2022-07-01,11X,"NHS SOMERSET",4866,8722.89,0,0
2022-07-01,01G,"NHS SALFORD",4871,8560.96,0,0
2022-07-01,84H,"NHS COUNTY DURHAM",4888,9710.75,0,0
2022-07-01,00P,"NHS SUNDERLAND",4946,9598.36,0,0
2022-07-01,03N,"NHS SHEFFIELD",5052,9574.26,0,0
2022-07-01,27D,"NHS CHESHIRE",5078,9876.16,0,0
2022-07-01,04C,"NHS LEICESTER CITY",5131,9014.12,0,0
2022-07-01,11N,"NHS CORNWALL AND THE ISLES OF SCILLY",5141,10408.9,0,0
2022-07-01,72Q,"NHS SOUTH EAST LONDON",5239,11922.94,0,0
2022-07-01,92G,"NHS BATH AND NORTH EAST SOMERSET, SWINDON AND WILTSHIRE",5312,10955.32,0,0
2022-07-01,36J,"NHS BRADFORD DISTRICT AND CRAVEN",5402,10932.09,0,0
2022-07-01,06H,"NHS CAMBRIDGESHIRE AND PETERBOROUGH",5478,9748.97,0,0
2022-07-01,M2L0M,"NHS SHROPSHIRE, TELFORD AND WREKIN",6160,14303.13,0,0
2022-07-01,16C,"NHS TEES VALLEY",6353,13201.89,0,0
2022-07-01,15N,"NHS DEVON",6614,14262.97,0,0
2022-07-01,97R,"NHS EAST SUSSEX",6748,14940.31,0,0
2022-07-01,15C,"NHS BRISTOL, NORTH SOMERSET AND SOUTH GLOUCESTERSHIRE",6867,14574.93,0,0
2022-07-01,26A,"NHS NORFOLK AND WAVENEY",7169,13733.83,0,0
2022-07-01,M1J4Y,"NHS BEDFORDSHIRE, LUTON AND MILTON KEYNES",8842,17197.77,0,0
2022-07-01,14L,"NHS MANCHESTER",9133,17299.29,0,0
2022-07-01,B2M3M,"NHS COVENTRY AND WARWICKSHIRE",9755,17120.78,0,0
2022-07-01,92A,"NHS SURREY HEARTLANDS",9756,20674.98,0,0
2022-07-01,78H,"NHS NORTHAMPTONSHIRE",9994,16001.8,0,0
2022-07-01,15M,"NHS DERBY AND DERBYSHIRE",11111,21743.66,0,0
2022-07-01,D2P2L,"NHS BLACK COUNTRY",13978,27281.41,0,0
2022-07-01,52R,"NHS NOTTINGHAM AND NOTTINGHAMSHIRE",14310,26862.1,0,0
2022-07-01,91Q,"NHS KENT AND MEDWAY",21289,40927.47,0,0
2022-07-01,15E,"NHS BIRMINGHAM AND SOLIHULL",21736,41990.47,0,0
2022-07-01,D9Y0V,"NHS HAMPSHIRE, SOUTHAMPTON AND ISLE OF WIGHT",22123,48581.79,0,0
2022-08-01,09W,"NHS MEDWAY",0,0,0,0
2022-08-01,D4U1Y,"NHS FRIMLEY",26,38.73,0,0
2022-08-01,03Q,"NHS VALE OF YORK",254,606.11,0,0
2022-08-01,00N,"NHS SOUTH TYNESIDE",349,756.85,0,0
2022-08-01,02G,"NHS WEST LANCASHIRE",398,762.47,0,0
2022-08-01,00Q,"NHS BLACKBURN WITH DARWEN",400,820.6,0,0
2022-08-01,99C,"NHS NORTH TYNESIDE",407,1027.66,0,0
2022-08-01,03F,"NHS HULL",496,1318.14,0,0
2022-08-01,01E,"NHS GREATER PRESTON",630,1423.03,0,0
2022-08-01,00X,"NHS CHORLEY AND SOUTH RIBBLE",665,1384.06,0,0
2022-08-01,02M,"NHS FYLDE AND WYRE",703,1361.55,0,0
2022-08-01,02Y,"NHS EAST RIDING OF YORKSHIRE",723,1667.51,0,0
2022-08-01,02Q,"NHS BASSETLAW",765,1431.44,0,0
2022-08-01,07G,"NHS THURROCK",821,1479.93,0,0
2022-08-01,06L,"NHS IPSWICH AND EAST SUFFOLK",832,1567.03,0,0
2022-08-01,01A,"NHS EAST LANCASHIRE",878,1701.27,0,0
2022-08-01,99G,"NHS SOUTHEND",878,1819.06,0,0
2022-08-01,03H,"NHS NORTH EAST LINCOLNSHIRE",885,1891.04,0,0
2022-08-01,07K,"NHS WEST SUFFOLK",886,1629.74,0,0
2022-08-01,03K,"NHS NORTH LINCOLNSHIRE",966,1757.63,0,0
2022-08-01,00R,"NHS BLACKPOOL",1008,1959.9,0,0
2022-08-01,02P,"NHS BARNSLEY",1051,2288.15,0,0
2022-08-01,01F,"NHS HALTON",1061,2009.05,0,0
2022-08-01,00L,"NHS NORTHUMBERLAND",1126,2703.7,0,0
2022-08-01,03R,"NHS WAKEFIELD",1130,2476.41,0,0
2022-08-01,03L,"NHS ROTHERHAM",1156,2388.21,0,0
2022-08-01,01D,"NHS HEYWOOD, MIDDLETON AND ROCHDALE",1274,2505.99,0,0
2022-08-01,01K,"NHS MORECAMBE BAY",1296,2740.21,0,0
2022-08-01,10Q,"NHS OXFORDSHIRE",1351,3040.44,0,0
2022-08-01,99E,"NHS BASILDON AND BRENTWOOD",1381,3030.09,0,0
2022-08-01,42D,"NHS NORTH YORKSHIRE",1407,3149.03,0,0
2022-08-01,01J,"NHS KNOWSLEY",1466,2840.24,0,0
2022-08-01,U2G6B,"NHS THAMES VALLEY ICB - U2G6B",1523,3107.06,0,0
2022-08-01,02E,"NHS WARRINGTON",1525,3174.61,0,0
2022-08-01,11M,"NHS GLOUCESTERSHIRE",1585,3627.87,0,0
2022-08-01,02A,"NHS TRAFFORD",1587,3162.53,0,0
2022-08-01,01V,"NHS SOUTHPORT AND FORMBY",1637,3017.11,0,0
2022-08-01,00Y,"NHS OLDHAM",1673,3154.89,0,0
2022-08-01,15F,"NHS LEEDS",1683,4420.5,0,0
2022-08-01,13T,"NHS NEWCASTLE GATESHEAD",1721,4047.42,0,0
2022-08-01,X2C4Y,"NHS KIRKLEES",1730,4514.92,0,0
2022-08-01,99F,"NHS CASTLE POINT AND ROCHFORD",1800,3461.36,0,0
2022-08-01,02H,"NHS WIGAN BOROUGH",1852,3680.96,0,0
2022-08-01,02X,"NHS DONCASTER",1865,3534.31,0,0
2022-08-01,05D,"NHS EAST STAFFORDSHIRE",2043,3827.64,0,0
2022-08-01,02T,"NHS CALDERDALE",2096,4382.02,0,0
2022-08-01,05G,"NHS NORTH STAFFORDSHIRE",2151,3988.44,0,0
2022-08-01,01H,"NHS NORTH CUMBRIA",2214,4839.65,0,0
2022-08-01,05V,"NHS STAFFORD AND SURROUNDS",2220,4019.18,0,0
2022-08-01,99A,"NHS LIVERPOOL",2465,5093.87,0,0
2022-08-01,04Y,"NHS CANNOCK CHASE",2596,4941.55,0,0
2022-08-01,06Q,"NHS MID ESSEX",2777,4878.97,0,0
2022-08-01,09D,"NHS BRIGHTON AND HOVE",2805,6802.59,0,0
2022-08-01,05W,"NHS STOKE ON TRENT",2809,5210.22,0,0
2022-08-01,07H,"NHS WEST ESSEX",2872,5078.59,0,0
2022-08-01,14Y,"NHS BUCKINGHAMSHIRE",2933,5200.61,0,0
2022-08-01,10R,"NHS PORTSMOUTH",2954,6625.68,0,0
2022-08-01,06N,"NHS HERTS VALLEYS",2971,6511.52,0,0
2022-08-01,36L,"NHS SOUTH WEST LONDON",3069,6821.73,0,0
2022-08-01,03W,"NHS EAST LEICESTERSHIRE AND RUTLAND",3088,5626.08,0,0
2022-08-01,01X,"NHS ST HELENS",3174,5951.69,0,0
2022-08-01,01T,"NHS SOUTH SEFTON",3215,5951.39,0,0
2022-08-01,A3A8R,"NHS NORTH EAST LONDON",3245,6995.21,0,0
2022-08-01,W2U3Z,"NHS NORTH WEST LONDON",3344,7657.34,0,0
2022-08-01,06K,"NHS EAST AND NORTH HERTFORDSHIRE",3514,6612.25,0,0
2022-08-01,00T,"NHS BOLTON",3706,7535.79,0,0
2022-08-01,93C,"NHS NORTH CENTRAL LONDON",3759,7646.84,0,0
2022-08-01,05Q,"NHS SOUTH EAST STAFFORDSHIRE AND SEISDON PENINSULA",3762,7396.01,0,0
2022-08-01,11J,"NHS DORSET",3762,8732.11,0,0
2022-08-01,12F,"NHS WIRRAL",3790,7460.89,0,0
2022-08-01,00V,"NHS BURY",3844,6632.38,0,0
2022-08-01,04V,"NHS WEST LEICESTERSHIRE",4012,7538.21,0,0
2022-08-01,70F,"NHS WEST SUSSEX",4028,9464.14,0,0
2022-08-01,01W,"NHS STOCKPORT",4056,7561.18,0,0
2022-08-01,71E,"NHS LINCOLNSHIRE",4085,8362.81,0,0
2022-08-01,18C,"NHS HEREFORDSHIRE AND WORCESTERSHIRE",4162,9340.26,0,0
2022-08-01,01Y,"NHS TAMESIDE AND GLOSSOP",4469,8259.37,0,0
2022-08-01,15A,"NHS BERKSHIRE WEST",4480,7823.53,0,0
2022-08-01,03N,"NHS SHEFFIELD",4491,9107.09,0,0
2022-08-01,06T,"NHS NORTH EAST ESSEX",4626,7822.06,0,0
2022-08-01,11X,"NHS SOMERSET",4677,8358.01,0,0
2022-08-01,01G,"NHS SALFORD",4721,8389.28,0,0
2022-08-01,27D,"NHS CHESHIRE",4784,9370.4,0,0
2022-08-01,00P,"NHS SUNDERLAND",4794,9297.08,0,0
2022-08-01,04C,"NHS LEICESTER CITY",4795,8394.63,0,0
2022-08-01,11N,"NHS CORNWALL AND THE ISLES OF SCILLY",4894,10080.89,0,0
2022-08-01,84H,"NHS COUNTY DURHAM",4912,9850.46,0,0
2022-08-01,72Q,"NHS SOUTH EAST LONDON",5027,11366.89,0,0
2022-08-01,92G,"NHS BATH AND NORTH EAST SOMERSET, SWINDON AND WILTSHIRE",5164,10626.78,0,0
2022-08-01,06H,"NHS CAMBRIDGESHIRE AND PETERBOROUGH",5263,9367.25,0,0
2022-08-01,36J,"NHS BRADFORD DISTRICT AND CRAVEN",5268,10694.11,0,0
2022-08-01,M2L0M,"NHS SHROPSHIRE, TELFORD AND WREKIN",5964,13760.31,0,0
2022-08-01,16C,"NHS TEES VALLEY",6083,12876.14,0,0
2022-08-01,15N,"NHS DEVON",6148,13673.59,0,0
2022-08-01,15C,"NHS BRISTOL, NORTH SOMERSET AND SOUTH GLOUCESTERSHIRE",6272,13397.81,0,0
2022-08-01,97R,"NHS EAST SUSSEX",6495,14485.17,0,0
2022-08-01,26A,"NHS NORFOLK AND WAVENEY",6887,13327.48,0,0
2022-08-01,M1J4Y,"NHS BEDFORDSHIRE, LUTON AND MILTON KEYNES",8189,16068.26,0,0
2022-08-01,92A,"NHS SURREY HEARTLANDS",8750,18497.58,0,0
2022-08-01,14L,"NHS MANCHESTER",9049,17072.41,0,0
2022-08-01,15M,"NHS DERBY AND DERBYSHIRE",9465,18816.06,0,0
2022-08-01,78H,"NHS NORTHAMPTONSHIRE",9686,15586.05,0,0
2022-08-01,B2M3M,"NHS COVENTRY AND WARWICKSHIRE",9693,17162.16,0,0
2022-08-01,52R,"NHS NOTTINGHAM AND NOTTINGHAMSHIRE",13687,25924.45,0,0
2022-08-01,D2P2L,"NHS BLACK COUNTRY",13843,27101.25,0,0
2022-08-01,D9Y0V,"NHS HAMPSHIRE, SOUTHAMPTON AND ISLE OF WIGHT",20463,45110.49,0,0
2022-08-01,91Q,"NHS KENT AND MEDWAY",20536,39914.65,0,0
2022-08-01,15E,"NHS BIRMINGHAM AND SOLIHULL",20666,39982.92,0,0
2022-09-01,09W,"NHS MEDWAY",0,0,0,0
2022-09-01,D4U1Y,"NHS FRIMLEY",50,74.69,0,0
2022-09-01,03Q,"NHS VALE OF YORK",231,486.38,0,0
2022-09-01,00N,"NHS SOUTH TYNESIDE",378,775.36,0,0
2022-09-01,00Q,"NHS BLACKBURN WITH DARWEN",417,769.59,0,0
2022-09-01,99C,"NHS NORTH TYNESIDE",418,892.39,0,0
2022-09-01,02G,"NHS WEST LANCASHIRE",443,797.19,0,0
2022-09-01,03F,"NHS HULL",483,1072.44,0,0
2022-09-01,01E,"NHS GREATER PRESTON",603,1132.53,0,0
2022-09-01,00X,"NHS CHORLEY AND SOUTH RIBBLE",671,1236,0,0
2022-09-01,02Q,"NHS BASSETLAW",677,1144.19,0,0
2022-09-01,02M,"NHS FYLDE AND WYRE",732,1306.96,0,0
2022-09-01,02Y,"NHS EAST RIDING OF YORKSHIRE",738,1455.1,0,0
2022-09-01,07G,"NHS THURROCK",798,1438.56,0,0
2022-09-01,01A,"NHS EAST LANCASHIRE",860,1515.03,0,0
2022-09-01,03H,"NHS NORTH EAST LINCOLNSHIRE",862,1650.7,0,0
2022-09-01,06L,"NHS IPSWICH AND EAST SUFFOLK",862,1490.39,0,0
2022-09-01,07K,"NHS WEST SUFFOLK",876,1462.8,0,0
2022-09-01,99G,"NHS SOUTHEND",952,1821.51,0,0
2022-09-01,03K,"NHS NORTH LINCOLNSHIRE",968,1617.34,0,0
2022-09-01,01F,"NHS HALTON",1030,1836.47,0,0
2022-09-01,00R,"NHS BLACKPOOL",1089,1877.65,0,0
2022-09-01,00L,"NHS NORTHUMBERLAND",1098,2440.92,0,0
2022-09-01,03R,"NHS WAKEFIELD",1109,2192.32,0,0
2022-09-01,02P,"NHS BARNSLEY",1128,2232.95,0,0
2022-09-01,03L,"NHS ROTHERHAM",1143,2162.26,0,0
2022-09-01,01K,"NHS MORECAMBE BAY",1157,2235.68,0,0
2022-09-01,10Q,"NHS OXFORDSHIRE",1224,2600,0,0
2022-09-01,99E,"NHS BASILDON AND BRENTWOOD",1309,2645.39,0,0
2022-09-01,01D,"NHS HEYWOOD, MIDDLETON AND ROCHDALE",1353,2417.95,0,0
2022-09-01,02E,"NHS WARRINGTON",1363,2579.96,0,0
2022-09-01,42D,"NHS NORTH YORKSHIRE",1377,2785.72,0,0
2022-09-01,01J,"NHS KNOWSLEY",1386,2517.91,0,0
2022-09-01,15F,"NHS LEEDS",1533,3234.35,0,0
2022-09-01,01V,"NHS SOUTHPORT AND FORMBY",1546,2738.96,0,0
2022-09-01,00Y,"NHS OLDHAM",1557,2681.83,0,0
2022-09-01,U2G6B,"NHS THAMES VALLEY ICB - U2G6B",1566,3063.15,0,0
2022-09-01,11M,"NHS GLOUCESTERSHIRE",1603,3127.86,0,0
2022-09-01,02A,"NHS TRAFFORD",1649,3037.23,0,0
2022-09-01,X2C4Y,"NHS KIRKLEES",1655,3784.84,0,0
2022-09-01,13T,"NHS NEWCASTLE GATESHEAD",1731,3604.58,0,0
2022-09-01,99F,"NHS CASTLE POINT AND ROCHFORD",1767,3246.73,0,0
2022-09-01,02X,"NHS DONCASTER",1780,3097.9,0,0
2022-09-01,02H,"NHS WIGAN BOROUGH",1914,3399.34,0,0
2022-09-01,05D,"NHS EAST STAFFORDSHIRE",2080,3689.27,0,0
2022-09-01,05G,"NHS NORTH STAFFORDSHIRE",2100,3774.39,0,0
2022-09-01,05V,"NHS STAFFORD AND SURROUNDS",2108,3797.75,0,0
2022-09-01,01H,"NHS NORTH CUMBRIA",2146,4268.99,0,0
2022-09-01,02T,"NHS CALDERDALE",2215,4352.33,0,0
2022-09-01,04Y,"NHS CANNOCK CHASE",2368,4307.97,0,0
2022-09-01,99A,"NHS LIVERPOOL",2397,4611.05,0,0
2022-09-01,06Q,"NHS MID ESSEX",2597,4384.74,0,0
2022-09-01,09D,"NHS BRIGHTON AND HOVE",2633,5993.99,0,0
2022-09-01,03W,"NHS EAST LEICESTERSHIRE AND RUTLAND",2634,4774.01,0,0
2022-09-01,05W,"NHS STOKE ON TRENT",2684,4698.1,0,0
2022-09-01,14Y,"NHS BUCKINGHAMSHIRE",2724,4682.36,0,0
2022-09-01,06N,"NHS HERTS VALLEYS",2788,5604.62,0,0
2022-09-01,07H,"NHS WEST ESSEX",2795,4824.81,0,0
2022-09-01,10R,"NHS PORTSMOUTH",2795,6037.86,0,0
2022-09-01,01X,"NHS ST HELENS",3076,5246.48,0,0
2022-09-01,01T,"NHS SOUTH SEFTON",3113,5661.58,0,0
2022-09-01,36L,"NHS SOUTH WEST LONDON",3176,6494.85,0,0
2022-09-01,W2U3Z,"NHS NORTH WEST LONDON",3336,7038.39,0,0
2022-09-01,A3A8R,"NHS NORTH EAST LONDON",3419,6694.56,0,0
2022-09-01,06K,"NHS EAST AND NORTH HERTFORDSHIRE",3442,6050.9,0,0
2022-09-01,11J,"NHS DORSET",3551,7818.95,0,0
2022-09-01,05Q,"NHS SOUTH EAST STAFFORDSHIRE AND SEISDON PENINSULA",3599,7022.09,0,0
2022-09-01,00T,"NHS BOLTON",3652,6557.99,0,0
2022-09-01,12F,"NHS WIRRAL",3806,7172.73,0,0
2022-09-01,93C,"NHS NORTH CENTRAL LONDON",3823,7118.52,0,0
2022-09-01,00V,"NHS BURY",3831,6196.56,0,0
2022-09-01,70F,"NHS WEST SUSSEX",3931,8522.73,0,0
2022-09-01,01W,"NHS STOCKPORT",3939,7145.1,0,0
2022-09-01,18C,"NHS HEREFORDSHIRE AND WORCESTERSHIRE",3981,8132.58,0,0
2022-09-01,04V,"NHS WEST LEICESTERSHIRE",3994,7280.52,0,0
2022-09-01,71E,"NHS LINCOLNSHIRE",4054,7429.08,0,0
2022-09-01,03N,"NHS SHEFFIELD",4112,7473.44,0,0
2022-09-01,15A,"NHS BERKSHIRE WEST",4426,7677.55,0,0
2022-09-01,11X,"NHS SOMERSET",4434,7765.94,0,0
2022-09-01,06T,"NHS NORTH EAST ESSEX",4485,7229.55,0,0
2022-09-01,11N,"NHS CORNWALL AND THE ISLES OF SCILLY",4513,8517.77,0,0
2022-09-01,01Y,"NHS TAMESIDE AND GLOSSOP",4541,7922.17,0,0
2022-09-01,01G,"NHS SALFORD",4546,7906.28,0,0
2022-09-01,84H,"NHS COUNTY DURHAM",4783,9015.35,0,0
2022-09-01,04C,"NHS LEICESTER CITY",4786,8300.98,0,0
2022-09-01,27D,"NHS CHESHIRE",4809,8897.49,0,0
2022-09-01,00P,"NHS SUNDERLAND",4822,9173.51,0,0
2022-09-01,92G,"NHS BATH AND NORTH EAST SOMERSET, SWINDON AND WILTSHIRE",4983,9766.99,0,0
2022-09-01,72Q,"NHS SOUTH EAST LONDON",5128,10960.15,0,0
2022-09-01,06H,"NHS CAMBRIDGESHIRE AND PETERBOROUGH",5154,8786.54,0,0
2022-09-01,M2L0M,"NHS SHROPSHIRE, TELFORD AND WREKIN",5405,12116.97,0,0
2022-09-01,36J,"NHS BRADFORD DISTRICT AND CRAVEN",5407,10356.82,0,0
2022-09-01,15N,"NHS DEVON",5738,11690.07,0,0
2022-09-01,15C,"NHS BRISTOL, NORTH SOMERSET AND SOUTH GLOUCESTERSHIRE",5858,12055.84,0,0
2022-09-01,16C,"NHS TEES VALLEY",6080,11564.47,0,0
2022-09-01,97R,"NHS EAST SUSSEX",6706,13805.47,0,0
2022-09-01,26A,"NHS NORFOLK AND WAVENEY",6918,12558.11,0,0
2022-09-01,M1J4Y,"NHS BEDFORDSHIRE, LUTON AND MILTON KEYNES",8020,14963.18,0,0
2022-09-01,15M,"NHS DERBY AND DERBYSHIRE",8134,15927.61,0,0
2022-09-01,92A,"NHS SURREY HEARTLANDS",8589,17743.1,0,0
2022-09-01,14L,"NHS MANCHESTER",8907,15740.44,0,0
2022-09-01,B2M3M,"NHS COVENTRY AND WARWICKSHIRE",9317,15652.93,0,0
2022-09-01,78H,"NHS NORTHAMPTONSHIRE",9346,14896.81,0,0
2022-09-01,52R,"NHS NOTTINGHAM AND NOTTINGHAMSHIRE",12988,23470.82,0,0
2022-09-01,D2P2L,"NHS BLACK COUNTRY",13544,25268.65,0,0
2022-09-01,91Q,"NHS KENT AND MEDWAY",19466,36280.57,0,0
2022-09-01,D9Y0V,"NHS HAMPSHIRE, SOUTHAMPTON AND ISLE OF WIGHT",20334,43352.4,0,0
2022-09-01,15E,"NHS BIRMINGHAM AND SOLIHULL",21046,39428.45,0,0
2022-10-01,09W,"NHS MEDWAY",0,0,0,0
2022-10-01,D4U1Y,"NHS FRIMLEY",44,65.88,0,0
2022-10-01,03Q,"NHS VALE OF YORK",237,517.83,0,0
2022-10-01,00N,"NHS SOUTH TYNESIDE",352,718.72,0,0
2022-10-01,00Q,"NHS BLACKBURN WITH DARWEN",380,688.14,0,0
2022-10-01,99C,"NHS NORTH TYNESIDE",416,920.74,0,0
2022-10-01,02G,"NHS WEST LANCASHIRE",418,790.89,0,0
2022-10-01,03F,"NHS HULL",465,1036.4,0,0
2022-10-01,01E,"NHS GREATER PRESTON",588,1125.12,0,0
2022-10-01,00X,"NHS CHORLEY AND SOUTH RIBBLE",631,1172.52,0,0
2022-10-01,02M,"NHS FYLDE AND WYRE",669,1166.42,0,0
2022-10-01,02Y,"NHS EAST RIDING OF YORKSHIRE",692,1384.28,0,0
2022-10-01,01A,"NHS EAST LANCASHIRE",730,1259.41,0,0
2022-10-01,02Q,"NHS BASSETLAW",733,1202.03,0,0
2022-10-01,07G,"NHS THURROCK",804,1413.71,0,0
2022-10-01,06L,"NHS IPSWICH AND EAST SUFFOLK",844,1454.53,0,0
2022-10-01,03H,"NHS NORTH EAST LINCOLNSHIRE",848,1616.89,0,0
2022-10-01,07K,"NHS WEST SUFFOLK",926,1539.68,0,0
2022-10-01,00R,"NHS BLACKPOOL",932,1597.48,0,0
2022-10-01,03K,"NHS NORTH LINCOLNSHIRE",982,1650.18,0,0
2022-10-01,01F,"NHS HALTON",995,1777.81,0,0
2022-10-01,99G,"NHS SOUTHEND",997,1922.24,0,0
2022-10-01,03R,"NHS WAKEFIELD",1000,1990.2,0,0
2022-10-01,02P,"NHS BARNSLEY",1022,2010.83,0,0
2022-10-01,03L,"NHS ROTHERHAM",1050,2061.22,0,0
2022-10-01,00L,"NHS NORTHUMBERLAND",1071,2236.71,0,0
2022-10-01,01K,"NHS MORECAMBE BAY",1128,2213.89,0,0
2022-10-01,01D,"NHS HEYWOOD, MIDDLETON AND ROCHDALE",1240,2286.46,0,0
2022-10-01,10Q,"NHS OXFORDSHIRE",1313,2717.27,0,0
2022-10-01,42D,"NHS NORTH YORKSHIRE",1349,2692.62,0,0
2022-10-01,99E,"NHS BASILDON AND BRENTWOOD",1358,2672.32,0,0
2022-10-01,02E,"NHS WARRINGTON",1366,2615.92,0,0
2022-10-01,01J,"NHS KNOWSLEY",1426,2582.11,0,0
2022-10-01,01V,"NHS SOUTHPORT AND FORMBY",1468,2641.72,0,0
2022-10-01,02A,"NHS TRAFFORD",1487,2729.47,0,0
2022-10-01,U2G6B,"NHS THAMES VALLEY ICB - U2G6B",1540,3031.08,0,0
2022-10-01,11M,"NHS GLOUCESTERSHIRE",1556,3088.76,0,0
2022-10-01,15F,"NHS LEEDS",1606,3430.82,0,0
2022-10-01,00Y,"NHS OLDHAM",1618,2784.27,0,0
2022-10-01,13T,"NHS NEWCASTLE GATESHEAD",1674,3614.34,0,0
2022-10-01,99F,"NHS CASTLE POINT AND ROCHFORD",1699,3073.37,0,0
2022-10-01,X2C4Y,"NHS KIRKLEES",1716,3915.74,0,0
2022-10-01,05D,"NHS EAST STAFFORDSHIRE",1744,3086.76,0,0
2022-10-01,05G,"NHS NORTH STAFFORDSHIRE",1798,3252.82,0,0
2022-10-01,02X,"NHS DONCASTER",1817,3223.05,0,0
2022-10-01,02H,"NHS WIGAN BOROUGH",1949,3475.05,0,0
2022-10-01,01H,"NHS NORTH CUMBRIA",2092,4054.88,0,0
2022-10-01,02T,"NHS CALDERDALE",2112,4156.24,0,0
2022-10-01,05V,"NHS STAFFORD AND SURROUNDS",2115,3793.99,0,0
2022-10-01,04Y,"NHS CANNOCK CHASE",2282,4194.47,0,0
2022-10-01,99A,"NHS LIVERPOOL",2331,4464.59,0,0
2022-10-01,06Q,"NHS MID ESSEX",2407,4025.49,0,0
2022-10-01,03W,"NHS EAST LEICESTERSHIRE AND RUTLAND",2553,4624.46,0,0
2022-10-01,05W,"NHS STOKE ON TRENT",2580,4807.31,0,0
2022-10-01,07H,"NHS WEST ESSEX",2618,4431.5,0,0
2022-10-01,06N,"NHS HERTS VALLEYS",2648,5356.71,0,0
2022-10-01,09D,"NHS BRIGHTON AND HOVE",2746,6375.45,0,0
2022-10-01,14Y,"NHS BUCKINGHAMSHIRE",2778,4758.15,0,0
2022-10-01,01T,"NHS SOUTH SEFTON",2854,5130.19,0,0
2022-10-01,10R,"NHS PORTSMOUTH",2865,6121.06,0,0
2022-10-01,01X,"NHS ST HELENS",2928,5005.25,0,0
2022-10-01,36L,"NHS SOUTH WEST LONDON",3205,6516.03,0,0
2022-10-01,W2U3Z,"NHS NORTH WEST LONDON",3345,6998.83,0,0
2022-10-01,A3A8R,"NHS NORTH EAST LONDON",3428,6553.59,0,0
2022-10-01,01W,"NHS STOCKPORT",3473,6257.08,0,0
2022-10-01,05Q,"NHS SOUTH EAST STAFFORDSHIRE AND SEISDON PENINSULA",3481,6783.22,0,0
2022-10-01,11J,"NHS DORSET",3482,7653.95,0,0
2022-10-01,06K,"NHS EAST AND NORTH HERTFORDSHIRE",3583,6273.62,0,0
2022-10-01,00T,"NHS BOLTON",3624,6436.2,0,0
2022-10-01,12F,"NHS WIRRAL",3638,6839.48,0,0
2022-10-01,93C,"NHS NORTH CENTRAL LONDON",3661,6808.84,0,0
2022-10-01,00V,"NHS BURY",3737,6035.6,0,0
2022-10-01,04V,"NHS WEST LEICESTERSHIRE",3901,7067.05,0,0
2022-10-01,03N,"NHS SHEFFIELD",3967,7121.26,0,0
2022-10-01,18C,"NHS HEREFORDSHIRE AND WORCESTERSHIRE",3978,8164.71,0,0
2022-10-01,70F,"NHS WEST SUSSEX",3979,8681.76,0,0
2022-10-01,71E,"NHS LINCOLNSHIRE",4078,7351.26,0,0
2022-10-01,84H,"NHS COUNTY DURHAM",4173,7984.18,0,0
2022-10-01,01Y,"NHS TAMESIDE AND GLOSSOP",4275,7535.85,0,0
2022-10-01,15A,"NHS BERKSHIRE WEST",4313,7467.72,0,0
2022-10-01,11N,"NHS CORNWALL AND THE ISLES OF SCILLY",4362,8105.78,0,0
2022-10-01,00P,"NHS SUNDERLAND",4368,8278.72,0,0
2022-10-01,04C,"NHS LEICESTER CITY",4421,7525.13,0,0
2022-10-01,01G,"NHS SALFORD",4520,7707.33,0,0
2022-10-01,11X,"NHS SOMERSET",4545,7945.73,0,0
2022-10-01,06T,"NHS NORTH EAST ESSEX",4627,7418.25,0,0
2022-10-01,27D,"NHS CHESHIRE",4707,8766.72,0,0
2022-10-01,06H,"NHS CAMBRIDGESHIRE AND PETERBOROUGH",4898,8275.66,0,0
2022-10-01,92G,"NHS BATH AND NORTH EAST SOMERSET, SWINDON AND WILTSHIRE",4924,9577.48,0,0
2022-10-01,36J,"NHS BRADFORD DISTRICT AND CRAVEN",5049,9602.27,0,0
2022-10-01,72Q,"NHS SOUTH EAST LONDON",5109,10796.14,0,0
2022-10-01,M2L0M,"NHS SHROPSHIRE, TELFORD AND WREKIN",5397,12052.43,0,0
2022-10-01,15C,"NHS BRISTOL, NORTH SOMERSET AND SOUTH GLOUCESTERSHIRE",5548,11439.41,0,0
2022-10-01,15N,"NHS DEVON",5937,12139.26,0,0
2022-10-01,16C,"NHS TEES VALLEY",6304,11780.24,0,0
2022-10-01,97R,"NHS EAST SUSSEX",6342,13062.03,0,0
2022-10-01,26A,"NHS NORFOLK AND WAVENEY",6626,11993.76,0,0
2022-10-01,15M,"NHS DERBY AND DERBYSHIRE",7040,14007.31,0,0
2022-10-01,M1J4Y,"NHS BEDFORDSHIRE, LUTON AND MILTON KEYNES",7837,14542.76,0,0
2022-10-01,92A,"NHS SURREY HEARTLANDS",8530,17359.45,0,0
2022-10-01,78H,"NHS NORTHAMPTONSHIRE",8826,13982.58,0,0
2022-10-01,14L,"NHS MANCHESTER",8980,15864.28,0,0
2022-10-01,B2M3M,"NHS COVENTRY AND WARWICKSHIRE",9368,15707.21,0,0
2022-10-01,52R,"NHS NOTTINGHAM AND NOTTINGHAMSHIRE",12303,22239.1,0,0
2022-10-01,D2P2L,"NHS BLACK COUNTRY",13128,24471.4,0,0
2022-10-01,91Q,"NHS KENT AND MEDWAY",18680,34834.17,0,0
2022-10-01,D9Y0V,"NHS HAMPSHIRE, SOUTHAMPTON AND ISLE OF WIGHT",19903,42233.37,0,0
2022-10-01,15E,"NHS BIRMINGHAM AND SOLIHULL",20056,37277.62,0,0
2022-11-01,09W,"NHS MEDWAY",0,0,0,0
2022-11-01,D4U1Y,"NHS FRIMLEY",65,94.73,0,0
2022-11-01,03Q,"NHS VALE OF YORK",222,478.96,0,0
2022-11-01,99C,"NHS NORTH TYNESIDE",403,841.12,0,0
2022-11-01,00Q,"NHS BLACKBURN WITH DARWEN",424,771.69,0,0
2022-11-01,02G,"NHS WEST LANCASHIRE",435,780.12,0,0
2022-11-01,00N,"NHS SOUTH TYNESIDE",443,882.92,0,0
2022-11-01,03F,"NHS HULL",502,1066.73,0,0
2022-11-01,01E,"NHS GREATER PRESTON",594,1155.33,0,0
2022-11-01,01A,"NHS EAST LANCASHIRE",596,1037.9,0,0
2022-11-01,02Q,"NHS BASSETLAW",601,1025.67,0,0
2022-11-01,00X,"NHS CHORLEY AND SOUTH RIBBLE",635,1176.66,0,0
2022-11-01,02Y,"NHS EAST RIDING OF YORKSHIRE",705,1422.4,0,0
2022-11-01,02M,"NHS FYLDE AND WYRE",747,1301.23,0,0
2022-11-01,07G,"NHS THURROCK",781,1340.75,0,0
2022-11-01,03H,"NHS NORTH EAST LINCOLNSHIRE",813,1552.02,0,0
2022-11-01,06L,"NHS IPSWICH AND EAST SUFFOLK",854,1487.87,0,0
2022-11-01,99G,"NHS SOUTHEND",920,1761.2,0,0
2022-11-01,07K,"NHS WEST SUFFOLK",925,1537.76,0,0
2022-11-01,00R,"NHS BLACKPOOL",966,1685.64,0,0
2022-11-01,03K,"NHS NORTH LINCOLNSHIRE",1003,1670.36,0,0
2022-11-01,01F,"NHS HALTON",1053,1911.64,0,0
2022-11-01,03R,"NHS WAKEFIELD",1056,2091.85,0,0
2022-11-01,03L,"NHS ROTHERHAM",1063,2003.49,0,0
2022-11-01,00L,"NHS NORTHUMBERLAND",1086,2290.67,0,0
2022-11-01,02P,"NHS BARNSLEY",1096,2195.55,0,0
2022-11-01,01K,"NHS MORECAMBE BAY",1182,2278.34,0,0
2022-11-01,01D,"NHS HEYWOOD, MIDDLETON AND ROCHDALE",1229,2272.63,0,0
2022-11-01,99E,"NHS BASILDON AND BRENTWOOD",1259,2393.45,0,0
2022-11-01,10Q,"NHS OXFORDSHIRE",1315,2767.68,0,0
2022-11-01,02E,"NHS WARRINGTON",1322,2440.77,0,0
2022-11-01,42D,"NHS NORTH YORKSHIRE",1361,2745.06,0,0
2022-11-01,01J,"NHS KNOWSLEY",1405,2567.27,0,0
2022-11-01,11M,"NHS GLOUCESTERSHIRE",1419,2873.43,0,0
2022-11-01,01V,"NHS SOUTHPORT AND FORMBY",1470,2631.97,0,0
2022-11-01,U2G6B,"NHS THAMES VALLEY ICB - U2G6B",1485,2918.23,0,0
2022-11-01,02A,"NHS TRAFFORD",1514,2789.41,0,0
2022-11-01,05G,"NHS NORTH STAFFORDSHIRE",1543,2887.45,0,0
2022-11-01,15F,"NHS LEEDS",1641,3528.59,0,0
2022-11-01,00Y,"NHS OLDHAM",1690,2949.32,0,0
2022-11-01,05D,"NHS EAST STAFFORDSHIRE",1721,3040.6,0,0
2022-11-01,13T,"NHS NEWCASTLE GATESHEAD",1727,3608.52,0,0
2022-11-01,02X,"NHS DONCASTER",1765,3084.08,0,0
2022-11-01,X2C4Y,"NHS KIRKLEES",1782,4034.78,0,0
2022-11-01,99F,"NHS CASTLE POINT AND ROCHFORD",1838,3306.57,0,0
2022-11-01,02H,"NHS WIGAN BOROUGH",1926,3443.46,0,0
2022-11-01,04Y,"NHS CANNOCK CHASE",1950,3548.22,0,0
2022-11-01,05V,"NHS STAFFORD AND SURROUNDS",2049,3673.3,0,0
2022-11-01,01H,"NHS NORTH CUMBRIA",2090,4085.89,0,0
2022-11-01,02T,"NHS CALDERDALE",2171,4232.32,0,0
2022-11-01,99A,"NHS LIVERPOOL",2370,4466.7,0,0
2022-11-01,06Q,"NHS MID ESSEX",2437,4064.55,0,0
2022-11-01,14Y,"NHS BUCKINGHAMSHIRE",2524,4333.82,0,0
2022-11-01,03W,"NHS EAST LEICESTERSHIRE AND RUTLAND",2528,4613.27,0,0
2022-11-01,06N,"NHS HERTS VALLEYS",2557,5139.33,0,0
2022-11-01,09D,"NHS BRIGHTON AND HOVE",2568,5998.25,0,0
2022-11-01,07H,"NHS WEST ESSEX",2624,4394.2,0,0
2022-11-01,05W,"NHS STOKE ON TRENT",2689,4693.55,0,0
2022-11-01,10R,"NHS PORTSMOUTH",2803,6002.59,0,0
2022-11-01,01T,"NHS SOUTH SEFTON",2887,5184.57,0,0
2022-11-01,01X,"NHS ST HELENS",3009,5141.86,0,0
2022-11-01,36L,"NHS SOUTH WEST LONDON",3054,6461.83,0,0
2022-11-01,W2U3Z,"NHS NORTH WEST LONDON",3240,6739.11,0,0
2022-11-01,A3A8R,"NHS NORTH EAST LONDON",3255,6209.92,0,0
2022-11-01,01W,"NHS STOCKPORT",3451,6263.82,0,0
2022-11-01,05Q,"NHS SOUTH EAST STAFFORDSHIRE AND SEISDON PENINSULA",3457,6688.24,0,0
2022-11-01,11J,"NHS DORSET",3465,7556.42,0,0
2022-11-01,12F,"NHS WIRRAL",3515,6602.21,0,0
2022-11-01,00T,"NHS BOLTON",3568,6380.28,0,0
2022-11-01,00V,"NHS BURY",3580,5764.44,0,0
2022-11-01,06K,"NHS EAST AND NORTH HERTFORDSHIRE",3602,6352.47,0,0
2022-11-01,93C,"NHS NORTH CENTRAL LONDON",3629,6750.51,0,0
2022-11-01,03N,"NHS SHEFFIELD",3766,6870.34,0,0
2022-11-01,18C,"NHS HEREFORDSHIRE AND WORCESTERSHIRE",3817,7845.57,0,0
2022-11-01,70F,"NHS WEST SUSSEX",3969,8629.75,0,0
2022-11-01,84H,"NHS COUNTY DURHAM",3983,7584.58,0,0
2022-11-01,04V,"NHS WEST LEICESTERSHIRE",4024,7315.51,0,0
2022-11-01,04C,"NHS LEICESTER CITY",4057,6953.36,0,0
2022-11-01,71E,"NHS LINCOLNSHIRE",4091,7410.78,0,0
2022-11-01,15A,"NHS BERKSHIRE WEST",4103,7086.35,0,0
2022-11-01,01Y,"NHS TAMESIDE AND GLOSSOP",4191,7415.5,0,0
2022-11-01,00P,"NHS SUNDERLAND",4250,8089.98,0,0
2022-11-01,11N,"NHS CORNWALL AND THE ISLES OF SCILLY",4386,8313.77,0,0
2022-11-01,06T,"NHS NORTH EAST ESSEX",4418,7040.58,0,0
2022-11-01,11X,"NHS SOMERSET",4483,7832.52,0,0
2022-11-01,01G,"NHS SALFORD",4667,7938.06,0,0
2022-11-01,92G,"NHS BATH AND NORTH EAST SOMERSET, SWINDON AND WILTSHIRE",4815,9355.66,0,0
2022-11-01,06H,"NHS CAMBRIDGESHIRE AND PETERBOROUGH",4898,8332.68,0,0
2022-11-01,27D,"NHS CHESHIRE",4902,9073.53,0,0
2022-11-01,36J,"NHS BRADFORD DISTRICT AND CRAVEN",5087,9760.35,0,0
2022-11-01,72Q,"NHS SOUTH EAST LONDON",5104,10776.25,0,0
2022-11-01,15C,"NHS BRISTOL, NORTH SOMERSET AND SOUTH GLOUCESTERSHIRE",5140,10688.64,0,0
2022-11-01,M2L0M,"NHS SHROPSHIRE, TELFORD AND WREKIN",5315,11801.54,0,0
2022-11-01,15N,"NHS DEVON",5988,12198.24,0,0
2022-11-01,16C,"NHS TEES VALLEY",6206,11712.94,0,0
2022-11-01,97R,"NHS EAST SUSSEX",6388,13141.9,0,0
2022-11-01,26A,"NHS NORFOLK AND WAVENEY",6684,12109.03,0,0
2022-11-01,15M,"NHS DERBY AND DERBYSHIRE",6820,13492.72,0,0
2022-11-01,M1J4Y,"NHS BEDFORDSHIRE, LUTON AND MILTON KEYNES",7781,14623.77,0,0
2022-11-01,92A,"NHS SURREY HEARTLANDS",8019,16573.55,0,0
2022-11-01,78H,"NHS NORTHAMPTONSHIRE",8608,13755.02,0,0
2022-11-01,14L,"NHS MANCHESTER",8675,15323.28,0,0
2022-11-01,B2M3M,"NHS COVENTRY AND WARWICKSHIRE",9509,15901.64,0,0
2022-11-01,52R,"NHS NOTTINGHAM AND NOTTINGHAMSHIRE",11993,21687.29,0,0
2022-11-01,D2P2L,"NHS BLACK COUNTRY",13528,25233.85,0,0
2022-11-01,91Q,"NHS KENT AND MEDWAY",18217,34005.4,0,0
2022-11-01,D9Y0V,"NHS HAMPSHIRE, SOUTHAMPTON AND ISLE OF WIGHT",19319,41036.26,0,0
2022-11-01,15E,"NHS BIRMINGHAM AND SOLIHULL",19980,36893.48,0,0
2022-12-01,09W,"NHS MEDWAY",0,0,0,0
2022-12-01,D4U1Y,"NHS FRIMLEY",100,146.12,0,0
2022-12-01,03Q,"NHS VALE OF YORK",269,564.03,0,0
2022-12-01,00N,"NHS SOUTH TYNESIDE",407,805.44,0,0
2022-12-01,00Q,"NHS BLACKBURN WITH DARWEN",411,742.15,0,0
2022-12-01,99C,"NHS NORTH TYNESIDE",444,962.95,0,0
2022-12-01,02G,"NHS WEST LANCASHIRE",467,841.29,0,0
2022-12-01,03F,"NHS HULL",485,1028.76,0,0
2022-12-01,02Q,"NHS BASSETLAW",557,952.44,0,0
2022-12-01,01A,"NHS EAST LANCASHIRE",567,984.71,0,0
2022-12-01,01E,"NHS GREATER PRESTON",591,1122.01,0,0
2022-12-01,00X,"NHS CHORLEY AND SOUTH RIBBLE",686,1271.74,0,0
2022-12-01,02M,"NHS FYLDE AND WYRE",751,1315.84,0,0
2022-12-01,03H,"NHS NORTH EAST LINCOLNSHIRE",780,1499.06,0,0
2022-12-01,02Y,"NHS EAST RIDING OF YORKSHIRE",784,1589.28,0,0
2022-12-01,07G,"NHS THURROCK",805,1370.96,0,0
2022-12-01,06L,"NHS IPSWICH AND EAST SUFFOLK",947,1633.16,0,0
2022-12-01,07K,"NHS WEST SUFFOLK",962,1586.87,0,0
2022-12-01,00R,"NHS BLACKPOOL",987,1713.2,0,0
2022-12-01,99G,"NHS SOUTHEND",1031,1945.09,0,0
2022-12-01,03K,"NHS NORTH LINCOLNSHIRE",1041,1734.67,0,0
2022-12-01,03L,"NHS ROTHERHAM",1052,1984.8,0,0
2022-12-01,01F,"NHS HALTON",1076,1937.25,0,0
2022-12-01,03R,"NHS WAKEFIELD",1108,2157.68,0,0
2022-12-01,02P,"NHS BARNSLEY",1195,2384.28,0,0
2022-12-01,00L,"NHS NORTHUMBERLAND",1247,2637.29,0,0
2022-12-01,01K,"NHS MORECAMBE BAY",1340,2607.65,0,0
2022-12-01,01D,"NHS HEYWOOD, MIDDLETON AND ROCHDALE",1370,2489.93,0,0
2022-12-01,10Q,"NHS OXFORDSHIRE",1380,2912.93,0,0
2022-12-01,02E,"NHS WARRINGTON",1433,2722.08,0,0
2022-12-01,42D,"NHS NORTH YORKSHIRE",1442,2878.33,0,0
2022-12-01,99E,"NHS BASILDON AND BRENTWOOD",1505,2939.95,0,0
2022-12-01,01J,"NHS KNOWSLEY",1524,2783.68,0,0
2022-12-01,05G,"NHS NORTH STAFFORDSHIRE",1559,2887.27,0,0
2022-12-01,01V,"NHS SOUTHPORT AND FORMBY",1582,2779.44,0,0
2022-12-01,02A,"NHS TRAFFORD",1587,2938.99,0,0
2022-12-01,05D,"NHS EAST STAFFORDSHIRE",1645,2866.68,0,0
2022-12-01,11M,"NHS GLOUCESTERSHIRE",1673,3328.49,0,0
2022-12-01,U2G6B,"NHS THAMES VALLEY ICB - U2G6B",1690,3319.47,0,0
2022-12-01,00Y,"NHS OLDHAM",1736,2997.74,0,0
2022-12-01,15F,"NHS LEEDS",1740,3662.42,0,0
2022-12-01,X2C4Y,"NHS KIRKLEES",1842,4100.55,0,0
2022-12-01,99F,"NHS CASTLE POINT AND ROCHFORD",1845,3338.02,0,0
2022-12-01,13T,"NHS NEWCASTLE GATESHEAD",1895,3975.78,0,0
2022-12-01,04Y,"NHS CANNOCK CHASE",1911,3599.89,0,0
2022-12-01,02X,"NHS DONCASTER",1924,3408.83,0,0
2022-12-01,02H,"NHS WIGAN BOROUGH",2166,3853.78,0,0
2022-12-01,05V,"NHS STAFFORD AND SURROUNDS",2223,3972.2,0,0
2022-12-01,02T,"NHS CALDERDALE",2277,4502.07,0,0
2022-12-01,01H,"NHS NORTH CUMBRIA",2310,4527.51,0,0
2022-12-01,99A,"NHS LIVERPOOL",2516,4864.49,0,0
2022-12-01,05W,"NHS STOKE ON TRENT",2520,4361.93,0,0
2022-12-01,06Q,"NHS MID ESSEX",2582,4372.57,0,0
2022-12-01,14Y,"NHS BUCKINGHAMSHIRE",2599,4411.82,0,0
2022-12-01,07H,"NHS WEST ESSEX",2612,4408.85,0,0
2022-12-01,06N,"NHS HERTS VALLEYS",2720,5502.23,0,0
2022-12-01,09D,"NHS BRIGHTON AND HOVE",2758,6405.03,0,0
2022-12-01,03W,"NHS EAST LEICESTERSHIRE AND RUTLAND",2874,5194.81,0,0
2022-12-01,10R,"NHS PORTSMOUTH",3070,6572.31,0,0
2022-12-01,01T,"NHS SOUTH SEFTON",3117,5634.18,0,0
2022-12-01,01X,"NHS ST HELENS",3241,5538.39,0,0
2022-12-01,36L,"NHS SOUTH WEST LONDON",3370,6831,0,0
2022-12-01,W2U3Z,"NHS NORTH WEST LONDON",3477,7217.18,0,0
2022-12-01,12F,"NHS WIRRAL",3641,6902.67,0,0
2022-12-01,A3A8R,"NHS NORTH EAST LONDON",3651,7099.86,0,0
2022-12-01,01W,"NHS STOCKPORT",3664,6668.74,0,0
2022-12-01,93C,"NHS NORTH CENTRAL LONDON",3678,6914.33,0,0
2022-12-01,05Q,"NHS SOUTH EAST STAFFORDSHIRE AND SEISDON PENINSULA",3709,7216.06,0,0
2022-12-01,11J,"NHS DORSET",3765,8218.81,0,0
2022-12-01,00V,"NHS BURY",3771,6379.68,0,0
2022-12-01,06K,"NHS EAST AND NORTH HERTFORDSHIRE",3826,6728.34,0,0
2022-12-01,03N,"NHS SHEFFIELD",3880,7044.12,0,0
2022-12-01,00T,"NHS BOLTON",3951,7031.25,0,0
2022-12-01,04C,"NHS LEICESTER CITY",4059,7005.21,0,0
2022-12-01,01Y,"NHS TAMESIDE AND GLOSSOP",4163,7380.27,0,0
2022-12-01,04V,"NHS WEST LEICESTERSHIRE",4182,7592.63,0,0
2022-12-01,18C,"NHS HEREFORDSHIRE AND WORCESTERSHIRE",4267,8770.71,0,0
2022-12-01,70F,"NHS WEST SUSSEX",4281,9333.65,0,0
2022-12-01,84H,"NHS COUNTY DURHAM",4317,8326.6,0,0
2022-12-01,00P,"NHS SUNDERLAND",4329,8175.28,0,0
2022-12-01,71E,"NHS LINCOLNSHIRE",4348,7831.68,0,0
2022-12-01,15A,"NHS BERKSHIRE WEST",4433,7628.09,0,0
2022-12-01,11N,"NHS CORNWALL AND THE ISLES OF SCILLY",4652,8741.27,0,0
2022-12-01,06T,"NHS NORTH EAST ESSEX",4671,7484.21,0,0
2022-12-01,11X,"NHS SOMERSET",4726,8192.86,0,0
2022-12-01,01G,"NHS SALFORD",4750,8187.44,0,0
2022-12-01,06H,"NHS CAMBRIDGESHIRE AND PETERBOROUGH",5132,8577.04,0,0
2022-12-01,27D,"NHS CHESHIRE",5256,9760.41,0,0
2022-12-01,15C,"NHS BRISTOL, NORTH SOMERSET AND SOUTH GLOUCESTERSHIRE",5260,10929.38,0,0
2022-12-01,92G,"NHS BATH AND NORTH EAST SOMERSET, SWINDON AND WILTSHIRE",5327,10288.2,0,0
2022-12-01,36J,"NHS BRADFORD DISTRICT AND CRAVEN",5462,10335.38,0,0
2022-12-01,72Q,"NHS SOUTH EAST LONDON",5493,11869.32,0,0
2022-12-01,M2L0M,"NHS SHROPSHIRE, TELFORD AND WREKIN",5845,12918.21,0,0
2022-12-01,16C,"NHS TEES VALLEY",6434,12116.74,0,0
2022-12-01,15N,"NHS DEVON",6448,13053.48,0,0
2022-12-01,97R,"NHS EAST SUSSEX",6798,14018.68,0,0
2022-12-01,26A,"NHS NORFOLK AND WAVENEY",6936,12633.67,0,0
2022-12-01,15M,"NHS DERBY AND DERBYSHIRE",7392,14621.51,0,0
2022-12-01,M1J4Y,"NHS BEDFORDSHIRE, LUTON AND MILTON KEYNES",8220,15267.52,0,0
2022-12-01,92A,"NHS SURREY HEARTLANDS",8960,18523.39,0,0
2022-12-01,78H,"NHS NORTHAMPTONSHIRE",9084,14441.4,0,0
2022-12-01,14L,"NHS MANCHESTER",9364,16555.55,0,0
2022-12-01,B2M3M,"NHS COVENTRY AND WARWICKSHIRE",10129,16906.3,0,0
2022-12-01,52R,"NHS NOTTINGHAM AND NOTTINGHAMSHIRE",12338,22356.97,0,0
2022-12-01,D2P2L,"NHS BLACK COUNTRY",13844,25804.03,0,0
2022-12-01,91Q,"NHS KENT AND MEDWAY",19132,36717.03,0,0
2022-12-01,D9Y0V,"NHS HAMPSHIRE, SOUTHAMPTON AND ISLE OF WIGHT",20894,44643.44,0,0
2022-12-01,15E,"NHS BIRMINGHAM AND SOLIHULL",21344,39269.25,0,0
2023-01-01,09W,"NHS MEDWAY",0,0,0,0
2023-01-01,D4U1Y,"NHS FRIMLEY",65,99.1,0,0
2023-01-01,03Q,"NHS VALE OF YORK",233,514.37,0,0
2023-01-01,00Q,"NHS BLACKBURN WITH DARWEN",400,730,0,0
2023-01-01,00N,"NHS SOUTH TYNESIDE",416,827.37,0,0
2023-01-01,99C,"NHS NORTH TYNESIDE",426,909.32,0,0
2023-01-01,02G,"NHS WEST LANCASHIRE",436,799.12,0,0
2023-01-01,03F,"NHS HULL",503,1103.77,0,0
2023-01-01,02Q,"NHS BASSETLAW",519,889.7,0,0
2023-01-01,01A,"NHS EAST LANCASHIRE",529,925.4,0,0
2023-01-01,00X,"NHS CHORLEY AND SOUTH RIBBLE",597,1092.18,0,0
2023-01-01,01E,"NHS GREATER PRESTON",632,1189.36,0,0
2023-01-01,02M,"NHS FYLDE AND WYRE",713,1239.51,0,0
2023-01-01,02Y,"NHS EAST RIDING OF YORKSHIRE",716,1421.93,0,0
2023-01-01,03H,"NHS NORTH EAST LINCOLNSHIRE",744,1403.98,0,0
2023-01-01,07G,"NHS THURROCK",787,1340.53,0,0
2023-01-01,03K,"NHS NORTH LINCOLNSHIRE",868,1449.78,0,0
2023-01-01,06L,"NHS IPSWICH AND EAST SUFFOLK",896,1555.05,0,0
2023-01-01,99G,"NHS SOUTHEND",930,1728.51,0,0
2023-01-01,00R,"NHS BLACKPOOL",947,1636.13,0,0
2023-01-01,01F,"NHS HALTON",960,1741.02,0,0
2023-01-01,07K,"NHS WEST SUFFOLK",981,1626.57,0,0
2023-01-01,03R,"NHS WAKEFIELD",1062,2044.89,0,0
2023-01-01,03L,"NHS ROTHERHAM",1079,2088.44,0,0
2023-01-01,02P,"NHS BARNSLEY",1103,2206.19,0,0
2023-01-01,00L,"NHS NORTHUMBERLAND",1151,2492.28,0,0
2023-01-01,01K,"NHS MORECAMBE BAY",1216,2352.54,0,0
2023-01-01,99E,"NHS BASILDON AND BRENTWOOD",1281,2445.7,0,0
2023-01-01,01D,"NHS HEYWOOD, MIDDLETON AND ROCHDALE",1304,2385.77,0,0
2023-01-01,02E,"NHS WARRINGTON",1308,2446.3,0,0
2023-01-01,10Q,"NHS OXFORDSHIRE",1316,2831.02,0,0
2023-01-01,05D,"NHS EAST STAFFORDSHIRE",1362,2373.93,0,0
2023-01-01,05G,"NHS NORTH STAFFORDSHIRE",1379,2578.51,0,0
2023-01-01,42D,"NHS NORTH YORKSHIRE",1382,2721.2,0,0
2023-01-01,02A,"NHS TRAFFORD",1399,2570.61,0,0
2023-01-01,01V,"NHS SOUTHPORT AND FORMBY",1411,2526.02,0,0
2023-01-01,01J,"NHS KNOWSLEY",1436,2602.1,0,0
2023-01-01,11M,"NHS GLOUCESTERSHIRE",1438,2865.18,0,0
2023-01-01,U2G6B,"NHS THAMES VALLEY ICB - U2G6B",1513,2928.31,0,0
2023-01-01,00Y,"NHS OLDHAM",1647,2864.5,0,0
2023-01-01,04Y,"NHS CANNOCK CHASE",1664,3173.13,0,0
2023-01-01,13T,"NHS NEWCASTLE GATESHEAD",1705,3582.29,0,0
2023-01-01,15F,"NHS LEEDS",1743,3633.42,0,0
2023-01-01,X2C4Y,"NHS KIRKLEES",1756,3969.78,0,0
2023-01-01,99F,"NHS CASTLE POINT AND ROCHFORD",1766,3180.88,0,0
2023-01-01,02X,"NHS DONCASTER",1798,3164.55,0,0
2023-01-01,05V,"NHS STAFFORD AND SURROUNDS",1997,3556.82,0,0
2023-01-01,02H,"NHS WIGAN BOROUGH",2050,3692.83,0,0
2023-01-01,09D,"NHS BRIGHTON AND HOVE",2166,5055.42,0,0
2023-01-01,14Y,"NHS BUCKINGHAMSHIRE",2183,3768.81,0,0
2023-01-01,02T,"NHS CALDERDALE",2199,4295.16,0,0
2023-01-01,01H,"NHS NORTH CUMBRIA",2215,4298.56,0,0
2023-01-01,99A,"NHS LIVERPOOL",2280,4322.73,0,0
2023-01-01,05W,"NHS STOKE ON TRENT",2347,4181.49,0,0
2023-01-01,07H,"NHS WEST ESSEX",2420,4077.42,0,0
2023-01-01,06N,"NHS HERTS VALLEYS",2436,4911.29,0,0
2023-01-01,06Q,"NHS MID ESSEX",2447,4040.09,0,0
2023-01-01,03W,"NHS EAST LEICESTERSHIRE AND RUTLAND",2576,4649.56,0,0
2023-01-01,01T,"NHS SOUTH SEFTON",2722,4976.93,0,0
2023-01-01,36L,"NHS SOUTH WEST LONDON",2797,5717.87,0,0
2023-01-01,01X,"NHS ST HELENS",2921,4981.39,0,0
2023-01-01,10R,"NHS PORTSMOUTH",2952,6340.51,0,0
2023-01-01,W2U3Z,"NHS NORTH WEST LONDON",2954,6121.5,0,0
2023-01-01,12F,"NHS WIRRAL",3205,6013.35,0,0
2023-01-01,01W,"NHS STOCKPORT",3276,6028.3,0,0
2023-01-01,04C,"NHS LEICESTER CITY",3298,5754.64,0,0
2023-01-01,A3A8R,"NHS NORTH EAST LONDON",3330,6428.93,0,0
2023-01-01,00V,"NHS BURY",3348,5438.25,0,0
2023-01-01,05Q,"NHS SOUTH EAST STAFFORDSHIRE AND SEISDON PENINSULA",3357,6590.67,0,0
2023-01-01,93C,"NHS NORTH CENTRAL LONDON",3419,6438.27,0,0
2023-01-01,11J,"NHS DORSET",3431,7494.83,0,0
2023-01-01,06K,"NHS EAST AND NORTH HERTFORDSHIRE",3468,5997.48,0,0
2023-01-01,03N,"NHS SHEFFIELD",3511,6390.41,0,0
2023-01-01,00T,"NHS BOLTON",3621,6473.25,0,0
2023-01-01,00P,"NHS SUNDERLAND",3689,6977.22,0,0
2023-01-01,04V,"NHS WEST LEICESTERSHIRE",3741,6798.79,0,0
2023-01-01,18C,"NHS HEREFORDSHIRE AND WORCESTERSHIRE",3744,7761.08,0,0
2023-01-01,01Y,"NHS TAMESIDE AND GLOSSOP",3784,6763.45,0,0
2023-01-01,70F,"NHS WEST SUSSEX",3964,8552.15,0,0
2023-01-01,15A,"NHS BERKSHIRE WEST",4023,6990,0,0
2023-01-01,84H,"NHS COUNTY DURHAM",4063,7849.57,0,0
2023-01-01,11X,"NHS SOMERSET",4092,7051.06,0,0
2023-01-01,71E,"NHS LINCOLNSHIRE",4137,7491.09,0,0
2023-01-01,11N,"NHS CORNWALL AND THE ISLES OF SCILLY",4230,8069.15,0,0
2023-01-01,06T,"NHS NORTH EAST ESSEX",4320,6954.65,0,0
2023-01-01,01G,"NHS SALFORD",4361,7412.04,0,0
2023-01-01,06H,"NHS CAMBRIDGESHIRE AND PETERBOROUGH",4659,7908.82,0,0
2023-01-01,27D,"NHS CHESHIRE",4813,8888.55,0,0
2023-01-01,15C,"NHS BRISTOL, NORTH SOMERSET AND SOUTH GLOUCESTERSHIRE",4889,10186.22,0,0
2023-01-01,92G,"NHS BATH AND NORTH EAST SOMERSET, SWINDON AND WILTSHIRE",4933,9517.2,0,0
2023-01-01,72Q,"NHS SOUTH EAST LONDON",4947,10569.47,0,0
2023-01-01,36J,"NHS BRADFORD DISTRICT AND CRAVEN",5014,9581.74,0,0
2023-01-01,M2L0M,"NHS SHROPSHIRE, TELFORD AND WREKIN",5321,11803.67,0,0
2023-01-01,15N,"NHS DEVON",6003,12151.92,0,0
2023-01-01,97R,"NHS EAST SUSSEX",6125,12575.63,0,0
2023-01-01,16C,"NHS TEES VALLEY",6351,11923.89,0,0
2023-01-01,26A,"NHS NORFOLK AND WAVENEY",6446,11670.87,0,0
2023-01-01,15M,"NHS DERBY AND DERBYSHIRE",6628,13065.91,0,0
2023-01-01,M1J4Y,"NHS BEDFORDSHIRE, LUTON AND MILTON KEYNES",7732,14398.36,0,0
2023-01-01,92A,"NHS SURREY HEARTLANDS",7772,16017.49,0,0
2023-01-01,78H,"NHS NORTHAMPTONSHIRE",8273,13217.87,0,0
2023-01-01,B2M3M,"NHS COVENTRY AND WARWICKSHIRE",8481,14271.43,0,0
2023-01-01,14L,"NHS MANCHESTER",8731,15523.7,0,0
2023-01-01,52R,"NHS NOTTINGHAM AND NOTTINGHAMSHIRE",11377,20706.91,0,0
2023-01-01,D2P2L,"NHS BLACK COUNTRY",12950,24200.48,0,0
2023-01-01,91Q,"NHS KENT AND MEDWAY",16910,31740.04,0,0
2023-01-01,D9Y0V,"NHS HAMPSHIRE, SOUTHAMPTON AND ISLE OF WIGHT",19028,40297.9,0,0
2023-01-01,15E,"NHS BIRMINGHAM AND SOLIHULL",19238,35868.09,0,0
2023-02-01,09W,"NHS MEDWAY",0,0,0,0
2023-02-01,D4U1Y,"NHS FRIMLEY",63,99.16,0,0
2023-02-01,03Q,"NHS VALE OF YORK",232,489.77,0,0
2023-02-01,00Q,"NHS BLACKBURN WITH DARWEN",322,578.66,0,0
2023-02-01,99C,"NHS NORTH TYNESIDE",375,821.2,0,0
2023-02-01,02G,"NHS WEST LANCASHIRE",394,732.01,0,0
2023-02-01,00N,"NHS SOUTH TYNESIDE",424,838.67,0,0
2023-02-01,03F,"NHS HULL",452,931.8,0,0
2023-02-01,02Q,"NHS BASSETLAW",463,804.74,0,0
2023-02-01,01A,"NHS EAST LANCASHIRE",465,807.34,0,0
2023-02-01,01E,"NHS GREATER PRESTON",531,989.15,0,0
2023-02-01,00X,"NHS CHORLEY AND SOUTH RIBBLE",534,987.56,0,0
2023-02-01,02Y,"NHS EAST RIDING OF YORKSHIRE",663,1293.06,0,0
2023-02-01,02M,"NHS FYLDE AND WYRE",667,1161.42,0,0
2023-02-01,03H,"NHS NORTH EAST LINCOLNSHIRE",675,1320.18,0,0
2023-02-01,07G,"NHS THURROCK",696,1168.18,0,0
2023-02-01,06L,"NHS IPSWICH AND EAST SUFFOLK",764,1319.83,0,0
2023-02-01,99G,"NHS SOUTHEND",817,1550.65,0,0
2023-02-01,03K,"NHS NORTH LINCOLNSHIRE",829,1416.55,0,0
2023-02-01,00R,"NHS BLACKPOOL",856,1466.1,0,0
2023-02-01,01F,"NHS HALTON",860,1568.21,0,0
2023-02-01,03L,"NHS ROTHERHAM",909,1728.5,0,0
2023-02-01,07K,"NHS WEST SUFFOLK",912,1511.09,0,0
2023-02-01,03R,"NHS WAKEFIELD",973,1870.48,0,0
2023-02-01,02P,"NHS BARNSLEY",1039,2127.86,0,0
2023-02-01,00L,"NHS NORTHUMBERLAND",1084,2337.21,0,0
2023-02-01,01D,"NHS HEYWOOD, MIDDLETON AND ROCHDALE",1096,2015.07,0,0
2023-02-01,01K,"NHS MORECAMBE BAY",1107,2179.85,0,0
2023-02-01,02E,"NHS WARRINGTON",1113,2091.47,0,0
2023-02-01,05D,"NHS EAST STAFFORDSHIRE",1124,1948.46,0,0
2023-02-01,01V,"NHS SOUTHPORT AND FORMBY",1140,2043.46,0,0
2023-02-01,10Q,"NHS OXFORDSHIRE",1163,2483.52,0,0
2023-02-01,U2G6B,"NHS THAMES VALLEY ICB - U2G6B",1176,2315.42,0,0
2023-02-01,99E,"NHS BASILDON AND BRENTWOOD",1180,2266.57,0,0
2023-02-01,05G,"NHS NORTH STAFFORDSHIRE",1228,2309.17,0,0
2023-02-01,42D,"NHS NORTH YORKSHIRE",1238,2438.29,0,0
2023-02-01,11M,"NHS GLOUCESTERSHIRE",1277,2522.09,0,0
2023-02-01,01J,"NHS KNOWSLEY",1321,2405.24,0,0
2023-02-01,02A,"NHS TRAFFORD",1330,2437.67,0,0
2023-02-01,00Y,"NHS OLDHAM",1374,2407.22,0,0
2023-02-01,15F,"NHS LEEDS",1440,3070.78,0,0
2023-02-01,04Y,"NHS CANNOCK CHASE",1490,2836.28,0,0
2023-02-01,13T,"NHS NEWCASTLE GATESHEAD",1584,3301.16,0,0
2023-02-01,X2C4Y,"NHS KIRKLEES",1586,3531.9,0,0
2023-02-01,99F,"NHS CASTLE POINT AND ROCHFORD",1596,2844.63,0,0
2023-02-01,05V,"NHS STAFFORD AND SURROUNDS",1597,2897.65,0,0
2023-02-01,02X,"NHS DONCASTER",1641,2872.76,0,0
2023-02-01,02H,"NHS WIGAN BOROUGH",1772,3178.74,0,0
2023-02-01,14Y,"NHS BUCKINGHAMSHIRE",1821,3182.02,0,0
2023-02-01,05W,"NHS STOKE ON TRENT",1867,3352.6,0,0
2023-02-01,01H,"NHS NORTH CUMBRIA",1891,3715.12,0,0
2023-02-01,02T,"NHS CALDERDALE",1893,3672.18,0,0
2023-02-01,09D,"NHS BRIGHTON AND HOVE",1933,4502.21,0,0
2023-02-01,06N,"NHS HERTS VALLEYS",2094,4241.98,0,0
2023-02-01,06Q,"NHS MID ESSEX",2120,3549.48,0,0
2023-02-01,07H,"NHS WEST ESSEX",2143,3703.74,0,0
2023-02-01,99A,"NHS LIVERPOOL",2149,4123.16,0,0
2023-02-01,03W,"NHS EAST LEICESTERSHIRE AND RUTLAND",2314,4235.34,0,0
2023-02-01,01T,"NHS SOUTH SEFTON",2337,4236.58,0,0
2023-02-01,10R,"NHS PORTSMOUTH",2416,5202.84,0,0
2023-02-01,01X,"NHS ST HELENS",2420,4146.85,0,0
2023-02-01,36L,"NHS SOUTH WEST LONDON",2517,5154.47,0,0
2023-02-01,W2U3Z,"NHS NORTH WEST LONDON",2617,5459.61,0,0
2023-02-01,01W,"NHS STOCKPORT",2731,5039.76,0,0
2023-02-01,00V,"NHS BURY",2745,4481.63,0,0
2023-02-01,04C,"NHS LEICESTER CITY",2753,4812.93,0,0
2023-02-01,05Q,"NHS SOUTH EAST STAFFORDSHIRE AND SEISDON PENINSULA",2865,5534.48,0,0
2023-02-01,12F,"NHS WIRRAL",2875,5482.3,0,0
2023-02-01,93C,"NHS NORTH CENTRAL LONDON",2935,5535.62,0,0
2023-02-01,11J,"NHS DORSET",2973,6452.69,0,0
2023-02-01,03N,"NHS SHEFFIELD",3008,5498.1,0,0
2023-02-01,00T,"NHS BOLTON",3051,5471.66,0,0
2023-02-01,00P,"NHS SUNDERLAND",3091,5767.4,0,0
2023-02-01,A3A8R,"NHS NORTH EAST LONDON",3101,5965.84,0,0
2023-02-01,01Y,"NHS TAMESIDE AND GLOSSOP",3151,5627.85,0,0
2023-02-01,04V,"NHS WEST LEICESTERSHIRE",3256,5999.43,0,0
2023-02-01,18C,"NHS HEREFORDSHIRE AND WORCESTERSHIRE",3275,6832.26,0,0
2023-02-01,06K,"NHS EAST AND NORTH HERTFORDSHIRE",3322,5820.08,0,0
2023-02-01,84H,"NHS COUNTY DURHAM",3423,6681.25,0,0
2023-02-01,15A,"NHS BERKSHIRE WEST",3435,6014.45,0,0
2023-02-01,11X,"NHS SOMERSET",3461,6040.49,0,0
2023-02-01,70F,"NHS WEST SUSSEX",3479,7556.97,0,0
2023-02-01,71E,"NHS LINCOLNSHIRE",3630,6597.54,0,0
2023-02-01,11N,"NHS CORNWALL AND THE ISLES OF SCILLY",3643,6928.64,0,0
2023-02-01,06T,"NHS NORTH EAST ESSEX",3743,6094.9,0,0
2023-02-01,01G,"NHS SALFORD",3921,6651.18,0,0
2023-02-01,15C,"NHS BRISTOL, NORTH SOMERSET AND SOUTH GLOUCESTERSHIRE",4030,8441.37,0,0
2023-02-01,06H,"NHS CAMBRIDGESHIRE AND PETERBOROUGH",4089,6949.15,0,0
2023-02-01,36J,"NHS BRADFORD DISTRICT AND CRAVEN",4199,7933.12,0,0
2023-02-01,92G,"NHS BATH AND NORTH EAST SOMERSET, SWINDON AND WILTSHIRE",4227,8117.04,0,0
2023-02-01,72Q,"NHS SOUTH EAST LONDON",4274,9314.13,0,0
2023-02-01,27D,"NHS CHESHIRE",4355,8072.83,0,0
2023-02-01,M2L0M,"NHS SHROPSHIRE, TELFORD AND WREKIN",4452,9894.45,0,0
2023-02-01,15N,"NHS DEVON",5308,10801.81,0,0
2023-02-01,16C,"NHS TEES VALLEY",5392,10228.47,0,0
2023-02-01,97R,"NHS EAST SUSSEX",5402,11148.7,0,0
2023-02-01,26A,"NHS NORFOLK AND WAVENEY",5625,10315.51,0,0
2023-02-01,15M,"NHS DERBY AND DERBYSHIRE",5955,11840.41,0,0
2023-02-01,92A,"NHS SURREY HEARTLANDS",6577,13726.73,0,0
2023-02-01,M1J4Y,"NHS BEDFORDSHIRE, LUTON AND MILTON KEYNES",6578,12139.98,0,0
2023-02-01,B2M3M,"NHS COVENTRY AND WARWICKSHIRE",7034,11907.79,0,0
2023-02-01,78H,"NHS NORTHAMPTONSHIRE",7214,11567.26,0,0
2023-02-01,14L,"NHS MANCHESTER",7515,13483.79,0,0
2023-02-01,52R,"NHS NOTTINGHAM AND NOTTINGHAMSHIRE",9607,17449.64,0,0
2023-02-01,D2P2L,"NHS BLACK COUNTRY",11389,21163.2,0,0
2023-02-01,91Q,"NHS KENT AND MEDWAY",14575,27590.87,0,0
2023-02-01,D9Y0V,"NHS HAMPSHIRE, SOUTHAMPTON AND ISLE OF WIGHT",16057,34359.94,0,0
2023-02-01,15E,"NHS BIRMINGHAM AND SOLIHULL",16294,30493.98,0,0
2023-03-01,09W,"NHS MEDWAY",0,0,0,0
2023-03-01,D4U1Y,"NHS FRIMLEY",44,71.2,0,0
2023-03-01,03Q,"NHS VALE OF YORK",254,554.26,0,0
2023-03-01,99C,"NHS NORTH TYNESIDE",386,877.93,0,0
2023-03-01,00Q,"NHS BLACKBURN WITH DARWEN",400,735.97,0,0
2023-03-01,02G,"NHS WEST LANCASHIRE",444,812.54,0,0
2023-03-01,03F,"NHS HULL",486,980.06,0,0
2023-03-01,02Q,"NHS BASSETLAW",490,842.74,0,0
2023-03-01,01A,"NHS EAST LANCASHIRE",547,941.35,0,0
2023-03-01,01E,"NHS GREATER PRESTON",574,1097.93,0,0
2023-03-01,00X,"NHS CHORLEY AND SOUTH RIBBLE",600,1103.04,0,0
2023-03-01,02Y,"NHS EAST RIDING OF YORKSHIRE",702,1382.59,0,0
2023-03-01,02M,"NHS FYLDE AND WYRE",751,1296.14,0,0
2023-03-01,07G,"NHS THURROCK",755,1279.47,0,0
2023-03-01,06L,"NHS IPSWICH AND EAST SUFFOLK",859,1507.04,0,0
2023-03-01,01F,"NHS HALTON",868,1567.39,0,0
2023-03-01,99G,"NHS SOUTHEND",902,1694.53,0,0
2023-03-01,03K,"NHS NORTH LINCOLNSHIRE",915,1548.93,0,0
2023-03-01,00R,"NHS BLACKPOOL",930,1600.41,0,0
2023-03-01,03H,"NHS NORTH EAST LINCOLNSHIRE",961,1849.8,0,0
2023-03-01,07K,"NHS WEST SUFFOLK",1005,1672.7,0,0
2023-03-01,03L,"NHS ROTHERHAM",1037,1950.02,0,0
2023-03-01,00N,"NHS SOUTH TYNESIDE",1049,1984.22,0,0
2023-03-01,01D,"NHS HEYWOOD, MIDDLETON AND ROCHDALE",1089,2058.72,0,0
2023-03-01,03R,"NHS WAKEFIELD",1093,2137.99,0,0
2023-03-01,02E,"NHS WARRINGTON",1132,2165.54,0,0
2023-03-01,02P,"NHS BARNSLEY",1162,2309.8,0,0
2023-03-01,01K,"NHS MORECAMBE BAY",1176,2268.45,0,0
2023-03-01,00L,"NHS NORTHUMBERLAND",1183,2516.13,0,0
2023-03-01,05D,"NHS EAST STAFFORDSHIRE",1207,2112.21,0,0
2023-03-01,U2G6B,"NHS THAMES VALLEY ICB - U2G6B",1217,2350.53,0,0
2023-03-01,99E,"NHS BASILDON AND BRENTWOOD",1222,2350.79,0,0
2023-03-01,10Q,"NHS OXFORDSHIRE",1244,2680.78,0,0
2023-03-01,01V,"NHS SOUTHPORT AND FORMBY",1284,2312.53,0,0
2023-03-01,05G,"NHS NORTH STAFFORDSHIRE",1298,2430.58,0,0
2023-03-01,42D,"NHS NORTH YORKSHIRE",1341,2706.4,0,0
2023-03-01,11M,"NHS GLOUCESTERSHIRE",1382,2744.66,0,0
2023-03-01,02A,"NHS TRAFFORD",1416,2669.59,0,0
2023-03-01,00Y,"NHS OLDHAM",1428,2541.03,0,0
2023-03-01,04Y,"NHS CANNOCK CHASE",1440,2782.77,0,0
2023-03-01,05V,"NHS STAFFORD AND SURROUNDS",1474,2653.92,0,0
2023-03-01,01J,"NHS KNOWSLEY",1490,2727.34,0,0
2023-03-01,15F,"NHS LEEDS",1712,3680.15,0,0
2023-03-01,99F,"NHS CASTLE POINT AND ROCHFORD",1750,3132.01,0,0
2023-03-01,13T,"NHS NEWCASTLE GATESHEAD",1787,3731.27,0,0
2023-03-01,02X,"NHS DONCASTER",1828,3184.32,0,0
2023-03-01,X2C4Y,"NHS KIRKLEES",1835,4098.25,0,0
2023-03-01,09D,"NHS BRIGHTON AND HOVE",1968,4580.8,0,0
2023-03-01,05W,"NHS STOKE ON TRENT",1999,3655.47,0,0
2023-03-01,02H,"NHS WIGAN BOROUGH",2029,3667.25,0,0
2023-03-01,02T,"NHS CALDERDALE",2054,3961.42,0,0
2023-03-01,01H,"NHS NORTH CUMBRIA",2115,4115.45,0,0
2023-03-01,14Y,"NHS BUCKINGHAMSHIRE",2121,3717.26,0,0
2023-03-01,07H,"NHS WEST ESSEX",2216,3775.75,0,0
2023-03-01,06N,"NHS HERTS VALLEYS",2392,4904.36,0,0
2023-03-01,06Q,"NHS MID ESSEX",2413,4038.06,0,0
2023-03-01,99A,"NHS LIVERPOOL",2421,4657.74,0,0
2023-03-01,01T,"NHS SOUTH SEFTON",2461,4506.6,0,0
2023-03-01,03W,"NHS EAST LEICESTERSHIRE AND RUTLAND",2474,4512.41,0,0
2023-03-01,10R,"NHS PORTSMOUTH",2483,5355.37,0,0
2023-03-01,36L,"NHS SOUTH WEST LONDON",2555,5316.91,0,0
2023-03-01,01X,"NHS ST HELENS",2783,4766.34,0,0
2023-03-01,01W,"NHS STOCKPORT",2876,5298.1,0,0
2023-03-01,W2U3Z,"NHS NORTH WEST LONDON",2896,6116.08,0,0
2023-03-01,04C,"NHS LEICESTER CITY",3006,5268.4,0,0
2023-03-01,00T,"NHS BOLTON",3037,5575.57,0,0
2023-03-01,03N,"NHS SHEFFIELD",3071,5647.07,0,0
2023-03-01,00V,"NHS BURY",3090,5148.68,0,0
2023-03-01,12F,"NHS WIRRAL",3114,5895.39,0,0
2023-03-01,05Q,"NHS SOUTH EAST STAFFORDSHIRE AND SEISDON PENINSULA",3121,6104.81,0,0
2023-03-01,11J,"NHS DORSET",3235,7044.48,0,0
2023-03-01,00P,"NHS SUNDERLAND",3300,6217.5,0,0
2023-03-01,93C,"NHS NORTH CENTRAL LONDON",3344,6309.09,0,0
2023-03-01,A3A8R,"NHS NORTH EAST LONDON",3373,6465.28,0,0
2023-03-01,18C,"NHS HEREFORDSHIRE AND WORCESTERSHIRE",3483,7231.49,0,0
2023-03-01,06K,"NHS EAST AND NORTH HERTFORDSHIRE",3488,6132.34,0,0
2023-03-01,04V,"NHS WEST LEICESTERSHIRE",3567,6521.29,0,0
2023-03-01,15A,"NHS BERKSHIRE WEST",3635,6420.37,0,0
2023-03-01,01Y,"NHS TAMESIDE AND GLOSSOP",3673,6534.67,0,0
2023-03-01,70F,"NHS WEST SUSSEX",3764,8224.69,0,0
2023-03-01,84H,"NHS COUNTY DURHAM",3785,7411.27,0,0
2023-03-01,11X,"NHS SOMERSET",3829,6676.26,0,0
2023-03-01,71E,"NHS LINCOLNSHIRE",4041,7284.36,0,0
2023-03-01,06T,"NHS NORTH EAST ESSEX",4087,6600.22,0,0
2023-03-01,11N,"NHS CORNWALL AND THE ISLES OF SCILLY",4126,7877.07,0,0
2023-03-01,15C,"NHS BRISTOL, NORTH SOMERSET AND SOUTH GLOUCESTERSHIRE",4176,8762.87,0,0
2023-03-01,01G,"NHS SALFORD",4209,7217.69,0,0
2023-03-01,M2L0M,"NHS SHROPSHIRE, TELFORD AND WREKIN",4270,9661.26,0,0
2023-03-01,06H,"NHS CAMBRIDGESHIRE AND PETERBOROUGH",4432,7490.27,0,0
2023-03-01,36J,"NHS BRADFORD DISTRICT AND CRAVEN",4461,8618.1,0,0
2023-03-01,92G,"NHS BATH AND NORTH EAST SOMERSET, SWINDON AND WILTSHIRE",4466,8743.33,0,0
2023-03-01,72Q,"NHS SOUTH EAST LONDON",4740,10149.16,0,0
2023-03-01,27D,"NHS CHESHIRE",4784,8883.74,0,0
2023-03-01,15N,"NHS DEVON",5707,11609.88,0,0
2023-03-01,97R,"NHS EAST SUSSEX",5913,12378.08,0,0
2023-03-01,16C,"NHS TEES VALLEY",5998,11319.91,0,0
2023-03-01,26A,"NHS NORFOLK AND WAVENEY",6224,11396.75,0,0
2023-03-01,15M,"NHS DERBY AND DERBYSHIRE",6626,13082.74,0,0
2023-03-01,M1J4Y,"NHS BEDFORDSHIRE, LUTON AND MILTON KEYNES",6938,12990.45,0,0
2023-03-01,92A,"NHS SURREY HEARTLANDS",7099,14714.19,0,0
2023-03-01,B2M3M,"NHS COVENTRY AND WARWICKSHIRE",7556,12798.99,0,0
2023-03-01,78H,"NHS NORTHAMPTONSHIRE",7926,12760.66,0,0
2023-03-01,14L,"NHS MANCHESTER",8454,15047.03,0,0
2023-03-01,52R,"NHS NOTTINGHAM AND NOTTINGHAMSHIRE",10716,19589.19,0,0
2023-03-01,D2P2L,"NHS BLACK COUNTRY",12204,22980.5,0,0
2023-03-01,91Q,"NHS KENT AND MEDWAY",16375,30927.46,0,0
2023-03-01,D9Y0V,"NHS HAMPSHIRE, SOUTHAMPTON AND ISLE OF WIGHT",17209,36706.21,0,0
2023-03-01,15E,"NHS BIRMINGHAM AND SOLIHULL",17546,32642.04,0,0
2023-04-01,09W,"NHS MEDWAY",0,0,0,0
2023-04-01,D4U1Y,"NHS FRIMLEY",52,82.42,0,0
2023-04-01,03Q,"NHS VALE OF YORK",244,526.71,0,0
2023-04-01,00Q,"NHS BLACKBURN WITH DARWEN",314,591.63,0,0
2023-04-01,99C,"NHS NORTH TYNESIDE",374,835.36,0,0
2023-04-01,02Q,"NHS BASSETLAW",390,689.03,0,0
2023-04-01,02G,"NHS WEST LANCASHIRE",407,754.95,0,0
2023-04-01,03F,"NHS HULL",454,919.21,0,0
2023-04-01,01A,"NHS EAST LANCASHIRE",485,862.92,0,0
2023-04-01,01E,"NHS GREATER PRESTON",517,994.77,0,0
2023-04-01,00X,"NHS CHORLEY AND SOUTH RIBBLE",540,989.93,0,0
2023-04-01,02M,"NHS FYLDE AND WYRE",633,1103.26,0,0
2023-04-01,07G,"NHS THURROCK",653,1109.45,0,0
2023-04-01,02Y,"NHS EAST RIDING OF YORKSHIRE",666,1356,0,0
2023-04-01,03H,"NHS NORTH EAST LINCOLNSHIRE",707,1382.07,0,0
2023-04-01,01F,"NHS HALTON",769,1436.55,0,0
2023-04-01,06L,"NHS IPSWICH AND EAST SUFFOLK",777,1348.08,0,0
2023-04-01,99G,"NHS SOUTHEND",788,1505.38,0,0
2023-04-01,03K,"NHS NORTH LINCOLNSHIRE",834,1395.07,0,0
2023-04-01,00R,"NHS BLACKPOOL",843,1460.66,0,0
2023-04-01,07K,"NHS WEST SUFFOLK",867,1470.69,0,0
2023-04-01,01D,"NHS HEYWOOD, MIDDLETON AND ROCHDALE",883,1696.18,0,0
2023-04-01,99E,"NHS BASILDON AND BRENTWOOD",927,1829.78,0,0
2023-04-01,03R,"NHS WAKEFIELD",939,1848.68,0,0
2023-04-01,02E,"NHS WARRINGTON",963,1833.62,0,0
2023-04-01,U2G6B,"NHS THAMES VALLEY ICB - U2G6B",995,1984.09,0,0
2023-04-01,03L,"NHS ROTHERHAM",998,1865.45,0,0
2023-04-01,01V,"NHS SOUTHPORT AND FORMBY",1011,1823.83,0,0
2023-04-01,01K,"NHS MORECAMBE BAY",1045,2032.65,0,0
2023-04-01,00L,"NHS NORTHUMBERLAND",1054,2280.01,0,0
2023-04-01,05D,"NHS EAST STAFFORDSHIRE",1055,1844,0,0
2023-04-01,02P,"NHS BARNSLEY",1097,2197.83,0,0
2023-04-01,10Q,"NHS OXFORDSHIRE",1159,2481.69,0,0
2023-04-01,05G,"NHS NORTH STAFFORDSHIRE",1171,2228.39,0,0
2023-04-01,42D,"NHS NORTH YORKSHIRE",1189,2365.4,0,0
2023-04-01,11M,"NHS GLOUCESTERSHIRE",1202,2445.03,0,0
2023-04-01,02A,"NHS TRAFFORD",1212,2296.5,0,0
2023-04-01,00Y,"NHS OLDHAM",1225,2153.78,0,0
2023-04-01,01J,"NHS KNOWSLEY",1262,2409.92,0,0
2023-04-01,04Y,"NHS CANNOCK CHASE",1264,2435.62,0,0
2023-04-01,05V,"NHS STAFFORD AND SURROUNDS",1283,2357.47,0,0
2023-04-01,99F,"NHS CASTLE POINT AND ROCHFORD",1488,2710.01,0,0
2023-04-01,00N,"NHS SOUTH TYNESIDE",1497,2847.68,0,0
2023-04-01,15F,"NHS LEEDS",1516,3231.19,0,0
2023-04-01,X2C4Y,"NHS KIRKLEES",1556,3486.46,0,0
2023-04-01,13T,"NHS NEWCASTLE GATESHEAD",1628,3422.38,0,0
2023-04-01,02X,"NHS DONCASTER",1640,2895.74,0,0
2023-04-01,05W,"NHS STOKE ON TRENT",1748,3141.71,0,0
2023-04-01,09D,"NHS BRIGHTON AND HOVE",1785,4190.85,0,0
2023-04-01,02T,"NHS CALDERDALE",1811,3526.43,0,0
2023-04-01,14Y,"NHS BUCKINGHAMSHIRE",1830,3196.32,0,0
2023-04-01,02H,"NHS WIGAN BOROUGH",1857,3401.96,0,0
2023-04-01,01H,"NHS NORTH CUMBRIA",1988,3906.89,0,0
2023-04-01,06N,"NHS HERTS VALLEYS",2004,4052.3,0,0
2023-04-01,07H,"NHS WEST ESSEX",2052,3513.41,0,0
2023-04-01,01T,"NHS SOUTH SEFTON",2075,3809.8,0,0
2023-04-01,06Q,"NHS MID ESSEX",2130,3605.44,0,0
2023-04-01,03W,"NHS EAST LEICESTERSHIRE AND RUTLAND",2131,3919.19,0,0
2023-04-01,10R,"NHS PORTSMOUTH",2163,4640.72,0,0
2023-04-01,99A,"NHS LIVERPOOL",2221,4243.13,0,0
2023-04-01,01W,"NHS STOCKPORT",2313,4298.24,0,0
2023-04-01,36L,"NHS SOUTH WEST LONDON",2386,4932.28,0,0
2023-04-01,01X,"NHS ST HELENS",2406,4145.73,0,0
2023-04-01,04C,"NHS LEICESTER CITY",2564,4560.61,0,0
2023-04-01,05Q,"NHS SOUTH EAST STAFFORDSHIRE AND SEISDON PENINSULA",2566,5043.76,0,0
2023-04-01,W2U3Z,"NHS NORTH WEST LONDON",2612,5419.16,0,0
2023-04-01,03N,"NHS SHEFFIELD",2649,4972.39,0,0
2023-04-01,12F,"NHS WIRRAL",2752,5263.78,0,0
2023-04-01,00V,"NHS BURY",2755,4542.45,0,0
2023-04-01,00T,"NHS BOLTON",2823,5180.85,0,0
2023-04-01,00P,"NHS SUNDERLAND",2887,5544.16,0,0
2023-04-01,M2L0M,"NHS SHROPSHIRE, TELFORD AND WREKIN",2914,6459.48,0,0
2023-04-01,93C,"NHS NORTH CENTRAL LONDON",2941,5600.26,0,0
2023-04-01,11J,"NHS DORSET",2970,6496.89,0,0
2023-04-01,18C,"NHS HEREFORDSHIRE AND WORCESTERSHIRE",3008,6311.65,0,0
2023-04-01,A3A8R,"NHS NORTH EAST LONDON",3017,5810.39,0,0
2023-04-01,01Y,"NHS TAMESIDE AND GLOSSOP",3108,5605,0,0
2023-04-01,06K,"NHS EAST AND NORTH HERTFORDSHIRE",3203,5585.95,0,0
2023-04-01,04V,"NHS WEST LEICESTERSHIRE",3233,5975.59,0,0
2023-04-01,84H,"NHS COUNTY DURHAM",3261,6492.43,0,0
2023-04-01,11X,"NHS SOMERSET",3293,5780.05,0,0
2023-04-01,15A,"NHS BERKSHIRE WEST",3347,5930.65,0,0
2023-04-01,70F,"NHS WEST SUSSEX",3477,7563.53,0,0
2023-04-01,71E,"NHS LINCOLNSHIRE",3572,6561.45,0,0
2023-04-01,06T,"NHS NORTH EAST ESSEX",3591,5820.51,0,0
2023-04-01,15C,"NHS BRISTOL, NORTH SOMERSET AND SOUTH GLOUCESTERSHIRE",3620,7731.19,0,0
2023-04-01,01G,"NHS SALFORD",3678,6322.91,0,0
2023-04-01,11N,"NHS CORNWALL AND THE ISLES OF SCILLY",3694,6997.29,0,0
2023-04-01,36J,"NHS BRADFORD DISTRICT AND CRAVEN",3716,7655.05,0,0
2023-04-01,06H,"NHS CAMBRIDGESHIRE AND PETERBOROUGH",3909,6590.52,0,0
2023-04-01,92G,"NHS BATH AND NORTH EAST SOMERSET, SWINDON AND WILTSHIRE",4052,7935.71,0,0
2023-04-01,27D,"NHS CHESHIRE",4236,7919.13,0,0
2023-04-01,72Q,"NHS SOUTH EAST LONDON",4366,9445.49,0,0
2023-04-01,97R,"NHS EAST SUSSEX",4914,10407.48,0,0
2023-04-01,15N,"NHS DEVON",4934,10160.65,0,0
2023-04-01,16C,"NHS TEES VALLEY",5403,10363.42,0,0
2023-04-01,26A,"NHS NORFOLK AND WAVENEY",5625,10368.94,0,0
2023-04-01,15M,"NHS DERBY AND DERBYSHIRE",5773,11415.31,0,0
2023-04-01,M1J4Y,"NHS BEDFORDSHIRE, LUTON AND MILTON KEYNES",5966,11192.65,0,0
2023-04-01,92A,"NHS SURREY HEARTLANDS",6130,12798.33,0,0
2023-04-01,B2M3M,"NHS COVENTRY AND WARWICKSHIRE",6351,10900.09,0,0
2023-04-01,78H,"NHS NORTHAMPTONSHIRE",6921,11138.15,0,0
2023-04-01,14L,"NHS MANCHESTER",7210,12954.71,0,0
2023-04-01,52R,"NHS NOTTINGHAM AND NOTTINGHAMSHIRE",8974,16334.4,0,0
2023-04-01,D2P2L,"NHS BLACK COUNTRY",10291,19144.21,0,0
2023-04-01,91Q,"NHS KENT AND MEDWAY",14075,26772.43,0,0
2023-04-01,15E,"NHS BIRMINGHAM AND SOLIHULL",14856,27822.26,0,0
2023-04-01,D9Y0V,"NHS HAMPSHIRE, SOUTHAMPTON AND ISLE OF WIGHT",14977,32058.88,0,0
2023-05-01,09W,"NHS MEDWAY",0,0,0,0
2023-05-01,D4U1Y,"NHS FRIMLEY",52,77.35,0,0
2023-05-01,03Q,"NHS VALE OF YORK",253,554.37,0,0
2023-05-01,02Q,"NHS BASSETLAW",334,598.04,0,0
2023-05-01,00Q,"NHS BLACKBURN WITH DARWEN",387,721.8,0,0
2023-05-01,99C,"NHS NORTH TYNESIDE",392,853.45,0,0
2023-05-01,02G,"NHS WEST LANCASHIRE",457,839.99,0,0
2023-05-01,03F,"NHS HULL",466,965.62,0,0
2023-05-01,01A,"NHS EAST LANCASHIRE",524,923.8,0,0
2023-05-01,00X,"NHS CHORLEY AND SOUTH RIBBLE",556,1018.78,0,0
2023-05-01,01E,"NHS GREATER PRESTON",556,1048.71,0,0
2023-05-01,07G,"NHS THURROCK",668,1134.47,0,0
2023-05-01,02M,"NHS FYLDE AND WYRE",679,1172.84,0,0
2023-05-01,02Y,"NHS EAST RIDING OF YORKSHIRE",716,1397.5,0,0
2023-05-01,03H,"NHS NORTH EAST LINCOLNSHIRE",744,1457.39,0,0
2023-05-01,06L,"NHS IPSWICH AND EAST SUFFOLK",815,1441.05,0,0
2023-05-01,01F,"NHS HALTON",829,1490.7,0,0
2023-05-01,07K,"NHS WEST SUFFOLK",847,1425.04,0,0
2023-05-01,99G,"NHS SOUTHEND",869,1652.4,0,0
2023-05-01,00R,"NHS BLACKPOOL",879,1536.55,0,0
2023-05-01,03K,"NHS NORTH LINCOLNSHIRE",915,1541.94,0,0
2023-05-01,01D,"NHS HEYWOOD, MIDDLETON AND ROCHDALE",978,1830.79,0,0
2023-05-01,01K,"NHS MORECAMBE BAY",1023,1954.47,0,0
2023-05-01,03R,"NHS WAKEFIELD",1034,2007.89,0,0
2023-05-01,03L,"NHS ROTHERHAM",1037,1950.96,0,0
2023-05-01,02E,"NHS WARRINGTON",1052,2003.72,0,0
2023-05-01,99E,"NHS BASILDON AND BRENTWOOD",1077,2086.04,0,0
2023-05-01,05D,"NHS EAST STAFFORDSHIRE",1096,1904.44,0,0
2023-05-01,01V,"NHS SOUTHPORT AND FORMBY",1103,2078,0,0
2023-05-01,00L,"NHS NORTHUMBERLAND",1105,2371.49,0,0
2023-05-01,02P,"NHS BARNSLEY",1127,2287.41,0,0
2023-05-01,U2G6B,"NHS THAMES VALLEY ICB - U2G6B",1171,2318.74,0,0
2023-05-01,10Q,"NHS OXFORDSHIRE",1239,2665.99,0,0
2023-05-01,00Y,"NHS OLDHAM",1245,2180.42,0,0
2023-05-01,05G,"NHS NORTH STAFFORDSHIRE",1255,2349.17,0,0
2023-05-01,04Y,"NHS CANNOCK CHASE",1297,2522.19,0,0
2023-05-01,11M,"NHS GLOUCESTERSHIRE",1306,2649.28,0,0
2023-05-01,42D,"NHS NORTH YORKSHIRE",1339,2689.23,0,0
2023-05-01,02A,"NHS TRAFFORD",1355,2549.39,0,0
2023-05-01,05V,"NHS STAFFORD AND SURROUNDS",1379,2563.29,0,0
2023-05-01,01J,"NHS KNOWSLEY",1392,2550.83,0,0
2023-05-01,15F,"NHS LEEDS",1572,3337.69,0,0
2023-05-01,99F,"NHS CASTLE POINT AND ROCHFORD",1623,2897.22,0,0
2023-05-01,02X,"NHS DONCASTER",1665,2961.51,0,0
2023-05-01,13T,"NHS NEWCASTLE GATESHEAD",1701,3541.13,0,0
2023-05-01,X2C4Y,"NHS KIRKLEES",1703,3857.4,0,0
2023-05-01,00N,"NHS SOUTH TYNESIDE",1737,3310.64,0,0
2023-05-01,05W,"NHS STOKE ON TRENT",1817,3267.61,0,0
2023-05-01,09D,"NHS BRIGHTON AND HOVE",1923,4517.25,0,0
2023-05-01,02H,"NHS WIGAN BOROUGH",1944,3522.06,0,0
2023-05-01,02T,"NHS CALDERDALE",1965,3898.44,0,0
2023-05-01,14Y,"NHS BUCKINGHAMSHIRE",1997,3518.13,0,0
2023-05-01,07H,"NHS WEST ESSEX",2003,3446.39,0,0
2023-05-01,01H,"NHS NORTH CUMBRIA",2017,3971.69,0,0
2023-05-01,01T,"NHS SOUTH SEFTON",2139,3958.9,0,0
2023-05-01,06N,"NHS HERTS VALLEYS",2146,4367.56,0,0
2023-05-01,06Q,"NHS MID ESSEX",2192,3672.4,0,0
2023-05-01,99A,"NHS LIVERPOOL",2234,4264.63,0,0
2023-05-01,10R,"NHS PORTSMOUTH",2262,4828.33,0,0
2023-05-01,03W,"NHS EAST LEICESTERSHIRE AND RUTLAND",2287,4181.42,0,0
2023-05-01,01W,"NHS STOCKPORT",2333,4521.24,0,0
2023-05-01,36L,"NHS SOUTH WEST LONDON",2501,5177.75,0,0
2023-05-01,01X,"NHS ST HELENS",2583,4470,0,0
2023-05-01,W2U3Z,"NHS NORTH WEST LONDON",2688,5663.81,0,0
2023-05-01,M2L0M,"NHS SHROPSHIRE, TELFORD AND WREKIN",2762,6186.87,0,0
2023-05-01,03N,"NHS SHEFFIELD",2771,5118.41,0,0
2023-05-01,12F,"NHS WIRRAL",2785,5288,0,0
2023-05-01,00V,"NHS BURY",2794,4747.22,0,0
2023-05-01,04C,"NHS LEICESTER CITY",2794,4964.77,0,0
2023-05-01,05Q,"NHS SOUTH EAST STAFFORDSHIRE AND SEISDON PENINSULA",2796,5492.42,0,0
2023-05-01,93C,"NHS NORTH CENTRAL LONDON",2988,5805.6,0,0
2023-05-01,00T,"NHS BOLTON",2991,5514.73,0,0
2023-05-01,11J,"NHS DORSET",3008,6552.86,0,0
2023-05-01,00P,"NHS SUNDERLAND",3021,5635.66,0,0
2023-05-01,18C,"NHS HEREFORDSHIRE AND WORCESTERSHIRE",3100,6495.79,0,0
2023-05-01,A3A8R,"NHS NORTH EAST LONDON",3158,6093.47,0,0
2023-05-01,06K,"NHS EAST AND NORTH HERTFORDSHIRE",3246,5694.72,0,0
2023-05-01,01Y,"NHS TAMESIDE AND GLOSSOP",3265,5885.5,0,0
2023-05-01,04V,"NHS WEST LEICESTERSHIRE",3359,6167.46,0,0
2023-05-01,11X,"NHS SOMERSET",3421,6018.6,0,0
2023-05-01,15A,"NHS BERKSHIRE WEST",3465,6116.46,0,0
2023-05-01,84H,"NHS COUNTY DURHAM",3506,6966.14,0,0
2023-05-01,06T,"NHS NORTH EAST ESSEX",3631,5920.19,0,0
2023-05-01,15C,"NHS BRISTOL, NORTH SOMERSET AND SOUTH GLOUCESTERSHIRE",3672,7749.51,0,0
2023-05-01,70F,"NHS WEST SUSSEX",3686,8001.14,0,0
2023-05-01,11N,"NHS CORNWALL AND THE ISLES OF SCILLY",3833,7275.81,0,0
2023-05-01,01G,"NHS SALFORD",3890,6760.93,0,0
2023-05-01,71E,"NHS LINCOLNSHIRE",3930,7185.01,0,0
2023-05-01,06H,"NHS CAMBRIDGESHIRE AND PETERBOROUGH",4096,6933.57,0,0
2023-05-01,36J,"NHS BRADFORD DISTRICT AND CRAVEN",4188,8269.31,0,0
2023-05-01,92G,"NHS BATH AND NORTH EAST SOMERSET, SWINDON AND WILTSHIRE",4298,8379.17,0,0
2023-05-01,27D,"NHS CHESHIRE",4393,8166.18,0,0
2023-05-01,72Q,"NHS SOUTH EAST LONDON",4537,9866.77,0,0
2023-05-01,97R,"NHS EAST SUSSEX",5219,10961.37,0,0
2023-05-01,15N,"NHS DEVON",5329,10949.04,0,0
2023-05-01,16C,"NHS TEES VALLEY",5660,10763.46,0,0
2023-05-01,26A,"NHS NORFOLK AND WAVENEY",5823,10692.71,0,0
2023-05-01,15M,"NHS DERBY AND DERBYSHIRE",6378,12711.84,0,0
2023-05-01,M1J4Y,"NHS BEDFORDSHIRE, LUTON AND MILTON KEYNES",6435,12124.48,0,0
2023-05-01,92A,"NHS SURREY HEARTLANDS",6722,13910.68,0,0
2023-05-01,B2M3M,"NHS COVENTRY AND WARWICKSHIRE",6895,11879.47,0,0
2023-05-01,78H,"NHS NORTHAMPTONSHIRE",7160,11561.84,0,0
2023-05-01,14L,"NHS MANCHESTER",7899,14149.12,0,0
2023-05-01,52R,"NHS NOTTINGHAM AND NOTTINGHAMSHIRE",9598,17580.88,0,0
2023-05-01,D2P2L,"NHS BLACK COUNTRY",11580,21871.34,0,0
2023-05-01,91Q,"NHS KENT AND MEDWAY",14552,27814.42,0,0
2023-05-01,D9Y0V,"NHS HAMPSHIRE, SOUTHAMPTON AND ISLE OF WIGHT",15893,33924.96,0,0
2023-05-01,15E,"NHS BIRMINGHAM AND SOLIHULL",16198,30424.79,0,0
2023-06-01,09W,"NHS MEDWAY",0,0,0,0
2023-06-01,D4U1Y,"NHS FRIMLEY",90,132.76,0,0
2023-06-01,03Q,"NHS VALE OF YORK",299,623.68,0,0
2023-06-01,02Q,"NHS BASSETLAW",360,647.57,0,0
2023-06-01,00Q,"NHS BLACKBURN WITH DARWEN",385,704.54,0,0
2023-06-01,99C,"NHS NORTH TYNESIDE",412,937.3,0,0
2023-06-01,02G,"NHS WEST LANCASHIRE",469,863,0,0
2023-06-01,03F,"NHS HULL",470,953.44,0,0
2023-06-01,01E,"NHS GREATER PRESTON",527,994.62,0,0
2023-06-01,01A,"NHS EAST LANCASHIRE",581,1032.93,0,0
2023-06-01,00X,"NHS CHORLEY AND SOUTH RIBBLE",583,1058.53,0,0
2023-06-01,02Y,"NHS EAST RIDING OF YORKSHIRE",684,1367.22,0,0
2023-06-01,02M,"NHS FYLDE AND WYRE",685,1171.2,0,0
2023-06-01,07G,"NHS THURROCK",691,1272.44,0,0
2023-06-01,03H,"NHS NORTH EAST LINCOLNSHIRE",798,1545.54,0,0
2023-06-01,06L,"NHS IPSWICH AND EAST SUFFOLK",841,1454.2,0,0
2023-06-01,01F,"NHS HALTON",896,1660.48,0,0
2023-06-01,03K,"NHS NORTH LINCOLNSHIRE",907,1529.16,0,0
2023-06-01,99G,"NHS SOUTHEND",909,1716.94,0,0
2023-06-01,00R,"NHS BLACKPOOL",928,1612.36,0,0
2023-06-01,07K,"NHS WEST SUFFOLK",937,1581.42,0,0
2023-06-01,02E,"NHS WARRINGTON",1008,1890.95,0,0
2023-06-01,01D,"NHS HEYWOOD, MIDDLETON AND ROCHDALE",1029,1969.52,0,0
2023-06-01,03L,"NHS ROTHERHAM",1062,1961.61,0,0
2023-06-01,01K,"NHS MORECAMBE BAY",1064,2067.99,0,0
2023-06-01,03R,"NHS WAKEFIELD",1092,2162.89,0,0
2023-06-01,01V,"NHS SOUTHPORT AND FORMBY",1098,2016.45,0,0
2023-06-01,05D,"NHS EAST STAFFORDSHIRE",1102,1941.34,0,0
2023-06-01,99E,"NHS BASILDON AND BRENTWOOD",1139,2200.44,0,0
2023-06-01,00L,"NHS NORTHUMBERLAND",1157,2459.82,0,0
2023-06-01,02P,"NHS BARNSLEY",1196,2394.97,0,0
2023-06-01,U2G6B,"NHS THAMES VALLEY ICB - U2G6B",1203,2384.58,0,0
2023-06-01,00Y,"NHS OLDHAM",1277,2269.75,0,0
2023-06-01,05G,"NHS NORTH STAFFORDSHIRE",1324,2513.98,0,0
2023-06-01,11M,"NHS GLOUCESTERSHIRE",1324,2561.15,0,0
2023-06-01,42D,"NHS NORTH YORKSHIRE",1332,2623.14,0,0
2023-06-01,10Q,"NHS OXFORDSHIRE",1337,2895.72,0,0
2023-06-01,02A,"NHS TRAFFORD",1342,2521.09,0,0
2023-06-01,04Y,"NHS CANNOCK CHASE",1362,2624.42,0,0
2023-06-01,05V,"NHS STAFFORD AND SURROUNDS",1395,2547.27,0,0
2023-06-01,01J,"NHS KNOWSLEY",1410,2598.69,0,0
2023-06-01,15F,"NHS LEEDS",1598,3402.05,0,0
2023-06-01,99F,"NHS CASTLE POINT AND ROCHFORD",1662,2994.43,0,0
2023-06-01,X2C4Y,"NHS KIRKLEES",1703,3867.26,0,0
2023-06-01,02X,"NHS DONCASTER",1717,3021.74,0,0
2023-06-01,13T,"NHS NEWCASTLE GATESHEAD",1750,3707.38,0,0
2023-06-01,05W,"NHS STOKE ON TRENT",1809,3251.03,0,0
2023-06-01,00N,"NHS SOUTH TYNESIDE",1812,3469.52,0,0
2023-06-01,09D,"NHS BRIGHTON AND HOVE",1906,4469.42,0,0
2023-06-01,02T,"NHS CALDERDALE",1962,3840.94,0,0
2023-06-01,02H,"NHS WIGAN BOROUGH",1969,3548.05,0,0
2023-06-01,14Y,"NHS BUCKINGHAMSHIRE",2066,3623.16,0,0
2023-06-01,07H,"NHS WEST ESSEX",2129,3635.94,0,0
2023-06-01,01H,"NHS NORTH CUMBRIA",2133,4455.33,0,0
2023-06-01,01T,"NHS SOUTH SEFTON",2141,3949.05,0,0
2023-06-01,06N,"NHS HERTS VALLEYS",2235,4521.79,0,0
2023-06-01,06Q,"NHS MID ESSEX",2236,3789.48,0,0
2023-06-01,99A,"NHS LIVERPOOL",2328,4490.52,0,0
2023-06-01,03W,"NHS EAST LEICESTERSHIRE AND RUTLAND",2397,4344.59,0,0
2023-06-01,10R,"NHS PORTSMOUTH",2398,5119.13,0,0
2023-06-01,01W,"NHS STOCKPORT",2422,4494.17,0,0
2023-06-01,36L,"NHS SOUTH WEST LONDON",2557,5330.83,0,0
2023-06-01,M2L0M,"NHS SHROPSHIRE, TELFORD AND WREKIN",2613,5762.78,0,0
2023-06-01,01X,"NHS ST HELENS",2659,4590.36,0,0
2023-06-01,03N,"NHS SHEFFIELD",2861,5262.96,0,0
2023-06-01,00V,"NHS BURY",2864,4793.49,0,0
2023-06-01,W2U3Z,"NHS NORTH WEST LONDON",2866,5996.99,0,0
2023-06-01,12F,"NHS WIRRAL",2880,5463.73,0,0
2023-06-01,05Q,"NHS SOUTH EAST STAFFORDSHIRE AND SEISDON PENINSULA",2922,5725.02,0,0
2023-06-01,04C,"NHS LEICESTER CITY",2946,5205.97,0,0
2023-06-01,00T,"NHS BOLTON",2964,5379.04,0,0
2023-06-01,11J,"NHS DORSET",3111,6751.53,0,0
2023-06-01,00P,"NHS SUNDERLAND",3194,6516.04,0,0
2023-06-01,93C,"NHS NORTH CENTRAL LONDON",3228,6091.9,0,0
2023-06-01,A3A8R,"NHS NORTH EAST LONDON",3298,6387.19,0,0
2023-06-01,18C,"NHS HEREFORDSHIRE AND WORCESTERSHIRE",3346,6985.46,0,0
2023-06-01,06K,"NHS EAST AND NORTH HERTFORDSHIRE",3381,5965.94,0,0
2023-06-01,01Y,"NHS TAMESIDE AND GLOSSOP",3444,6164.07,0,0
2023-06-01,11X,"NHS SOMERSET",3461,6045.35,0,0
2023-06-01,04V,"NHS WEST LEICESTERSHIRE",3536,6521.17,0,0
2023-06-01,15A,"NHS BERKSHIRE WEST",3594,6392.98,0,0
2023-06-01,84H,"NHS COUNTY DURHAM",3635,7147.83,0,0
2023-06-01,06T,"NHS NORTH EAST ESSEX",3762,6125.4,0,0
2023-06-01,70F,"NHS WEST SUSSEX",3789,8190.73,0,0
2023-06-01,11N,"NHS CORNWALL AND THE ISLES OF SCILLY",3805,7278.27,0,0
2023-06-01,15C,"NHS BRISTOL, NORTH SOMERSET AND SOUTH GLOUCESTERSHIRE",3826,8088.44,0,0
2023-06-01,71E,"NHS LINCOLNSHIRE",3893,7077.21,0,0
2023-06-01,01G,"NHS SALFORD",3912,6764.98,0,0
2023-06-01,36J,"NHS BRADFORD DISTRICT AND CRAVEN",4158,8117.06,0,0
2023-06-01,06H,"NHS CAMBRIDGESHIRE AND PETERBOROUGH",4273,7227.2,0,0
2023-06-01,92G,"NHS BATH AND NORTH EAST SOMERSET, SWINDON AND WILTSHIRE",4484,8675.56,0,0
2023-06-01,27D,"NHS CHESHIRE",4560,8571.37,0,0
2023-06-01,72Q,"NHS SOUTH EAST LONDON",4755,10267.14,0,0
2023-06-01,97R,"NHS EAST SUSSEX",5177,10866.09,0,0
2023-06-01,15N,"NHS DEVON",5351,10991.25,0,0
2023-06-01,16C,"NHS TEES VALLEY",5799,11067.29,0,0
2023-06-01,26A,"NHS NORFOLK AND WAVENEY",5967,10971.88,0,0
2023-06-01,15M,"NHS DERBY AND DERBYSHIRE",6521,12945.05,0,0
2023-06-01,M1J4Y,"NHS BEDFORDSHIRE, LUTON AND MILTON KEYNES",6687,12561.52,0,0
2023-06-01,92A,"NHS SURREY HEARTLANDS",6759,14119.32,0,0
2023-06-01,B2M3M,"NHS COVENTRY AND WARWICKSHIRE",7271,12461.53,0,0
2023-06-01,78H,"NHS NORTHAMPTONSHIRE",7462,12032.11,0,0
2023-06-01,14L,"NHS MANCHESTER",7928,14194.61,0,0
2023-06-01,52R,"NHS NOTTINGHAM AND NOTTINGHAMSHIRE",10009,18340.87,0,0
2023-06-01,D2P2L,"NHS BLACK COUNTRY",11410,21322.81,0,0
2023-06-01,91Q,"NHS KENT AND MEDWAY",14094,27181.4,0,0
2023-06-01,D9Y0V,"NHS HAMPSHIRE, SOUTHAMPTON AND ISLE OF WIGHT",16366,35129.69,0,0
2023-06-01,15E,"NHS BIRMINGHAM AND SOLIHULL",16659,31416.72,0,0
2023-07-01,09W,"NHS MEDWAY",0,0,0,0
2023-07-01,D4U1Y,"NHS FRIMLEY",45,65.18,0,0
2023-07-01,03Q,"NHS VALE OF YORK",263,561.84,0,0
2023-07-01,02Q,"NHS BASSETLAW",288,508.99,0,0
2023-07-01,00Q,"NHS BLACKBURN WITH DARWEN",345,625.41,0,0
2023-07-01,02G,"NHS WEST LANCASHIRE",416,757.38,0,0
2023-07-01,99C,"NHS NORTH TYNESIDE",421,926.92,0,0
2023-07-01,03F,"NHS HULL",452,917.61,0,0
2023-07-01,01E,"NHS GREATER PRESTON",526,988.42,0,0
2023-07-01,00X,"NHS CHORLEY AND SOUTH RIBBLE",528,956.52,0,0
2023-07-01,01A,"NHS EAST LANCASHIRE",532,957.88,0,0
2023-07-01,07G,"NHS THURROCK",653,1176.72,0,0
2023-07-01,02M,"NHS FYLDE AND WYRE",658,1128.19,0,0
2023-07-01,02Y,"NHS EAST RIDING OF YORKSHIRE",696,1367.86,0,0
2023-07-01,03H,"NHS NORTH EAST LINCOLNSHIRE",723,1421.56,0,0
2023-07-01,06L,"NHS IPSWICH AND EAST SUFFOLK",810,1418.31,0,0
2023-07-01,01F,"NHS HALTON",827,1484.01,0,0
2023-07-01,07K,"NHS WEST SUFFOLK",833,1379.96,0,0
2023-07-01,99G,"NHS SOUTHEND",880,1635.44,0,0
2023-07-01,00R,"NHS BLACKPOOL",901,1543.88,0,0
2023-07-01,03K,"NHS NORTH LINCOLNSHIRE",906,1521.88,0,0
2023-07-01,01K,"NHS MORECAMBE BAY",956,1841.5,0,0
2023-07-01,99E,"NHS BASILDON AND BRENTWOOD",991,1846.41,0,0
2023-07-01,02E,"NHS WARRINGTON",995,1859.69,0,0
2023-07-01,01D,"NHS HEYWOOD, MIDDLETON AND ROCHDALE",1011,1916.53,0,0
2023-07-01,03R,"NHS WAKEFIELD",1041,2043.42,0,0
2023-07-01,03L,"NHS ROTHERHAM",1042,1949.69,0,0
2023-07-01,05D,"NHS EAST STAFFORDSHIRE",1051,1852.94,0,0
2023-07-01,01V,"NHS SOUTHPORT AND FORMBY",1060,1927.62,0,0
2023-07-01,02P,"NHS BARNSLEY",1139,2246.27,0,0
2023-07-01,00L,"NHS NORTHUMBERLAND",1145,2469.76,0,0
2023-07-01,05V,"NHS STAFFORD AND SURROUNDS",1168,2114.48,0,0
2023-07-01,11M,"NHS GLOUCESTERSHIRE",1204,2390.64,0,0
2023-07-01,00Y,"NHS OLDHAM",1245,2174.98,0,0
2023-07-01,U2G6B,"NHS THAMES VALLEY ICB - U2G6B",1276,2582.6,0,0
2023-07-01,10Q,"NHS OXFORDSHIRE",1277,2752.58,0,0
2023-07-01,04Y,"NHS CANNOCK CHASE",1285,2450.48,0,0
2023-07-01,02A,"NHS TRAFFORD",1296,2459.89,0,0
2023-07-01,05G,"NHS NORTH STAFFORDSHIRE",1305,2439.11,0,0
2023-07-01,42D,"NHS NORTH YORKSHIRE",1344,2634.06,0,0
2023-07-01,01J,"NHS KNOWSLEY",1388,2520.23,0,0
2023-07-01,99F,"NHS CASTLE POINT AND ROCHFORD",1501,2639.59,0,0
2023-07-01,15F,"NHS LEEDS",1550,3257.77,0,0
2023-07-01,02X,"NHS DONCASTER",1611,2841.57,0,0
2023-07-01,05W,"NHS STOKE ON TRENT",1652,2958.06,0,0
2023-07-01,13T,"NHS NEWCASTLE GATESHEAD",1664,3484.01,0,0
2023-07-01,X2C4Y,"NHS KIRKLEES",1666,3753.8,0,0
2023-07-01,00N,"NHS SOUTH TYNESIDE",1696,3239.21,0,0
2023-07-01,09D,"NHS BRIGHTON AND HOVE",1727,4043.53,0,0
2023-07-01,02T,"NHS CALDERDALE",1814,3559.17,0,0
2023-07-01,02H,"NHS WIGAN BOROUGH",1922,3494.31,0,0
2023-07-01,07H,"NHS WEST ESSEX",1926,3318.24,0,0
2023-07-01,14Y,"NHS BUCKINGHAMSHIRE",1950,3449.72,0,0
2023-07-01,01H,"NHS NORTH CUMBRIA",1998,3886.12,0,0
2023-07-01,06N,"NHS HERTS VALLEYS",2041,4246.66,0,0
2023-07-01,01T,"NHS SOUTH SEFTON",2113,3899.74,0,0
2023-07-01,10R,"NHS PORTSMOUTH",2160,4553.81,0,0
2023-07-01,06Q,"NHS MID ESSEX",2173,3821.47,0,0
2023-07-01,03W,"NHS EAST LEICESTERSHIRE AND RUTLAND",2174,3961.72,0,0
2023-07-01,01W,"NHS STOCKPORT",2224,4172.7,0,0
2023-07-01,99A,"NHS LIVERPOOL",2267,4360.14,0,0
2023-07-01,36L,"NHS SOUTH WEST LONDON",2316,4807.86,0,0
2023-07-01,M2L0M,"NHS SHROPSHIRE, TELFORD AND WREKIN",2477,5580.44,0,0
2023-07-01,01X,"NHS ST HELENS",2503,4330.28,0,0
2023-07-01,05Q,"NHS SOUTH EAST STAFFORDSHIRE AND SEISDON PENINSULA",2586,5047.17,0,0
2023-07-01,00V,"NHS BURY",2610,4277.14,0,0
2023-07-01,04C,"NHS LEICESTER CITY",2672,4686.01,0,0
2023-07-01,03N,"NHS SHEFFIELD",2727,5018.31,0,0
2023-07-01,W2U3Z,"NHS NORTH WEST LONDON",2730,5750.56,0,0
2023-07-01,12F,"NHS WIRRAL",2813,5343.29,0,0
2023-07-01,00P,"NHS SUNDERLAND",2860,5371.77,0,0
2023-07-01,00T,"NHS BOLTON",2865,5192.32,0,0
2023-07-01,11J,"NHS DORSET",2955,6455.32,0,0
2023-07-01,A3A8R,"NHS NORTH EAST LONDON",3005,5755.71,0,0
2023-07-01,18C,"NHS HEREFORDSHIRE AND WORCESTERSHIRE",3061,6344.93,0,0
2023-07-01,93C,"NHS NORTH CENTRAL LONDON",3070,5797.04,0,0
2023-07-01,11X,"NHS SOMERSET",3084,5318.74,0,0
2023-07-01,04V,"NHS WEST LEICESTERSHIRE",3154,5783.03,0,0
2023-07-01,06K,"NHS EAST AND NORTH HERTFORDSHIRE",3154,5542.28,0,0
2023-07-01,15A,"NHS BERKSHIRE WEST",3271,5768.24,0,0
2023-07-01,01Y,"NHS TAMESIDE AND GLOSSOP",3290,5923.6,0,0
2023-07-01,84H,"NHS COUNTY DURHAM",3300,6469.65,0,0
2023-07-01,15C,"NHS BRISTOL, NORTH SOMERSET AND SOUTH GLOUCESTERSHIRE",3498,7385.29,0,0
2023-07-01,70F,"NHS WEST SUSSEX",3564,7774.78,0,0
2023-07-01,06T,"NHS NORTH EAST ESSEX",3565,5787.19,0,0
2023-07-01,01G,"NHS SALFORD",3614,6174.69,0,0
2023-07-01,71E,"NHS LINCOLNSHIRE",3697,6737.72,0,0
2023-07-01,11N,"NHS CORNWALL AND THE ISLES OF SCILLY",3832,7306.67,0,0
2023-07-01,06H,"NHS CAMBRIDGESHIRE AND PETERBOROUGH",3979,6672.44,0,0
2023-07-01,36J,"NHS BRADFORD DISTRICT AND CRAVEN",4020,7892.79,0,0
2023-07-01,92G,"NHS BATH AND NORTH EAST SOMERSET, SWINDON AND WILTSHIRE",4117,8092.39,0,0
2023-07-01,27D,"NHS CHESHIRE",4353,8042.69,0,0
2023-07-01,72Q,"NHS SOUTH EAST LONDON",4366,9628.59,0,0
2023-07-01,97R,"NHS EAST SUSSEX",4761,9988.67,0,0
2023-07-01,15N,"NHS DEVON",5231,10691.33,0,0
2023-07-01,26A,"NHS NORFOLK AND WAVENEY",5616,10276.94,0,0
2023-07-01,16C,"NHS TEES VALLEY",5701,10785.42,0,0
2023-07-01,15M,"NHS DERBY AND DERBYSHIRE",6137,12190.74,0,0
2023-07-01,M1J4Y,"NHS BEDFORDSHIRE, LUTON AND MILTON KEYNES",6241,11687.89,0,0
2023-07-01,92A,"NHS SURREY HEARTLANDS",6242,13006.85,0,0
2023-07-01,B2M3M,"NHS COVENTRY AND WARWICKSHIRE",6767,11588.19,0,0
2023-07-01,78H,"NHS NORTHAMPTONSHIRE",7016,11319.05,0,0
2023-07-01,14L,"NHS MANCHESTER",7663,13598.72,0,0
2023-07-01,52R,"NHS NOTTINGHAM AND NOTTINGHAMSHIRE",9231,16959.78,0,0
2023-07-01,D2P2L,"NHS BLACK COUNTRY",10725,20148.69,0,0
2023-07-01,91Q,"NHS KENT AND MEDWAY",13339,25973.14,0,0
2023-07-01,D9Y0V,"NHS HAMPSHIRE, SOUTHAMPTON AND ISLE OF WIGHT",14964,31723.08,0,0
2023-07-01,15E,"NHS BIRMINGHAM AND SOLIHULL",15531,29453,0,0
2023-08-01,09W,"NHS MEDWAY",0,0,0,0
2023-08-01,D4U1Y,"NHS FRIMLEY",32,47.2,0,0
2023-08-01,03Q,"NHS VALE OF YORK",301,630.79,0,0
2023-08-01,02Q,"NHS BASSETLAW",332,611.43,0,0
2023-08-01,00Q,"NHS BLACKBURN WITH DARWEN",369,680.19,0,0
2023-08-01,99C,"NHS NORTH TYNESIDE",412,923.16,0,0
2023-08-01,02G,"NHS WEST LANCASHIRE",432,803.87,0,0
2023-08-01,03F,"NHS HULL",437,863.78,0,0
2023-08-01,00X,"NHS CHORLEY AND SOUTH RIBBLE",524,954.78,0,0
2023-08-01,01E,"NHS GREATER PRESTON",527,996.26,0,0
2023-08-01,01A,"NHS EAST LANCASHIRE",553,981.26,0,0
2023-08-01,07G,"NHS THURROCK",629,1055.08,0,0
2023-08-01,02M,"NHS FYLDE AND WYRE",713,1222.7,0,0
2023-08-01,02Y,"NHS EAST RIDING OF YORKSHIRE",718,1405.41,0,0
2023-08-01,03H,"NHS NORTH EAST LINCOLNSHIRE",779,1505.31,0,0
2023-08-01,06L,"NHS IPSWICH AND EAST SUFFOLK",810,1422.6,0,0
2023-08-01,99G,"NHS SOUTHEND",811,1506.39,0,0
2023-08-01,01F,"NHS HALTON",844,1546.54,0,0
2023-08-01,03K,"NHS NORTH LINCOLNSHIRE",858,1446.93,0,0
2023-08-01,07K,"NHS WEST SUFFOLK",884,1485.8,0,0
2023-08-01,00R,"NHS BLACKPOOL",928,1601.24,0,0
2023-08-01,02E,"NHS WARRINGTON",961,1800.41,0,0
2023-08-01,99E,"NHS BASILDON AND BRENTWOOD",961,1817.42,0,0
2023-08-01,05D,"NHS EAST STAFFORDSHIRE",1010,1769.06,0,0
2023-08-01,01K,"NHS MORECAMBE BAY",1020,1960.1,0,0
2023-08-01,01D,"NHS HEYWOOD, MIDDLETON AND ROCHDALE",1048,1928.22,0,0
2023-08-01,03L,"NHS ROTHERHAM",1052,1960.7,0,0
2023-08-01,03R,"NHS WAKEFIELD",1099,2137.8,0,0
2023-08-01,01V,"NHS SOUTHPORT AND FORMBY",1102,2023.58,0,0
2023-08-01,05V,"NHS STAFFORD AND SURROUNDS",1117,1991.04,0,0
2023-08-01,00L,"NHS NORTHUMBERLAND",1136,2441.53,0,0
2023-08-01,U2G6B,"NHS THAMES VALLEY ICB - U2G6B",1158,2340.29,0,0
2023-08-01,10Q,"NHS OXFORDSHIRE",1162,2488.8,0,0
2023-08-01,02P,"NHS BARNSLEY",1171,2330.87,0,0
2023-08-01,11M,"NHS GLOUCESTERSHIRE",1216,2462.44,0,0
2023-08-01,00Y,"NHS OLDHAM",1227,2195.78,0,0
2023-08-01,02A,"NHS TRAFFORD",1268,2412.6,0,0
2023-08-01,05G,"NHS NORTH STAFFORDSHIRE",1300,2434.98,0,0
2023-08-01,01J,"NHS KNOWSLEY",1365,2481.54,0,0
2023-08-01,42D,"NHS NORTH YORKSHIRE",1366,2690.69,0,0
2023-08-01,04Y,"NHS CANNOCK CHASE",1378,2645.77,0,0
2023-08-01,99F,"NHS CASTLE POINT AND ROCHFORD",1398,2466.22,0,0
2023-08-01,02X,"NHS DONCASTER",1549,2768.57,0,0
2023-08-01,15F,"NHS LEEDS",1630,3421.66,0,0
2023-08-01,X2C4Y,"NHS KIRKLEES",1663,3721.68,0,0
2023-08-01,13T,"NHS NEWCASTLE GATESHEAD",1713,3558.34,0,0
2023-08-01,09D,"NHS BRIGHTON AND HOVE",1772,4096.97,0,0
2023-08-01,00N,"NHS SOUTH TYNESIDE",1779,3345.87,0,0
2023-08-01,05W,"NHS STOKE ON TRENT",1789,3208.84,0,0
2023-08-01,14Y,"NHS BUCKINGHAMSHIRE",1833,3219.49,0,0
2023-08-01,02H,"NHS WIGAN BOROUGH",1910,3484.21,0,0
2023-08-01,02T,"NHS CALDERDALE",1933,3723.03,0,0
2023-08-01,06N,"NHS HERTS VALLEYS",1979,4007.67,0,0
2023-08-01,07H,"NHS WEST ESSEX",1979,3398.46,0,0
2023-08-01,03W,"NHS EAST LEICESTERSHIRE AND RUTLAND",2039,3721.93,0,0
2023-08-01,01H,"NHS NORTH CUMBRIA",2046,4009.78,0,0
2023-08-01,01T,"NHS SOUTH SEFTON",2087,3849.11,0,0
2023-08-01,10R,"NHS PORTSMOUTH",2164,4564.45,0,0
2023-08-01,06Q,"NHS MID ESSEX",2165,3588.72,0,0
2023-08-01,01W,"NHS STOCKPORT",2259,4349.84,0,0
2023-08-01,99A,"NHS LIVERPOOL",2311,4449.73,0,0
2023-08-01,M2L0M,"NHS SHROPSHIRE, TELFORD AND WREKIN",2333,5208.39,0,0
2023-08-01,36L,"NHS SOUTH WEST LONDON",2357,4882.21,0,0
2023-08-01,01X,"NHS ST HELENS",2493,4278.63,0,0
2023-08-01,00V,"NHS BURY",2601,4292.45,0,0
2023-08-01,04C,"NHS LEICESTER CITY",2627,4667.02,0,0
2023-08-01,05Q,"NHS SOUTH EAST STAFFORDSHIRE AND SEISDON PENINSULA",2677,5224.24,0,0
2023-08-01,03N,"NHS SHEFFIELD",2710,4949.32,0,0
2023-08-01,W2U3Z,"NHS NORTH WEST LONDON",2737,5721.7,0,0
2023-08-01,12F,"NHS WIRRAL",2810,5280.15,0,0
2023-08-01,00T,"NHS BOLTON",2870,5270.96,0,0
2023-08-01,A3A8R,"NHS NORTH EAST LONDON",2968,5659.32,0,0
2023-08-01,06K,"NHS EAST AND NORTH HERTFORDSHIRE",3023,5328.45,0,0
2023-08-01,00P,"NHS SUNDERLAND",3024,5619.59,0,0
2023-08-01,04V,"NHS WEST LEICESTERSHIRE",3040,5568.99,0,0
2023-08-01,11J,"NHS DORSET",3049,6692.87,0,0
2023-08-01,93C,"NHS NORTH CENTRAL LONDON",3078,5808.86,0,0
2023-08-01,18C,"NHS HEREFORDSHIRE AND WORCESTERSHIRE",3110,6500.47,0,0
2023-08-01,11X,"NHS SOMERSET",3200,5623.89,0,0
2023-08-01,15A,"NHS BERKSHIRE WEST",3214,5660.72,0,0
2023-08-01,01Y,"NHS TAMESIDE AND GLOSSOP",3313,5967.99,0,0
2023-08-01,06T,"NHS NORTH EAST ESSEX",3366,5439.05,0,0
2023-08-01,15C,"NHS BRISTOL, NORTH SOMERSET AND SOUTH GLOUCESTERSHIRE",3434,7257.5,0,0
2023-08-01,70F,"NHS WEST SUSSEX",3522,7722.86,0,0
2023-08-01,84H,"NHS COUNTY DURHAM",3539,6890.26,0,0
2023-08-01,01G,"NHS SALFORD",3645,6234.22,0,0
2023-08-01,71E,"NHS LINCOLNSHIRE",3810,6934.54,0,0
2023-08-01,11N,"NHS CORNWALL AND THE ISLES OF SCILLY",3822,7657.75,0,0
2023-08-01,06H,"NHS CAMBRIDGESHIRE AND PETERBOROUGH",3960,6702.9,0,0
2023-08-01,92G,"NHS BATH AND NORTH EAST SOMERSET, SWINDON AND WILTSHIRE",4060,7917.99,0,0
2023-08-01,36J,"NHS BRADFORD DISTRICT AND CRAVEN",4086,7922.82,0,0
2023-08-01,27D,"NHS CHESHIRE",4352,8055.75,0,0
2023-08-01,72Q,"NHS SOUTH EAST LONDON",4356,9335.45,0,0
2023-08-01,97R,"NHS EAST SUSSEX",4835,10091.84,0,0
2023-08-01,15N,"NHS DEVON",5083,10411.98,0,0
2023-08-01,16C,"NHS TEES VALLEY",5597,10634.08,0,0
2023-08-01,26A,"NHS NORFOLK AND WAVENEY",5647,10375.69,0,0
2023-08-01,M1J4Y,"NHS BEDFORDSHIRE, LUTON AND MILTON KEYNES",6106,12063.01,0,0
2023-08-01,15M,"NHS DERBY AND DERBYSHIRE",6122,12149.86,0,0
2023-08-01,92A,"NHS SURREY HEARTLANDS",6274,13417.73,0,0
2023-08-01,B2M3M,"NHS COVENTRY AND WARWICKSHIRE",6585,11343.08,0,0
2023-08-01,78H,"NHS NORTHAMPTONSHIRE",6819,10928.98,0,0
2023-08-01,14L,"NHS MANCHESTER",7648,13916.41,0,0
2023-08-01,52R,"NHS NOTTINGHAM AND NOTTINGHAMSHIRE",9277,16909.43,0,0
2023-08-01,D2P2L,"NHS BLACK COUNTRY",10726,20148.64,0,0
2023-08-01,91Q,"NHS KENT AND MEDWAY",12826,24726.73,0,0
2023-08-01,D9Y0V,"NHS HAMPSHIRE, SOUTHAMPTON AND ISLE OF WIGHT",15150,32249.93,0,0
2023-08-01,15E,"NHS BIRMINGHAM AND SOLIHULL",15264,28727.27,0,0
2023-09-01,09W,"NHS MEDWAY",0,0,0,0
2023-09-01,D4U1Y,"NHS FRIMLEY",39,61.71,0,0
2023-09-01,03Q,"NHS VALE OF YORK",271,568.18,0,0
2023-09-01,02Q,"NHS BASSETLAW",289,519.21,0,0
2023-09-01,00Q,"NHS BLACKBURN WITH DARWEN",381,677.47,0,0
2023-09-01,02G,"NHS WEST LANCASHIRE",419,756.18,0,0
2023-09-01,03F,"NHS HULL",445,855.22,0,0
2023-09-01,01E,"NHS GREATER PRESTON",520,968.96,0,0
2023-09-01,99C,"NHS NORTH TYNESIDE",535,1192.96,0,0
2023-09-01,00X,"NHS CHORLEY AND SOUTH RIBBLE",573,1023.08,0,0
2023-09-01,01A,"NHS EAST LANCASHIRE",582,1032.49,0,0
2023-09-01,07G,"NHS THURROCK",586,1079.33,0,0
2023-09-01,02Y,"NHS EAST RIDING OF YORKSHIRE",682,1312.37,0,0
2023-09-01,02M,"NHS FYLDE AND WYRE",720,1244.17,0,0
2023-09-01,03H,"NHS NORTH EAST LINCOLNSHIRE",763,1476.99,0,0
2023-09-01,06L,"NHS IPSWICH AND EAST SUFFOLK",786,1340.26,0,0
2023-09-01,99G,"NHS SOUTHEND",831,1588.3,0,0
2023-09-01,07K,"NHS WEST SUFFOLK",842,1431.98,0,0
2023-09-01,01F,"NHS HALTON",851,1543.61,0,0
2023-09-01,03K,"NHS NORTH LINCOLNSHIRE",893,1474.76,0,0
2023-09-01,00R,"NHS BLACKPOOL",934,1606.73,0,0
2023-09-01,05D,"NHS EAST STAFFORDSHIRE",964,1678.71,0,0
2023-09-01,02E,"NHS WARRINGTON",970,1852.45,0,0
2023-09-01,99E,"NHS BASILDON AND BRENTWOOD",996,1810.94,0,0
2023-09-01,03L,"NHS ROTHERHAM",1045,1935.71,0,0
2023-09-01,01D,"NHS HEYWOOD, MIDDLETON AND ROCHDALE",1046,1951.02,0,0
2023-09-01,03R,"NHS WAKEFIELD",1058,2067.3,0,0
2023-09-01,01K,"NHS MORECAMBE BAY",1064,2048.41,0,0
2023-09-01,01V,"NHS SOUTHPORT AND FORMBY",1082,2001.67,0,0
2023-09-01,00L,"NHS NORTHUMBERLAND",1113,2339.42,0,0
2023-09-01,05V,"NHS STAFFORD AND SURROUNDS",1127,2030.65,0,0
2023-09-01,02P,"NHS BARNSLEY",1137,2276.77,0,0
2023-09-01,10Q,"NHS OXFORDSHIRE",1218,2700.16,0,0
2023-09-01,U2G6B,"NHS THAMES VALLEY ICB - U2G6B",1255,2500.5,0,0
2023-09-01,11M,"NHS GLOUCESTERSHIRE",1257,2506.26,0,0
2023-09-01,00Y,"NHS OLDHAM",1268,2265.51,0,0
2023-09-01,05G,"NHS NORTH STAFFORDSHIRE",1284,2424.69,0,0
2023-09-01,42D,"NHS NORTH YORKSHIRE",1292,2568.7,0,0
2023-09-01,02A,"NHS TRAFFORD",1298,2435.79,0,0
2023-09-01,01J,"NHS KNOWSLEY",1306,2375.49,0,0
2023-09-01,04Y,"NHS CANNOCK CHASE",1337,2586.41,0,0
2023-09-01,99F,"NHS CASTLE POINT AND ROCHFORD",1497,2627.04,0,0
2023-09-01,05W,"NHS STOKE ON TRENT",1592,2864.33,0,0
2023-09-01,15F,"NHS LEEDS",1598,3297.06,0,0
2023-09-01,X2C4Y,"NHS KIRKLEES",1677,3758.43,0,0
2023-09-01,13T,"NHS NEWCASTLE GATESHEAD",1730,3549.09,0,0
2023-09-01,09D,"NHS BRIGHTON AND HOVE",1779,4159.04,0,0
2023-09-01,02X,"NHS DONCASTER",1786,3122.67,0,0
2023-09-01,07H,"NHS WEST ESSEX",1835,3192.4,0,0
2023-09-01,00N,"NHS SOUTH TYNESIDE",1841,3542.18,0,0
2023-09-01,02T,"NHS CALDERDALE",1845,3559.63,0,0
2023-09-01,02H,"NHS WIGAN BOROUGH",1893,3478.12,0,0
2023-09-01,06N,"NHS HERTS VALLEYS",1914,3931.58,0,0
2023-09-01,14Y,"NHS BUCKINGHAMSHIRE",1928,3542.79,0,0
2023-09-01,03W,"NHS EAST LEICESTERSHIRE AND RUTLAND",1951,3556.54,0,0
2023-09-01,01H,"NHS NORTH CUMBRIA",2003,3904.19,0,0
2023-09-01,01T,"NHS SOUTH SEFTON",2007,3689.24,0,0
2023-09-01,06Q,"NHS MID ESSEX",2179,3780.95,0,0
2023-09-01,10R,"NHS PORTSMOUTH",2194,4631.36,0,0
2023-09-01,01W,"NHS STOCKPORT",2228,4149.01,0,0
2023-09-01,99A,"NHS LIVERPOOL",2270,4353.08,0,0
2023-09-01,36L,"NHS SOUTH WEST LONDON",2367,4814.14,0,0
2023-09-01,M2L0M,"NHS SHROPSHIRE, TELFORD AND WREKIN",2413,5329.98,0,0
2023-09-01,01X,"NHS ST HELENS",2422,4203.7,0,0
2023-09-01,03N,"NHS SHEFFIELD",2562,4894.16,0,0
2023-09-01,05Q,"NHS SOUTH EAST STAFFORDSHIRE AND SEISDON PENINSULA",2570,4997.26,0,0
2023-09-01,W2U3Z,"NHS NORTH WEST LONDON",2599,5463.57,0,0
2023-09-01,00V,"NHS BURY",2606,4307.52,0,0
2023-09-01,04C,"NHS LEICESTER CITY",2748,4859.4,0,0
2023-09-01,12F,"NHS WIRRAL",2812,5363.47,0,0
2023-09-01,00T,"NHS BOLTON",2888,5286.81,0,0
2023-09-01,00P,"NHS SUNDERLAND",2907,5431.89,0,0
2023-09-01,A3A8R,"NHS NORTH EAST LONDON",2948,5661.51,0,0
2023-09-01,04V,"NHS WEST LEICESTERSHIRE",2954,5472.27,0,0
2023-09-01,93C,"NHS NORTH CENTRAL LONDON",2967,5621.86,0,0
2023-09-01,06K,"NHS EAST AND NORTH HERTFORDSHIRE",2994,5276.27,0,0
2023-09-01,18C,"NHS HEREFORDSHIRE AND WORCESTERSHIRE",3047,6345.65,0,0
2023-09-01,11J,"NHS DORSET",3106,6677.49,0,0
2023-09-01,15A,"NHS BERKSHIRE WEST",3166,5630.97,0,0
2023-09-01,06T,"NHS NORTH EAST ESSEX",3230,5219.56,0,0
2023-09-01,11X,"NHS SOMERSET",3361,5852.71,0,0
2023-09-01,01Y,"NHS TAMESIDE AND GLOSSOP",3372,6088.57,0,0
2023-09-01,15C,"NHS BRISTOL, NORTH SOMERSET AND SOUTH GLOUCESTERSHIRE",3398,7061.01,0,0
2023-09-01,84H,"NHS COUNTY DURHAM",3448,6734.5,0,0
2023-09-01,01G,"NHS SALFORD",3605,6185.33,0,0
2023-09-01,70F,"NHS WEST SUSSEX",3617,7835.8,0,0
2023-09-01,06H,"NHS CAMBRIDGESHIRE AND PETERBOROUGH",3898,6501.23,0,0
2023-09-01,71E,"NHS LINCOLNSHIRE",3910,7057.63,0,0
2023-09-01,11N,"NHS CORNWALL AND THE ISLES OF SCILLY",4021,7550.82,0,0
2023-09-01,92G,"NHS BATH AND NORTH EAST SOMERSET, SWINDON AND WILTSHIRE",4024,7760.82,0,0
2023-09-01,36J,"NHS BRADFORD DISTRICT AND CRAVEN",4190,8143.77,0,0
2023-09-01,27D,"NHS CHESHIRE",4287,7952.91,0,0
2023-09-01,72Q,"NHS SOUTH EAST LONDON",4502,9677.99,0,0
2023-09-01,97R,"NHS EAST SUSSEX",4998,10435.88,0,0
2023-09-01,15N,"NHS DEVON",5146,10606.57,0,0
2023-09-01,26A,"NHS NORFOLK AND WAVENEY",5439,10005.72,0,0
2023-09-01,16C,"NHS TEES VALLEY",5612,10655.14,0,0
2023-09-01,M1J4Y,"NHS BEDFORDSHIRE, LUTON AND MILTON KEYNES",5968,11084.39,0,0
2023-09-01,92A,"NHS SURREY HEARTLANDS",6094,12739.57,0,0
2023-09-01,15M,"NHS DERBY AND DERBYSHIRE",6264,12400.18,0,0
2023-09-01,B2M3M,"NHS COVENTRY AND WARWICKSHIRE",6575,11314.15,0,0
2023-09-01,78H,"NHS NORTHAMPTONSHIRE",6812,10889.05,0,0
2023-09-01,14L,"NHS MANCHESTER",7750,13857.73,0,0
2023-09-01,52R,"NHS NOTTINGHAM AND NOTTINGHAMSHIRE",9280,16980.06,0,0
2023-09-01,D2P2L,"NHS BLACK COUNTRY",10782,20250.83,0,0
2023-09-01,91Q,"NHS KENT AND MEDWAY",12364,23810.06,0,0
2023-09-01,D9Y0V,"NHS HAMPSHIRE, SOUTHAMPTON AND ISLE OF WIGHT",15305,32603.23,0,0
2023-09-01,15E,"NHS BIRMINGHAM AND SOLIHULL",15841,29702.52,0,0
2023-10-01,09W,"NHS MEDWAY",0,0,0,0
2023-10-01,D4U1Y,"NHS FRIMLEY",50,74.11,0,0
2023-10-01,03Q,"NHS VALE OF YORK",292,633.45,0,0
2023-10-01,02Q,"NHS BASSETLAW",344,616.78,0,0
2023-10-01,00Q,"NHS BLACKBURN WITH DARWEN",363,644.6,0,0
2023-10-01,02G,"NHS WEST LANCASHIRE",422,774.31,0,0
2023-10-01,03F,"NHS HULL",499,958.14,0,0
2023-10-01,99C,"NHS NORTH TYNESIDE",502,1096.28,0,0
2023-10-01,01E,"NHS GREATER PRESTON",574,1080.71,0,0
2023-10-01,00X,"NHS CHORLEY AND SOUTH RIBBLE",576,1039.04,0,0
2023-10-01,01A,"NHS EAST LANCASHIRE",598,1065.18,0,0
2023-10-01,07G,"NHS THURROCK",604,1079.55,0,0
2023-10-01,02M,"NHS FYLDE AND WYRE",709,1216.26,0,0
2023-10-01,02Y,"NHS EAST RIDING OF YORKSHIRE",733,1432.49,0,0
2023-10-01,03H,"NHS NORTH EAST LINCOLNSHIRE",738,1408.96,0,0
2023-10-01,06L,"NHS IPSWICH AND EAST SUFFOLK",821,1420.94,0,0
2023-10-01,03K,"NHS NORTH LINCOLNSHIRE",848,1405.9,0,0
2023-10-01,99G,"NHS SOUTHEND",859,1546.9,0,0
2023-10-01,01F,"NHS HALTON",868,1563.42,0,0
2023-10-01,07K,"NHS WEST SUFFOLK",880,1461.85,0,0
2023-10-01,00R,"NHS BLACKPOOL",899,1535.58,0,0
2023-10-01,02E,"NHS WARRINGTON",1020,1905.62,0,0
2023-10-01,99E,"NHS BASILDON AND BRENTWOOD",1045,1948.26,0,0
2023-10-01,01K,"NHS MORECAMBE BAY",1090,2107.33,0,0
2023-10-01,05D,"NHS EAST STAFFORDSHIRE",1090,1868.56,0,0
2023-10-01,03R,"NHS WAKEFIELD",1097,2151.27,0,0
2023-10-01,01V,"NHS SOUTHPORT AND FORMBY",1120,2054.52,0,0
2023-10-01,03L,"NHS ROTHERHAM",1128,2072.37,0,0
2023-10-01,02P,"NHS BARNSLEY",1142,2243.35,0,0
2023-10-01,01D,"NHS HEYWOOD, MIDDLETON AND ROCHDALE",1170,2448.62,0,0
2023-10-01,05V,"NHS STAFFORD AND SURROUNDS",1180,2074.65,0,0
2023-10-01,U2G6B,"NHS THAMES VALLEY ICB - U2G6B",1221,2392,0,0
2023-10-01,00Y,"NHS OLDHAM",1228,2180.21,0,0
2023-10-01,00L,"NHS NORTHUMBERLAND",1251,2643.54,0,0
2023-10-01,11M,"NHS GLOUCESTERSHIRE",1265,2557.44,0,0
2023-10-01,10Q,"NHS OXFORDSHIRE",1318,3121.57,0,0
2023-10-01,02A,"NHS TRAFFORD",1324,2496.18,0,0
2023-10-01,05G,"NHS NORTH STAFFORDSHIRE",1355,2542.05,0,0
2023-10-01,42D,"NHS NORTH YORKSHIRE",1386,2791.56,0,0
2023-10-01,04Y,"NHS CANNOCK CHASE",1392,2706.94,0,0
2023-10-01,99F,"NHS CASTLE POINT AND ROCHFORD",1401,2417.61,0,0
2023-10-01,01J,"NHS KNOWSLEY",1407,2540.86,0,0
2023-10-01,02X,"NHS DONCASTER",1663,2957.92,0,0
2023-10-01,15F,"NHS LEEDS",1677,3487.55,0,0
2023-10-01,05W,"NHS STOKE ON TRENT",1778,3202.91,0,0
2023-10-01,00N,"NHS SOUTH TYNESIDE",1843,3511.91,0,0
2023-10-01,09D,"NHS BRIGHTON AND HOVE",1851,4263.3,0,0
2023-10-01,02T,"NHS CALDERDALE",1864,3657.9,0,0
2023-10-01,X2C4Y,"NHS KIRKLEES",1866,4118.75,0,0
2023-10-01,07H,"NHS WEST ESSEX",1891,3225.37,0,0
2023-10-01,13T,"NHS NEWCASTLE GATESHEAD",1955,3985.57,0,0
2023-10-01,14Y,"NHS BUCKINGHAMSHIRE",1966,3489.46,0,0
2023-10-01,02H,"NHS WIGAN BOROUGH",1979,3595.55,0,0
2023-10-01,03W,"NHS EAST LEICESTERSHIRE AND RUTLAND",2003,3598.37,0,0
2023-10-01,01H,"NHS NORTH CUMBRIA",2073,4094.31,0,0
2023-10-01,06N,"NHS HERTS VALLEYS",2078,4215.99,0,0
2023-10-01,01T,"NHS SOUTH SEFTON",2127,3900.65,0,0
2023-10-01,06Q,"NHS MID ESSEX",2146,3691.99,0,0
2023-10-01,10R,"NHS PORTSMOUTH",2272,4752.06,0,0
2023-10-01,01W,"NHS STOCKPORT",2370,4560.13,0,0
2023-10-01,99A,"NHS LIVERPOOL",2425,4662.47,0,0
2023-10-01,36L,"NHS SOUTH WEST LONDON",2432,5018.54,0,0
2023-10-01,M2L0M,"NHS SHROPSHIRE, TELFORD AND WREKIN",2508,5553.52,0,0
2023-10-01,01X,"NHS ST HELENS",2599,4476.74,0,0
2023-10-01,W2U3Z,"NHS NORTH WEST LONDON",2640,5458.75,0,0
2023-10-01,00V,"NHS BURY",2708,4481.42,0,0
2023-10-01,05Q,"NHS SOUTH EAST STAFFORDSHIRE AND SEISDON PENINSULA",2713,5317.56,0,0
2023-10-01,04C,"NHS LEICESTER CITY",2719,4809.13,0,0
2023-10-01,03N,"NHS SHEFFIELD",2792,5147.11,0,0
2023-10-01,12F,"NHS WIRRAL",2914,5496.48,0,0
2023-10-01,04V,"NHS WEST LEICESTERSHIRE",2971,5507.34,0,0
2023-10-01,00P,"NHS SUNDERLAND",3012,5596.49,0,0
2023-10-01,00T,"NHS BOLTON",3060,5599.12,0,0
2023-10-01,18C,"NHS HEREFORDSHIRE AND WORCESTERSHIRE",3099,6507.78,0,0
2023-10-01,93C,"NHS NORTH CENTRAL LONDON",3111,5902.58,0,0
2023-10-01,06T,"NHS NORTH EAST ESSEX",3142,5084.16,0,0
2023-10-01,A3A8R,"NHS NORTH EAST LONDON",3146,6116.87,0,0
2023-10-01,06K,"NHS EAST AND NORTH HERTFORDSHIRE",3154,5520.29,0,0
2023-10-01,01Y,"NHS TAMESIDE AND GLOSSOP",3254,5832.09,0,0
2023-10-01,15A,"NHS BERKSHIRE WEST",3276,5760.19,0,0
2023-10-01,11J,"NHS DORSET",3302,7071.46,0,0
2023-10-01,11X,"NHS SOMERSET",3343,5851.16,0,0
2023-10-01,84H,"NHS COUNTY DURHAM",3603,6957.04,0,0
2023-10-01,15C,"NHS BRISTOL, NORTH SOMERSET AND SOUTH GLOUCESTERSHIRE",3613,7531.54,0,0
2023-10-01,01G,"NHS SALFORD",3716,6346.84,0,0
2023-10-01,70F,"NHS WEST SUSSEX",3792,8258.25,0,0
2023-10-01,71E,"NHS LINCOLNSHIRE",3856,7011.73,0,0
2023-10-01,06H,"NHS CAMBRIDGESHIRE AND PETERBOROUGH",3988,6642.71,0,0
2023-10-01,11N,"NHS CORNWALL AND THE ISLES OF SCILLY",4147,7938.04,0,0
2023-10-01,92G,"NHS BATH AND NORTH EAST SOMERSET, SWINDON AND WILTSHIRE",4170,8128.93,0,0
2023-10-01,36J,"NHS BRADFORD DISTRICT AND CRAVEN",4378,8523.25,0,0
2023-10-01,27D,"NHS CHESHIRE",4392,8204.16,0,0
2023-10-01,72Q,"NHS SOUTH EAST LONDON",4545,9978.49,0,0
2023-10-01,97R,"NHS EAST SUSSEX",4948,10335.97,0,0
2023-10-01,15N,"NHS DEVON",5400,11076.78,0,0
2023-10-01,26A,"NHS NORFOLK AND WAVENEY",5485,10037.35,0,0
2023-10-01,16C,"NHS TEES VALLEY",5675,10751.94,0,0
2023-10-01,M1J4Y,"NHS BEDFORDSHIRE, LUTON AND MILTON KEYNES",6010,11257.4,0,0
2023-10-01,92A,"NHS SURREY HEARTLANDS",6404,13393.61,0,0
2023-10-01,15M,"NHS DERBY AND DERBYSHIRE",6481,12781.58,0,0
2023-10-01,78H,"NHS NORTHAMPTONSHIRE",6631,10665.26,0,0
2023-10-01,B2M3M,"NHS COVENTRY AND WARWICKSHIRE",6789,11633.87,0,0
2023-10-01,14L,"NHS MANCHESTER",7977,14441.65,0,0
2023-10-01,52R,"NHS NOTTINGHAM AND NOTTINGHAMSHIRE",9207,16801.16,0,0
2023-10-01,D2P2L,"NHS BLACK COUNTRY",10866,20430.1,0,0
2023-10-01,91Q,"NHS KENT AND MEDWAY",12410,23736.76,0,0
2023-10-01,D9Y0V,"NHS HAMPSHIRE, SOUTHAMPTON AND ISLE OF WIGHT",15583,32966.76,0,0
2023-10-01,15E,"NHS BIRMINGHAM AND SOLIHULL",16348,30311.97,0,0
2023-11-01,09W,"NHS MEDWAY",0,0,0,0
2023-11-01,D4U1Y,"NHS FRIMLEY",73,111.19,0,0
2023-11-01,03Q,"NHS VALE OF YORK",306,642.59,0,0
2023-11-01,02Q,"NHS BASSETLAW",329,599.19,0,0
2023-11-01,00Q,"NHS BLACKBURN WITH DARWEN",424,759.03,0,0
2023-11-01,02G,"NHS WEST LANCASHIRE",447,841.37,0,0
2023-11-01,99C,"NHS NORTH TYNESIDE",489,1057.95,0,0
2023-11-01,03F,"NHS HULL",535,1025.04,0,0
2023-11-01,01E,"NHS GREATER PRESTON",588,1102.96,0,0
2023-11-01,00X,"NHS CHORLEY AND SOUTH RIBBLE",590,1068.32,0,0
2023-11-01,07G,"NHS THURROCK",602,1017.45,0,0
2023-11-01,01A,"NHS EAST LANCASHIRE",610,1074.04,0,0
2023-11-01,02M,"NHS FYLDE AND WYRE",762,1310.3,0,0
2023-11-01,03H,"NHS NORTH EAST LINCOLNSHIRE",772,1481.46,0,0
2023-11-01,02Y,"NHS EAST RIDING OF YORKSHIRE",784,1514.46,0,0
2023-11-01,99G,"NHS SOUTHEND",795,1475.55,0,0
2023-11-01,06L,"NHS IPSWICH AND EAST SUFFOLK",814,1436.01,0,0
2023-11-01,03K,"NHS NORTH LINCOLNSHIRE",894,1475.52,0,0
2023-11-01,00R,"NHS BLACKPOOL",917,1596.12,0,0
2023-11-01,02E,"NHS WARRINGTON",942,1794.39,0,0
2023-11-01,07K,"NHS WEST SUFFOLK",947,1573.24,0,0
2023-11-01,01F,"NHS HALTON",950,1697.4,0,0
2023-11-01,99E,"NHS BASILDON AND BRENTWOOD",1009,1861.35,0,0
2023-11-01,05D,"NHS EAST STAFFORDSHIRE",1053,1847.27,0,0
2023-11-01,01V,"NHS SOUTHPORT AND FORMBY",1093,2017.27,0,0
2023-11-01,03L,"NHS ROTHERHAM",1130,2088.52,0,0
2023-11-01,01D,"NHS HEYWOOD, MIDDLETON AND ROCHDALE",1137,2087.88,0,0
2023-11-01,01K,"NHS MORECAMBE BAY",1155,2202.23,0,0
2023-11-01,03R,"NHS WAKEFIELD",1173,2280.98,0,0
2023-11-01,00Y,"NHS OLDHAM",1192,2252.37,0,0
2023-11-01,05V,"NHS STAFFORD AND SURROUNDS",1205,2143.3,0,0
2023-11-01,02P,"NHS BARNSLEY",1220,2419.53,0,0
2023-11-01,02A,"NHS TRAFFORD",1230,2322.03,0,0
2023-11-01,10Q,"NHS OXFORDSHIRE",1290,2814.69,0,0
2023-11-01,U2G6B,"NHS THAMES VALLEY ICB - U2G6B",1291,2546.76,0,0
2023-11-01,00L,"NHS NORTHUMBERLAND",1302,2747.67,0,0
2023-11-01,04Y,"NHS CANNOCK CHASE",1334,2579.84,0,0
2023-11-01,11M,"NHS GLOUCESTERSHIRE",1352,2667.15,0,0
2023-11-01,05G,"NHS NORTH STAFFORDSHIRE",1365,2526.98,0,0
2023-11-01,01J,"NHS KNOWSLEY",1416,2546.89,0,0
2023-11-01,99F,"NHS CASTLE POINT AND ROCHFORD",1444,2524.19,0,0
2023-11-01,42D,"NHS NORTH YORKSHIRE",1468,2887.83,0,0
2023-11-01,02X,"NHS DONCASTER",1621,2844.92,0,0
2023-11-01,15F,"NHS LEEDS",1664,3453.2,0,0
2023-11-01,05W,"NHS STOKE ON TRENT",1729,3072.55,0,0
2023-11-01,X2C4Y,"NHS KIRKLEES",1762,3844.55,0,0
2023-11-01,00N,"NHS SOUTH TYNESIDE",1791,3433.57,0,0
2023-11-01,02T,"NHS CALDERDALE",1907,3668.53,0,0
2023-11-01,09D,"NHS BRIGHTON AND HOVE",1918,4433.16,0,0
2023-11-01,14Y,"NHS BUCKINGHAMSHIRE",1919,3361.41,0,0
2023-11-01,13T,"NHS NEWCASTLE GATESHEAD",2000,4101.59,0,0
2023-11-01,06N,"NHS HERTS VALLEYS",2034,4132.53,0,0
2023-11-01,02H,"NHS WIGAN BOROUGH",2038,3745.49,0,0
2023-11-01,07H,"NHS WEST ESSEX",2053,3540.26,0,0
2023-11-01,03W,"NHS EAST LEICESTERSHIRE AND RUTLAND",2117,3836.6,0,0
2023-11-01,01H,"NHS NORTH CUMBRIA",2140,4216.06,0,0
2023-11-01,01T,"NHS SOUTH SEFTON",2177,4056.49,0,0
2023-11-01,06Q,"NHS MID ESSEX",2264,3758.64,0,0
2023-11-01,10R,"NHS PORTSMOUTH",2376,4980.72,0,0
2023-11-01,01W,"NHS STOCKPORT",2377,4460.87,0,0
2023-11-01,99A,"NHS LIVERPOOL",2398,4553.75,0,0
2023-11-01,M2L0M,"NHS SHROPSHIRE, TELFORD AND WREKIN",2511,5672.57,0,0
2023-11-01,36L,"NHS SOUTH WEST LONDON",2565,5449.71,0,0
2023-11-01,01X,"NHS ST HELENS",2585,4437.65,0,0
2023-11-01,04C,"NHS LEICESTER CITY",2585,4540.56,0,0
2023-11-01,00V,"NHS BURY",2659,4427.27,0,0
2023-11-01,03N,"NHS SHEFFIELD",2706,5238.77,0,0
2023-11-01,05Q,"NHS SOUTH EAST STAFFORDSHIRE AND SEISDON PENINSULA",2706,5245.11,0,0
2023-11-01,W2U3Z,"NHS NORTH WEST LONDON",2742,5660.79,0,0
2023-11-01,12F,"NHS WIRRAL",2928,5532.62,0,0
2023-11-01,00T,"NHS BOLTON",3034,5594.81,0,0
2023-11-01,18C,"NHS HEREFORDSHIRE AND WORCESTERSHIRE",3072,6471.94,0,0
2023-11-01,00P,"NHS SUNDERLAND",3092,5670.93,0,0
2023-11-01,04V,"NHS WEST LEICESTERSHIRE",3101,5673.08,0,0
2023-11-01,06T,"NHS NORTH EAST ESSEX",3141,5076.33,0,0
2023-11-01,93C,"NHS NORTH CENTRAL LONDON",3165,5965.84,0,0
2023-11-01,15A,"NHS BERKSHIRE WEST",3191,5669.27,0,0
2023-11-01,06K,"NHS EAST AND NORTH HERTFORDSHIRE",3201,5649.77,0,0
2023-11-01,A3A8R,"NHS NORTH EAST LONDON",3258,6407.75,0,0
2023-11-01,11X,"NHS SOMERSET",3301,5768.7,0,0
2023-11-01,11J,"NHS DORSET",3326,7235.21,0,0
2023-11-01,01Y,"NHS TAMESIDE AND GLOSSOP",3503,6291.27,0,0
2023-11-01,15C,"NHS BRISTOL, NORTH SOMERSET AND SOUTH GLOUCESTERSHIRE",3576,7545.75,0,0
2023-11-01,01G,"NHS SALFORD",3603,6206.69,0,0
2023-11-01,84H,"NHS COUNTY DURHAM",3691,7238.56,0,0
2023-11-01,70F,"NHS WEST SUSSEX",3826,8308.64,0,0
2023-11-01,71E,"NHS LINCOLNSHIRE",3889,7009.34,0,0
2023-11-01,06H,"NHS CAMBRIDGESHIRE AND PETERBOROUGH",3956,6597.43,0,0
2023-11-01,11N,"NHS CORNWALL AND THE ISLES OF SCILLY",4216,7937.7,0,0
2023-11-01,92G,"NHS BATH AND NORTH EAST SOMERSET, SWINDON AND WILTSHIRE",4296,8273.21,0,0
2023-11-01,36J,"NHS BRADFORD DISTRICT AND CRAVEN",4344,8441.5,0,0
2023-11-01,27D,"NHS CHESHIRE",4353,8084.34,0,0
2023-11-01,72Q,"NHS SOUTH EAST LONDON",4627,9943.23,0,0
2023-11-01,97R,"NHS EAST SUSSEX",5073,10612.31,0,0
2023-11-01,26A,"NHS NORFOLK AND WAVENEY",5640,10408.84,0,0
2023-11-01,15N,"NHS DEVON",5678,11603.22,0,0
2023-11-01,16C,"NHS TEES VALLEY",5861,11119.49,0,0
2023-11-01,M1J4Y,"NHS BEDFORDSHIRE, LUTON AND MILTON KEYNES",6076,11306.62,0,0
2023-11-01,92A,"NHS SURREY HEARTLANDS",6472,13462.46,0,0
2023-11-01,78H,"NHS NORTHAMPTONSHIRE",6479,10386.39,0,0
2023-11-01,15M,"NHS DERBY AND DERBYSHIRE",6574,12961.72,0,0
2023-11-01,B2M3M,"NHS COVENTRY AND WARWICKSHIRE",6842,11776.57,0,0
2023-11-01,14L,"NHS MANCHESTER",7980,14407.77,0,0
2023-11-01,52R,"NHS NOTTINGHAM AND NOTTINGHAMSHIRE",9290,17039.77,0,0
2023-11-01,D2P2L,"NHS BLACK COUNTRY",10609,19915.1,0,0
2023-11-01,91Q,"NHS KENT AND MEDWAY",12277,23666.84,0,0
2023-11-01,D9Y0V,"NHS HAMPSHIRE, SOUTHAMPTON AND ISLE OF WIGHT",15889,33796.93,0,0
2023-11-01,15E,"NHS BIRMINGHAM AND SOLIHULL",16129,30166.33,0,0
2023-12-01,09W,"NHS MEDWAY",0,0,0,0
2023-12-01,D4U1Y,"NHS FRIMLEY",74,116.43,0,0
2023-12-01,03Q,"NHS VALE OF YORK",319,670.44,0,0
2023-12-01,02Q,"NHS BASSETLAW",353,630.43,0,0
2023-12-01,00Q,"NHS BLACKBURN WITH DARWEN",403,725.18,0,0
2023-12-01,02G,"NHS WEST LANCASHIRE",462,847.69,0,0
2023-12-01,03F,"NHS HULL",514,982.42,0,0
2023-12-01,99C,"NHS NORTH TYNESIDE",539,1177.89,0,0
2023-12-01,01E,"NHS GREATER PRESTON",615,1175.92,0,0
2023-12-01,00X,"NHS CHORLEY AND SOUTH RIBBLE",663,1179.93,0,0
2023-12-01,01A,"NHS EAST LANCASHIRE",670,1181.08,0,0
2023-12-01,07G,"NHS THURROCK",674,1307.4,0,0
2023-12-01,02M,"NHS FYLDE AND WYRE",736,1277.57,0,0
2023-12-01,02Y,"NHS EAST RIDING OF YORKSHIRE",770,1484.9,0,0
2023-12-01,03H,"NHS NORTH EAST LINCOLNSHIRE",799,1514.16,0,0
2023-12-01,06L,"NHS IPSWICH AND EAST SUFFOLK",871,1518.04,0,0
2023-12-01,99G,"NHS SOUTHEND",875,1577.43,0,0
2023-12-01,01F,"NHS HALTON",905,1632.18,0,0
2023-12-01,03K,"NHS NORTH LINCOLNSHIRE",937,1562.42,0,0
2023-12-01,00R,"NHS BLACKPOOL",946,1629.56,0,0
2023-12-01,99E,"NHS BASILDON AND BRENTWOOD",985,1826.73,0,0
2023-12-01,07K,"NHS WEST SUFFOLK",993,1649.79,0,0
2023-12-01,02E,"NHS WARRINGTON",1075,2056.94,0,0
2023-12-01,05D,"NHS EAST STAFFORDSHIRE",1111,1943.52,0,0
2023-12-01,01D,"NHS HEYWOOD, MIDDLETON AND ROCHDALE",1147,2137.13,0,0
2023-12-01,03L,"NHS ROTHERHAM",1164,2171.38,0,0
2023-12-01,05V,"NHS STAFFORD AND SURROUNDS",1195,2117.56,0,0
2023-12-01,01V,"NHS SOUTHPORT AND FORMBY",1202,2245.61,0,0
2023-12-01,00Y,"NHS OLDHAM",1214,2186.67,0,0
2023-12-01,01K,"NHS MORECAMBE BAY",1216,2325.29,0,0
2023-12-01,03R,"NHS WAKEFIELD",1248,2414.39,0,0
2023-12-01,02P,"NHS BARNSLEY",1279,2515.07,0,0
2023-12-01,U2G6B,"NHS THAMES VALLEY ICB - U2G6B",1312,2894.42,0,0
2023-12-01,02A,"NHS TRAFFORD",1319,2481.44,0,0
2023-12-01,10Q,"NHS OXFORDSHIRE",1328,2882.51,0,0
2023-12-01,05G,"NHS NORTH STAFFORDSHIRE",1355,2839.03,0,0
2023-12-01,11M,"NHS GLOUCESTERSHIRE",1358,3213.77,0,0
2023-12-01,04Y,"NHS CANNOCK CHASE",1410,2791.91,0,0
2023-12-01,00L,"NHS NORTHUMBERLAND",1438,3006.32,0,0
2023-12-01,99F,"NHS CASTLE POINT AND ROCHFORD",1458,2556.02,0,0
2023-12-01,42D,"NHS NORTH YORKSHIRE",1466,2888.87,0,0
2023-12-01,01J,"NHS KNOWSLEY",1467,2670.56,0,0
2023-12-01,02X,"NHS DONCASTER",1722,3047.62,0,0
2023-12-01,05W,"NHS STOKE ON TRENT",1730,3072.76,0,0
2023-12-01,15F,"NHS LEEDS",1819,3751.26,0,0
2023-12-01,X2C4Y,"NHS KIRKLEES",1832,4032.45,0,0
2023-12-01,00N,"NHS SOUTH TYNESIDE",1846,3534.36,0,0
2023-12-01,09D,"NHS BRIGHTON AND HOVE",1853,4330.69,0,0
2023-12-01,02T,"NHS CALDERDALE",1912,3662.43,0,0
2023-12-01,14Y,"NHS BUCKINGHAMSHIRE",2009,3591.24,0,0
2023-12-01,07H,"NHS WEST ESSEX",2033,3509.38,0,0
2023-12-01,06N,"NHS HERTS VALLEYS",2077,4558.97,0,0
2023-12-01,03W,"NHS EAST LEICESTERSHIRE AND RUTLAND",2081,3751.26,0,0
2023-12-01,13T,"NHS NEWCASTLE GATESHEAD",2131,4429.64,0,0
2023-12-01,02H,"NHS WIGAN BOROUGH",2151,3940.85,0,0
2023-12-01,01T,"NHS SOUTH SEFTON",2177,3988.05,0,0
2023-12-01,01H,"NHS NORTH CUMBRIA",2239,4449.75,0,0
2023-12-01,10R,"NHS PORTSMOUTH",2291,4799.38,0,0
2023-12-01,06Q,"NHS MID ESSEX",2351,3885.99,0,0
2023-12-01,01W,"NHS STOCKPORT",2456,4641.98,0,0
2023-12-01,99A,"NHS LIVERPOOL",2549,4904.48,0,0
2023-12-01,00V,"NHS BURY",2576,4323.41,0,0
2023-12-01,04C,"NHS LEICESTER CITY",2585,4641.34,0,0
2023-12-01,36L,"NHS SOUTH WEST LONDON",2599,5435.54,0,0
2023-12-01,M2L0M,"NHS SHROPSHIRE, TELFORD AND WREKIN",2627,5896.11,0,0
2023-12-01,W2U3Z,"NHS NORTH WEST LONDON",2706,5610.53,0,0
2023-12-01,03N,"NHS SHEFFIELD",2728,4964.26,0,0
2023-12-01,05Q,"NHS SOUTH EAST STAFFORDSHIRE AND SEISDON PENINSULA",2733,5373.59,0,0
2023-12-01,01X,"NHS ST HELENS",2761,4740.75,0,0
2023-12-01,93C,"NHS NORTH CENTRAL LONDON",3072,5956.36,0,0
2023-12-01,18C,"NHS HEREFORDSHIRE AND WORCESTERSHIRE",3088,6458.13,0,0
2023-12-01,12F,"NHS WIRRAL",3090,5807.09,0,0
2023-12-01,00P,"NHS SUNDERLAND",3117,5785.61,0,0
2023-12-01,00T,"NHS BOLTON",3133,5714.01,0,0
2023-12-01,04V,"NHS WEST LEICESTERSHIRE",3155,5821.7,0,0
2023-12-01,15A,"NHS BERKSHIRE WEST",3195,5662.66,0,0
2023-12-01,A3A8R,"NHS NORTH EAST LONDON",3236,6252.96,0,0
2023-12-01,06K,"NHS EAST AND NORTH HERTFORDSHIRE",3296,5790.15,0,0
2023-12-01,11X,"NHS SOMERSET",3328,5842.76,0,0
2023-12-01,06T,"NHS NORTH EAST ESSEX",3361,5478.22,0,0
2023-12-01,11J,"NHS DORSET",3439,7460.83,0,0
2023-12-01,01Y,"NHS TAMESIDE AND GLOSSOP",3454,6238.32,0,0
2023-12-01,01G,"NHS SALFORD",3655,6250.5,0,0
2023-12-01,15C,"NHS BRISTOL, NORTH SOMERSET AND SOUTH GLOUCESTERSHIRE",3720,7837.52,0,0
2023-12-01,84H,"NHS COUNTY DURHAM",3726,7245.17,0,0
2023-12-01,70F,"NHS WEST SUSSEX",3985,8796.86,0,0
2023-12-01,71E,"NHS LINCOLNSHIRE",4058,7327.65,0,0
2023-12-01,06H,"NHS CAMBRIDGESHIRE AND PETERBOROUGH",4097,6858.03,0,0
2023-12-01,11N,"NHS CORNWALL AND THE ISLES OF SCILLY",4308,8060.22,0,0
2023-12-01,36J,"NHS BRADFORD DISTRICT AND CRAVEN",4408,8564.29,0,0
2023-12-01,92G,"NHS BATH AND NORTH EAST SOMERSET, SWINDON AND WILTSHIRE",4470,8649.59,0,0
2023-12-01,27D,"NHS CHESHIRE",4523,8393.48,0,0
2023-12-01,72Q,"NHS SOUTH EAST LONDON",4759,10281.87,0,0
2023-12-01,97R,"NHS EAST SUSSEX",5388,11260.33,0,0
2023-12-01,26A,"NHS NORFOLK AND WAVENEY",5759,10521.72,0,0
2023-12-01,15N,"NHS DEVON",5778,12046.84,0,0
2023-12-01,16C,"NHS TEES VALLEY",6006,11422.51,0,0
2023-12-01,M1J4Y,"NHS BEDFORDSHIRE, LUTON AND MILTON KEYNES",6103,11370.33,0,0
2023-12-01,92A,"NHS SURREY HEARTLANDS",6511,13939.6,0,0
2023-12-01,78H,"NHS NORTHAMPTONSHIRE",6649,10707,0,0
2023-12-01,15M,"NHS DERBY AND DERBYSHIRE",6747,13351.8,0,0
2023-12-01,B2M3M,"NHS COVENTRY AND WARWICKSHIRE",6906,12132.47,0,0
2023-12-01,14L,"NHS MANCHESTER",7861,14279.39,0,0
2023-12-01,52R,"NHS NOTTINGHAM AND NOTTINGHAMSHIRE",9461,17284.3,0,0
2023-12-01,D2P2L,"NHS BLACK COUNTRY",10709,20240.23,0,0
2023-12-01,91Q,"NHS KENT AND MEDWAY",12547,24121.39,0,0
2023-12-01,D9Y0V,"NHS HAMPSHIRE, SOUTHAMPTON AND ISLE OF WIGHT",16236,35020.23,0,0
2023-12-01,15E,"NHS BIRMINGHAM AND SOLIHULL",16366,30743.89,0,0
2024-01-01,09W,"NHS MEDWAY",0,0,0,0
2024-01-01,D4U1Y,"NHS FRIMLEY",70,109.65,0,0
2024-01-01,03Q,"NHS VALE OF YORK",307,651.32,0,0
2024-01-01,02Q,"NHS BASSETLAW",359,662.74,0,0
2024-01-01,00Q,"NHS BLACKBURN WITH DARWEN",441,796.45,0,0
2024-01-01,02G,"NHS WEST LANCASHIRE",470,870.82,0,0
2024-01-01,99C,"NHS NORTH TYNESIDE",528,1181.34,0,0
2024-01-01,03F,"NHS HULL",564,1053.25,0,0
2024-01-01,07G,"NHS THURROCK",601,1098.48,0,0
2024-01-01,01E,"NHS GREATER PRESTON",631,1191.03,0,0
2024-01-01,00X,"NHS CHORLEY AND SOUTH RIBBLE",646,1162.41,0,0
2024-01-01,01A,"NHS EAST LANCASHIRE",714,1285.31,0,0
2024-01-01,02Y,"NHS EAST RIDING OF YORKSHIRE",765,1485.74,0,0
2024-01-01,02M,"NHS FYLDE AND WYRE",794,1369.41,0,0
2024-01-01,03H,"NHS NORTH EAST LINCOLNSHIRE",828,1561,0,0
2024-01-01,06L,"NHS IPSWICH AND EAST SUFFOLK",860,1473.66,0,0
2024-01-01,01F,"NHS HALTON",872,1592.05,0,0
2024-01-01,99G,"NHS SOUTHEND",886,1598.95,0,0
2024-01-01,03K,"NHS NORTH LINCOLNSHIRE",912,1543.03,0,0
2024-01-01,07K,"NHS WEST SUFFOLK",968,1616.48,0,0
2024-01-01,00R,"NHS BLACKPOOL",987,1701.98,0,0
2024-01-01,99E,"NHS BASILDON AND BRENTWOOD",1014,2027.58,0,0
2024-01-01,05D,"NHS EAST STAFFORDSHIRE",1078,1878.3,0,0
2024-01-01,01V,"NHS SOUTHPORT AND FORMBY",1129,2110.08,0,0
2024-01-01,02E,"NHS WARRINGTON",1130,2115.45,0,0
2024-01-01,01D,"NHS HEYWOOD, MIDDLETON AND ROCHDALE",1177,2175.12,0,0
2024-01-01,03L,"NHS ROTHERHAM",1184,2198.43,0,0
2024-01-01,03R,"NHS WAKEFIELD",1230,2354.08,0,0
2024-01-01,00Y,"NHS OLDHAM",1241,2213.85,0,0
2024-01-01,05V,"NHS STAFFORD AND SURROUNDS",1266,2195.41,0,0
2024-01-01,01K,"NHS MORECAMBE BAY",1268,2430.88,0,0
2024-01-01,U2G6B,"NHS THAMES VALLEY ICB - U2G6B",1285,2548.42,0,0
2024-01-01,02P,"NHS BARNSLEY",1286,2568.25,0,0
2024-01-01,10Q,"NHS OXFORDSHIRE",1303,2845.67,0,0
2024-01-01,02A,"NHS TRAFFORD",1309,2459.65,0,0
2024-01-01,05G,"NHS NORTH STAFFORDSHIRE",1367,2891.44,0,0
2024-01-01,11M,"NHS GLOUCESTERSHIRE",1370,2735.78,0,0
2024-01-01,00L,"NHS NORTHUMBERLAND",1412,2964.19,0,0
2024-01-01,42D,"NHS NORTH YORKSHIRE",1412,2827.59,0,0
2024-01-01,04Y,"NHS CANNOCK CHASE",1429,2742.76,0,0
2024-01-01,99F,"NHS CASTLE POINT AND ROCHFORD",1458,2506.27,0,0
2024-01-01,01J,"NHS KNOWSLEY",1461,2692.51,0,0
2024-01-01,02X,"NHS DONCASTER",1728,3061.67,0,0
2024-01-01,05W,"NHS STOKE ON TRENT",1799,3183.19,0,0
2024-01-01,15F,"NHS LEEDS",1832,3778.77,0,0
2024-01-01,09D,"NHS BRIGHTON AND HOVE",1859,4339.13,0,0
2024-01-01,X2C4Y,"NHS KIRKLEES",1864,4121.34,0,0
2024-01-01,14Y,"NHS BUCKINGHAMSHIRE",1909,3371.87,0,0
2024-01-01,02T,"NHS CALDERDALE",1913,3645.74,0,0
2024-01-01,00N,"NHS SOUTH TYNESIDE",1919,3706.97,0,0
2024-01-01,03W,"NHS EAST LEICESTERSHIRE AND RUTLAND",2033,3670.81,0,0
2024-01-01,07H,"NHS WEST ESSEX",2034,3654.01,0,0
2024-01-01,06N,"NHS HERTS VALLEYS",2059,4187.3,0,0
2024-01-01,01H,"NHS NORTH CUMBRIA",2113,4177.54,0,0
2024-01-01,02H,"NHS WIGAN BOROUGH",2117,3835.61,0,0
2024-01-01,01T,"NHS SOUTH SEFTON",2164,3993.67,0,0
2024-01-01,13T,"NHS NEWCASTLE GATESHEAD",2172,4537.7,0,0
2024-01-01,06Q,"NHS MID ESSEX",2258,3730.67,0,0
2024-01-01,04C,"NHS LEICESTER CITY",2380,4254.37,0,0
2024-01-01,01W,"NHS STOCKPORT",2402,4627.01,0,0
2024-01-01,36L,"NHS SOUTH WEST LONDON",2445,5005.46,0,0
2024-01-01,10R,"NHS PORTSMOUTH",2463,5157.67,0,0
2024-01-01,99A,"NHS LIVERPOOL",2513,4804.45,0,0
2024-01-01,M2L0M,"NHS SHROPSHIRE, TELFORD AND WREKIN",2547,5745.1,0,0
2024-01-01,00V,"NHS BURY",2563,4282.58,0,0
2024-01-01,05Q,"NHS SOUTH EAST STAFFORDSHIRE AND SEISDON PENINSULA",2715,5304.16,0,0
2024-01-01,01X,"NHS ST HELENS",2721,4677.92,0,0
2024-01-01,03N,"NHS SHEFFIELD",2827,5216.77,0,0
2024-01-01,W2U3Z,"NHS NORTH WEST LONDON",2858,5899.33,0,0
2024-01-01,12F,"NHS WIRRAL",3026,5702.96,0,0
2024-01-01,93C,"NHS NORTH CENTRAL LONDON",3035,5977.95,0,0
2024-01-01,00T,"NHS BOLTON",3043,5561.17,0,0
2024-01-01,18C,"NHS HEREFORDSHIRE AND WORCESTERSHIRE",3089,6497.37,0,0
2024-01-01,04V,"NHS WEST LEICESTERSHIRE",3116,5675.83,0,0
2024-01-01,15A,"NHS BERKSHIRE WEST",3144,5601.24,0,0
2024-01-01,06K,"NHS EAST AND NORTH HERTFORDSHIRE",3197,5632.32,0,0
2024-01-01,06T,"NHS NORTH EAST ESSEX",3210,5239.44,0,0
2024-01-01,00P,"NHS SUNDERLAND",3214,6453.79,0,0
2024-01-01,A3A8R,"NHS NORTH EAST LONDON",3271,6327.3,0,0
2024-01-01,11X,"NHS SOMERSET",3275,5753.1,0,0
2024-01-01,11J,"NHS DORSET",3435,7502.27,0,0
2024-01-01,15C,"NHS BRISTOL, NORTH SOMERSET AND SOUTH GLOUCESTERSHIRE",3491,7376.59,0,0
2024-01-01,01Y,"NHS TAMESIDE AND GLOSSOP",3505,6229.42,0,0
2024-01-01,01G,"NHS SALFORD",3566,6119.15,0,0
2024-01-01,84H,"NHS COUNTY DURHAM",3853,7431.89,0,0
2024-01-01,06H,"NHS CAMBRIDGESHIRE AND PETERBOROUGH",3909,6551.3,0,0
2024-01-01,70F,"NHS WEST SUSSEX",4009,8673.54,0,0
2024-01-01,71E,"NHS LINCOLNSHIRE",4041,7277.52,0,0
2024-01-01,92G,"NHS BATH AND NORTH EAST SOMERSET, SWINDON AND WILTSHIRE",4220,8070.94,0,0
2024-01-01,11N,"NHS CORNWALL AND THE ISLES OF SCILLY",4377,8253.96,0,0
2024-01-01,36J,"NHS BRADFORD DISTRICT AND CRAVEN",4467,8621.7,0,0
2024-01-01,27D,"NHS CHESHIRE",4514,8397.16,0,0
2024-01-01,72Q,"NHS SOUTH EAST LONDON",4763,10167.86,0,0
2024-01-01,97R,"NHS EAST SUSSEX",5184,10919.27,0,0
2024-01-01,26A,"NHS NORFOLK AND WAVENEY",5757,10638.51,0,0
2024-01-01,15N,"NHS DEVON",5840,11900.12,0,0
2024-01-01,16C,"NHS TEES VALLEY",6131,11642.65,0,0
2024-01-01,M1J4Y,"NHS BEDFORDSHIRE, LUTON AND MILTON KEYNES",6140,11439.23,0,0
2024-01-01,78H,"NHS NORTHAMPTONSHIRE",6474,10332.86,0,0
2024-01-01,92A,"NHS SURREY HEARTLANDS",6488,13634.93,0,0
2024-01-01,B2M3M,"NHS COVENTRY AND WARWICKSHIRE",6704,11969.67,0,0
2024-01-01,15M,"NHS DERBY AND DERBYSHIRE",6796,13329.22,0,0
2024-01-01,14L,"NHS MANCHESTER",7942,14382.59,0,0
2024-01-01,52R,"NHS NOTTINGHAM AND NOTTINGHAMSHIRE",9346,16878.67,0,0
2024-01-01,D2P2L,"NHS BLACK COUNTRY",10820,20242.81,0,0
2024-01-01,91Q,"NHS KENT AND MEDWAY",12415,23792.91,0,0
2024-01-01,D9Y0V,"NHS HAMPSHIRE, SOUTHAMPTON AND ISLE OF WIGHT",16083,34133.14,0,0
2024-01-01,15E,"NHS BIRMINGHAM AND SOLIHULL",16170,30997.17,0,0
2024-02-01,09W,"NHS MEDWAY",0,0,0,0
2024-02-01,D4U1Y,"NHS FRIMLEY",51,78.79,0,0
2024-02-01,03Q,"NHS VALE OF YORK",276,576.83,0,0
2024-02-01,02Q,"NHS BASSETLAW",321,568.84,0,0
2024-02-01,00Q,"NHS BLACKBURN WITH DARWEN",367,666.6,0,0
2024-02-01,02G,"NHS WEST LANCASHIRE",445,829.71,0,0
2024-02-01,99C,"NHS NORTH TYNESIDE",499,1103.75,0,0
2024-02-01,03F,"NHS HULL",522,969.02,0,0
2024-02-01,07G,"NHS THURROCK",544,910.62,0,0
2024-02-01,01E,"NHS GREATER PRESTON",586,1106.13,0,0
2024-02-01,00X,"NHS CHORLEY AND SOUTH RIBBLE",592,1073.33,0,0
2024-02-01,01A,"NHS EAST LANCASHIRE",664,1177.05,0,0
2024-02-01,02Y,"NHS EAST RIDING OF YORKSHIRE",690,1372.58,0,0
2024-02-01,02M,"NHS FYLDE AND WYRE",733,1260.8,0,0
2024-02-01,03H,"NHS NORTH EAST LINCOLNSHIRE",743,1402.58,0,0
2024-02-01,06L,"NHS IPSWICH AND EAST SUFFOLK",762,1327.79,0,0
2024-02-01,99G,"NHS SOUTHEND",828,1552.24,0,0
2024-02-01,01F,"NHS HALTON",847,1545.66,0,0
2024-02-01,07K,"NHS WEST SUFFOLK",868,1437.16,0,0
2024-02-01,99E,"NHS BASILDON AND BRENTWOOD",874,1636.65,0,0
2024-02-01,03K,"NHS NORTH LINCOLNSHIRE",879,1462.87,0,0
2024-02-01,05D,"NHS EAST STAFFORDSHIRE",916,1593.57,0,0
2024-02-01,00R,"NHS BLACKPOOL",951,1623.89,0,0
2024-02-01,02E,"NHS WARRINGTON",1019,1932.15,0,0
2024-02-01,01D,"NHS HEYWOOD, MIDDLETON AND ROCHDALE",1066,1947.08,0,0
2024-02-01,05V,"NHS STAFFORD AND SURROUNDS",1085,1901.34,0,0
2024-02-01,00Y,"NHS OLDHAM",1092,1948.45,0,0
2024-02-01,01V,"NHS SOUTHPORT AND FORMBY",1097,2012.31,0,0
2024-02-01,U2G6B,"NHS THAMES VALLEY ICB - U2G6B",1127,2240,0,0
2024-02-01,03R,"NHS WAKEFIELD",1130,2181.05,0,0
2024-02-01,03L,"NHS ROTHERHAM",1139,2156,0,0
2024-02-01,02A,"NHS TRAFFORD",1141,2188.5,0,0
2024-02-01,01K,"NHS MORECAMBE BAY",1184,2254.55,0,0
2024-02-01,02P,"NHS BARNSLEY",1204,2386.5,0,0
2024-02-01,10Q,"NHS OXFORDSHIRE",1211,2645.1,0,0
2024-02-01,11M,"NHS GLOUCESTERSHIRE",1224,2402.52,0,0
2024-02-01,05G,"NHS NORTH STAFFORDSHIRE",1252,2342.48,0,0
2024-02-01,42D,"NHS NORTH YORKSHIRE",1298,2813.55,0,0
2024-02-01,04Y,"NHS CANNOCK CHASE",1325,2592.94,0,0
2024-02-01,99F,"NHS CASTLE POINT AND ROCHFORD",1343,2358.68,0,0
2024-02-01,00L,"NHS NORTHUMBERLAND",1368,2898.54,0,0
2024-02-01,01J,"NHS KNOWSLEY",1411,2557.54,0,0
2024-02-01,02X,"NHS DONCASTER",1484,2621.91,0,0
2024-02-01,09D,"NHS BRIGHTON AND HOVE",1627,3762.31,0,0
2024-02-01,05W,"NHS STOKE ON TRENT",1646,3181.57,0,0
2024-02-01,X2C4Y,"NHS KIRKLEES",1723,3874.72,0,0
2024-02-01,00N,"NHS SOUTH TYNESIDE",1768,3393.62,0,0
2024-02-01,15F,"NHS LEEDS",1772,3618.95,0,0
2024-02-01,14Y,"NHS BUCKINGHAMSHIRE",1776,3153.95,0,0
2024-02-01,07H,"NHS WEST ESSEX",1807,3127.17,0,0
2024-02-01,02T,"NHS CALDERDALE",1818,3494.38,0,0
2024-02-01,03W,"NHS EAST LEICESTERSHIRE AND RUTLAND",1867,3462.22,0,0
2024-02-01,06N,"NHS HERTS VALLEYS",1924,3835.09,0,0
2024-02-01,01T,"NHS SOUTH SEFTON",1943,3612.1,0,0
2024-02-01,02H,"NHS WIGAN BOROUGH",1950,3613.12,0,0
2024-02-01,01H,"NHS NORTH CUMBRIA",1992,3894.77,0,0
2024-02-01,06Q,"NHS MID ESSEX",2081,3616.66,0,0
2024-02-01,13T,"NHS NEWCASTLE GATESHEAD",2110,4297.02,0,0
2024-02-01,10R,"NHS PORTSMOUTH",2192,4587.49,0,0
2024-02-01,04C,"NHS LEICESTER CITY",2223,4028.54,0,0
2024-02-01,36L,"NHS SOUTH WEST LONDON",2251,4660.73,0,0
2024-02-01,01W,"NHS STOCKPORT",2256,4274.12,0,0
2024-02-01,00V,"NHS BURY",2356,3937.38,0,0
2024-02-01,99A,"NHS LIVERPOOL",2425,4612.41,0,0
2024-02-01,01X,"NHS ST HELENS",2474,4297.76,0,0
2024-02-01,05Q,"NHS SOUTH EAST STAFFORDSHIRE AND SEISDON PENINSULA",2514,4909.59,0,0
2024-02-01,M2L0M,"NHS SHROPSHIRE, TELFORD AND WREKIN",2515,5592.55,0,0
2024-02-01,W2U3Z,"NHS NORTH WEST LONDON",2520,5190.7,0,0
2024-02-01,03N,"NHS SHEFFIELD",2589,5085.63,0,0
2024-02-01,93C,"NHS NORTH CENTRAL LONDON",2709,5155.95,0,0
2024-02-01,15A,"NHS BERKSHIRE WEST",2805,5025.62,0,0
2024-02-01,12F,"NHS WIRRAL",2806,5358.13,0,0
2024-02-01,18C,"NHS HEREFORDSHIRE AND WORCESTERSHIRE",2813,5966.49,0,0
2024-02-01,04V,"NHS WEST LEICESTERSHIRE",2820,5195.91,0,0
2024-02-01,00T,"NHS BOLTON",2850,5219.37,0,0
2024-02-01,00P,"NHS SUNDERLAND",2917,5422.24,0,0
2024-02-01,06T,"NHS NORTH EAST ESSEX",2921,4740.76,0,0
2024-02-01,11X,"NHS SOMERSET",2927,5083.95,0,0
2024-02-01,06K,"NHS EAST AND NORTH HERTFORDSHIRE",2940,5095.3,0,0
2024-02-01,A3A8R,"NHS NORTH EAST LONDON",3006,5765.28,0,0
2024-02-01,01Y,"NHS TAMESIDE AND GLOSSOP",3051,5570.51,0,0
2024-02-01,11J,"NHS DORSET",3054,6697.81,0,0
2024-02-01,15C,"NHS BRISTOL, NORTH SOMERSET AND SOUTH GLOUCESTERSHIRE",3207,6756.73,0,0
2024-02-01,01G,"NHS SALFORD",3359,5793.4,0,0
2024-02-01,70F,"NHS WEST SUSSEX",3538,7665.47,0,0
2024-02-01,06H,"NHS CAMBRIDGESHIRE AND PETERBOROUGH",3712,6169.3,0,0
2024-02-01,84H,"NHS COUNTY DURHAM",3772,7307.39,0,0
2024-02-01,71E,"NHS LINCOLNSHIRE",3784,6829.16,0,0
2024-02-01,11N,"NHS CORNWALL AND THE ISLES OF SCILLY",3892,7312.02,0,0
2024-02-01,92G,"NHS BATH AND NORTH EAST SOMERSET, SWINDON AND WILTSHIRE",3921,7535.63,0,0
2024-02-01,36J,"NHS BRADFORD DISTRICT AND CRAVEN",4092,7899.81,0,0
2024-02-01,27D,"NHS CHESHIRE",4228,7798.71,0,0
2024-02-01,72Q,"NHS SOUTH EAST LONDON",4302,9247.98,0,0
2024-02-01,97R,"NHS EAST SUSSEX",4744,9956.56,0,0
2024-02-01,26A,"NHS NORFOLK AND WAVENEY",5225,9553.52,0,0
2024-02-01,15N,"NHS DEVON",5364,11033.43,0,0
2024-02-01,M1J4Y,"NHS BEDFORDSHIRE, LUTON AND MILTON KEYNES",5512,10201.92,0,0
2024-02-01,16C,"NHS TEES VALLEY",5739,11220.7,0,0
2024-02-01,92A,"NHS SURREY HEARTLANDS",5937,12719.98,0,0
2024-02-01,78H,"NHS NORTHAMPTONSHIRE",6049,9654.95,0,0
2024-02-01,15M,"NHS DERBY AND DERBYSHIRE",6252,12296.93,0,0
2024-02-01,B2M3M,"NHS COVENTRY AND WARWICKSHIRE",6298,11573.89,0,0
2024-02-01,14L,"NHS MANCHESTER",7313,13119.35,0,0
2024-02-01,52R,"NHS NOTTINGHAM AND NOTTINGHAMSHIRE",8603,15669.72,0,0
2024-02-01,D2P2L,"NHS BLACK COUNTRY",9984,18705.29,0,0
2024-02-01,91Q,"NHS KENT AND MEDWAY",10795,20776.96,0,0
2024-02-01,D9Y0V,"NHS HAMPSHIRE, SOUTHAMPTON AND ISLE OF WIGHT",14534,31132.68,0,0
2024-02-01,15E,"NHS BIRMINGHAM AND SOLIHULL",14751,27532.28,0,0
2024-03-01,09W,"NHS MEDWAY",0,0,0,0
2024-03-01,D4U1Y,"NHS FRIMLEY",63,92.95,0,0
2024-03-01,03Q,"NHS VALE OF YORK",287,590.29,0,0
2024-03-01,02Q,"NHS BASSETLAW",365,652.34,0,0
2024-03-01,00Q,"NHS BLACKBURN WITH DARWEN",391,713.35,0,0
2024-03-01,02G,"NHS WEST LANCASHIRE",460,859.12,0,0
2024-03-01,99C,"NHS NORTH TYNESIDE",510,1124.94,0,0
2024-03-01,07G,"NHS THURROCK",514,859.62,0,0
2024-03-01,03F,"NHS HULL",572,1194.55,0,0
2024-03-01,00X,"NHS CHORLEY AND SOUTH RIBBLE",576,1038.46,0,0
2024-03-01,01E,"NHS GREATER PRESTON",578,1093.26,0,0
2024-03-01,01A,"NHS EAST LANCASHIRE",678,1201.76,0,0
2024-03-01,02Y,"NHS EAST RIDING OF YORKSHIRE",694,1360.18,0,0
2024-03-01,02M,"NHS FYLDE AND WYRE",759,1273.27,0,0
2024-03-01,06L,"NHS IPSWICH AND EAST SUFFOLK",771,1356.36,0,0
2024-03-01,99G,"NHS SOUTHEND",783,1526.08,0,0
2024-03-01,03K,"NHS NORTH LINCOLNSHIRE",858,1440.68,0,0
2024-03-01,03H,"NHS NORTH EAST LINCOLNSHIRE",860,1748.78,0,0
2024-03-01,00R,"NHS BLACKPOOL",872,1477.43,0,0
2024-03-01,01F,"NHS HALTON",882,1599.39,0,0
2024-03-01,07K,"NHS WEST SUFFOLK",910,1532.22,0,0
2024-03-01,02E,"NHS WARRINGTON",935,1786.72,0,0
2024-03-01,99E,"NHS BASILDON AND BRENTWOOD",942,1764.75,0,0
2024-03-01,05D,"NHS EAST STAFFORDSHIRE",984,1732.76,0,0
2024-03-01,05V,"NHS STAFFORD AND SURROUNDS",1022,1760.19,0,0
2024-03-01,00Y,"NHS OLDHAM",1080,1948.89,0,0
2024-03-01,01D,"NHS HEYWOOD, MIDDLETON AND ROCHDALE",1106,2059.78,0,0
2024-03-01,01V,"NHS SOUTHPORT AND FORMBY",1120,2087.36,0,0
2024-03-01,03L,"NHS ROTHERHAM",1121,2043.04,0,0
2024-03-01,01K,"NHS MORECAMBE BAY",1167,2234.38,0,0
2024-03-01,03R,"NHS WAKEFIELD",1179,2249.45,0,0
2024-03-01,10Q,"NHS OXFORDSHIRE",1204,2654.85,0,0
2024-03-01,U2G6B,"NHS THAMES VALLEY ICB - U2G6B",1208,2384.65,0,0
2024-03-01,02A,"NHS TRAFFORD",1211,2292.96,0,0
2024-03-01,02P,"NHS BARNSLEY",1223,2409.3,0,0
2024-03-01,11M,"NHS GLOUCESTERSHIRE",1229,2394.05,0,0
2024-03-01,05G,"NHS NORTH STAFFORDSHIRE",1284,2370.79,0,0
2024-03-01,04Y,"NHS CANNOCK CHASE",1293,2504.38,0,0
2024-03-01,99F,"NHS CASTLE POINT AND ROCHFORD",1295,2314.7,0,0
2024-03-01,00L,"NHS NORTHUMBERLAND",1342,2787.5,0,0
2024-03-01,42D,"NHS NORTH YORKSHIRE",1369,2734.14,0,0
2024-03-01,01J,"NHS KNOWSLEY",1391,2551.54,0,0
2024-03-01,02X,"NHS DONCASTER",1588,2828.16,0,0
2024-03-01,05W,"NHS STOKE ON TRENT",1645,3053.23,0,0
2024-03-01,X2C4Y,"NHS KIRKLEES",1665,3655.82,0,0
2024-03-01,15F,"NHS LEEDS",1689,3439.45,0,0
2024-03-01,09D,"NHS BRIGHTON AND HOVE",1690,3950.23,0,0
2024-03-01,02T,"NHS CALDERDALE",1708,3535.73,0,0
2024-03-01,00N,"NHS SOUTH TYNESIDE",1740,3328.93,0,0
2024-03-01,14Y,"NHS BUCKINGHAMSHIRE",1768,3169.16,0,0
2024-03-01,03W,"NHS EAST LEICESTERSHIRE AND RUTLAND",1883,3377.93,0,0
2024-03-01,07H,"NHS WEST ESSEX",1915,3332.04,0,0
2024-03-01,02H,"NHS WIGAN BOROUGH",1930,3538.78,0,0
2024-03-01,06N,"NHS HERTS VALLEYS",1978,4102.84,0,0
2024-03-01,01T,"NHS SOUTH SEFTON",2003,3660.81,0,0
2024-03-01,01H,"NHS NORTH CUMBRIA",2006,3936.88,0,0
2024-03-01,06Q,"NHS MID ESSEX",2090,3463.89,0,0
2024-03-01,04C,"NHS LEICESTER CITY",2115,3768.35,0,0
2024-03-01,13T,"NHS NEWCASTLE GATESHEAD",2164,4425.76,0,0
2024-03-01,10R,"NHS PORTSMOUTH",2193,4510.39,0,0
2024-03-01,01W,"NHS STOCKPORT",2212,4179.1,0,0
2024-03-01,M2L0M,"NHS SHROPSHIRE, TELFORD AND WREKIN",2360,5285.33,0,0
2024-03-01,36L,"NHS SOUTH WEST LONDON",2362,4876.58,0,0
2024-03-01,99A,"NHS LIVERPOOL",2429,4663.88,0,0
2024-03-01,00V,"NHS BURY",2445,4092.42,0,0
2024-03-01,01X,"NHS ST HELENS",2478,4251.46,0,0
2024-03-01,05Q,"NHS SOUTH EAST STAFFORDSHIRE AND SEISDON PENINSULA",2483,4791.32,0,0
2024-03-01,W2U3Z,"NHS NORTH WEST LONDON",2499,5296.79,0,0
2024-03-01,03N,"NHS SHEFFIELD",2616,4754.16,0,0
2024-03-01,15A,"NHS BERKSHIRE WEST",2703,4792.6,0,0
2024-03-01,18C,"NHS HEREFORDSHIRE AND WORCESTERSHIRE",2772,5832.81,0,0
2024-03-01,93C,"NHS NORTH CENTRAL LONDON",2775,5343.81,0,0
2024-03-01,00T,"NHS BOLTON",2791,5146.58,0,0
2024-03-01,12F,"NHS WIRRAL",2820,5338.07,0,0
2024-03-01,04V,"NHS WEST LEICESTERSHIRE",2833,5228.39,0,0
2024-03-01,00P,"NHS SUNDERLAND",2929,5376.64,0,0
2024-03-01,11X,"NHS SOMERSET",2968,5210.03,0,0
2024-03-01,A3A8R,"NHS NORTH EAST LONDON",3017,5927,0,0
2024-03-01,06T,"NHS NORTH EAST ESSEX",3036,4916.41,0,0
2024-03-01,06K,"NHS EAST AND NORTH HERTFORDSHIRE",3042,5432.58,0,0
2024-03-01,11J,"NHS DORSET",3127,6767.12,0,0
2024-03-01,01G,"NHS SALFORD",3206,5511.02,0,0
2024-03-01,01Y,"NHS TAMESIDE AND GLOSSOP",3237,5820.22,0,0
2024-03-01,15C,"NHS BRISTOL, NORTH SOMERSET AND SOUTH GLOUCESTERSHIRE",3246,6784.09,0,0
2024-03-01,70F,"NHS WEST SUSSEX",3674,7990.57,0,0
2024-03-01,06H,"NHS CAMBRIDGESHIRE AND PETERBOROUGH",3725,6202.7,0,0
2024-03-01,71E,"NHS LINCOLNSHIRE",3781,6923.37,0,0
2024-03-01,84H,"NHS COUNTY DURHAM",3857,7480.49,0,0
2024-03-01,36J,"NHS BRADFORD DISTRICT AND CRAVEN",3888,7654.02,0,0
2024-03-01,92G,"NHS BATH AND NORTH EAST SOMERSET, SWINDON AND WILTSHIRE",3986,7745.89,0,0
2024-03-01,27D,"NHS CHESHIRE",4023,7474.44,0,0
2024-03-01,11N,"NHS CORNWALL AND THE ISLES OF SCILLY",4287,8054.52,0,0
2024-03-01,72Q,"NHS SOUTH EAST LONDON",4340,9153.74,0,0
2024-03-01,97R,"NHS EAST SUSSEX",4772,9978.78,0,0
2024-03-01,26A,"NHS NORFOLK AND WAVENEY",5100,9510.47,0,0
2024-03-01,M1J4Y,"NHS BEDFORDSHIRE, LUTON AND MILTON KEYNES",5511,10218.61,0,0
2024-03-01,15N,"NHS DEVON",5555,11326.36,0,0
2024-03-01,16C,"NHS TEES VALLEY",5788,11079.02,0,0
2024-03-01,92A,"NHS SURREY HEARTLANDS",5883,12233.05,0,0
2024-03-01,78H,"NHS NORTHAMPTONSHIRE",5910,10249.51,0,0
2024-03-01,15M,"NHS DERBY AND DERBYSHIRE",6171,12238.8,0,0
2024-03-01,B2M3M,"NHS COVENTRY AND WARWICKSHIRE",6359,11382.5,0,0
2024-03-01,14L,"NHS MANCHESTER",7316,13109.22,0,0
2024-03-01,52R,"NHS NOTTINGHAM AND NOTTINGHAMSHIRE",8562,15759.14,0,0
2024-03-01,D2P2L,"NHS BLACK COUNTRY",9822,19069.6,0,0
2024-03-01,91Q,"NHS KENT AND MEDWAY",10825,20951.95,0,0
2024-03-01,D9Y0V,"NHS HAMPSHIRE, SOUTHAMPTON AND ISLE OF WIGHT",14832,31487.3,0,0
2024-03-01,15E,"NHS BIRMINGHAM AND SOLIHULL",14998,28410.2,0,0
2024-04-01,09W,"NHS MEDWAY",0,0,0,0
2024-04-01,D4U1Y,"NHS FRIMLEY",52,84.13,0,0
2024-04-01,03Q,"NHS VALE OF YORK",306,654.23,0,0
2024-04-01,02Q,"NHS BASSETLAW",343,611.12,0,0
2024-04-01,00Q,"NHS BLACKBURN WITH DARWEN",409,767.49,0,0
2024-04-01,02G,"NHS WEST LANCASHIRE",466,868.36,0,0
2024-04-01,99C,"NHS NORTH TYNESIDE",506,1145.49,0,0
2024-04-01,07G,"NHS THURROCK",516,917.69,0,0
2024-04-01,03F,"NHS HULL",584,1103.26,0,0
2024-04-01,01E,"NHS GREATER PRESTON",624,1228.97,0,0
2024-04-01,00X,"NHS CHORLEY AND SOUTH RIBBLE",629,1154.13,0,0
2024-04-01,01A,"NHS EAST LANCASHIRE",642,1155.73,0,0
2024-04-01,02Y,"NHS EAST RIDING OF YORKSHIRE",761,1504.39,0,0
2024-04-01,02M,"NHS FYLDE AND WYRE",777,1466.79,0,0
2024-04-01,06L,"NHS IPSWICH AND EAST SUFFOLK",809,1361.16,0,0
2024-04-01,03H,"NHS NORTH EAST LINCOLNSHIRE",856,1687.5,0,0
2024-04-01,99G,"NHS SOUTHEND",857,1603.29,0,0
2024-04-01,03K,"NHS NORTH LINCOLNSHIRE",909,1526.38,0,0
2024-04-01,07K,"NHS WEST SUFFOLK",940,1547.14,0,0
2024-04-01,99E,"NHS BASILDON AND BRENTWOOD",943,1783.34,0,0
2024-04-01,00R,"NHS BLACKPOOL",956,1763.14,0,0
2024-04-01,05D,"NHS EAST STAFFORDSHIRE",957,1682.25,0,0
2024-04-01,01F,"NHS HALTON",962,1739.65,0,0
2024-04-01,02E,"NHS WARRINGTON",1017,1923.6,0,0
2024-04-01,01D,"NHS HEYWOOD, MIDDLETON AND ROCHDALE",1038,1942.95,0,0
2024-04-01,01V,"NHS SOUTHPORT AND FORMBY",1135,2080.04,0,0
2024-04-01,05V,"NHS STAFFORD AND SURROUNDS",1148,2020.12,0,0
2024-04-01,00Y,"NHS OLDHAM",1171,2143.45,0,0
2024-04-01,02A,"NHS TRAFFORD",1183,2246.9,0,0
2024-04-01,03R,"NHS WAKEFIELD",1205,2320.12,0,0
2024-04-01,03L,"NHS ROTHERHAM",1234,2245.76,0,0
2024-04-01,11M,"NHS GLOUCESTERSHIRE",1235,2601.57,0,0
2024-04-01,10Q,"NHS OXFORDSHIRE",1246,2656.76,0,0
2024-04-01,U2G6B,"NHS THAMES VALLEY ICB - U2G6B",1265,2526.63,0,0
2024-04-01,05G,"NHS NORTH STAFFORDSHIRE",1267,2447.72,0,0
2024-04-01,01K,"NHS MORECAMBE BAY",1270,2425.72,0,0
2024-04-01,02P,"NHS BARNSLEY",1293,2621,0,0
2024-04-01,04Y,"NHS CANNOCK CHASE",1345,2646.86,0,0
2024-04-01,99F,"NHS CASTLE POINT AND ROCHFORD",1355,2408.63,0,0
2024-04-01,42D,"NHS NORTH YORKSHIRE",1420,2788.72,0,0
2024-04-01,01J,"NHS KNOWSLEY",1456,2659.63,0,0
2024-04-01,00L,"NHS NORTHUMBERLAND",1483,3072.33,0,0
2024-04-01,02X,"NHS DONCASTER",1600,2911.12,0,0
2024-04-01,02T,"NHS CALDERDALE",1689,3289.33,0,0
2024-04-01,00N,"NHS SOUTH TYNESIDE",1738,3382.47,0,0
2024-04-01,05W,"NHS STOKE ON TRENT",1743,3097.81,0,0
2024-04-01,09D,"NHS BRIGHTON AND HOVE",1783,4117.2,0,0
2024-04-01,14Y,"NHS BUCKINGHAMSHIRE",1793,3218.29,0,0
2024-04-01,15F,"NHS LEEDS",1821,3805.47,0,0
2024-04-01,X2C4Y,"NHS KIRKLEES",1833,4214.48,0,0
2024-04-01,07H,"NHS WEST ESSEX",1878,3234.18,0,0
2024-04-01,03W,"NHS EAST LEICESTERSHIRE AND RUTLAND",1921,3480.14,0,0
2024-04-01,02H,"NHS WIGAN BOROUGH",1951,3561.9,0,0
2024-04-01,06N,"NHS HERTS VALLEYS",1959,4042.83,0,0
2024-04-01,01T,"NHS SOUTH SEFTON",2033,3734.24,0,0
2024-04-01,01H,"NHS NORTH CUMBRIA",2064,4019.54,0,0
2024-04-01,06Q,"NHS MID ESSEX",2141,3543.19,0,0
2024-04-01,13T,"NHS NEWCASTLE GATESHEAD",2158,4481.24,0,0
2024-04-01,00V,"NHS BURY",2211,3794.14,0,0
2024-04-01,04C,"NHS LEICESTER CITY",2218,3916.28,0,0
2024-04-01,10R,"NHS PORTSMOUTH",2228,4710.68,0,0
2024-04-01,01W,"NHS STOCKPORT",2251,4239.3,0,0
2024-04-01,M2L0M,"NHS SHROPSHIRE, TELFORD AND WREKIN",2371,5396.33,0,0
2024-04-01,36L,"NHS SOUTH WEST LONDON",2428,5079.41,0,0
2024-04-01,99A,"NHS LIVERPOOL",2460,4708.9,0,0
2024-04-01,03N,"NHS SHEFFIELD",2517,4618.27,0,0
2024-04-01,05Q,"NHS SOUTH EAST STAFFORDSHIRE AND SEISDON PENINSULA",2575,5120.26,0,0
2024-04-01,01X,"NHS ST HELENS",2617,4525.31,0,0
2024-04-01,W2U3Z,"NHS NORTH WEST LONDON",2658,5553.34,0,0
2024-04-01,15A,"NHS BERKSHIRE WEST",2805,5036.41,0,0
2024-04-01,93C,"NHS NORTH CENTRAL LONDON",2833,5559.04,0,0
2024-04-01,18C,"NHS HEREFORDSHIRE AND WORCESTERSHIRE",2842,6042.64,0,0
2024-04-01,00T,"NHS BOLTON",2860,5320.71,0,0
2024-04-01,04V,"NHS WEST LEICESTERSHIRE",2869,5340.03,0,0
2024-04-01,12F,"NHS WIRRAL",2906,5557.31,0,0
2024-04-01,06K,"NHS EAST AND NORTH HERTFORDSHIRE",2919,5164.92,0,0
2024-04-01,06T,"NHS NORTH EAST ESSEX",2948,4776.3,0,0
2024-04-01,00P,"NHS SUNDERLAND",3033,5702.92,0,0
2024-04-01,11X,"NHS SOMERSET",3055,5327.5,0,0
2024-04-01,11J,"NHS DORSET",3069,6708.85,0,0
2024-04-01,A3A8R,"NHS NORTH EAST LONDON",3110,6159.97,0,0
2024-04-01,01Y,"NHS TAMESIDE AND GLOSSOP",3221,5842.24,0,0
2024-04-01,15C,"NHS BRISTOL, NORTH SOMERSET AND SOUTH GLOUCESTERSHIRE",3279,6990.73,0,0
2024-04-01,01G,"NHS SALFORD",3300,5731.56,0,0
2024-04-01,06H,"NHS CAMBRIDGESHIRE AND PETERBOROUGH",3734,6565.05,0,0
2024-04-01,70F,"NHS WEST SUSSEX",3789,8430.79,0,0
2024-04-01,71E,"NHS LINCOLNSHIRE",3978,7102.01,0,0
2024-04-01,92G,"NHS BATH AND NORTH EAST SOMERSET, SWINDON AND WILTSHIRE",4022,7800.68,0,0
2024-04-01,84H,"NHS COUNTY DURHAM",4044,7866.8,0,0
2024-04-01,27D,"NHS CHESHIRE",4138,7729.08,0,0
2024-04-01,36J,"NHS BRADFORD DISTRICT AND CRAVEN",4217,8658.92,0,0
2024-04-01,11N,"NHS CORNWALL AND THE ISLES OF SCILLY",4304,8124.35,0,0
2024-04-01,72Q,"NHS SOUTH EAST LONDON",4604,9914.7,0,0
2024-04-01,97R,"NHS EAST SUSSEX",4744,10020.46,0,0
2024-04-01,26A,"NHS NORFOLK AND WAVENEY",5234,9613.86,0,0
2024-04-01,15N,"NHS DEVON",5621,11515.24,0,0
2024-04-01,M1J4Y,"NHS BEDFORDSHIRE, LUTON AND MILTON KEYNES",5705,10577.84,0,0
2024-04-01,92A,"NHS SURREY HEARTLANDS",5876,12371.93,0,0
2024-04-01,78H,"NHS NORTHAMPTONSHIRE",5903,9667.25,0,0
2024-04-01,16C,"NHS TEES VALLEY",6072,11704.78,0,0
2024-04-01,B2M3M,"NHS COVENTRY AND WARWICKSHIRE",6422,11413.39,0,0
2024-04-01,15M,"NHS DERBY AND DERBYSHIRE",6501,13148.54,0,0
2024-04-01,14L,"NHS MANCHESTER",7475,13445.83,0,0
2024-04-01,52R,"NHS NOTTINGHAM AND NOTTINGHAMSHIRE",8845,16795.37,0,0
2024-04-01,D2P2L,"NHS BLACK COUNTRY",10128,19263.94,0,0
2024-04-01,91Q,"NHS KENT AND MEDWAY",10760,20773.86,0,0
2024-04-01,D9Y0V,"NHS HAMPSHIRE, SOUTHAMPTON AND ISLE OF WIGHT",14769,31558.27,0,0
2024-04-01,15E,"NHS BIRMINGHAM AND SOLIHULL",15094,28526.8,0,0
2024-05-01,09W,"NHS MEDWAY",0,0,0,0
2024-05-01,D4U1Y,"NHS FRIMLEY",44,66.5,0,0
2024-05-01,03Q,"NHS VALE OF YORK",290,612.48,0,0
2024-05-01,02Q,"NHS BASSETLAW",355,624.98,0,0
2024-05-01,00Q,"NHS BLACKBURN WITH DARWEN",431,798.08,0,0
2024-05-01,02G,"NHS WEST LANCASHIRE",511,965.31,0,0
2024-05-01,07G,"NHS THURROCK",552,973.04,0,0
2024-05-01,99C,"NHS NORTH TYNESIDE",583,1287.19,0,0
2024-05-01,00X,"NHS CHORLEY AND SOUTH RIBBLE",616,1099.99,0,0
2024-05-01,03F,"NHS HULL",630,1202.38,0,0
2024-05-01,01E,"NHS GREATER PRESTON",648,1242.77,0,0
2024-05-01,01A,"NHS EAST LANCASHIRE",689,1256.15,0,0
2024-05-01,02Y,"NHS EAST RIDING OF YORKSHIRE",776,1516.56,0,0
2024-05-01,06L,"NHS IPSWICH AND EAST SUFFOLK",832,1509.06,0,0
2024-05-01,02M,"NHS FYLDE AND WYRE",842,1436.64,0,0
2024-05-01,03H,"NHS NORTH EAST LINCOLNSHIRE",858,1819.25,0,0
2024-05-01,99G,"NHS SOUTHEND",885,1656.57,0,0
2024-05-01,03K,"NHS NORTH LINCOLNSHIRE",917,1544.37,0,0
2024-05-01,07K,"NHS WEST SUFFOLK",936,1537.11,0,0
2024-05-01,00R,"NHS BLACKPOOL",937,1613.96,0,0
2024-05-01,99E,"NHS BASILDON AND BRENTWOOD",939,1851.91,0,0
2024-05-01,01F,"NHS HALTON",969,1742.03,0,0
2024-05-01,05D,"NHS EAST STAFFORDSHIRE",994,1764.28,0,0
2024-05-01,02E,"NHS WARRINGTON",1061,2039.42,0,0
2024-05-01,01V,"NHS SOUTHPORT AND FORMBY",1099,2065.32,0,0
2024-05-01,05V,"NHS STAFFORD AND SURROUNDS",1117,1946.14,0,0
2024-05-01,00Y,"NHS OLDHAM",1157,2110.63,0,0
2024-05-01,01D,"NHS HEYWOOD, MIDDLETON AND ROCHDALE",1200,2271.25,0,0
2024-05-01,03L,"NHS ROTHERHAM",1202,2245.43,0,0
2024-05-01,U2G6B,"NHS THAMES VALLEY ICB - U2G6B",1218,2437.71,0,0
2024-05-01,03R,"NHS WAKEFIELD",1276,2502.83,0,0
2024-05-01,02A,"NHS TRAFFORD",1281,2430.5,0,0
2024-05-01,05G,"NHS NORTH STAFFORDSHIRE",1283,2386,0,0
2024-05-01,02P,"NHS BARNSLEY",1292,2549.68,0,0
2024-05-01,10Q,"NHS OXFORDSHIRE",1297,2801.95,0,0
2024-05-01,11M,"NHS GLOUCESTERSHIRE",1298,2551.46,0,0
2024-05-01,01K,"NHS MORECAMBE BAY",1300,2467.03,0,0
2024-05-01,99F,"NHS CASTLE POINT AND ROCHFORD",1394,2423.79,0,0
2024-05-01,04Y,"NHS CANNOCK CHASE",1410,2770.65,0,0
2024-05-01,42D,"NHS NORTH YORKSHIRE",1421,2819.66,0,0
2024-05-01,01J,"NHS KNOWSLEY",1489,2707.04,0,0
2024-05-01,00L,"NHS NORTHUMBERLAND",1517,3207.38,0,0
2024-05-01,02X,"NHS DONCASTER",1635,2938.75,0,0
2024-05-01,05W,"NHS STOKE ON TRENT",1751,3108.46,0,0
2024-05-01,09D,"NHS BRIGHTON AND HOVE",1773,4197.45,0,0
2024-05-01,00N,"NHS SOUTH TYNESIDE",1803,3509.55,0,0
2024-05-01,07H,"NHS WEST ESSEX",1807,3241.9,0,0
2024-05-01,14Y,"NHS BUCKINGHAMSHIRE",1815,3237.5,0,0
2024-05-01,15F,"NHS LEEDS",1839,3812.69,0,0
2024-05-01,X2C4Y,"NHS KIRKLEES",1843,4183.49,0,0
2024-05-01,02T,"NHS CALDERDALE",1858,3583.72,0,0
2024-05-01,03W,"NHS EAST LEICESTERSHIRE AND RUTLAND",1980,3596.23,0,0
2024-05-01,02H,"NHS WIGAN BOROUGH",1996,3688.13,0,0
2024-05-01,06N,"NHS HERTS VALLEYS",2000,4017.67,0,0
2024-05-01,01T,"NHS SOUTH SEFTON",2102,3906.82,0,0
2024-05-01,06Q,"NHS MID ESSEX",2121,3543.06,0,0
2024-05-01,01H,"NHS NORTH CUMBRIA",2122,4174.43,0,0
2024-05-01,04C,"NHS LEICESTER CITY",2266,4062.82,0,0
2024-05-01,13T,"NHS NEWCASTLE GATESHEAD",2288,4717.19,0,0
2024-05-01,M2L0M,"NHS SHROPSHIRE, TELFORD AND WREKIN",2288,5174.93,0,0
2024-05-01,00V,"NHS BURY",2317,3971.24,0,0
2024-05-01,10R,"NHS PORTSMOUTH",2328,4857.69,0,0
2024-05-01,01W,"NHS STOCKPORT",2335,4483.14,0,0
2024-05-01,36L,"NHS SOUTH WEST LONDON",2446,5747.12,0,0
2024-05-01,05Q,"NHS SOUTH EAST STAFFORDSHIRE AND SEISDON PENINSULA",2518,4846.65,0,0
2024-05-01,99A,"NHS LIVERPOOL",2625,5063.62,0,0
2024-05-01,01X,"NHS ST HELENS",2666,4663.41,0,0
2024-05-01,W2U3Z,"NHS NORTH WEST LONDON",2666,5723.7,0,0
2024-05-01,15A,"NHS BERKSHIRE WEST",2797,5009.45,0,0
2024-05-01,03N,"NHS SHEFFIELD",2805,5142.95,0,0
2024-05-01,93C,"NHS NORTH CENTRAL LONDON",2855,5585.3,0,0
2024-05-01,18C,"NHS HEREFORDSHIRE AND WORCESTERSHIRE",2861,6036.48,0,0
2024-05-01,04V,"NHS WEST LEICESTERSHIRE",2905,5373.83,0,0
2024-05-01,06T,"NHS NORTH EAST ESSEX",2907,4770.11,0,0
2024-05-01,00T,"NHS BOLTON",2963,5462.77,0,0
2024-05-01,11X,"NHS SOMERSET",3017,5288.86,0,0
2024-05-01,06K,"NHS EAST AND NORTH HERTFORDSHIRE",3048,5340.94,0,0
2024-05-01,12F,"NHS WIRRAL",3059,5856.99,0,0
2024-05-01,00P,"NHS SUNDERLAND",3182,5916.96,0,0
2024-05-01,A3A8R,"NHS NORTH EAST LONDON",3195,6267.49,0,0
2024-05-01,01G,"NHS SALFORD",3334,5963.73,0,0
2024-05-01,15C,"NHS BRISTOL, NORTH SOMERSET AND SOUTH GLOUCESTERSHIRE",3385,7215.3,0,0
2024-05-01,01Y,"NHS TAMESIDE AND GLOSSOP",3386,6203.14,0,0
2024-05-01,11J,"NHS DORSET",3429,7499.37,0,0
2024-05-01,06H,"NHS CAMBRIDGESHIRE AND PETERBOROUGH",3821,6508.79,0,0
2024-05-01,70F,"NHS WEST SUSSEX",3828,8394.58,0,0
2024-05-01,71E,"NHS LINCOLNSHIRE",3911,7028.76,0,0
2024-05-01,84H,"NHS COUNTY DURHAM",4179,8097.67,0,0
2024-05-01,92G,"NHS BATH AND NORTH EAST SOMERSET, SWINDON AND WILTSHIRE",4222,8142.39,0,0
2024-05-01,27D,"NHS CHESHIRE",4225,7855.72,0,0
2024-05-01,36J,"NHS BRADFORD DISTRICT AND CRAVEN",4252,8297.93,0,0
2024-05-01,11N,"NHS CORNWALL AND THE ISLES OF SCILLY",4458,8495.29,0,0
2024-05-01,72Q,"NHS SOUTH EAST LONDON",4655,10071.99,0,0
2024-05-01,97R,"NHS EAST SUSSEX",4879,10300.14,0,0
2024-05-01,26A,"NHS NORFOLK AND WAVENEY",5307,10322.17,0,0
2024-05-01,15N,"NHS DEVON",5629,11455.84,0,0
2024-05-01,M1J4Y,"NHS BEDFORDSHIRE, LUTON AND MILTON KEYNES",5789,11081.55,0,0
2024-05-01,92A,"NHS SURREY HEARTLANDS",5992,12477.2,0,0
2024-05-01,78H,"NHS NORTHAMPTONSHIRE",6053,10225.11,0,0
2024-05-01,16C,"NHS TEES VALLEY",6072,11884.51,0,0
2024-05-01,15M,"NHS DERBY AND DERBYSHIRE",6613,13271.64,0,0
2024-05-01,B2M3M,"NHS COVENTRY AND WARWICKSHIRE",6920,12076.61,0,0
2024-05-01,14L,"NHS MANCHESTER",7813,14021.51,0,0
2024-05-01,52R,"NHS NOTTINGHAM AND NOTTINGHAMSHIRE",9087,16770.84,0,0
2024-05-01,D2P2L,"NHS BLACK COUNTRY",10280,19846.13,0,0
2024-05-01,91Q,"NHS KENT AND MEDWAY",10974,21324.08,0,0
2024-05-01,D9Y0V,"NHS HAMPSHIRE, SOUTHAMPTON AND ISLE OF WIGHT",15142,32323.14,0,0
2024-05-01,15E,"NHS BIRMINGHAM AND SOLIHULL",15342,29104.02,0,0
2024-06-01,09W,"NHS MEDWAY",0,0,0,0
2024-06-01,D4U1Y,"NHS FRIMLEY",37,56.46,0,0
2024-06-01,03Q,"NHS VALE OF YORK",283,593.67,0,0
2024-06-01,02Q,"NHS BASSETLAW",365,644.92,0,0
2024-06-01,00Q,"NHS BLACKBURN WITH DARWEN",404,751.22,0,0
2024-06-01,02G,"NHS WEST LANCASHIRE",458,880.82,0,0
2024-06-01,07G,"NHS THURROCK",485,825.41,0,0
2024-06-01,99C,"NHS NORTH TYNESIDE",525,1173.33,0,0
2024-06-01,03F,"NHS HULL",571,1181.8,0,0
2024-06-01,00X,"NHS CHORLEY AND SOUTH RIBBLE",580,1040.74,0,0
2024-06-01,01E,"NHS GREATER PRESTON",607,1148.24,0,0
2024-06-01,01A,"NHS EAST LANCASHIRE",660,1200.36,0,0
2024-06-01,02M,"NHS FYLDE AND WYRE",723,1250.08,0,0
2024-06-01,02Y,"NHS EAST RIDING OF YORKSHIRE",734,1445.01,0,0
2024-06-01,03H,"NHS NORTH EAST LINCOLNSHIRE",765,1504.15,0,0
2024-06-01,06L,"NHS IPSWICH AND EAST SUFFOLK",768,1328.34,0,0
2024-06-01,99G,"NHS SOUTHEND",807,1486.82,0,0
2024-06-01,03K,"NHS NORTH LINCOLNSHIRE",854,1453.99,0,0
2024-06-01,01F,"NHS HALTON",862,1565.12,0,0
2024-06-01,07K,"NHS WEST SUFFOLK",872,1423.37,0,0
2024-06-01,00R,"NHS BLACKPOOL",873,1495.49,0,0
2024-06-01,99E,"NHS BASILDON AND BRENTWOOD",911,1717.1,0,0
2024-06-01,05D,"NHS EAST STAFFORDSHIRE",997,1752.44,0,0
2024-06-01,02E,"NHS WARRINGTON",1009,1893.89,0,0
2024-06-01,05V,"NHS STAFFORD AND SURROUNDS",1027,1798.55,0,0
2024-06-01,01D,"NHS HEYWOOD, MIDDLETON AND ROCHDALE",1057,1986.29,0,0
2024-06-01,01V,"NHS SOUTHPORT AND FORMBY",1070,1972.78,0,0
2024-06-01,00Y,"NHS OLDHAM",1077,1937.2,0,0
2024-06-01,02A,"NHS TRAFFORD",1132,2145.63,0,0
2024-06-01,03L,"NHS ROTHERHAM",1164,2124.79,0,0
2024-06-01,03R,"NHS WAKEFIELD",1170,2369.71,0,0
2024-06-01,11M,"NHS GLOUCESTERSHIRE",1186,2328.51,0,0
2024-06-01,10Q,"NHS OXFORDSHIRE",1190,2543.51,0,0
2024-06-01,U2G6B,"NHS THAMES VALLEY ICB - U2G6B",1203,2403.27,0,0
2024-06-01,05G,"NHS NORTH STAFFORDSHIRE",1209,2250,0,0
2024-06-01,04Y,"NHS CANNOCK CHASE",1236,2423.68,0,0
2024-06-01,02P,"NHS BARNSLEY",1262,2495.67,0,0
2024-06-01,01K,"NHS MORECAMBE BAY",1278,2475.72,0,0
2024-06-01,99F,"NHS CASTLE POINT AND ROCHFORD",1354,2451.01,0,0
2024-06-01,01J,"NHS KNOWSLEY",1370,2500.43,0,0
2024-06-01,42D,"NHS NORTH YORKSHIRE",1397,2711.49,0,0
2024-06-01,00L,"NHS NORTHUMBERLAND",1421,3002.5,0,0
2024-06-01,02X,"NHS DONCASTER",1516,2737.61,0,0
2024-06-01,02T,"NHS CALDERDALE",1592,3311.48,0,0
2024-06-01,05W,"NHS STOKE ON TRENT",1610,2842.02,0,0
2024-06-01,09D,"NHS BRIGHTON AND HOVE",1632,3739.47,0,0
2024-06-01,07H,"NHS WEST ESSEX",1699,2913.62,0,0
2024-06-01,00N,"NHS SOUTH TYNESIDE",1705,3344.99,0,0
2024-06-01,14Y,"NHS BUCKINGHAMSHIRE",1727,3140,0,0
2024-06-01,15F,"NHS LEEDS",1731,3640.38,0,0
2024-06-01,X2C4Y,"NHS KIRKLEES",1742,4069.91,0,0
2024-06-01,03W,"NHS EAST LEICESTERSHIRE AND RUTLAND",1872,3418.16,0,0
2024-06-01,02H,"NHS WIGAN BOROUGH",1874,3471.89,0,0
2024-06-01,01T,"NHS SOUTH SEFTON",1925,3567.68,0,0
2024-06-01,06N,"NHS HERTS VALLEYS",1934,3955.77,0,0
2024-06-01,01H,"NHS NORTH CUMBRIA",1969,3862.7,0,0
2024-06-01,00V,"NHS BURY",2023,3481.02,0,0
2024-06-01,04C,"NHS LEICESTER CITY",2052,3749.97,0,0
2024-06-01,06Q,"NHS MID ESSEX",2064,3442.73,0,0
2024-06-01,01W,"NHS STOCKPORT",2080,3929.97,0,0
2024-06-01,13T,"NHS NEWCASTLE GATESHEAD",2105,4404.39,0,0
2024-06-01,10R,"NHS PORTSMOUTH",2129,4434.2,0,0
2024-06-01,M2L0M,"NHS SHROPSHIRE, TELFORD AND WREKIN",2179,4878.61,0,0
2024-06-01,36L,"NHS SOUTH WEST LONDON",2247,4711.8,0,0
2024-06-01,05Q,"NHS SOUTH EAST STAFFORDSHIRE AND SEISDON PENINSULA",2372,4720.17,0,0
2024-06-01,99A,"NHS LIVERPOOL",2375,4545.83,0,0
2024-06-01,01X,"NHS ST HELENS",2445,4251.16,0,0
2024-06-01,03N,"NHS SHEFFIELD",2452,4532.05,0,0
2024-06-01,W2U3Z,"NHS NORTH WEST LONDON",2526,5385.21,0,0
2024-06-01,15A,"NHS BERKSHIRE WEST",2612,4648.47,0,0
2024-06-01,00T,"NHS BOLTON",2647,4888.44,0,0
2024-06-01,18C,"NHS HEREFORDSHIRE AND WORCESTERSHIRE",2670,5790.46,0,0
2024-06-01,11X,"NHS SOMERSET",2672,4709.37,0,0
2024-06-01,12F,"NHS WIRRAL",2730,5174.95,0,0
2024-06-01,04V,"NHS WEST LEICESTERSHIRE",2759,5134.68,0,0
2024-06-01,93C,"NHS NORTH CENTRAL LONDON",2770,5297.16,0,0
2024-06-01,06T,"NHS NORTH EAST ESSEX",2795,4590.36,0,0
2024-06-01,06K,"NHS EAST AND NORTH HERTFORDSHIRE",2796,5011.39,0,0
2024-06-01,00P,"NHS SUNDERLAND",2860,5291.42,0,0
2024-06-01,01G,"NHS SALFORD",2966,5190.54,0,0
2024-06-01,11J,"NHS DORSET",3061,6718.76,0,0
2024-06-01,15C,"NHS BRISTOL, NORTH SOMERSET AND SOUTH GLOUCESTERSHIRE",3061,6446.33,0,0
2024-06-01,A3A8R,"NHS NORTH EAST LONDON",3126,6076.14,0,0
2024-06-01,01Y,"NHS TAMESIDE AND GLOSSOP",3130,5682.91,0,0
2024-06-01,70F,"NHS WEST SUSSEX",3520,7726.65,0,0
2024-06-01,06H,"NHS CAMBRIDGESHIRE AND PETERBOROUGH",3586,5967.73,0,0
2024-06-01,71E,"NHS LINCOLNSHIRE",3689,6639.28,0,0
2024-06-01,36J,"NHS BRADFORD DISTRICT AND CRAVEN",3854,7532.53,0,0
2024-06-01,84H,"NHS COUNTY DURHAM",3899,7594.19,0,0
2024-06-01,92G,"NHS BATH AND NORTH EAST SOMERSET, SWINDON AND WILTSHIRE",3938,7623.86,0,0
2024-06-01,27D,"NHS CHESHIRE",4024,7588.22,0,0
2024-06-01,11N,"NHS CORNWALL AND THE ISLES OF SCILLY",4179,7834.36,0,0
2024-06-01,72Q,"NHS SOUTH EAST LONDON",4339,9412.17,0,0
2024-06-01,97R,"NHS EAST SUSSEX",4503,9501.12,0,0
2024-06-01,26A,"NHS NORFOLK AND WAVENEY",4959,9187.49,0,0
2024-06-01,15N,"NHS DEVON",5365,11010.64,0,0
2024-06-01,M1J4Y,"NHS BEDFORDSHIRE, LUTON AND MILTON KEYNES",5368,10218.93,0,0
2024-06-01,78H,"NHS NORTHAMPTONSHIRE",5486,8799.19,0,0
2024-06-01,92A,"NHS SURREY HEARTLANDS",5501,11617.05,0,0
2024-06-01,16C,"NHS TEES VALLEY",5837,11212.15,0,0
2024-06-01,B2M3M,"NHS COVENTRY AND WARWICKSHIRE",6011,10493.02,0,0
2024-06-01,15M,"NHS DERBY AND DERBYSHIRE",6206,12304.32,0,0
2024-06-01,14L,"NHS MANCHESTER",7055,12710.37,0,0
2024-06-01,52R,"NHS NOTTINGHAM AND NOTTINGHAMSHIRE",8290,15418.32,0,0
2024-06-01,D2P2L,"NHS BLACK COUNTRY",9389,18072.59,0,0
2024-06-01,91Q,"NHS KENT AND MEDWAY",10052,19478.36,0,0
2024-06-01,D9Y0V,"NHS HAMPSHIRE, SOUTHAMPTON AND ISLE OF WIGHT",14216,31002.03,0,0
2024-06-01,15E,"NHS BIRMINGHAM AND SOLIHULL",14356,26976.61,0,0
2024-07-01,09W,"NHS MEDWAY",0,0,0,0
2024-07-01,D4U1Y,"NHS FRIMLEY",33,56.38,0,0
2024-07-01,03Q,"NHS VALE OF YORK",324,675,0,0
2024-07-01,02Q,"NHS BASSETLAW",387,694.82,0,0
2024-07-01,00Q,"NHS BLACKBURN WITH DARWEN",432,812.85,0,0
2024-07-01,02G,"NHS WEST LANCASHIRE",519,974.06,0,0
2024-07-01,07G,"NHS THURROCK",553,938.08,0,0
2024-07-01,99C,"NHS NORTH TYNESIDE",592,1314.86,0,0
2024-07-01,00X,"NHS CHORLEY AND SOUTH RIBBLE",634,1160.01,0,0
2024-07-01,01E,"NHS GREATER PRESTON",653,1244.57,0,0
2024-07-01,03F,"NHS HULL",670,1259.51,0,0
2024-07-01,01A,"NHS EAST LANCASHIRE",708,1284.91,0,0
2024-07-01,02M,"NHS FYLDE AND WYRE",765,1309.03,0,0
2024-07-01,02Y,"NHS EAST RIDING OF YORKSHIRE",784,1539.82,0,0
2024-07-01,99G,"NHS SOUTHEND",832,1531.13,0,0
2024-07-01,06L,"NHS IPSWICH AND EAST SUFFOLK",872,1523.77,0,0
2024-07-01,03H,"NHS NORTH EAST LINCOLNSHIRE",904,1979.51,0,0
2024-07-01,07K,"NHS WEST SUFFOLK",925,1525.9,0,0
2024-07-01,03K,"NHS NORTH LINCOLNSHIRE",936,1584.46,0,0
2024-07-01,00R,"NHS BLACKPOOL",940,1616.63,0,0
2024-07-01,01F,"NHS HALTON",971,1747.33,0,0
2024-07-01,05D,"NHS EAST STAFFORDSHIRE",975,1730.55,0,0
2024-07-01,99E,"NHS BASILDON AND BRENTWOOD",978,1830.21,0,0
2024-07-01,02E,"NHS WARRINGTON",1055,2042.01,0,0
2024-07-01,01V,"NHS SOUTHPORT AND FORMBY",1131,2114.12,0,0
2024-07-01,01D,"NHS HEYWOOD, MIDDLETON AND ROCHDALE",1152,2197.28,0,0
2024-07-01,05V,"NHS STAFFORD AND SURROUNDS",1157,2045.85,0,0
2024-07-01,00Y,"NHS OLDHAM",1194,2184.79,0,0
2024-07-01,02A,"NHS TRAFFORD",1217,2363.54,0,0
2024-07-01,U2G6B,"NHS THAMES VALLEY ICB - U2G6B",1218,2384.98,0,0
2024-07-01,11M,"NHS GLOUCESTERSHIRE",1266,2545.01,0,0
2024-07-01,03L,"NHS ROTHERHAM",1304,2402.53,0,0
2024-07-01,03R,"NHS WAKEFIELD",1331,2575.42,0,0
2024-07-01,10Q,"NHS OXFORDSHIRE",1331,2952.7,0,0
2024-07-01,05G,"NHS NORTH STAFFORDSHIRE",1354,2550.21,0,0
2024-07-01,01K,"NHS MORECAMBE BAY",1358,2617.93,0,0
2024-07-01,04Y,"NHS CANNOCK CHASE",1365,2664.11,0,0
2024-07-01,99F,"NHS CASTLE POINT AND ROCHFORD",1385,2547.91,0,0
2024-07-01,02P,"NHS BARNSLEY",1443,2815.69,0,0
2024-07-01,42D,"NHS NORTH YORKSHIRE",1477,2851.41,0,0
2024-07-01,00L,"NHS NORTHUMBERLAND",1509,3198.56,0,0
2024-07-01,01J,"NHS KNOWSLEY",1551,2834.7,0,0
2024-07-01,02X,"NHS DONCASTER",1624,2927.91,0,0
2024-07-01,02T,"NHS CALDERDALE",1706,3463.8,0,0
2024-07-01,00N,"NHS SOUTH TYNESIDE",1770,3413.26,0,0
2024-07-01,05W,"NHS STOKE ON TRENT",1775,3134.03,0,0
2024-07-01,09D,"NHS BRIGHTON AND HOVE",1779,4205.67,0,0
2024-07-01,07H,"NHS WEST ESSEX",1818,3160.23,0,0
2024-07-01,14Y,"NHS BUCKINGHAMSHIRE",1874,3378.91,0,0
2024-07-01,15F,"NHS LEEDS",1886,3901.91,0,0
2024-07-01,06N,"NHS HERTS VALLEYS",1910,3898.33,0,0
2024-07-01,03W,"NHS EAST LEICESTERSHIRE AND RUTLAND",1922,3445.54,0,0
2024-07-01,X2C4Y,"NHS KIRKLEES",1968,4634.79,0,0
2024-07-01,01T,"NHS SOUTH SEFTON",2014,3738.62,0,0
2024-07-01,02H,"NHS WIGAN BOROUGH",2123,3859.31,0,0
2024-07-01,06Q,"NHS MID ESSEX",2129,3590.68,0,0
2024-07-01,01H,"NHS NORTH CUMBRIA",2164,4237.37,0,0
2024-07-01,10R,"NHS PORTSMOUTH",2164,4577.95,0,0
2024-07-01,04C,"NHS LEICESTER CITY",2195,3939.34,0,0
2024-07-01,00V,"NHS BURY",2276,3875.31,0,0
2024-07-01,13T,"NHS NEWCASTLE GATESHEAD",2306,4758.53,0,0
2024-07-01,01W,"NHS STOCKPORT",2320,4365.49,0,0
2024-07-01,M2L0M,"NHS SHROPSHIRE, TELFORD AND WREKIN",2358,5345.5,0,0
2024-07-01,36L,"NHS SOUTH WEST LONDON",2496,5217.21,0,0
2024-07-01,99A,"NHS LIVERPOOL",2578,4979.3,0,0
2024-07-01,05Q,"NHS SOUTH EAST STAFFORDSHIRE AND SEISDON PENINSULA",2627,5184.51,0,0
2024-07-01,15A,"NHS BERKSHIRE WEST",2653,4757.79,0,0
2024-07-01,01X,"NHS ST HELENS",2694,4685.06,0,0
2024-07-01,W2U3Z,"NHS NORTH WEST LONDON",2737,5619.72,0,0
2024-07-01,03N,"NHS SHEFFIELD",2739,5106.62,0,0
2024-07-01,18C,"NHS HEREFORDSHIRE AND WORCESTERSHIRE",2796,5961.42,0,0
2024-07-01,11X,"NHS SOMERSET",2857,5032.82,0,0
2024-07-01,06T,"NHS NORTH EAST ESSEX",2872,4693.43,0,0
2024-07-01,00T,"NHS BOLTON",2906,5410.28,0,0
2024-07-01,12F,"NHS WIRRAL",2937,5598.93,0,0
2024-07-01,04V,"NHS WEST LEICESTERSHIRE",2945,5519.79,0,0
2024-07-01,93C,"NHS NORTH CENTRAL LONDON",3005,5829.6,0,0
2024-07-01,06K,"NHS EAST AND NORTH HERTFORDSHIRE",3021,5365.66,0,0
2024-07-01,15C,"NHS BRISTOL, NORTH SOMERSET AND SOUTH GLOUCESTERSHIRE",3118,6619.45,0,0
2024-07-01,00P,"NHS SUNDERLAND",3156,5880.42,0,0
2024-07-01,01Y,"NHS TAMESIDE AND GLOSSOP",3191,5798.16,0,0
2024-07-01,01G,"NHS SALFORD",3286,5734.39,0,0
2024-07-01,11J,"NHS DORSET",3291,7213.94,0,0
2024-07-01,A3A8R,"NHS NORTH EAST LONDON",3311,6412.95,0,0
2024-07-01,06H,"NHS CAMBRIDGESHIRE AND PETERBOROUGH",3795,6352.89,0,0
2024-07-01,70F,"NHS WEST SUSSEX",3825,8398.04,0,0
2024-07-01,71E,"NHS LINCOLNSHIRE",4007,7155.48,0,0
2024-07-01,92G,"NHS BATH AND NORTH EAST SOMERSET, SWINDON AND WILTSHIRE",4192,8066.12,0,0
2024-07-01,36J,"NHS BRADFORD DISTRICT AND CRAVEN",4193,8191.41,0,0
2024-07-01,27D,"NHS CHESHIRE",4301,8048.93,0,0
2024-07-01,84H,"NHS COUNTY DURHAM",4381,8571.95,0,0
2024-07-01,11N,"NHS CORNWALL AND THE ISLES OF SCILLY",4452,8379.26,0,0
2024-07-01,72Q,"NHS SOUTH EAST LONDON",4751,10143.24,0,0
2024-07-01,97R,"NHS EAST SUSSEX",4814,10129.81,0,0
2024-07-01,26A,"NHS NORFOLK AND WAVENEY",5308,9810.83,0,0
2024-07-01,15N,"NHS DEVON",5569,11492.6,0,0
2024-07-01,78H,"NHS NORTHAMPTONSHIRE",5765,9317.75,0,0
2024-07-01,M1J4Y,"NHS BEDFORDSHIRE, LUTON AND MILTON KEYNES",5820,10988.26,0,0
2024-07-01,92A,"NHS SURREY HEARTLANDS",5894,12370.42,0,0
2024-07-01,16C,"NHS TEES VALLEY",6331,12240.76,0,0
2024-07-01,15M,"NHS DERBY AND DERBYSHIRE",6632,13622.16,0,0
2024-07-01,B2M3M,"NHS COVENTRY AND WARWICKSHIRE",6728,11776.29,0,0
2024-07-01,14L,"NHS MANCHESTER",7701,13881.46,0,0
2024-07-01,52R,"NHS NOTTINGHAM AND NOTTINGHAMSHIRE",8877,16652.84,0,0
2024-07-01,D2P2L,"NHS BLACK COUNTRY",10121,19842.48,0,0
2024-07-01,91Q,"NHS KENT AND MEDWAY",10712,20750.05,0,0
2024-07-01,D9Y0V,"NHS HAMPSHIRE, SOUTHAMPTON AND ISLE OF WIGHT",14680,31789.63,0,0
2024-07-01,15E,"NHS BIRMINGHAM AND SOLIHULL",15554,29435.55,0,0
2024-08-01,09W,"NHS MEDWAY",0,0,0,0
2024-08-01,D4U1Y,"NHS FRIMLEY",23,36.81,0,0
2024-08-01,03Q,"NHS VALE OF YORK",289,585.32,0,0
2024-08-01,02Q,"NHS BASSETLAW",359,642.73,0,0
2024-08-01,00Q,"NHS BLACKBURN WITH DARWEN",464,841.17,0,0
2024-08-01,07G,"NHS THURROCK",498,870.99,0,0
2024-08-01,02G,"NHS WEST LANCASHIRE",541,1013.64,0,0
2024-08-01,99C,"NHS NORTH TYNESIDE",595,1317.76,0,0
2024-08-01,00X,"NHS CHORLEY AND SOUTH RIBBLE",600,1089.09,0,0
2024-08-01,03F,"NHS HULL",616,1164.77,0,0
2024-08-01,01E,"NHS GREATER PRESTON",648,1257.77,0,0
2024-08-01,01A,"NHS EAST LANCASHIRE",653,1206.3,0,0
2024-08-01,06L,"NHS IPSWICH AND EAST SUFFOLK",755,1353.78,0,0
2024-08-01,02Y,"NHS EAST RIDING OF YORKSHIRE",764,1504.15,0,0
2024-08-01,99G,"NHS SOUTHEND",773,1510.43,0,0
2024-08-01,02M,"NHS FYLDE AND WYRE",794,1360.8,0,0
2024-08-01,03H,"NHS NORTH EAST LINCOLNSHIRE",821,1824.91,0,0
2024-08-01,00R,"NHS BLACKPOOL",859,1490.66,0,0
2024-08-01,07K,"NHS WEST SUFFOLK",877,1417.62,0,0
2024-08-01,99E,"NHS BASILDON AND BRENTWOOD",901,1702.16,0,0
2024-08-01,01F,"NHS HALTON",910,1684.26,0,0
2024-08-01,03K,"NHS NORTH LINCOLNSHIRE",914,1531.71,0,0
2024-08-01,05D,"NHS EAST STAFFORDSHIRE",914,1589.7,0,0
2024-08-01,02E,"NHS WARRINGTON",1005,1949.87,0,0
2024-08-01,05V,"NHS STAFFORD AND SURROUNDS",1032,1819.37,0,0
2024-08-01,01V,"NHS SOUTHPORT AND FORMBY",1110,2083.9,0,0
2024-08-01,02A,"NHS TRAFFORD",1113,2099.07,0,0
2024-08-01,01D,"NHS HEYWOOD, MIDDLETON AND ROCHDALE",1115,2128.37,0,0
2024-08-01,00Y,"NHS OLDHAM",1130,2043.68,0,0
2024-08-01,U2G6B,"NHS THAMES VALLEY ICB - U2G6B",1132,2290.58,0,0
2024-08-01,03L,"NHS ROTHERHAM",1182,2125.84,0,0
2024-08-01,11M,"NHS GLOUCESTERSHIRE",1209,2415.01,0,0
2024-08-01,10Q,"NHS OXFORDSHIRE",1215,2657.57,0,0
2024-08-01,05G,"NHS NORTH STAFFORDSHIRE",1237,2279.28,0,0
2024-08-01,04Y,"NHS CANNOCK CHASE",1238,2430.82,0,0
2024-08-01,03R,"NHS WAKEFIELD",1240,2383.4,0,0
2024-08-01,02P,"NHS BARNSLEY",1254,2487.59,0,0
2024-08-01,01K,"NHS MORECAMBE BAY",1326,2524.4,0,0
2024-08-01,99F,"NHS CASTLE POINT AND ROCHFORD",1351,2387.77,0,0
2024-08-01,01J,"NHS KNOWSLEY",1418,2594.1,0,0
2024-08-01,42D,"NHS NORTH YORKSHIRE",1431,2821.01,0,0
2024-08-01,02X,"NHS DONCASTER",1557,2864.37,0,0
2024-08-01,00L,"NHS NORTHUMBERLAND",1566,3275.18,0,0
2024-08-01,02T,"NHS CALDERDALE",1573,3069.83,0,0
2024-08-01,09D,"NHS BRIGHTON AND HOVE",1597,3751.2,0,0
2024-08-01,14Y,"NHS BUCKINGHAMSHIRE",1662,3022.16,0,0
2024-08-01,05W,"NHS STOKE ON TRENT",1681,3196.41,0,0
2024-08-01,07H,"NHS WEST ESSEX",1725,2989.22,0,0
2024-08-01,00N,"NHS SOUTH TYNESIDE",1733,3392.38,0,0
2024-08-01,15F,"NHS LEEDS",1755,3619.15,0,0
2024-08-01,X2C4Y,"NHS KIRKLEES",1759,4018.51,0,0
2024-08-01,06N,"NHS HERTS VALLEYS",1819,3709.73,0,0
2024-08-01,03W,"NHS EAST LEICESTERSHIRE AND RUTLAND",1839,3349.56,0,0
2024-08-01,06Q,"NHS MID ESSEX",1936,3277.86,0,0
2024-08-01,01H,"NHS NORTH CUMBRIA",1950,3790.49,0,0
2024-08-01,02H,"NHS WIGAN BOROUGH",1950,3586.17,0,0
2024-08-01,04C,"NHS LEICESTER CITY",1967,3571.26,0,0
2024-08-01,01T,"NHS SOUTH SEFTON",1992,3679.65,0,0
2024-08-01,10R,"NHS PORTSMOUTH",2009,4148.98,0,0
2024-08-01,00V,"NHS BURY",2127,3659.44,0,0
2024-08-01,M2L0M,"NHS SHROPSHIRE, TELFORD AND WREKIN",2235,5091.55,0,0
2024-08-01,01W,"NHS STOCKPORT",2250,4264.69,0,0
2024-08-01,13T,"NHS NEWCASTLE GATESHEAD",2251,4664.27,0,0
2024-08-01,36L,"NHS SOUTH WEST LONDON",2330,4855.88,0,0
2024-08-01,05Q,"NHS SOUTH EAST STAFFORDSHIRE AND SEISDON PENINSULA",2349,4648.2,0,0
2024-08-01,01X,"NHS ST HELENS",2385,4177.15,0,0
2024-08-01,W2U3Z,"NHS NORTH WEST LONDON",2420,5175.21,0,0
2024-08-01,99A,"NHS LIVERPOOL",2451,4713.52,0,0
2024-08-01,03N,"NHS SHEFFIELD",2492,4569.67,0,0
2024-08-01,15A,"NHS BERKSHIRE WEST",2529,4548.22,0,0
2024-08-01,11X,"NHS SOMERSET",2577,4589.35,0,0
2024-08-01,93C,"NHS NORTH CENTRAL LONDON",2669,5109.61,0,0
2024-08-01,04V,"NHS WEST LEICESTERSHIRE",2680,5000.37,0,0
2024-08-01,18C,"NHS HEREFORDSHIRE AND WORCESTERSHIRE",2710,5844.82,0,0
2024-08-01,00T,"NHS BOLTON",2776,5110.39,0,0
2024-08-01,06T,"NHS NORTH EAST ESSEX",2789,4593.22,0,0
2024-08-01,06K,"NHS EAST AND NORTH HERTFORDSHIRE",2840,5048.55,0,0
2024-08-01,00P,"NHS SUNDERLAND",2848,5349.69,0,0
2024-08-01,12F,"NHS WIRRAL",2870,5510.31,0,0
2024-08-01,01G,"NHS SALFORD",2993,5306.59,0,0
2024-08-01,15C,"NHS BRISTOL, NORTH SOMERSET AND SOUTH GLOUCESTERSHIRE",3062,6522.73,0,0
2024-08-01,01Y,"NHS TAMESIDE AND GLOSSOP",3078,5597.63,0,0
2024-08-01,11J,"NHS DORSET",3100,6761.03,0,0
2024-08-01,A3A8R,"NHS NORTH EAST LONDON",3125,6062.56,0,0
2024-08-01,06H,"NHS CAMBRIDGESHIRE AND PETERBOROUGH",3549,5933.05,0,0
2024-08-01,70F,"NHS WEST SUSSEX",3624,7969.68,0,0
2024-08-01,71E,"NHS LINCOLNSHIRE",3758,6785.73,0,0
2024-08-01,92G,"NHS BATH AND NORTH EAST SOMERSET, SWINDON AND WILTSHIRE",3864,7460.49,0,0
2024-08-01,36J,"NHS BRADFORD DISTRICT AND CRAVEN",3926,7755.46,0,0
2024-08-01,27D,"NHS CHESHIRE",4056,7567.83,0,0
2024-08-01,84H,"NHS COUNTY DURHAM",4092,7926.12,0,0
2024-08-01,11N,"NHS CORNWALL AND THE ISLES OF SCILLY",4141,7811.19,0,0
2024-08-01,72Q,"NHS SOUTH EAST LONDON",4265,9164.93,0,0
2024-08-01,97R,"NHS EAST SUSSEX",4524,9567.78,0,0
2024-08-01,26A,"NHS NORFOLK AND WAVENEY",5140,9502.7,0,0
2024-08-01,M1J4Y,"NHS BEDFORDSHIRE, LUTON AND MILTON KEYNES",5279,9911.78,0,0
2024-08-01,15N,"NHS DEVON",5283,11134.23,0,0
2024-08-01,92A,"NHS SURREY HEARTLANDS",5359,11261.24,0,0
2024-08-01,78H,"NHS NORTHAMPTONSHIRE",5515,8881.88,0,0
2024-08-01,16C,"NHS TEES VALLEY",5991,11678.84,0,0
2024-08-01,B2M3M,"NHS COVENTRY AND WARWICKSHIRE",6118,10648.67,0,0
2024-08-01,15M,"NHS DERBY AND DERBYSHIRE",6248,12614.01,0,0
2024-08-01,14L,"NHS MANCHESTER",7159,12920.94,0,0
2024-08-01,52R,"NHS NOTTINGHAM AND NOTTINGHAMSHIRE",8455,15714.41,0,0
2024-08-01,D2P2L,"NHS BLACK COUNTRY",9387,17847.19,0,0
2024-08-01,91Q,"NHS KENT AND MEDWAY",9941,19300.42,0,0
2024-08-01,D9Y0V,"NHS HAMPSHIRE, SOUTHAMPTON AND ISLE OF WIGHT",13770,29914.31,0,0
2024-08-01,15E,"NHS BIRMINGHAM AND SOLIHULL",14143,26831.09,0,0
2024-09-01,09W,"NHS MEDWAY",0,0,0,0
2024-09-01,D4U1Y,"NHS FRIMLEY",30,47.31,0,0
2024-09-01,03Q,"NHS VALE OF YORK",284,607.64,0,0
2024-09-01,02Q,"NHS BASSETLAW",369,650.36,0,0
2024-09-01,00Q,"NHS BLACKBURN WITH DARWEN",412,751.8,0,0
2024-09-01,07G,"NHS THURROCK",465,800.87,0,0
2024-09-01,02G,"NHS WEST LANCASHIRE",495,938.5,0,0
2024-09-01,99C,"NHS NORTH TYNESIDE",591,1337.46,0,0
2024-09-01,03F,"NHS HULL",613,1196.16,0,0
2024-09-01,01E,"NHS GREATER PRESTON",637,1193.6,0,0
2024-09-01,00X,"NHS CHORLEY AND SOUTH RIBBLE",658,1192.38,0,0
2024-09-01,01A,"NHS EAST LANCASHIRE",676,1190.46,0,0
2024-09-01,02M,"NHS FYLDE AND WYRE",760,1299.65,0,0
2024-09-01,06L,"NHS IPSWICH AND EAST SUFFOLK",765,1335.17,0,0
2024-09-01,02Y,"NHS EAST RIDING OF YORKSHIRE",786,1514.14,0,0
2024-09-01,00R,"NHS BLACKPOOL",807,1370.05,0,0
2024-09-01,99G,"NHS SOUTHEND",807,1444.85,0,0
2024-09-01,99E,"NHS BASILDON AND BRENTWOOD",808,1474.74,0,0
2024-09-01,03H,"NHS NORTH EAST LINCOLNSHIRE",833,1667.63,0,0
2024-09-01,07K,"NHS WEST SUFFOLK",850,1372.26,0,0
2024-09-01,05D,"NHS EAST STAFFORDSHIRE",868,1540.35,0,0
2024-09-01,01F,"NHS HALTON",869,1584.63,0,0
2024-09-01,03K,"NHS NORTH LINCOLNSHIRE",875,1485.26,0,0
2024-09-01,02E,"NHS WARRINGTON",964,1859.53,0,0
2024-09-01,05V,"NHS STAFFORD AND SURROUNDS",1066,1879.19,0,0
2024-09-01,01D,"NHS HEYWOOD, MIDDLETON AND ROCHDALE",1070,2026.16,0,0
2024-09-01,01V,"NHS SOUTHPORT AND FORMBY",1087,2004.5,0,0
2024-09-01,02A,"NHS TRAFFORD",1118,2146.34,0,0
2024-09-01,U2G6B,"NHS THAMES VALLEY ICB - U2G6B",1135,2274.02,0,0
2024-09-01,00Y,"NHS OLDHAM",1172,2124.63,0,0
2024-09-01,11M,"NHS GLOUCESTERSHIRE",1178,2330.69,0,0
2024-09-01,10Q,"NHS OXFORDSHIRE",1191,2576.89,0,0
2024-09-01,05G,"NHS NORTH STAFFORDSHIRE",1200,2274.87,0,0
2024-09-01,02P,"NHS BARNSLEY",1211,2406.78,0,0
2024-09-01,03R,"NHS WAKEFIELD",1238,2397.73,0,0
2024-09-01,03L,"NHS ROTHERHAM",1239,2258.9,0,0
2024-09-01,01K,"NHS MORECAMBE BAY",1317,2539.93,0,0
2024-09-01,99F,"NHS CASTLE POINT AND ROCHFORD",1318,2351.56,0,0
2024-09-01,04Y,"NHS CANNOCK CHASE",1331,2586.51,0,0
2024-09-01,42D,"NHS NORTH YORKSHIRE",1362,2682.85,0,0
2024-09-01,01J,"NHS KNOWSLEY",1418,2571.16,0,0
2024-09-01,00L,"NHS NORTHUMBERLAND",1495,3175.54,0,0
2024-09-01,02X,"NHS DONCASTER",1507,2757.12,0,0
2024-09-01,05W,"NHS STOKE ON TRENT",1619,2845.38,0,0
2024-09-01,02T,"NHS CALDERDALE",1625,3238.57,0,0
2024-09-01,00N,"NHS SOUTH TYNESIDE",1633,3210.66,0,0
2024-09-01,09D,"NHS BRIGHTON AND HOVE",1681,3939.15,0,0
2024-09-01,14Y,"NHS BUCKINGHAMSHIRE",1707,3057.6,0,0
2024-09-01,07H,"NHS WEST ESSEX",1716,2962.91,0,0
2024-09-01,15F,"NHS LEEDS",1733,3600.67,0,0
2024-09-01,X2C4Y,"NHS KIRKLEES",1751,3940.26,0,0
2024-09-01,03W,"NHS EAST LEICESTERSHIRE AND RUTLAND",1772,3197.51,0,0
2024-09-01,06N,"NHS HERTS VALLEYS",1838,3780.29,0,0
2024-09-01,02H,"NHS WIGAN BOROUGH",1940,3569.09,0,0
2024-09-01,01T,"NHS SOUTH SEFTON",1942,3564.52,0,0
2024-09-01,04C,"NHS LEICESTER CITY",2000,3644.69,0,0
2024-09-01,00V,"NHS BURY",2010,3478.24,0,0
2024-09-01,01H,"NHS NORTH CUMBRIA",2055,4069.16,0,0
2024-09-01,06Q,"NHS MID ESSEX",2075,3440.08,0,0
2024-09-01,10R,"NHS PORTSMOUTH",2081,4377.56,0,0
2024-09-01,13T,"NHS NEWCASTLE GATESHEAD",2183,4496.86,0,0
2024-09-01,M2L0M,"NHS SHROPSHIRE, TELFORD AND WREKIN",2235,5006.76,0,0
2024-09-01,36L,"NHS SOUTH WEST LONDON",2236,4731.51,0,0
2024-09-01,01W,"NHS STOCKPORT",2263,4246.61,0,0
2024-09-01,05Q,"NHS SOUTH EAST STAFFORDSHIRE AND SEISDON PENINSULA",2302,4530.27,0,0
2024-09-01,99A,"NHS LIVERPOOL",2364,4538.59,0,0
2024-09-01,15A,"NHS BERKSHIRE WEST",2389,4265.63,0,0
2024-09-01,01X,"NHS ST HELENS",2417,4232.85,0,0
2024-09-01,W2U3Z,"NHS NORTH WEST LONDON",2469,5254.39,0,0
2024-09-01,03N,"NHS SHEFFIELD",2488,4558.93,0,0
2024-09-01,11X,"NHS SOMERSET",2527,4511.54,0,0
2024-09-01,04V,"NHS WEST LEICESTERSHIRE",2548,4724.66,0,0
2024-09-01,18C,"NHS HEREFORDSHIRE AND WORCESTERSHIRE",2668,5700.47,0,0
2024-09-01,01Y,"NHS TAMESIDE AND GLOSSOP",2691,4930.35,0,0
2024-09-01,12F,"NHS WIRRAL",2718,5261.31,0,0
2024-09-01,06T,"NHS NORTH EAST ESSEX",2722,4455.14,0,0
2024-09-01,93C,"NHS NORTH CENTRAL LONDON",2741,5324.33,0,0
2024-09-01,06K,"NHS EAST AND NORTH HERTFORDSHIRE",2767,4973.83,0,0
2024-09-01,00P,"NHS SUNDERLAND",2835,5299.57,0,0
2024-09-01,00T,"NHS BOLTON",2837,5315.68,0,0
2024-09-01,15C,"NHS BRISTOL, NORTH SOMERSET AND SOUTH GLOUCESTERSHIRE",2958,6225.93,0,0
2024-09-01,11J,"NHS DORSET",2994,6532.85,0,0
2024-09-01,A3A8R,"NHS NORTH EAST LONDON",3020,5923.98,0,0
2024-09-01,01G,"NHS SALFORD",3099,5409.76,0,0
2024-09-01,06H,"NHS CAMBRIDGESHIRE AND PETERBOROUGH",3437,5805.28,0,0
2024-09-01,71E,"NHS LINCOLNSHIRE",3684,6575.33,0,0
2024-09-01,70F,"NHS WEST SUSSEX",3722,8185.09,0,0
2024-09-01,92G,"NHS BATH AND NORTH EAST SOMERSET, SWINDON AND WILTSHIRE",3853,7643.33,0,0
2024-09-01,36J,"NHS BRADFORD DISTRICT AND CRAVEN",4003,7791.67,0,0
2024-09-01,27D,"NHS CHESHIRE",4006,7466.18,0,0
2024-09-01,84H,"NHS COUNTY DURHAM",4013,7766,0,0
2024-09-01,11N,"NHS CORNWALL AND THE ISLES OF SCILLY",4166,7810.52,0,0
2024-09-01,72Q,"NHS SOUTH EAST LONDON",4371,9345.74,0,0
2024-09-01,97R,"NHS EAST SUSSEX",4600,9788.24,0,0
2024-09-01,26A,"NHS NORFOLK AND WAVENEY",4818,8947.02,0,0
2024-09-01,M1J4Y,"NHS BEDFORDSHIRE, LUTON AND MILTON KEYNES",5135,9665.17,0,0
2024-09-01,78H,"NHS NORTHAMPTONSHIRE",5308,8509.79,0,0
2024-09-01,15N,"NHS DEVON",5466,11270.13,0,0
2024-09-01,92A,"NHS SURREY HEARTLANDS",5588,11812.29,0,0
2024-09-01,16C,"NHS TEES VALLEY",5877,11710.87,0,0
2024-09-01,15M,"NHS DERBY AND DERBYSHIRE",6031,11834.99,0,0
2024-09-01,B2M3M,"NHS COVENTRY AND WARWICKSHIRE",6169,10797.37,0,0
2024-09-01,14L,"NHS MANCHESTER",7135,12953.21,0,0
2024-09-01,52R,"NHS NOTTINGHAM AND NOTTINGHAMSHIRE",8138,15174.89,0,0
2024-09-01,D2P2L,"NHS BLACK COUNTRY",9220,17748.03,0,0
2024-09-01,91Q,"NHS KENT AND MEDWAY",9740,18919.1,0,0
2024-09-01,D9Y0V,"NHS HAMPSHIRE, SOUTHAMPTON AND ISLE OF WIGHT",13485,29091.89,0,0
2024-09-01,15E,"NHS BIRMINGHAM AND SOLIHULL",14499,27527.73,0,0
2024-10-01,09W,"NHS MEDWAY",0,0,0,0
2024-10-01,D4U1Y,"NHS FRIMLEY",37,57.43,0,0
2024-10-01,03Q,"NHS VALE OF YORK",297,603.77,0,0
2024-10-01,02Q,"NHS BASSETLAW",385,684.88,0,0
2024-10-01,00Q,"NHS BLACKBURN WITH DARWEN",479,883.64,0,0
2024-10-01,07G,"NHS THURROCK",509,981.37,0,0
2024-10-01,02G,"NHS WEST LANCASHIRE",578,1089.6,0,0
2024-10-01,99C,"NHS NORTH TYNESIDE",605,1346.53,0,0
2024-10-01,03F,"NHS HULL",625,1444.76,0,0
2024-10-01,00X,"NHS CHORLEY AND SOUTH RIBBLE",674,1229.68,0,0
2024-10-01,01E,"NHS GREATER PRESTON",676,1292.84,0,0
2024-10-01,01A,"NHS EAST LANCASHIRE",739,1317.01,0,0
2024-10-01,06L,"NHS IPSWICH AND EAST SUFFOLK",793,1399.68,0,0
2024-10-01,02M,"NHS FYLDE AND WYRE",804,1379.91,0,0
2024-10-01,02Y,"NHS EAST RIDING OF YORKSHIRE",830,1616.53,0,0
2024-10-01,99G,"NHS SOUTHEND",843,1620.38,0,0
2024-10-01,07K,"NHS WEST SUFFOLK",844,1380.64,0,0
2024-10-01,03H,"NHS NORTH EAST LINCOLNSHIRE",895,1917.4,0,0
2024-10-01,00R,"NHS BLACKPOOL",916,1579.16,0,0
2024-10-01,05D,"NHS EAST STAFFORDSHIRE",954,1692.39,0,0
2024-10-01,03K,"NHS NORTH LINCOLNSHIRE",965,1626.71,0,0
2024-10-01,99E,"NHS BASILDON AND BRENTWOOD",971,2114.15,0,0
2024-10-01,01F,"NHS HALTON",986,1789.72,0,0
2024-10-01,02E,"NHS WARRINGTON",1051,2014.01,0,0
2024-10-01,05V,"NHS STAFFORD AND SURROUNDS",1051,1851.23,0,0
2024-10-01,01V,"NHS SOUTHPORT AND FORMBY",1147,2127.1,0,0
2024-10-01,02A,"NHS TRAFFORD",1187,2278.76,0,0
2024-10-01,01D,"NHS HEYWOOD, MIDDLETON AND ROCHDALE",1213,2282.51,0,0
2024-10-01,U2G6B,"NHS THAMES VALLEY ICB - U2G6B",1222,2414.21,0,0
2024-10-01,03L,"NHS ROTHERHAM",1248,2602.02,0,0
2024-10-01,00Y,"NHS OLDHAM",1253,2268.43,0,0
2024-10-01,11M,"NHS GLOUCESTERSHIRE",1282,2483.36,0,0
2024-10-01,05G,"NHS NORTH STAFFORDSHIRE",1287,2336.36,0,0
2024-10-01,10Q,"NHS OXFORDSHIRE",1312,2832.8,0,0
2024-10-01,03R,"NHS WAKEFIELD",1320,2515.98,0,0
2024-10-01,04Y,"NHS CANNOCK CHASE",1350,2621.97,0,0
2024-10-01,02P,"NHS BARNSLEY",1369,2699.81,0,0
2024-10-01,99F,"NHS CASTLE POINT AND ROCHFORD",1379,2454.15,0,0
2024-10-01,42D,"NHS NORTH YORKSHIRE",1439,2804.77,0,0
2024-10-01,01K,"NHS MORECAMBE BAY",1440,2723.82,0,0
2024-10-01,01J,"NHS KNOWSLEY",1529,2771.06,0,0
2024-10-01,02X,"NHS DONCASTER",1566,2864.73,0,0
2024-10-01,00L,"NHS NORTHUMBERLAND",1646,3428.49,0,0
2024-10-01,09D,"NHS BRIGHTON AND HOVE",1680,3888.7,0,0
2024-10-01,00N,"NHS SOUTH TYNESIDE",1703,3273.27,0,0
2024-10-01,02T,"NHS CALDERDALE",1725,3343.79,0,0
2024-10-01,05W,"NHS STOKE ON TRENT",1768,3194.09,0,0
2024-10-01,14Y,"NHS BUCKINGHAMSHIRE",1776,3213.04,0,0
2024-10-01,07H,"NHS WEST ESSEX",1783,3078.43,0,0
2024-10-01,03W,"NHS EAST LEICESTERSHIRE AND RUTLAND",1826,3296.18,0,0
2024-10-01,X2C4Y,"NHS KIRKLEES",1884,4243.21,0,0
2024-10-01,15F,"NHS LEEDS",1887,3940.52,0,0
2024-10-01,06N,"NHS HERTS VALLEYS",1904,3840.7,0,0
2024-10-01,04C,"NHS LEICESTER CITY",2044,3907.26,0,0
2024-10-01,01T,"NHS SOUTH SEFTON",2049,3774.19,0,0
2024-10-01,02H,"NHS WIGAN BOROUGH",2111,3859.89,0,0
2024-10-01,00V,"NHS BURY",2127,3719.77,0,0
2024-10-01,10R,"NHS PORTSMOUTH",2132,4362.23,0,0
2024-10-01,01H,"NHS NORTH CUMBRIA",2196,4215.14,0,0
2024-10-01,06Q,"NHS MID ESSEX",2232,3682.12,0,0
2024-10-01,01W,"NHS STOCKPORT",2345,4427.54,0,0
2024-10-01,13T,"NHS NEWCASTLE GATESHEAD",2389,4926.48,0,0
2024-10-01,M2L0M,"NHS SHROPSHIRE, TELFORD AND WREKIN",2463,5531.3,0,0
2024-10-01,05Q,"NHS SOUTH EAST STAFFORDSHIRE AND SEISDON PENINSULA",2478,4852.46,0,0
2024-10-01,15A,"NHS BERKSHIRE WEST",2548,4519.41,0,0
2024-10-01,36L,"NHS SOUTH WEST LONDON",2556,5331.88,0,0
2024-10-01,01X,"NHS ST HELENS",2574,4495.38,0,0
2024-10-01,03N,"NHS SHEFFIELD",2594,4813.91,0,0
2024-10-01,99A,"NHS LIVERPOOL",2600,4978.58,0,0
2024-10-01,W2U3Z,"NHS NORTH WEST LONDON",2651,5512.43,0,0
2024-10-01,11X,"NHS SOMERSET",2652,4678.04,0,0
2024-10-01,04V,"NHS WEST LEICESTERSHIRE",2696,4999.26,0,0
2024-10-01,01Y,"NHS TAMESIDE AND GLOSSOP",2766,5114.36,0,0
2024-10-01,18C,"NHS HEREFORDSHIRE AND WORCESTERSHIRE",2791,5942.96,0,0
2024-10-01,06T,"NHS NORTH EAST ESSEX",2792,4574.91,0,0
2024-10-01,00T,"NHS BOLTON",2920,5455.52,0,0
2024-10-01,12F,"NHS WIRRAL",2920,5555.74,0,0
2024-10-01,06K,"NHS EAST AND NORTH HERTFORDSHIRE",2973,5246.28,0,0
2024-10-01,93C,"NHS NORTH CENTRAL LONDON",3056,5897.43,0,0
2024-10-01,00P,"NHS SUNDERLAND",3113,5855.19,0,0
2024-10-01,01G,"NHS SALFORD",3124,5467.25,0,0
2024-10-01,15C,"NHS BRISTOL, NORTH SOMERSET AND SOUTH GLOUCESTERSHIRE",3154,6599.82,0,0
2024-10-01,11J,"NHS DORSET",3216,6967.92,0,0
2024-10-01,A3A8R,"NHS NORTH EAST LONDON",3251,6293.61,0,0
2024-10-01,06H,"NHS CAMBRIDGESHIRE AND PETERBOROUGH",3526,5888.96,0,0
2024-10-01,70F,"NHS WEST SUSSEX",3737,8152.05,0,0
2024-10-01,71E,"NHS LINCOLNSHIRE",4021,7220.1,0,0
2024-10-01,92G,"NHS BATH AND NORTH EAST SOMERSET, SWINDON AND WILTSHIRE",4094,7882.55,0,0
2024-10-01,27D,"NHS CHESHIRE",4154,7765.32,0,0
2024-10-01,36J,"NHS BRADFORD DISTRICT AND CRAVEN",4293,8376.96,0,0
2024-10-01,84H,"NHS COUNTY DURHAM",4391,8485.54,0,0
2024-10-01,72Q,"NHS SOUTH EAST LONDON",4556,9601.11,0,0
2024-10-01,11N,"NHS CORNWALL AND THE ISLES OF SCILLY",4564,8581.72,0,0
2024-10-01,97R,"NHS EAST SUSSEX",4817,10206.04,0,0
2024-10-01,26A,"NHS NORFOLK AND WAVENEY",5313,9852.82,0,0
2024-10-01,M1J4Y,"NHS BEDFORDSHIRE, LUTON AND MILTON KEYNES",5503,10323.93,0,0
2024-10-01,15N,"NHS DEVON",5657,11595.52,0,0
2024-10-01,78H,"NHS NORTHAMPTONSHIRE",5669,9103.93,0,0
2024-10-01,92A,"NHS SURREY HEARTLANDS",5939,12508.88,0,0
2024-10-01,16C,"NHS TEES VALLEY",6300,12450.31,0,0
2024-10-01,B2M3M,"NHS COVENTRY AND WARWICKSHIRE",6502,11440.43,0,0
2024-10-01,15M,"NHS DERBY AND DERBYSHIRE",6657,13129.98,0,0
2024-10-01,14L,"NHS MANCHESTER",7790,13992.43,0,0
2024-10-01,52R,"NHS NOTTINGHAM AND NOTTINGHAMSHIRE",8740,16034.35,0,0
2024-10-01,D2P2L,"NHS BLACK COUNTRY",9649,18479.45,0,0
2024-10-01,91Q,"NHS KENT AND MEDWAY",10238,19882.39,0,0
2024-10-01,D9Y0V,"NHS HAMPSHIRE, SOUTHAMPTON AND ISLE OF WIGHT",14601,31303.21,0,0
2024-10-01,15E,"NHS BIRMINGHAM AND SOLIHULL",15584,29483.74,0,0
2024-11-01,09W,"NHS MEDWAY",0,0,0,0
2024-11-01,D4U1Y,"NHS FRIMLEY",41,63.64,0,0
2024-11-01,03Q,"NHS VALE OF YORK",323,676.16,0,0
2024-11-01,02Q,"NHS BASSETLAW",360,650.29,0,0
2024-11-01,00Q,"NHS BLACKBURN WITH DARWEN",439,807.17,0,0
2024-11-01,07G,"NHS THURROCK",442,745.44,0,0
2024-11-01,99C,"NHS NORTH TYNESIDE",547,1225.36,0,0
2024-11-01,02G,"NHS WEST LANCASHIRE",567,1051,0,0
2024-11-01,03F,"NHS HULL",636,1243.59,0,0
2024-11-01,00X,"NHS CHORLEY AND SOUTH RIBBLE",646,1167.59,0,0
2024-11-01,01E,"NHS GREATER PRESTON",689,1293.27,0,0
2024-11-01,01A,"NHS EAST LANCASHIRE",694,1309.94,0,0
2024-11-01,06L,"NHS IPSWICH AND EAST SUFFOLK",753,1317.2,0,0
2024-11-01,99G,"NHS SOUTHEND",777,1500.92,0,0
2024-11-01,02M,"NHS FYLDE AND WYRE",779,1350.13,0,0
2024-11-01,07K,"NHS WEST SUFFOLK",825,1344.66,0,0
2024-11-01,02Y,"NHS EAST RIDING OF YORKSHIRE",832,1608.77,0,0
2024-11-01,03H,"NHS NORTH EAST LINCOLNSHIRE",845,1745.18,0,0
2024-11-01,99E,"NHS BASILDON AND BRENTWOOD",853,1569.72,0,0
2024-11-01,03K,"NHS NORTH LINCOLNSHIRE",870,1451,0,0
2024-11-01,00R,"NHS BLACKPOOL",872,1474.29,0,0
2024-11-01,05D,"NHS EAST STAFFORDSHIRE",876,1536.77,0,0
2024-11-01,01F,"NHS HALTON",893,1620.94,0,0
2024-11-01,05V,"NHS STAFFORD AND SURROUNDS",991,1737.93,0,0
2024-11-01,02E,"NHS WARRINGTON",1037,1966.44,0,0
2024-11-01,U2G6B,"NHS THAMES VALLEY ICB - U2G6B",1086,2194.15,0,0
2024-11-01,00Y,"NHS OLDHAM",1106,2004.57,0,0
2024-11-01,01D,"NHS HEYWOOD, MIDDLETON AND ROCHDALE",1115,2107.78,0,0
2024-11-01,01V,"NHS SOUTHPORT AND FORMBY",1118,2039.3,0,0
2024-11-01,02A,"NHS TRAFFORD",1176,2245.23,0,0
2024-11-01,05G,"NHS NORTH STAFFORDSHIRE",1181,2175.49,0,0
2024-11-01,03L,"NHS ROTHERHAM",1211,2207.16,0,0
2024-11-01,10Q,"NHS OXFORDSHIRE",1218,2600.62,0,0
2024-11-01,11M,"NHS GLOUCESTERSHIRE",1237,2473.41,0,0
2024-11-01,04Y,"NHS CANNOCK CHASE",1251,2405.25,0,0
2024-11-01,03R,"NHS WAKEFIELD",1294,2454.51,0,0
2024-11-01,02P,"NHS BARNSLEY",1311,2592.5,0,0
2024-11-01,99F,"NHS CASTLE POINT AND ROCHFORD",1314,2307.77,0,0
2024-11-01,42D,"NHS NORTH YORKSHIRE",1374,2702.65,0,0
2024-11-01,01K,"NHS MORECAMBE BAY",1388,2687.69,0,0
2024-11-01,02X,"NHS DONCASTER",1454,2643.87,0,0
2024-11-01,00L,"NHS NORTHUMBERLAND",1516,3157.34,0,0
2024-11-01,01J,"NHS KNOWSLEY",1522,2782.25,0,0
2024-11-01,00N,"NHS SOUTH TYNESIDE",1586,3014.69,0,0
2024-11-01,02T,"NHS CALDERDALE",1596,3405.21,0,0
2024-11-01,05W,"NHS STOKE ON TRENT",1621,2895.4,0,0
2024-11-01,14Y,"NHS BUCKINGHAMSHIRE",1649,3024.93,0,0
2024-11-01,07H,"NHS WEST ESSEX",1690,2874.75,0,0
2024-11-01,09D,"NHS BRIGHTON AND HOVE",1700,4007.48,0,0
2024-11-01,03W,"NHS EAST LEICESTERSHIRE AND RUTLAND",1765,3193.45,0,0
2024-11-01,15F,"NHS LEEDS",1795,3679.31,0,0
2024-11-01,X2C4Y,"NHS KIRKLEES",1811,4081.59,0,0
2024-11-01,06N,"NHS HERTS VALLEYS",1843,3750.17,0,0
2024-11-01,04C,"NHS LEICESTER CITY",1950,3567.67,0,0
2024-11-01,06Q,"NHS MID ESSEX",1973,3306.41,0,0
2024-11-01,00V,"NHS BURY",1987,3414.66,0,0
2024-11-01,01T,"NHS SOUTH SEFTON",1991,3609.23,0,0
2024-11-01,02H,"NHS WIGAN BOROUGH",2049,3824.61,0,0
2024-11-01,10R,"NHS PORTSMOUTH",2061,4219.35,0,0
2024-11-01,01H,"NHS NORTH CUMBRIA",2097,4074.23,0,0
2024-11-01,01W,"NHS STOCKPORT",2247,4216.76,0,0
2024-11-01,M2L0M,"NHS SHROPSHIRE, TELFORD AND WREKIN",2267,5056.21,0,0
2024-11-01,13T,"NHS NEWCASTLE GATESHEAD",2314,4741.67,0,0
2024-11-01,05Q,"NHS SOUTH EAST STAFFORDSHIRE AND SEISDON PENINSULA",2330,4610.94,0,0
2024-11-01,15A,"NHS BERKSHIRE WEST",2378,4247.72,0,0
2024-11-01,99A,"NHS LIVERPOOL",2410,4611.14,0,0
2024-11-01,01X,"NHS ST HELENS",2465,4296.93,0,0
2024-11-01,03N,"NHS SHEFFIELD",2492,4561.51,0,0
2024-11-01,36L,"NHS SOUTH WEST LONDON",2521,5267.85,0,0
2024-11-01,04V,"NHS WEST LEICESTERSHIRE",2531,4697.51,0,0
2024-11-01,W2U3Z,"NHS NORTH WEST LONDON",2551,5327.21,0,0
2024-11-01,01Y,"NHS TAMESIDE AND GLOSSOP",2560,4728.65,0,0
2024-11-01,11X,"NHS SOMERSET",2615,4580.03,0,0
2024-11-01,18C,"NHS HEREFORDSHIRE AND WORCESTERSHIRE",2664,5618.34,0,0
2024-11-01,12F,"NHS WIRRAL",2718,5262.75,0,0
2024-11-01,06T,"NHS NORTH EAST ESSEX",2793,4580.85,0,0
2024-11-01,00T,"NHS BOLTON",2803,5173.55,0,0
2024-11-01,93C,"NHS NORTH CENTRAL LONDON",2843,5547.88,0,0
2024-11-01,06K,"NHS EAST AND NORTH HERTFORDSHIRE",2850,5024.6,0,0
2024-11-01,00P,"NHS SUNDERLAND",2901,5343.33,0,0
2024-11-01,11J,"NHS DORSET",3058,6728.06,0,0
2024-11-01,15C,"NHS BRISTOL, NORTH SOMERSET AND SOUTH GLOUCESTERSHIRE",3061,6410.89,0,0
2024-11-01,01G,"NHS SALFORD",3076,5382.37,0,0
2024-11-01,A3A8R,"NHS NORTH EAST LONDON",3231,6292.84,0,0
2024-11-01,06H,"NHS CAMBRIDGESHIRE AND PETERBOROUGH",3533,5870.22,0,0
2024-11-01,70F,"NHS WEST SUSSEX",3717,8213.12,0,0
2024-11-01,71E,"NHS LINCOLNSHIRE",3762,6888.34,0,0
2024-11-01,36J,"NHS BRADFORD DISTRICT AND CRAVEN",3888,7570.34,0,0
2024-11-01,92G,"NHS BATH AND NORTH EAST SOMERSET, SWINDON AND WILTSHIRE",3908,7573.52,0,0
2024-11-01,27D,"NHS CHESHIRE",4039,7565.09,0,0
2024-11-01,84H,"NHS COUNTY DURHAM",4146,7991.41,0,0
2024-11-01,72Q,"NHS SOUTH EAST LONDON",4391,9339.93,0,0
2024-11-01,11N,"NHS CORNWALL AND THE ISLES OF SCILLY",4448,8291.06,0,0
2024-11-01,97R,"NHS EAST SUSSEX",4614,9723.14,0,0
2024-11-01,M1J4Y,"NHS BEDFORDSHIRE, LUTON AND MILTON KEYNES",5045,9456.11,0,0
2024-11-01,26A,"NHS NORFOLK AND WAVENEY",5129,9382.8,0,0
2024-11-01,78H,"NHS NORTHAMPTONSHIRE",5228,8401.13,0,0
2024-11-01,15N,"NHS DEVON",5476,11229.94,0,0
2024-11-01,92A,"NHS SURREY HEARTLANDS",5786,12048.84,0,0
2024-11-01,16C,"NHS TEES VALLEY",5924,11374.17,0,0
2024-11-01,B2M3M,"NHS COVENTRY AND WARWICKSHIRE",6092,10590.21,0,0
2024-11-01,15M,"NHS DERBY AND DERBYSHIRE",6339,12495.23,0,0
2024-11-01,14L,"NHS MANCHESTER",7280,13182.56,0,0
2024-11-01,52R,"NHS NOTTINGHAM AND NOTTINGHAMSHIRE",8168,15080.72,0,0
2024-11-01,D2P2L,"NHS BLACK COUNTRY",8792,16357.1,0,0
2024-11-01,91Q,"NHS KENT AND MEDWAY",9930,19193.61,0,0
2024-11-01,D9Y0V,"NHS HAMPSHIRE, SOUTHAMPTON AND ISLE OF WIGHT",14188,30572.57,0,0
2024-11-01,15E,"NHS BIRMINGHAM AND SOLIHULL",14725,27645.24,0,0
2024-12-01,09W,"NHS MEDWAY",0,0,0,0
2024-12-01,D4U1Y,"NHS FRIMLEY",66,104.28,0,0
2024-12-01,03Q,"NHS VALE OF YORK",326,647.97,0,0
2024-12-01,02Q,"NHS BASSETLAW",413,734.59,0,0
2024-12-01,00Q,"NHS BLACKBURN WITH DARWEN",448,815.35,0,0
2024-12-01,07G,"NHS THURROCK",466,863.1,0,0
2024-12-01,02G,"NHS WEST LANCASHIRE",593,1117.34,0,0
2024-12-01,99C,"NHS NORTH TYNESIDE",617,1386.76,0,0
2024-12-01,03F,"NHS HULL",642,1230.49,0,0
2024-12-01,00X,"NHS CHORLEY AND SOUTH RIBBLE",689,1235.04,0,0
2024-12-01,01E,"NHS GREATER PRESTON",710,1361.79,0,0
2024-12-01,01A,"NHS EAST LANCASHIRE",719,1397.55,0,0
2024-12-01,02M,"NHS FYLDE AND WYRE",813,1385.29,0,0
2024-12-01,06L,"NHS IPSWICH AND EAST SUFFOLK",820,1486.2,0,0
2024-12-01,07K,"NHS WEST SUFFOLK",827,1358.71,0,0
2024-12-01,99G,"NHS SOUTHEND",869,1588.22,0,0
2024-12-01,02Y,"NHS EAST RIDING OF YORKSHIRE",879,1707.84,0,0
2024-12-01,00R,"NHS BLACKPOOL",883,1510.98,0,0
2024-12-01,03H,"NHS NORTH EAST LINCOLNSHIRE",889,1760.14,0,0
2024-12-01,05D,"NHS EAST STAFFORDSHIRE",930,1676.88,0,0
2024-12-01,03K,"NHS NORTH LINCOLNSHIRE",933,1549.95,0,0
2024-12-01,99E,"NHS BASILDON AND BRENTWOOD",949,1796.84,0,0
2024-12-01,01F,"NHS HALTON",978,1815.04,0,0
2024-12-01,02E,"NHS WARRINGTON",1068,2044.7,0,0
2024-12-01,05V,"NHS STAFFORD AND SURROUNDS",1098,1943.73,0,0
2024-12-01,U2G6B,"NHS THAMES VALLEY ICB - U2G6B",1111,2225.91,0,0
2024-12-01,01V,"NHS SOUTHPORT AND FORMBY",1152,2104.38,0,0
2024-12-01,01D,"NHS HEYWOOD, MIDDLETON AND ROCHDALE",1159,2186.61,0,0
2024-12-01,00Y,"NHS OLDHAM",1217,2192.19,0,0
2024-12-01,02A,"NHS TRAFFORD",1227,2344.52,0,0
2024-12-01,03L,"NHS ROTHERHAM",1249,2312.35,0,0
2024-12-01,05G,"NHS NORTH STAFFORDSHIRE",1281,2368.99,0,0
2024-12-01,11M,"NHS GLOUCESTERSHIRE",1286,2581.09,0,0
2024-12-01,10Q,"NHS OXFORDSHIRE",1324,2861.63,0,0
2024-12-01,02P,"NHS BARNSLEY",1332,2596.3,0,0
2024-12-01,03R,"NHS WAKEFIELD",1348,2687.07,0,0
2024-12-01,04Y,"NHS CANNOCK CHASE",1374,2670.44,0,0
2024-12-01,99F,"NHS CASTLE POINT AND ROCHFORD",1398,2538.23,0,0
2024-12-01,42D,"NHS NORTH YORKSHIRE",1424,2731.91,0,0
2024-12-01,01J,"NHS KNOWSLEY",1504,2729.84,0,0
2024-12-01,01K,"NHS MORECAMBE BAY",1517,2898.34,0,0
2024-12-01,02X,"NHS DONCASTER",1531,2834.19,0,0
2024-12-01,00N,"NHS SOUTH TYNESIDE",1631,3080.98,0,0
2024-12-01,00L,"NHS NORTHUMBERLAND",1659,3460.58,0,0
2024-12-01,09D,"NHS BRIGHTON AND HOVE",1679,3941.03,0,0
2024-12-01,05W,"NHS STOKE ON TRENT",1682,2965.58,0,0
2024-12-01,14Y,"NHS BUCKINGHAMSHIRE",1700,3094.21,0,0
2024-12-01,02T,"NHS CALDERDALE",1745,3350.01,0,0
2024-12-01,03W,"NHS EAST LEICESTERSHIRE AND RUTLAND",1808,3290.07,0,0
2024-12-01,15F,"NHS LEEDS",1819,3727.37,0,0
2024-12-01,07H,"NHS WEST ESSEX",1858,3201.14,0,0
2024-12-01,06N,"NHS HERTS VALLEYS",1910,3908.07,0,0
2024-12-01,X2C4Y,"NHS KIRKLEES",1913,5334,0,0
2024-12-01,04C,"NHS LEICESTER CITY",1940,3529.43,0,0
2024-12-01,00V,"NHS BURY",2007,3481.92,0,0
2024-12-01,01T,"NHS SOUTH SEFTON",2097,3813.57,0,0
2024-12-01,02H,"NHS WIGAN BOROUGH",2097,3820.61,0,0
2024-12-01,10R,"NHS PORTSMOUTH",2101,4354.61,0,0
2024-12-01,01H,"NHS NORTH CUMBRIA",2137,4170.09,0,0
2024-12-01,06Q,"NHS MID ESSEX",2185,3615.97,0,0
2024-12-01,01W,"NHS STOCKPORT",2310,4368.07,0,0
2024-12-01,13T,"NHS NEWCASTLE GATESHEAD",2385,4915.46,0,0
2024-12-01,15A,"NHS BERKSHIRE WEST",2466,4434.33,0,0
2024-12-01,M2L0M,"NHS SHROPSHIRE, TELFORD AND WREKIN",2467,5506.94,0,0
2024-12-01,04V,"NHS WEST LEICESTERSHIRE",2474,4539.21,0,0
2024-12-01,05Q,"NHS SOUTH EAST STAFFORDSHIRE AND SEISDON PENINSULA",2528,5026.33,0,0
2024-12-01,99A,"NHS LIVERPOOL",2533,4798.35,0,0
2024-12-01,03N,"NHS SHEFFIELD",2604,4797.64,0,0
2024-12-01,01X,"NHS ST HELENS",2612,4572.19,0,0
2024-12-01,01Y,"NHS TAMESIDE AND GLOSSOP",2615,4802.12,0,0
2024-12-01,36L,"NHS SOUTH WEST LONDON",2623,5488.66,0,0
2024-12-01,W2U3Z,"NHS NORTH WEST LONDON",2624,5526.15,0,0
2024-12-01,11X,"NHS SOMERSET",2683,4699.75,0,0
2024-12-01,93C,"NHS NORTH CENTRAL LONDON",2811,5589.64,0,0
2024-12-01,06T,"NHS NORTH EAST ESSEX",2833,4656.6,0,0
2024-12-01,18C,"NHS HEREFORDSHIRE AND WORCESTERSHIRE",2842,6027.41,0,0
2024-12-01,00T,"NHS BOLTON",2891,5357.33,0,0
2024-12-01,06K,"NHS EAST AND NORTH HERTFORDSHIRE",2893,5129.88,0,0
2024-12-01,12F,"NHS WIRRAL",2961,5687.05,0,0
2024-12-01,00P,"NHS SUNDERLAND",3068,5738.76,0,0
2024-12-01,15C,"NHS BRISTOL, NORTH SOMERSET AND SOUTH GLOUCESTERSHIRE",3171,6695.91,0,0
2024-12-01,11J,"NHS DORSET",3180,6934.47,0,0
2024-12-01,01G,"NHS SALFORD",3188,5590.5,0,0
2024-12-01,A3A8R,"NHS NORTH EAST LONDON",3280,6325.17,0,0
2024-12-01,06H,"NHS CAMBRIDGESHIRE AND PETERBOROUGH",3492,5866.82,0,0
2024-12-01,71E,"NHS LINCOLNSHIRE",3855,6917.26,0,0
2024-12-01,70F,"NHS WEST SUSSEX",3920,8599.88,0,0
2024-12-01,92G,"NHS BATH AND NORTH EAST SOMERSET, SWINDON AND WILTSHIRE",4101,7976.2,0,0
2024-12-01,36J,"NHS BRADFORD DISTRICT AND CRAVEN",4169,7954.87,0,0
2024-12-01,27D,"NHS CHESHIRE",4201,7906.68,0,0
2024-12-01,84H,"NHS COUNTY DURHAM",4393,8501.79,0,0
2024-12-01,11N,"NHS CORNWALL AND THE ISLES OF SCILLY",4646,8620.96,0,0
2024-12-01,72Q,"NHS SOUTH EAST LONDON",4670,9907.11,0,0
2024-12-01,97R,"NHS EAST SUSSEX",4968,10515.16,0,0
2024-12-01,M1J4Y,"NHS BEDFORDSHIRE, LUTON AND MILTON KEYNES",5061,9492.37,0,0
2024-12-01,26A,"NHS NORFOLK AND WAVENEY",5308,9695.58,0,0
2024-12-01,78H,"NHS NORTHAMPTONSHIRE",5317,8547.13,0,0
2024-12-01,92A,"NHS SURREY HEARTLANDS",5887,12209.34,0,0
2024-12-01,15N,"NHS DEVON",5933,12151.9,0,0
2024-12-01,16C,"NHS TEES VALLEY",6143,11746.63,0,0
2024-12-01,B2M3M,"NHS COVENTRY AND WARWICKSHIRE",6219,10836.06,0,0
2024-12-01,15M,"NHS DERBY AND DERBYSHIRE",6842,13791.1,0,0
2024-12-01,14L,"NHS MANCHESTER",7493,13510.68,0,0
2024-12-01,52R,"NHS NOTTINGHAM AND NOTTINGHAMSHIRE",8562,16169.09,0,0
2024-12-01,D2P2L,"NHS BLACK COUNTRY",9371,17806.84,0,0
2024-12-01,91Q,"NHS KENT AND MEDWAY",10092,19423.29,0,0
2024-12-01,D9Y0V,"NHS HAMPSHIRE, SOUTHAMPTON AND ISLE OF WIGHT",14627,31345.61,0,0
2024-12-01,15E,"NHS BIRMINGHAM AND SOLIHULL",15177,28849.85,0,0
2025-01-01,09W,"NHS MEDWAY",0,0,0,0
2025-01-01,D4U1Y,"NHS FRIMLEY",59,120.41,0,0
2025-01-01,03Q,"NHS VALE OF YORK",340,670.44,0,0
2025-01-01,02Q,"NHS BASSETLAW",420,710.78,0,0
2025-01-01,07G,"NHS THURROCK",441,749.8,0,0
2025-01-01,00Q,"NHS BLACKBURN WITH DARWEN",443,802.46,0,0
2025-01-01,02G,"NHS WEST LANCASHIRE",600,1117.79,0,0
2025-01-01,00X,"NHS CHORLEY AND SOUTH RIBBLE",640,1148.73,0,0
2025-01-01,03F,"NHS HULL",673,1283.63,0,0
2025-01-01,99C,"NHS NORTH TYNESIDE",682,1501.68,0,0
2025-01-01,01E,"NHS GREATER PRESTON",718,1350.69,0,0
2025-01-01,01A,"NHS EAST LANCASHIRE",758,1318.31,0,0
2025-01-01,99G,"NHS SOUTHEND",805,1483.12,0,0
2025-01-01,02M,"NHS FYLDE AND WYRE",855,1436.38,0,0
2025-01-01,02Y,"NHS EAST RIDING OF YORKSHIRE",855,1653.45,0,0
2025-01-01,06L,"NHS IPSWICH AND EAST SUFFOLK",863,1504.3,0,0
2025-01-01,07K,"NHS WEST SUFFOLK",866,1402.99,0,0
2025-01-01,00R,"NHS BLACKPOOL",874,1512.54,0,0
2025-01-01,99E,"NHS BASILDON AND BRENTWOOD",903,1675.62,0,0
2025-01-01,03H,"NHS NORTH EAST LINCOLNSHIRE",906,1856.07,0,0
2025-01-01,03K,"NHS NORTH LINCOLNSHIRE",914,1521.42,0,0
2025-01-01,05D,"NHS EAST STAFFORDSHIRE",950,1698.59,0,0
2025-01-01,01F,"NHS HALTON",971,1786.99,0,0
2025-01-01,02E,"NHS WARRINGTON",1060,2013.18,0,0
2025-01-01,U2G6B,"NHS THAMES VALLEY ICB - U2G6B",1083,2134.46,0,0
2025-01-01,05V,"NHS STAFFORD AND SURROUNDS",1093,2002.25,0,0
2025-01-01,01V,"NHS SOUTHPORT AND FORMBY",1104,2049.12,0,0
2025-01-01,02A,"NHS TRAFFORD",1168,2253.98,0,0
2025-01-01,01D,"NHS HEYWOOD, MIDDLETON AND ROCHDALE",1175,2201.08,0,0
2025-01-01,11M,"NHS GLOUCESTERSHIRE",1225,2368.19,0,0
2025-01-01,05G,"NHS NORTH STAFFORDSHIRE",1249,2345.02,0,0
2025-01-01,00Y,"NHS OLDHAM",1260,2277.96,0,0
2025-01-01,03L,"NHS ROTHERHAM",1307,2374.7,0,0
2025-01-01,04Y,"NHS CANNOCK CHASE",1337,2563.18,0,0
2025-01-01,10Q,"NHS OXFORDSHIRE",1345,2840.24,0,0
2025-01-01,03R,"NHS WAKEFIELD",1355,2796.98,0,0
2025-01-01,99F,"NHS CASTLE POINT AND ROCHFORD",1368,2434.25,0,0
2025-01-01,02P,"NHS BARNSLEY",1375,2685.11,0,0
2025-01-01,42D,"NHS NORTH YORKSHIRE",1434,2746.59,0,0
2025-01-01,01K,"NHS MORECAMBE BAY",1499,2848.79,0,0
2025-01-01,02X,"NHS DONCASTER",1546,2828.08,0,0
2025-01-01,01J,"NHS KNOWSLEY",1551,2793.64,0,0
2025-01-01,00N,"NHS SOUTH TYNESIDE",1570,2920.56,0,0
2025-01-01,00L,"NHS NORTHUMBERLAND",1613,3293.21,0,0
2025-01-01,05W,"NHS STOKE ON TRENT",1619,2883.7,0,0
2025-01-01,02T,"NHS CALDERDALE",1672,3395.24,0,0
2025-01-01,09D,"NHS BRIGHTON AND HOVE",1689,3899.9,0,0
2025-01-01,14Y,"NHS BUCKINGHAMSHIRE",1696,3072.6,0,0
2025-01-01,07H,"NHS WEST ESSEX",1727,2967.42,0,0
2025-01-01,15F,"NHS LEEDS",1804,3667.33,0,0
2025-01-01,04C,"NHS LEICESTER CITY",1823,3324.74,0,0
2025-01-01,03W,"NHS EAST LEICESTERSHIRE AND RUTLAND",1852,3320.09,0,0
2025-01-01,X2C4Y,"NHS KIRKLEES",1874,4078.46,0,0
2025-01-01,06N,"NHS HERTS VALLEYS",1892,3837.96,0,0
2025-01-01,01T,"NHS SOUTH SEFTON",2007,3651.9,0,0
2025-01-01,00V,"NHS BURY",2026,3468.16,0,0
2025-01-01,06Q,"NHS MID ESSEX",2044,3395.47,0,0
2025-01-01,10R,"NHS PORTSMOUTH",2071,4249.87,0,0
2025-01-01,02H,"NHS WIGAN BOROUGH",2082,3811.59,0,0
2025-01-01,04V,"NHS WEST LEICESTERSHIRE",2229,4196.42,0,0
2025-01-01,01H,"NHS NORTH CUMBRIA",2269,4374.7,0,0
2025-01-01,01W,"NHS STOCKPORT",2396,4515.65,0,0
2025-01-01,05Q,"NHS SOUTH EAST STAFFORDSHIRE AND SEISDON PENINSULA",2396,4754.79,0,0
2025-01-01,13T,"NHS NEWCASTLE GATESHEAD",2438,5004.42,0,0
2025-01-01,01X,"NHS ST HELENS",2513,4366.98,0,0
2025-01-01,99A,"NHS LIVERPOOL",2517,4830.85,0,0
2025-01-01,15A,"NHS BERKSHIRE WEST",2527,4466.6,0,0
2025-01-01,M2L0M,"NHS SHROPSHIRE, TELFORD AND WREKIN",2555,5663.44,0,0
2025-01-01,03N,"NHS SHEFFIELD",2582,4713.69,0,0
2025-01-01,11X,"NHS SOMERSET",2612,4586.38,0,0
2025-01-01,01Y,"NHS TAMESIDE AND GLOSSOP",2635,4869.55,0,0
2025-01-01,36L,"NHS SOUTH WEST LONDON",2649,5450.1,0,0
2025-01-01,W2U3Z,"NHS NORTH WEST LONDON",2693,5518.3,0,0
2025-01-01,12F,"NHS WIRRAL",2724,5217.27,0,0
2025-01-01,18C,"NHS HEREFORDSHIRE AND WORCESTERSHIRE",2778,5814.42,0,0
2025-01-01,06T,"NHS NORTH EAST ESSEX",2838,4642.36,0,0
2025-01-01,06K,"NHS EAST AND NORTH HERTFORDSHIRE",2873,4999.92,0,0
2025-01-01,93C,"NHS NORTH CENTRAL LONDON",2946,5669.87,0,0
2025-01-01,00T,"NHS BOLTON",2952,5446.32,0,0
2025-01-01,00P,"NHS SUNDERLAND",3012,5535.1,0,0
2025-01-01,01G,"NHS SALFORD",3068,5375.35,0,0
2025-01-01,11J,"NHS DORSET",3209,7474.3,0,0
2025-01-01,15C,"NHS BRISTOL, NORTH SOMERSET AND SOUTH GLOUCESTERSHIRE",3210,6596.33,0,0
2025-01-01,A3A8R,"NHS NORTH EAST LONDON",3296,6485.68,0,0
2025-01-01,06H,"NHS CAMBRIDGESHIRE AND PETERBOROUGH",3492,5810.91,0,0
2025-01-01,70F,"NHS WEST SUSSEX",3857,8418.41,0,0
2025-01-01,71E,"NHS LINCOLNSHIRE",4027,7195.69,0,0
2025-01-01,27D,"NHS CHESHIRE",4082,7595.57,0,0
2025-01-01,36J,"NHS BRADFORD DISTRICT AND CRAVEN",4241,8264.09,0,0
2025-01-01,92G,"NHS BATH AND NORTH EAST SOMERSET, SWINDON AND WILTSHIRE",4322,8273.88,0,0
2025-01-01,84H,"NHS COUNTY DURHAM",4502,8482.8,0,0
2025-01-01,72Q,"NHS SOUTH EAST LONDON",4511,9513.38,0,0
2025-01-01,11N,"NHS CORNWALL AND THE ISLES OF SCILLY",4737,8863.83,0,0
2025-01-01,97R,"NHS EAST SUSSEX",4751,9949.57,0,0
2025-01-01,M1J4Y,"NHS BEDFORDSHIRE, LUTON AND MILTON KEYNES",5173,9675.55,0,0
2025-01-01,78H,"NHS NORTHAMPTONSHIRE",5184,8330.44,0,0
2025-01-01,26A,"NHS NORFOLK AND WAVENEY",5464,9988.29,0,0
2025-01-01,92A,"NHS SURREY HEARTLANDS",5842,12169.16,0,0
2025-01-01,15N,"NHS DEVON",6173,12469.74,0,0
2025-01-01,16C,"NHS TEES VALLEY",6213,12015.47,0,0
2025-01-01,B2M3M,"NHS COVENTRY AND WARWICKSHIRE",6271,10974.92,0,0
2025-01-01,15M,"NHS DERBY AND DERBYSHIRE",6656,12899.99,0,0
2025-01-01,14L,"NHS MANCHESTER",7414,13394.12,0,0
2025-01-01,52R,"NHS NOTTINGHAM AND NOTTINGHAMSHIRE",8790,16043.82,0,0
2025-01-01,D2P2L,"NHS BLACK COUNTRY",9327,17456.25,0,0
2025-01-01,91Q,"NHS KENT AND MEDWAY",9986,19422.28,0,0
2025-01-01,D9Y0V,"NHS HAMPSHIRE, SOUTHAMPTON AND ISLE OF WIGHT",14325,30496.67,0,0
2025-01-01,15E,"NHS BIRMINGHAM AND SOLIHULL",14804,27849.44,0,0
2025-02-01,09W,"NHS MEDWAY",0,0,0,0
2025-02-01,D4U1Y,"NHS FRIMLEY",37,61.15,0,0
2025-02-01,03Q,"NHS VALE OF YORK",307,661.58,0,0
2025-02-01,02Q,"NHS BASSETLAW",328,682.09,0,0
2025-02-01,07G,"NHS THURROCK",405,710.96,0,0
2025-02-01,00Q,"NHS BLACKBURN WITH DARWEN",410,813.58,0,0
2025-02-01,02G,"NHS WEST LANCASHIRE",517,1052.05,0,0
2025-02-01,00X,"NHS CHORLEY AND SOUTH RIBBLE",590,1219.98,0,0
2025-02-01,03F,"NHS HULL",599,1218.86,0,0
2025-02-01,01E,"NHS GREATER PRESTON",606,1325.9,0,0
2025-02-01,99C,"NHS NORTH TYNESIDE",614,1654.31,0,0
2025-02-01,02M,"NHS FYLDE AND WYRE",668,1252.32,0,0
2025-02-01,06L,"NHS IPSWICH AND EAST SUFFOLK",668,1304.11,0,0
2025-02-01,01A,"NHS EAST LANCASHIRE",670,1355.05,0,0
2025-02-01,99G,"NHS SOUTHEND",702,1442.33,0,0
2025-02-01,02Y,"NHS EAST RIDING OF YORKSHIRE",740,1607.99,0,0
2025-02-01,99E,"NHS BASILDON AND BRENTWOOD",777,1532.57,0,0
2025-02-01,00R,"NHS BLACKPOOL",786,1546.7,0,0
2025-02-01,03H,"NHS NORTH EAST LINCOLNSHIRE",786,1919.68,0,0
2025-02-01,07K,"NHS WEST SUFFOLK",792,1432.64,0,0
2025-02-01,03K,"NHS NORTH LINCOLNSHIRE",797,1404.84,0,0
2025-02-01,01F,"NHS HALTON",814,1607.18,0,0
2025-02-01,05D,"NHS EAST STAFFORDSHIRE",901,1718.67,0,0
2025-02-01,05V,"NHS STAFFORD AND SURROUNDS",919,1696.39,0,0
2025-02-01,02E,"NHS WARRINGTON",946,2080.22,0,0
2025-02-01,U2G6B,"NHS THAMES VALLEY ICB - U2G6B",967,2088.42,0,0
2025-02-01,01V,"NHS SOUTHPORT AND FORMBY",988,1892.92,0,0
2025-02-01,02A,"NHS TRAFFORD",1009,2146.53,0,0
2025-02-01,01D,"NHS HEYWOOD, MIDDLETON AND ROCHDALE",1012,2300.18,0,0
2025-02-01,00Y,"NHS OLDHAM",1067,2260.09,0,0
2025-02-01,05G,"NHS NORTH STAFFORDSHIRE",1088,2168.67,0,0
2025-02-01,03L,"NHS ROTHERHAM",1104,2199.06,0,0
2025-02-01,04Y,"NHS CANNOCK CHASE",1116,2270.66,0,0
2025-02-01,01K,"NHS MORECAMBE BAY",1186,2552.84,0,0
2025-02-01,99F,"NHS CASTLE POINT AND ROCHFORD",1190,2208.43,0,0
2025-02-01,03R,"NHS WAKEFIELD",1208,2481.22,0,0
2025-02-01,11M,"NHS GLOUCESTERSHIRE",1234,2837.53,0,0
2025-02-01,42D,"NHS NORTH YORKSHIRE",1240,2619.51,0,0
2025-02-01,02P,"NHS BARNSLEY",1260,2608.13,0,0
2025-02-01,02X,"NHS DONCASTER",1283,2656.52,0,0
2025-02-01,00N,"NHS SOUTH TYNESIDE",1302,2521.57,0,0
2025-02-01,10Q,"NHS OXFORDSHIRE",1302,3021.13,0,0
2025-02-01,02T,"NHS CALDERDALE",1367,2853.04,0,0
2025-02-01,05W,"NHS STOKE ON TRENT",1384,2717.61,0,0
2025-02-01,01J,"NHS KNOWSLEY",1399,2750.17,0,0
2025-02-01,09D,"NHS BRIGHTON AND HOVE",1406,3747.44,0,0
2025-02-01,00L,"NHS NORTHUMBERLAND",1475,3453.45,0,0
2025-02-01,04C,"NHS LEICESTER CITY",1489,2868.89,0,0
2025-02-01,14Y,"NHS BUCKINGHAMSHIRE",1502,2912.83,0,0
2025-02-01,07H,"NHS WEST ESSEX",1532,2892.98,0,0
2025-02-01,03W,"NHS EAST LEICESTERSHIRE AND RUTLAND",1589,3016.55,0,0
2025-02-01,X2C4Y,"NHS KIRKLEES",1595,3908.67,0,0
2025-02-01,15F,"NHS LEEDS",1617,3842.03,0,0
2025-02-01,06N,"NHS HERTS VALLEYS",1665,3637.33,0,0
2025-02-01,01T,"NHS SOUTH SEFTON",1688,3290.31,0,0
2025-02-01,00V,"NHS BURY",1716,3292.69,0,0
2025-02-01,10R,"NHS PORTSMOUTH",1792,4325.59,0,0
2025-02-01,02H,"NHS WIGAN BOROUGH",1818,3952.82,0,0
2025-02-01,06Q,"NHS MID ESSEX",1870,3256.87,0,0
2025-02-01,04V,"NHS WEST LEICESTERSHIRE",1896,3600.93,0,0
2025-02-01,01H,"NHS NORTH CUMBRIA",1903,4070.94,0,0
2025-02-01,01W,"NHS STOCKPORT",2025,4374.38,0,0
2025-02-01,13T,"NHS NEWCASTLE GATESHEAD",2049,4937.28,0,0
2025-02-01,05Q,"NHS SOUTH EAST STAFFORDSHIRE AND SEISDON PENINSULA",2095,4297.69,0,0
2025-02-01,99A,"NHS LIVERPOOL",2146,4445.08,0,0
2025-02-01,03N,"NHS SHEFFIELD",2193,4412.41,0,0
2025-02-01,11X,"NHS SOMERSET",2197,4080.61,0,0
2025-02-01,01X,"NHS ST HELENS",2200,4174.19,0,0
2025-02-01,36L,"NHS SOUTH WEST LONDON",2247,5021.82,0,0
2025-02-01,M2L0M,"NHS SHROPSHIRE, TELFORD AND WREKIN",2273,5585.42,0,0
2025-02-01,15A,"NHS BERKSHIRE WEST",2303,4293.14,0,0
2025-02-01,06T,"NHS NORTH EAST ESSEX",2350,4184.96,0,0
2025-02-01,18C,"NHS HEREFORDSHIRE AND WORCESTERSHIRE",2413,5938.89,0,0
2025-02-01,W2U3Z,"NHS NORTH WEST LONDON",2413,5490.2,0,0
2025-02-01,93C,"NHS NORTH CENTRAL LONDON",2468,5758.33,0,0
2025-02-01,01Y,"NHS TAMESIDE AND GLOSSOP",2494,4940.87,0,0
2025-02-01,06K,"NHS EAST AND NORTH HERTFORDSHIRE",2506,4823.68,0,0
2025-02-01,00T,"NHS BOLTON",2537,5339.21,0,0
2025-02-01,12F,"NHS WIRRAL",2540,5131.42,0,0
2025-02-01,01G,"NHS SALFORD",2637,5019.78,0,0
2025-02-01,00P,"NHS SUNDERLAND",2649,5090.2,0,0
2025-02-01,15C,"NHS BRISTOL, NORTH SOMERSET AND SOUTH GLOUCESTERSHIRE",2694,6124.73,0,0
2025-02-01,A3A8R,"NHS NORTH EAST LONDON",2748,6060.23,0,0
2025-02-01,11J,"NHS DORSET",2756,6581.22,0,0
2025-02-01,06H,"NHS CAMBRIDGESHIRE AND PETERBOROUGH",2963,5294.06,0,0
2025-02-01,70F,"NHS WEST SUSSEX",3461,8253.64,0,0
2025-02-01,71E,"NHS LINCOLNSHIRE",3463,7136.24,0,0
2025-02-01,27D,"NHS CHESHIRE",3522,7130.74,0,0
2025-02-01,36J,"NHS BRADFORD DISTRICT AND CRAVEN",3595,8138.9,0,0
2025-02-01,92G,"NHS BATH AND NORTH EAST SOMERSET, SWINDON AND WILTSHIRE",3705,7604.76,0,0
2025-02-01,72Q,"NHS SOUTH EAST LONDON",3931,9436.45,0,0
2025-02-01,84H,"NHS COUNTY DURHAM",3940,8822.59,0,0
2025-02-01,97R,"NHS EAST SUSSEX",4079,9893.14,0,0
2025-02-01,11N,"NHS CORNWALL AND THE ISLES OF SCILLY",4129,8999.63,0,0
2025-02-01,M1J4Y,"NHS BEDFORDSHIRE, LUTON AND MILTON KEYNES",4390,9012,0,0
2025-02-01,78H,"NHS NORTHAMPTONSHIRE",4413,7335.59,0,0
2025-02-01,26A,"NHS NORFOLK AND WAVENEY",4550,9314.87,0,0
2025-02-01,15N,"NHS DEVON",5042,12238.47,0,0
2025-02-01,92A,"NHS SURREY HEARTLANDS",5101,11476.14,0,0
2025-02-01,16C,"NHS TEES VALLEY",5175,11981.99,0,0
2025-02-01,B2M3M,"NHS COVENTRY AND WARWICKSHIRE",5288,9927.83,0,0
2025-02-01,15M,"NHS DERBY AND DERBYSHIRE",5823,12054.26,0,0
2025-02-01,14L,"NHS MANCHESTER",6204,12395.42,0,0
2025-02-01,52R,"NHS NOTTINGHAM AND NOTTINGHAMSHIRE",7370,14135.2,0,0
2025-02-01,D2P2L,"NHS BLACK COUNTRY",7803,15313.74,0,0
2025-02-01,91Q,"NHS KENT AND MEDWAY",8765,18561.57,0,0
2025-02-01,D9Y0V,"NHS HAMPSHIRE, SOUTHAMPTON AND ISLE OF WIGHT",12170,28057.7,0,0
2025-02-01,15E,"NHS BIRMINGHAM AND SOLIHULL",12328,24618.23,0,0
2025-03-01,09W,"NHS MEDWAY",0,0,0,0
2025-03-01,D4U1Y,"NHS FRIMLEY",47,74.96,0,0
2025-03-01,03Q,"NHS VALE OF YORK",291,616.47,0,0
2025-03-01,02Q,"NHS BASSETLAW",370,754.76,0,0
2025-03-01,00Q,"NHS BLACKBURN WITH DARWEN",391,803.06,0,0
2025-03-01,07G,"NHS THURROCK",424,765.94,0,0
2025-03-01,00X,"NHS CHORLEY AND SOUTH RIBBLE",571,1162.12,0,0
2025-03-01,02G,"NHS WEST LANCASHIRE",586,1192.81,0,0
2025-03-01,99C,"NHS NORTH TYNESIDE",598,1576.56,0,0
2025-03-01,03F,"NHS HULL",632,1341.33,0,0
2025-03-01,01E,"NHS GREATER PRESTON",655,1426.46,0,0
2025-03-01,01A,"NHS EAST LANCASHIRE",697,1400.86,0,0
2025-03-01,06L,"NHS IPSWICH AND EAST SUFFOLK",710,1412.42,0,0
2025-03-01,02M,"NHS FYLDE AND WYRE",754,1424.05,0,0
2025-03-01,00R,"NHS BLACKPOOL",756,1512.68,0,0
2025-03-01,99E,"NHS BASILDON AND BRENTWOOD",778,1609.58,0,0
2025-03-01,02Y,"NHS EAST RIDING OF YORKSHIRE",780,1660.08,0,0
2025-03-01,99G,"NHS SOUTHEND",788,1565.21,0,0
2025-03-01,05D,"NHS EAST STAFFORDSHIRE",807,1546.34,0,0
2025-03-01,03K,"NHS NORTH LINCOLNSHIRE",816,1463.34,0,0
2025-03-01,03H,"NHS NORTH EAST LINCOLNSHIRE",859,2021.45,0,0
2025-03-01,01F,"NHS HALTON",918,1821.35,0,0
2025-03-01,U2G6B,"NHS THAMES VALLEY ICB - U2G6B",955,2053.46,0,0
2025-03-01,07K,"NHS WEST SUFFOLK",961,1633.84,0,0
2025-03-01,02E,"NHS WARRINGTON",970,2148.1,0,0
2025-03-01,05V,"NHS STAFFORD AND SURROUNDS",971,1744.09,0,0
2025-03-01,01V,"NHS SOUTHPORT AND FORMBY",1010,1996.59,0,0
2025-03-01,02A,"NHS TRAFFORD",1097,2364.45,0,0
2025-03-01,01D,"NHS HEYWOOD, MIDDLETON AND ROCHDALE",1100,2501.59,0,0
2025-03-01,00Y,"NHS OLDHAM",1125,2392.19,0,0
2025-03-01,05G,"NHS NORTH STAFFORDSHIRE",1125,2320.22,0,0
2025-03-01,03L,"NHS ROTHERHAM",1154,2354.43,0,0
2025-03-01,99F,"NHS CASTLE POINT AND ROCHFORD",1170,2188.41,0,0
2025-03-01,11M,"NHS GLOUCESTERSHIRE",1186,2699.11,0,0
2025-03-01,04Y,"NHS CANNOCK CHASE",1227,2509.77,0,0
2025-03-01,10Q,"NHS OXFORDSHIRE",1275,3031.56,0,0
2025-03-01,02P,"NHS BARNSLEY",1278,2627.54,0,0
2025-03-01,03R,"NHS WAKEFIELD",1278,2536.18,0,0
2025-03-01,42D,"NHS NORTH YORKSHIRE",1322,2775.79,0,0
2025-03-01,01K,"NHS MORECAMBE BAY",1384,2922.16,0,0
2025-03-01,02X,"NHS DONCASTER",1404,2877.1,0,0
2025-03-01,00L,"NHS NORTHUMBERLAND",1429,3396.06,0,0
2025-03-01,09D,"NHS BRIGHTON AND HOVE",1460,3879.41,0,0
2025-03-01,00N,"NHS SOUTH TYNESIDE",1469,2884.88,0,0
2025-03-01,02T,"NHS CALDERDALE",1483,3141.25,0,0
2025-03-01,01J,"NHS KNOWSLEY",1495,2963.31,0,0
2025-03-01,05W,"NHS STOKE ON TRENT",1502,2933.78,0,0
2025-03-01,04C,"NHS LEICESTER CITY",1534,2881.97,0,0
2025-03-01,07H,"NHS WEST ESSEX",1587,2962.42,0,0
2025-03-01,03W,"NHS EAST LEICESTERSHIRE AND RUTLAND",1592,2964,0,0
2025-03-01,14Y,"NHS BUCKINGHAMSHIRE",1599,3104.23,0,0
2025-03-01,15F,"NHS LEEDS",1629,4007.25,0,0
2025-03-01,06N,"NHS HERTS VALLEYS",1719,3762.55,0,0
2025-03-01,00V,"NHS BURY",1743,3380.5,0,0
2025-03-01,X2C4Y,"NHS KIRKLEES",1787,4402.44,0,0
2025-03-01,01T,"NHS SOUTH SEFTON",1825,3488.74,0,0
2025-03-01,10R,"NHS PORTSMOUTH",1833,4399.6,0,0
2025-03-01,02H,"NHS WIGAN BOROUGH",1888,4109.59,0,0
2025-03-01,06Q,"NHS MID ESSEX",1982,3435.28,0,0
2025-03-01,01H,"NHS NORTH CUMBRIA",2019,4416.79,0,0
2025-03-01,04V,"NHS WEST LEICESTERSHIRE",2021,3960.71,0,0
2025-03-01,01W,"NHS STOCKPORT",2060,4401.57,0,0
2025-03-01,13T,"NHS NEWCASTLE GATESHEAD",2110,5124.62,0,0
2025-03-01,11X,"NHS SOMERSET",2138,3980.94,0,0
2025-03-01,05Q,"NHS SOUTH EAST STAFFORDSHIRE AND SEISDON PENINSULA",2188,4491.9,0,0
2025-03-01,01X,"NHS ST HELENS",2246,4266.79,0,0
2025-03-01,03N,"NHS SHEFFIELD",2275,4598.65,0,0
2025-03-01,99A,"NHS LIVERPOOL",2299,4767.19,0,0
2025-03-01,36L,"NHS SOUTH WEST LONDON",2336,5336.05,0,0
2025-03-01,15A,"NHS BERKSHIRE WEST",2338,4316.44,0,0
2025-03-01,M2L0M,"NHS SHROPSHIRE, TELFORD AND WREKIN",2375,5874.04,0,0
2025-03-01,18C,"NHS HEREFORDSHIRE AND WORCESTERSHIRE",2432,5990.7,0,0
2025-03-01,W2U3Z,"NHS NORTH WEST LONDON",2450,5608.23,0,0
2025-03-01,06T,"NHS NORTH EAST ESSEX",2588,4688.75,0,0
2025-03-01,00T,"NHS BOLTON",2596,5453.49,0,0
2025-03-01,01G,"NHS SALFORD",2601,4920.35,0,0
2025-03-01,93C,"NHS NORTH CENTRAL LONDON",2604,6018.95,0,0
2025-03-01,01Y,"NHS TAMESIDE AND GLOSSOP",2613,5251.79,0,0
2025-03-01,12F,"NHS WIRRAL",2634,5328.46,0,0
2025-03-01,06K,"NHS EAST AND NORTH HERTFORDSHIRE",2658,5239.44,0,0
2025-03-01,00P,"NHS SUNDERLAND",2817,5400.36,0,0
2025-03-01,11J,"NHS DORSET",2825,6795.53,0,0
2025-03-01,15C,"NHS BRISTOL, NORTH SOMERSET AND SOUTH GLOUCESTERSHIRE",2840,6474.71,0,0
2025-03-01,A3A8R,"NHS NORTH EAST LONDON",2926,6520.7,0,0
2025-03-01,06H,"NHS CAMBRIDGESHIRE AND PETERBOROUGH",3105,5549.43,0,0
2025-03-01,70F,"NHS WEST SUSSEX",3343,8192.57,0,0
2025-03-01,71E,"NHS LINCOLNSHIRE",3562,7241.55,0,0
2025-03-01,92G,"NHS BATH AND NORTH EAST SOMERSET, SWINDON AND WILTSHIRE",3672,7771.99,0,0
2025-03-01,27D,"NHS CHESHIRE",3696,7461.02,0,0
2025-03-01,36J,"NHS BRADFORD DISTRICT AND CRAVEN",3717,8241.48,0,0
2025-03-01,84H,"NHS COUNTY DURHAM",3952,8924.7,0,0
2025-03-01,72Q,"NHS SOUTH EAST LONDON",4039,9481.13,0,0
2025-03-01,97R,"NHS EAST SUSSEX",4190,9930.26,0,0
2025-03-01,11N,"NHS CORNWALL AND THE ISLES OF SCILLY",4209,9512.49,0,0
2025-03-01,M1J4Y,"NHS BEDFORDSHIRE, LUTON AND MILTON KEYNES",4435,9080.38,0,0
2025-03-01,78H,"NHS NORTHAMPTONSHIRE",4635,7696.7,0,0
2025-03-01,26A,"NHS NORFOLK AND WAVENEY",4899,10154.03,0,0
2025-03-01,92A,"NHS SURREY HEARTLANDS",5133,11664.95,0,0
2025-03-01,15N,"NHS DEVON",5354,11635.38,0,0
2025-03-01,B2M3M,"NHS COVENTRY AND WARWICKSHIRE",5359,9978.75,0,0
2025-03-01,16C,"NHS TEES VALLEY",5578,13093.91,0,0
2025-03-01,15M,"NHS DERBY AND DERBYSHIRE",6007,12272.27,0,0
2025-03-01,14L,"NHS MANCHESTER",6581,12988.67,0,0
2025-03-01,52R,"NHS NOTTINGHAM AND NOTTINGHAMSHIRE",7594,15031.23,0,0
2025-03-01,D2P2L,"NHS BLACK COUNTRY",8196,16309.52,0,0
2025-03-01,91Q,"NHS KENT AND MEDWAY",9193,19323.81,0,0
2025-03-01,D9Y0V,"NHS HAMPSHIRE, SOUTHAMPTON AND ISLE OF WIGHT",12599,29225,0,0
2025-03-01,15E,"NHS BIRMINGHAM AND SOLIHULL",13120,26180.94,0,0
2025-04-01,09W,"NHS MEDWAY",0,0,0,0
2025-04-01,D4U1Y,"NHS FRIMLEY",42,66.36,0,0
2025-04-01,03Q,"NHS VALE OF YORK",282,611.99,0,0
2025-04-01,02Q,"NHS BASSETLAW",375,749.1,0,0
2025-04-01,00Q,"NHS BLACKBURN WITH DARWEN",391,793.14,0,0
2025-04-01,07G,"NHS THURROCK",396,697.11,0,0
2025-04-01,02G,"NHS WEST LANCASHIRE",567,1099.77,0,0
2025-04-01,00X,"NHS CHORLEY AND SOUTH RIBBLE",607,1219.96,0,0
2025-04-01,03F,"NHS HULL",643,1368.34,0,0
2025-04-01,99C,"NHS NORTH TYNESIDE",656,1774.03,0,0
2025-04-01,01A,"NHS EAST LANCASHIRE",676,1365.28,0,0
2025-04-01,01E,"NHS GREATER PRESTON",684,1498,0,0
2025-04-01,06L,"NHS IPSWICH AND EAST SUFFOLK",705,1400.55,0,0
2025-04-01,02M,"NHS FYLDE AND WYRE",715,1349.97,0,0
2025-04-01,99G,"NHS SOUTHEND",732,1421.57,0,0
2025-04-01,07K,"NHS WEST SUFFOLK",742,1336.43,0,0
2025-04-01,00R,"NHS BLACKPOOL",767,1569.34,0,0
2025-04-01,02Y,"NHS EAST RIDING OF YORKSHIRE",797,1696.33,0,0
2025-04-01,05D,"NHS EAST STAFFORDSHIRE",816,1569.72,0,0
2025-04-01,03H,"NHS NORTH EAST LINCOLNSHIRE",824,2065.75,0,0
2025-04-01,03K,"NHS NORTH LINCOLNSHIRE",827,1482.62,0,0
2025-04-01,99E,"NHS BASILDON AND BRENTWOOD",855,1719.02,0,0
2025-04-01,05V,"NHS STAFFORD AND SURROUNDS",868,1583.61,0,0
2025-04-01,01F,"NHS HALTON",900,1788.77,0,0
2025-04-01,02E,"NHS WARRINGTON",909,1973.06,0,0
2025-04-01,U2G6B,"NHS THAMES VALLEY ICB - U2G6B",956,2021.7,0,0
2025-04-01,01V,"NHS SOUTHPORT AND FORMBY",988,1982.51,0,0
2025-04-01,00Y,"NHS OLDHAM",1051,2205.28,0,0
2025-04-01,01D,"NHS HEYWOOD, MIDDLETON AND ROCHDALE",1053,2464.37,0,0
2025-04-01,05G,"NHS NORTH STAFFORDSHIRE",1084,2198.67,0,0
2025-04-01,02A,"NHS TRAFFORD",1107,2407.48,0,0
2025-04-01,04Y,"NHS CANNOCK CHASE",1141,2314.53,0,0
2025-04-01,11M,"NHS GLOUCESTERSHIRE",1143,2608.99,0,0
2025-04-01,03L,"NHS ROTHERHAM",1153,2343.41,0,0
2025-04-01,10Q,"NHS OXFORDSHIRE",1234,2932.55,0,0
2025-04-01,99F,"NHS CASTLE POINT AND ROCHFORD",1274,2357.75,0,0
2025-04-01,03R,"NHS WAKEFIELD",1275,2776.11,0,0
2025-04-01,42D,"NHS NORTH YORKSHIRE",1283,2741.5,0,0
2025-04-01,02P,"NHS BARNSLEY",1325,2681.15,0,0
2025-04-01,02X,"NHS DONCASTER",1350,2765.84,0,0
2025-04-01,01K,"NHS MORECAMBE BAY",1364,2919.09,0,0
2025-04-01,09D,"NHS BRIGHTON AND HOVE",1416,3835.83,0,0
2025-04-01,00N,"NHS SOUTH TYNESIDE",1425,2763.16,0,0
2025-04-01,03W,"NHS EAST LEICESTERSHIRE AND RUTLAND",1433,2674.74,0,0
2025-04-01,04C,"NHS LEICESTER CITY",1440,2714.53,0,0
2025-04-01,02T,"NHS CALDERDALE",1458,3265.27,0,0
2025-04-01,01J,"NHS KNOWSLEY",1477,2891.2,0,0
2025-04-01,00L,"NHS NORTHUMBERLAND",1479,3446.14,0,0
2025-04-01,05W,"NHS STOKE ON TRENT",1481,2852.63,0,0
2025-04-01,14Y,"NHS BUCKINGHAMSHIRE",1515,2915.57,0,0
2025-04-01,07H,"NHS WEST ESSEX",1642,3021.63,0,0
2025-04-01,15F,"NHS LEEDS",1661,4070.35,0,0
2025-04-01,00V,"NHS BURY",1712,3315.37,0,0
2025-04-01,X2C4Y,"NHS KIRKLEES",1760,4612.23,0,0
2025-04-01,10R,"NHS PORTSMOUTH",1761,4334.23,0,0
2025-04-01,06N,"NHS HERTS VALLEYS",1794,3962.26,0,0
2025-04-01,01T,"NHS SOUTH SEFTON",1803,3496.64,0,0
2025-04-01,06Q,"NHS MID ESSEX",1883,3243.81,0,0
2025-04-01,04V,"NHS WEST LEICESTERSHIRE",1887,3549.68,0,0
2025-04-01,02H,"NHS WIGAN BOROUGH",1893,4154.07,0,0
2025-04-01,01H,"NHS NORTH CUMBRIA",1901,4109.65,0,0
2025-04-01,11X,"NHS SOMERSET",2021,3726.56,0,0
2025-04-01,01W,"NHS STOCKPORT",2113,4604.88,0,0
2025-04-01,15A,"NHS BERKSHIRE WEST",2123,3949.45,0,0
2025-04-01,05Q,"NHS SOUTH EAST STAFFORDSHIRE AND SEISDON PENINSULA",2221,4515.65,0,0
2025-04-01,01X,"NHS ST HELENS",2226,4265.93,0,0
2025-04-01,13T,"NHS NEWCASTLE GATESHEAD",2250,5339.44,0,0
2025-04-01,99A,"NHS LIVERPOOL",2285,4757.17,0,0
2025-04-01,M2L0M,"NHS SHROPSHIRE, TELFORD AND WREKIN",2297,5746.11,0,0
2025-04-01,03N,"NHS SHEFFIELD",2341,4674.39,0,0
2025-04-01,36L,"NHS SOUTH WEST LONDON",2369,5344.48,0,0
2025-04-01,06T,"NHS NORTH EAST ESSEX",2380,4276.9,0,0
2025-04-01,18C,"NHS HEREFORDSHIRE AND WORCESTERSHIRE",2397,5825.32,0,0
2025-04-01,W2U3Z,"NHS NORTH WEST LONDON",2440,5640.5,0,0
2025-04-01,06K,"NHS EAST AND NORTH HERTFORDSHIRE",2512,4860.82,0,0
2025-04-01,01Y,"NHS TAMESIDE AND GLOSSOP",2530,5059.8,0,0
2025-04-01,01G,"NHS SALFORD",2565,4920.31,0,0
2025-04-01,93C,"NHS NORTH CENTRAL LONDON",2569,5880.27,0,0
2025-04-01,12F,"NHS WIRRAL",2574,5260.1,0,0
2025-04-01,00T,"NHS BOLTON",2648,5628.36,0,0
2025-04-01,00P,"NHS SUNDERLAND",2735,5222.73,0,0
2025-04-01,11J,"NHS DORSET",2764,6679.81,0,0
2025-04-01,15C,"NHS BRISTOL, NORTH SOMERSET AND SOUTH GLOUCESTERSHIRE",2784,6358.76,0,0
2025-04-01,A3A8R,"NHS NORTH EAST LONDON",2868,6215.39,0,0
2025-04-01,06H,"NHS CAMBRIDGESHIRE AND PETERBOROUGH",3023,5327.77,0,0
2025-04-01,70F,"NHS WEST SUSSEX",3387,8066.38,0,0
2025-04-01,71E,"NHS LINCOLNSHIRE",3459,7018.97,0,0
2025-04-01,92G,"NHS BATH AND NORTH EAST SOMERSET, SWINDON AND WILTSHIRE",3535,7439.48,0,0
2025-04-01,27D,"NHS CHESHIRE",3552,7139.94,0,0
2025-04-01,36J,"NHS BRADFORD DISTRICT AND CRAVEN",3653,7905.46,0,0
2025-04-01,72Q,"NHS SOUTH EAST LONDON",3942,9397.54,0,0
2025-04-01,11N,"NHS CORNWALL AND THE ISLES OF SCILLY",4015,9030.21,0,0
2025-04-01,84H,"NHS COUNTY DURHAM",4097,9342.03,0,0
2025-04-01,97R,"NHS EAST SUSSEX",4229,10216.78,0,0
2025-04-01,78H,"NHS NORTHAMPTONSHIRE",4439,7302.28,0,0
2025-04-01,M1J4Y,"NHS BEDFORDSHIRE, LUTON AND MILTON KEYNES",4565,9214.38,0,0
2025-04-01,26A,"NHS NORFOLK AND WAVENEY",4649,9747.97,0,0
2025-04-01,15N,"NHS DEVON",5046,10970.73,0,0
2025-04-01,92A,"NHS SURREY HEARTLANDS",5143,11582.76,0,0
2025-04-01,16C,"NHS TEES VALLEY",5631,13354.9,0,0
2025-04-01,B2M3M,"NHS COVENTRY AND WARWICKSHIRE",5751,10834.57,0,0
2025-04-01,15M,"NHS DERBY AND DERBYSHIRE",5979,12323.78,0,0
2025-04-01,14L,"NHS MANCHESTER",6472,12799.76,0,0
2025-04-01,52R,"NHS NOTTINGHAM AND NOTTINGHAMSHIRE",7616,14811.71,0,0
2025-04-01,D2P2L,"NHS BLACK COUNTRY",8293,16125.61,0,0
2025-04-01,91Q,"NHS KENT AND MEDWAY",9148,19323.54,0,0
2025-04-01,D9Y0V,"NHS HAMPSHIRE, SOUTHAMPTON AND ISLE OF WIGHT",12570,29205.42,0,0
2025-04-01,15E,"NHS BIRMINGHAM AND SOLIHULL",12930,25818.77,0,0
2025-05-01,09W,"NHS MEDWAY",0,0,0,0
2025-05-01,D4U1Y,"NHS FRIMLEY",37,58.03,0,0
2025-05-01,03Q,"NHS VALE OF YORK",288,654.82,0,0
2025-05-01,02Q,"NHS BASSETLAW",370,756.4,0,0
2025-05-01,07G,"NHS THURROCK",401,723.22,0,0
2025-05-01,00Q,"NHS BLACKBURN WITH DARWEN",451,887.42,0,0
2025-05-01,02G,"NHS WEST LANCASHIRE",555,1096.48,0,0
2025-05-01,00X,"NHS CHORLEY AND SOUTH RIBBLE",598,1214.71,0,0
2025-05-01,01E,"NHS GREATER PRESTON",629,1355.97,0,0
2025-05-01,99C,"NHS NORTH TYNESIDE",638,1702.85,0,0
2025-05-01,03F,"NHS HULL",678,1412.39,0,0
2025-05-01,06L,"NHS IPSWICH AND EAST SUFFOLK",695,1386.76,0,0
2025-05-01,01A,"NHS EAST LANCASHIRE",702,1391.53,0,0
2025-05-01,02M,"NHS FYLDE AND WYRE",737,1381.23,0,0
2025-05-01,99G,"NHS SOUTHEND",793,1635.67,0,0
2025-05-01,07K,"NHS WEST SUFFOLK",794,1411.93,0,0
2025-05-01,05D,"NHS EAST STAFFORDSHIRE",801,1566.92,0,0
2025-05-01,03K,"NHS NORTH LINCOLNSHIRE",802,1436.09,0,0
2025-05-01,02Y,"NHS EAST RIDING OF YORKSHIRE",803,1677.36,0,0
2025-05-01,99E,"NHS BASILDON AND BRENTWOOD",803,1688.13,0,0
2025-05-01,00R,"NHS BLACKPOOL",815,1664.06,0,0
2025-05-01,03H,"NHS NORTH EAST LINCOLNSHIRE",847,1972,0,0
2025-05-01,05V,"NHS STAFFORD AND SURROUNDS",879,1650.39,0,0
2025-05-01,01F,"NHS HALTON",926,1878.89,0,0
2025-05-01,U2G6B,"NHS THAMES VALLEY ICB - U2G6B",929,1970.37,0,0
2025-05-01,01V,"NHS SOUTHPORT AND FORMBY",1016,1970.31,0,0
2025-05-01,02E,"NHS WARRINGTON",1036,2195.46,0,0
2025-05-01,01D,"NHS HEYWOOD, MIDDLETON AND ROCHDALE",1062,2422.09,0,0
2025-05-01,02A,"NHS TRAFFORD",1065,2312.68,0,0
2025-05-01,05G,"NHS NORTH STAFFORDSHIRE",1081,2242.05,0,0
2025-05-01,00Y,"NHS OLDHAM",1101,2315.95,0,0
2025-05-01,11M,"NHS GLOUCESTERSHIRE",1134,2479.89,0,0
2025-05-01,99F,"NHS CASTLE POINT AND ROCHFORD",1163,2152,0,0
2025-05-01,03L,"NHS ROTHERHAM",1236,2504.62,0,0
2025-05-01,03R,"NHS WAKEFIELD",1247,2594.73,0,0
2025-05-01,42D,"NHS NORTH YORKSHIRE",1259,2640.74,0,0
2025-05-01,04Y,"NHS CANNOCK CHASE",1263,2530.45,0,0
2025-05-01,10Q,"NHS OXFORDSHIRE",1296,3107.02,0,0
2025-05-01,02P,"NHS BARNSLEY",1354,2819.93,0,0
2025-05-01,02X,"NHS DONCASTER",1365,2825.5,0,0
2025-05-01,01K,"NHS MORECAMBE BAY",1388,2904.55,0,0
2025-05-01,00L,"NHS NORTHUMBERLAND",1415,3281.8,0,0
2025-05-01,00N,"NHS SOUTH TYNESIDE",1428,2773.42,0,0
2025-05-01,05W,"NHS STOKE ON TRENT",1452,2820.15,0,0
2025-05-01,03W,"NHS EAST LEICESTERSHIRE AND RUTLAND",1483,2766.31,0,0
2025-05-01,04C,"NHS LEICESTER CITY",1487,2795.28,0,0
2025-05-01,09D,"NHS BRIGHTON AND HOVE",1529,4085.47,0,0
2025-05-01,01J,"NHS KNOWSLEY",1531,3011.66,0,0
2025-05-01,02T,"NHS CALDERDALE",1571,3442.74,0,0
2025-05-01,07H,"NHS WEST ESSEX",1596,2924.64,0,0
2025-05-01,14Y,"NHS BUCKINGHAMSHIRE",1649,3116.87,0,0
2025-05-01,15F,"NHS LEEDS",1676,3958.95,0,0
2025-05-01,X2C4Y,"NHS KIRKLEES",1684,4100.08,0,0
2025-05-01,00V,"NHS BURY",1713,3264.37,0,0
2025-05-01,10R,"NHS PORTSMOUTH",1737,4173.54,0,0
2025-05-01,06N,"NHS HERTS VALLEYS",1790,3874.07,0,0
2025-05-01,01T,"NHS SOUTH SEFTON",1837,3525.4,0,0
2025-05-01,06Q,"NHS MID ESSEX",1914,3363.72,0,0
2025-05-01,04V,"NHS WEST LEICESTERSHIRE",1986,3755.2,0,0
2025-05-01,02H,"NHS WIGAN BOROUGH",1989,4309.51,0,0
2025-05-01,01H,"NHS NORTH CUMBRIA",2042,4371.5,0,0
2025-05-01,01W,"NHS STOCKPORT",2122,4613.32,0,0
2025-05-01,11X,"NHS SOMERSET",2126,3885.74,0,0
2025-05-01,13T,"NHS NEWCASTLE GATESHEAD",2158,5059.75,0,0
2025-05-01,05Q,"NHS SOUTH EAST STAFFORDSHIRE AND SEISDON PENINSULA",2188,4458.18,0,0
2025-05-01,03N,"NHS SHEFFIELD",2242,4528.08,0,0
2025-05-01,99A,"NHS LIVERPOOL",2326,4854.6,0,0
2025-05-01,01X,"NHS ST HELENS",2330,4429.33,0,0
2025-05-01,M2L0M,"NHS SHROPSHIRE, TELFORD AND WREKIN",2338,5750,0,0
2025-05-01,36L,"NHS SOUTH WEST LONDON",2344,5289.87,0,0
2025-05-01,15A,"NHS BERKSHIRE WEST",2364,4452.35,0,0
2025-05-01,18C,"NHS HEREFORDSHIRE AND WORCESTERSHIRE",2407,5931.65,0,0
2025-05-01,W2U3Z,"NHS NORTH WEST LONDON",2408,5516.56,0,0
2025-05-01,06T,"NHS NORTH EAST ESSEX",2527,4471.27,0,0
2025-05-01,93C,"NHS NORTH CENTRAL LONDON",2590,5923.8,0,0
2025-05-01,12F,"NHS WIRRAL",2607,5351.8,0,0
2025-05-01,06K,"NHS EAST AND NORTH HERTFORDSHIRE",2610,5033.83,0,0
2025-05-01,01Y,"NHS TAMESIDE AND GLOSSOP",2619,5199.25,0,0
2025-05-01,00T,"NHS BOLTON",2625,5525.35,0,0
2025-05-01,01G,"NHS SALFORD",2659,5157.02,0,0
2025-05-01,11J,"NHS DORSET",2785,6640.8,0,0
2025-05-01,00P,"NHS SUNDERLAND",2812,5409.34,0,0
2025-05-01,15C,"NHS BRISTOL, NORTH SOMERSET AND SOUTH GLOUCESTERSHIRE",2865,6470.42,0,0
2025-05-01,A3A8R,"NHS NORTH EAST LONDON",2874,6362.72,0,0
2025-05-01,06H,"NHS CAMBRIDGESHIRE AND PETERBOROUGH",3120,5503.11,0,0
2025-05-01,70F,"NHS WEST SUSSEX",3525,8465.1,0,0
2025-05-01,92G,"NHS BATH AND NORTH EAST SOMERSET, SWINDON AND WILTSHIRE",3590,7631.96,0,0
2025-05-01,71E,"NHS LINCOLNSHIRE",3627,7313.47,0,0
2025-05-01,36J,"NHS BRADFORD DISTRICT AND CRAVEN",3684,7993.44,0,0
2025-05-01,27D,"NHS CHESHIRE",3788,7587.39,0,0
2025-05-01,72Q,"NHS SOUTH EAST LONDON",3910,9281.64,0,0
2025-05-01,11N,"NHS CORNWALL AND THE ISLES OF SCILLY",4133,9056.39,0,0
2025-05-01,97R,"NHS EAST SUSSEX",4134,9787.51,0,0
2025-05-01,84H,"NHS COUNTY DURHAM",4159,9330.32,0,0
2025-05-01,M1J4Y,"NHS BEDFORDSHIRE, LUTON AND MILTON KEYNES",4388,8925.29,0,0
2025-05-01,78H,"NHS NORTHAMPTONSHIRE",4605,7604.97,0,0
2025-05-01,26A,"NHS NORFOLK AND WAVENEY",4627,9560.85,0,0
2025-05-01,92A,"NHS SURREY HEARTLANDS",5033,11309.29,0,0
2025-05-01,15N,"NHS DEVON",5279,11821.41,0,0
2025-05-01,16C,"NHS TEES VALLEY",5591,13073.96,0,0
2025-05-01,B2M3M,"NHS COVENTRY AND WARWICKSHIRE",5613,10522.7,0,0
2025-05-01,15M,"NHS DERBY AND DERBYSHIRE",5978,12184.22,0,0
2025-05-01,14L,"NHS MANCHESTER",6367,12630.21,0,0
2025-05-01,52R,"NHS NOTTINGHAM AND NOTTINGHAMSHIRE",7671,14930.64,0,0
2025-05-01,D2P2L,"NHS BLACK COUNTRY",8247,16505.1,0,0
2025-05-01,91Q,"NHS KENT AND MEDWAY",9126,19249.83,0,0
2025-05-01,D9Y0V,"NHS HAMPSHIRE, SOUTHAMPTON AND ISLE OF WIGHT",12498,28729.23,0,0
2025-05-01,15E,"NHS BIRMINGHAM AND SOLIHULL",12957,25887.81,0,0
2025-06-01,09W,"NHS MEDWAY",0,0,0,0
2025-06-01,D4U1Y,"NHS FRIMLEY",19,29.3,0,0
2025-06-01,03Q,"NHS VALE OF YORK",291,604.18,0,0
2025-06-01,02Q,"NHS BASSETLAW",386,785.29,0,0
2025-06-01,00Q,"NHS BLACKBURN WITH DARWEN",399,803.53,0,0
2025-06-01,07G,"NHS THURROCK",402,726.98,0,0
2025-06-01,02G,"NHS WEST LANCASHIRE",526,1026.27,0,0
2025-06-01,00X,"NHS CHORLEY AND SOUTH RIBBLE",580,1221.6,0,0
2025-06-01,01E,"NHS GREATER PRESTON",609,1336.19,0,0
2025-06-01,99C,"NHS NORTH TYNESIDE",625,1669.89,0,0
2025-06-01,03F,"NHS HULL",639,1376.22,0,0
2025-06-01,01A,"NHS EAST LANCASHIRE",646,1300.62,0,0
2025-06-01,02M,"NHS FYLDE AND WYRE",675,1281.53,0,0
2025-06-01,06L,"NHS IPSWICH AND EAST SUFFOLK",710,1419.59,0,0
2025-06-01,07K,"NHS WEST SUFFOLK",712,1280.41,0,0
2025-06-01,99G,"NHS SOUTHEND",742,1480.18,0,0
2025-06-01,00R,"NHS BLACKPOOL",752,1501.78,0,0
2025-06-01,05D,"NHS EAST STAFFORDSHIRE",760,1480.44,0,0
2025-06-01,02Y,"NHS EAST RIDING OF YORKSHIRE",778,1659.81,0,0
2025-06-01,99E,"NHS BASILDON AND BRENTWOOD",791,1608.94,0,0
2025-06-01,03K,"NHS NORTH LINCOLNSHIRE",815,1503.91,0,0
2025-06-01,03H,"NHS NORTH EAST LINCOLNSHIRE",836,2184.8,0,0
2025-06-01,01F,"NHS HALTON",860,1694.82,0,0
2025-06-01,U2G6B,"NHS THAMES VALLEY ICB - U2G6B",892,1927.73,0,0
2025-06-01,02E,"NHS WARRINGTON",896,1947.4,0,0
2025-06-01,05V,"NHS STAFFORD AND SURROUNDS",899,1619.63,0,0
2025-06-01,01V,"NHS SOUTHPORT AND FORMBY",948,1818.73,0,0
2025-06-01,02A,"NHS TRAFFORD",1001,2235.78,0,0
2025-06-01,01D,"NHS HEYWOOD, MIDDLETON AND ROCHDALE",1024,2371.46,0,0
2025-06-01,11M,"NHS GLOUCESTERSHIRE",1056,2419.09,0,0
2025-06-01,00Y,"NHS OLDHAM",1061,2221.45,0,0
2025-06-01,05G,"NHS NORTH STAFFORDSHIRE",1100,2263.79,0,0
2025-06-01,03L,"NHS ROTHERHAM",1142,2311.88,0,0
2025-06-01,04Y,"NHS CANNOCK CHASE",1152,2360.39,0,0
2025-06-01,99F,"NHS CASTLE POINT AND ROCHFORD",1166,2199.56,0,0
2025-06-01,10Q,"NHS OXFORDSHIRE",1228,3005.93,0,0
2025-06-01,03R,"NHS WAKEFIELD",1241,2634.01,0,0
2025-06-01,02P,"NHS BARNSLEY",1244,2597.17,0,0
2025-06-01,42D,"NHS NORTH YORKSHIRE",1246,2649.85,0,0
2025-06-01,02X,"NHS DONCASTER",1289,2659.44,0,0
2025-06-01,01K,"NHS MORECAMBE BAY",1304,2792.17,0,0
2025-06-01,04C,"NHS LEICESTER CITY",1360,2596.48,0,0
2025-06-01,02T,"NHS CALDERDALE",1393,2922.09,0,0
2025-06-01,00N,"NHS SOUTH TYNESIDE",1397,2728.93,0,0
2025-06-01,05W,"NHS STOKE ON TRENT",1421,2753.35,0,0
2025-06-01,09D,"NHS BRIGHTON AND HOVE",1446,3821,0,0
2025-06-01,03W,"NHS EAST LEICESTERSHIRE AND RUTLAND",1452,2750.88,0,0
2025-06-01,00L,"NHS NORTHUMBERLAND",1472,3573.59,0,0
2025-06-01,01J,"NHS KNOWSLEY",1475,2908.87,0,0
2025-06-01,14Y,"NHS BUCKINGHAMSHIRE",1478,2894.14,0,0
2025-06-01,07H,"NHS WEST ESSEX",1543,2914.37,0,0
2025-06-01,00V,"NHS BURY",1614,3165.66,0,0
2025-06-01,X2C4Y,"NHS KIRKLEES",1671,4132.34,0,0
2025-06-01,15F,"NHS LEEDS",1676,4043.58,0,0
2025-06-01,10R,"NHS PORTSMOUTH",1686,4058.94,0,0
2025-06-01,06N,"NHS HERTS VALLEYS",1720,3758.01,0,0
2025-06-01,01T,"NHS SOUTH SEFTON",1762,3434.89,0,0
2025-06-01,06Q,"NHS MID ESSEX",1789,3143.31,0,0
2025-06-01,01H,"NHS NORTH CUMBRIA",1847,4009.23,0,0
2025-06-01,04V,"NHS WEST LEICESTERSHIRE",1918,3647.04,0,0
2025-06-01,02H,"NHS WIGAN BOROUGH",1920,4172.42,0,0
2025-06-01,11X,"NHS SOMERSET",1981,3701.94,0,0
2025-06-01,01W,"NHS STOCKPORT",2016,4368.89,0,0
2025-06-01,13T,"NHS NEWCASTLE GATESHEAD",2060,4931.53,0,0
2025-06-01,05Q,"NHS SOUTH EAST STAFFORDSHIRE AND SEISDON PENINSULA",2074,4305.38,0,0
2025-06-01,01X,"NHS ST HELENS",2150,4081.86,0,0
2025-06-01,15A,"NHS BERKSHIRE WEST",2155,4144.9,0,0
2025-06-01,03N,"NHS SHEFFIELD",2193,4503.23,0,0
2025-06-01,99A,"NHS LIVERPOOL",2251,4877.96,0,0
2025-06-01,36L,"NHS SOUTH WEST LONDON",2255,5208.38,0,0
2025-06-01,W2U3Z,"NHS NORTH WEST LONDON",2278,5275.11,0,0
2025-06-01,M2L0M,"NHS SHROPSHIRE, TELFORD AND WREKIN",2320,5742.04,0,0
2025-06-01,18C,"NHS HEREFORDSHIRE AND WORCESTERSHIRE",2355,5798.26,0,0
2025-06-01,06T,"NHS NORTH EAST ESSEX",2413,4320.9,0,0
2025-06-01,93C,"NHS NORTH CENTRAL LONDON",2423,5667.71,0,0
2025-06-01,01Y,"NHS TAMESIDE AND GLOSSOP",2446,4985.3,0,0
2025-06-01,06K,"NHS EAST AND NORTH HERTFORDSHIRE",2477,4812.41,0,0
2025-06-01,12F,"NHS WIRRAL",2480,5068.62,0,0
2025-06-01,01G,"NHS SALFORD",2521,4930.25,0,0
2025-06-01,00T,"NHS BOLTON",2525,5383.77,0,0
2025-06-01,00P,"NHS SUNDERLAND",2684,5122.47,0,0
2025-06-01,15C,"NHS BRISTOL, NORTH SOMERSET AND SOUTH GLOUCESTERSHIRE",2761,6249.75,0,0
2025-06-01,A3A8R,"NHS NORTH EAST LONDON",2799,6171.48,0,0
2025-06-01,11J,"NHS DORSET",2848,6899.91,0,0
2025-06-01,06H,"NHS CAMBRIDGESHIRE AND PETERBOROUGH",2929,5275.23,0,0
2025-06-01,70F,"NHS WEST SUSSEX",3234,7923.61,0,0
2025-06-01,92G,"NHS BATH AND NORTH EAST SOMERSET, SWINDON AND WILTSHIRE",3498,7312.1,0,0
2025-06-01,27D,"NHS CHESHIRE",3512,7094.16,0,0
2025-06-01,71E,"NHS LINCOLNSHIRE",3532,7187.02,0,0
2025-06-01,36J,"NHS BRADFORD DISTRICT AND CRAVEN",3577,7744.02,0,0
2025-06-01,72Q,"NHS SOUTH EAST LONDON",3881,9083.8,0,0
2025-06-01,84H,"NHS COUNTY DURHAM",4008,9227.92,0,0
2025-06-01,97R,"NHS EAST SUSSEX",4021,9875.93,0,0
2025-06-01,M1J4Y,"NHS BEDFORDSHIRE, LUTON AND MILTON KEYNES",4170,8559.05,0,0
2025-06-01,11N,"NHS CORNWALL AND THE ISLES OF SCILLY",4180,9341.6,0,0
2025-06-01,78H,"NHS NORTHAMPTONSHIRE",4391,7285.61,0,0
2025-06-01,26A,"NHS NORFOLK AND WAVENEY",4610,9739.77,0,0
2025-06-01,92A,"NHS SURREY HEARTLANDS",4738,10723.69,0,0
2025-06-01,15N,"NHS DEVON",4992,11023.38,0,0
2025-06-01,B2M3M,"NHS COVENTRY AND WARWICKSHIRE",5446,10302.1,0,0
2025-06-01,16C,"NHS TEES VALLEY",5496,13100.16,0,0
2025-06-01,15M,"NHS DERBY AND DERBYSHIRE",5886,12218.04,0,0
2025-06-01,14L,"NHS MANCHESTER",6141,12317.99,0,0
2025-06-01,52R,"NHS NOTTINGHAM AND NOTTINGHAMSHIRE",7316,14441.99,0,0
2025-06-01,D2P2L,"NHS BLACK COUNTRY",7479,14898.03,0,0
2025-06-01,91Q,"NHS KENT AND MEDWAY",8907,18993.29,0,0
2025-06-01,D9Y0V,"NHS HAMPSHIRE, SOUTHAMPTON AND ISLE OF WIGHT",11851,27580.41,0,0
2025-06-01,15E,"NHS BIRMINGHAM AND SOLIHULL",12356,24684.09,0,0
2025-07-01,09W,"NHS MEDWAY",0,0,0,0
2025-07-01,D4U1Y,"NHS FRIMLEY",25,45.63,0,0
2025-07-01,03Q,"NHS VALE OF YORK",316,672.32,0,0
2025-07-01,02Q,"NHS BASSETLAW",391,802.98,0,0
2025-07-01,07G,"NHS THURROCK",392,692.94,0,0
2025-07-01,00Q,"NHS BLACKBURN WITH DARWEN",399,805.02,0,0
2025-07-01,02G,"NHS WEST LANCASHIRE",528,1059.97,0,0
2025-07-01,00X,"NHS CHORLEY AND SOUTH RIBBLE",568,1175.62,0,0
2025-07-01,01E,"NHS GREATER PRESTON",636,1352.44,0,0
2025-07-01,99C,"NHS NORTH TYNESIDE",643,1718.63,0,0
2025-07-01,01A,"NHS EAST LANCASHIRE",678,1327.67,0,0
2025-07-01,07K,"NHS WEST SUFFOLK",685,1244.2,0,0
2025-07-01,03F,"NHS HULL",709,1480.58,0,0
2025-07-01,06L,"NHS IPSWICH AND EAST SUFFOLK",720,1470.73,0,0
2025-07-01,02M,"NHS FYLDE AND WYRE",743,1416.42,0,0
2025-07-01,05D,"NHS EAST STAFFORDSHIRE",786,1573.54,0,0
2025-07-01,99E,"NHS BASILDON AND BRENTWOOD",787,1595.43,0,0
2025-07-01,00R,"NHS BLACKPOOL",789,1547.43,0,0
2025-07-01,99G,"NHS SOUTHEND",802,1662.52,0,0
2025-07-01,02Y,"NHS EAST RIDING OF YORKSHIRE",829,1712.35,0,0
2025-07-01,03K,"NHS NORTH LINCOLNSHIRE",854,1575.61,0,0
2025-07-01,03H,"NHS NORTH EAST LINCOLNSHIRE",869,2156.16,0,0
2025-07-01,01F,"NHS HALTON",879,1749.49,0,0
2025-07-01,05V,"NHS STAFFORD AND SURROUNDS",897,1637.26,0,0
2025-07-01,U2G6B,"NHS THAMES VALLEY ICB - U2G6B",916,1946.42,0,0
2025-07-01,02E,"NHS WARRINGTON",998,2140.98,0,0
2025-07-01,01V,"NHS SOUTHPORT AND FORMBY",1009,2011.89,0,0
2025-07-01,01D,"NHS HEYWOOD, MIDDLETON AND ROCHDALE",1053,2441.71,0,0
2025-07-01,02A,"NHS TRAFFORD",1072,2311.44,0,0
2025-07-01,05G,"NHS NORTH STAFFORDSHIRE",1100,2285.54,0,0
2025-07-01,11M,"NHS GLOUCESTERSHIRE",1102,2461.08,0,0
2025-07-01,04Y,"NHS CANNOCK CHASE",1159,2334.49,0,0
2025-07-01,00Y,"NHS OLDHAM",1163,2457.53,0,0
2025-07-01,99F,"NHS CASTLE POINT AND ROCHFORD",1184,2186.59,0,0
2025-07-01,03L,"NHS ROTHERHAM",1254,2557.26,0,0
2025-07-01,10Q,"NHS OXFORDSHIRE",1256,3051.12,0,0
2025-07-01,42D,"NHS NORTH YORKSHIRE",1267,2711.95,0,0
2025-07-01,02P,"NHS BARNSLEY",1320,2742.33,0,0
2025-07-01,03R,"NHS WAKEFIELD",1325,2786.22,0,0
2025-07-01,01K,"NHS MORECAMBE BAY",1364,2909.17,0,0
2025-07-01,02X,"NHS DONCASTER",1382,2902.28,0,0
2025-07-01,09D,"NHS BRIGHTON AND HOVE",1449,3853.11,0,0
2025-07-01,00N,"NHS SOUTH TYNESIDE",1465,2839.55,0,0
2025-07-01,04C,"NHS LEICESTER CITY",1472,2784.53,0,0
2025-07-01,00L,"NHS NORTHUMBERLAND",1524,3620.43,0,0
2025-07-01,03W,"NHS EAST LEICESTERSHIRE AND RUTLAND",1531,2897.68,0,0
2025-07-01,02T,"NHS CALDERDALE",1533,3206.91,0,0
2025-07-01,05W,"NHS STOKE ON TRENT",1546,2988.2,0,0
2025-07-01,07H,"NHS WEST ESSEX",1573,2940.62,0,0
2025-07-01,14Y,"NHS BUCKINGHAMSHIRE",1598,3066.8,0,0
2025-07-01,01J,"NHS KNOWSLEY",1632,3221.3,0,0
2025-07-01,06N,"NHS HERTS VALLEYS",1724,3924.7,0,0
2025-07-01,15F,"NHS LEEDS",1727,4103.99,0,0
2025-07-01,00V,"NHS BURY",1730,3341.85,0,0
2025-07-01,10R,"NHS PORTSMOUTH",1751,4312.58,0,0
2025-07-01,X2C4Y,"NHS KIRKLEES",1758,4317.03,0,0
2025-07-01,01T,"NHS SOUTH SEFTON",1842,3550.49,0,0
2025-07-01,06Q,"NHS MID ESSEX",1907,3308.52,0,0
2025-07-01,04V,"NHS WEST LEICESTERSHIRE",1971,3764.4,0,0
2025-07-01,02H,"NHS WIGAN BOROUGH",2008,4288.7,0,0
2025-07-01,01H,"NHS NORTH CUMBRIA",2009,4349.02,0,0
2025-07-01,11X,"NHS SOMERSET",2070,3862.47,0,0
2025-07-01,01W,"NHS STOCKPORT",2108,4594.33,0,0
2025-07-01,13T,"NHS NEWCASTLE GATESHEAD",2162,5059.34,0,0
2025-07-01,05Q,"NHS SOUTH EAST STAFFORDSHIRE AND SEISDON PENINSULA",2235,4612.04,0,0
2025-07-01,15A,"NHS BERKSHIRE WEST",2249,4331.66,0,0
2025-07-01,01X,"NHS ST HELENS",2315,4423.73,0,0
2025-07-01,03N,"NHS SHEFFIELD",2331,4756.23,0,0
2025-07-01,36L,"NHS SOUTH WEST LONDON",2348,5412.01,0,0
2025-07-01,M2L0M,"NHS SHROPSHIRE, TELFORD AND WREKIN",2387,5938.97,0,0
2025-07-01,99A,"NHS LIVERPOOL",2410,5144.13,0,0
2025-07-01,W2U3Z,"NHS NORTH WEST LONDON",2412,5698.58,0,0
2025-07-01,18C,"NHS HEREFORDSHIRE AND WORCESTERSHIRE",2447,6085.46,0,0
2025-07-01,93C,"NHS NORTH CENTRAL LONDON",2473,5764.04,0,0
2025-07-01,06T,"NHS NORTH EAST ESSEX",2491,4426.28,0,0
2025-07-01,12F,"NHS WIRRAL",2512,5143.89,0,0
2025-07-01,06K,"NHS EAST AND NORTH HERTFORDSHIRE",2526,4870.18,0,0
2025-07-01,01G,"NHS SALFORD",2537,4890.65,0,0
2025-07-01,01Y,"NHS TAMESIDE AND GLOSSOP",2541,5162.74,0,0
2025-07-01,00T,"NHS BOLTON",2679,5683.31,0,0
2025-07-01,00P,"NHS SUNDERLAND",2802,5354.24,0,0
2025-07-01,11J,"NHS DORSET",2807,6794.08,0,0
2025-07-01,15C,"NHS BRISTOL, NORTH SOMERSET AND SOUTH GLOUCESTERSHIRE",2807,6471.05,0,0
2025-07-01,A3A8R,"NHS NORTH EAST LONDON",2908,6391.81,0,0
2025-07-01,06H,"NHS CAMBRIDGESHIRE AND PETERBOROUGH",3082,5368.33,0,0
2025-07-01,70F,"NHS WEST SUSSEX",3305,7938.51,0,0
2025-07-01,92G,"NHS BATH AND NORTH EAST SOMERSET, SWINDON AND WILTSHIRE",3506,7351.55,0,0
2025-07-01,27D,"NHS CHESHIRE",3556,7070.74,0,0
2025-07-01,71E,"NHS LINCOLNSHIRE",3591,7275.83,0,0
2025-07-01,36J,"NHS BRADFORD DISTRICT AND CRAVEN",3681,7964.86,0,0
2025-07-01,72Q,"NHS SOUTH EAST LONDON",4056,9523.32,0,0
2025-07-01,97R,"NHS EAST SUSSEX",4107,9833.1,0,0
2025-07-01,84H,"NHS COUNTY DURHAM",4136,9501.41,0,0
2025-07-01,11N,"NHS CORNWALL AND THE ISLES OF SCILLY",4213,9489.5,0,0
2025-07-01,78H,"NHS NORTHAMPTONSHIRE",4459,7407.63,0,0
2025-07-01,M1J4Y,"NHS BEDFORDSHIRE, LUTON AND MILTON KEYNES",4461,9137.69,0,0
2025-07-01,26A,"NHS NORFOLK AND WAVENEY",4621,9695.78,0,0
2025-07-01,92A,"NHS SURREY HEARTLANDS",4748,10684.5,0,0
2025-07-01,15N,"NHS DEVON",5418,12374.53,0,0
2025-07-01,B2M3M,"NHS COVENTRY AND WARWICKSHIRE",5535,10364.25,0,0
2025-07-01,16C,"NHS TEES VALLEY",5632,13057.94,0,0
2025-07-01,15M,"NHS DERBY AND DERBYSHIRE",6119,12619.84,0,0
2025-07-01,14L,"NHS MANCHESTER",6401,12682.4,0,0
2025-07-01,52R,"NHS NOTTINGHAM AND NOTTINGHAMSHIRE",7570,14754.77,0,0
2025-07-01,D2P2L,"NHS BLACK COUNTRY",8099,16024.71,0,0
2025-07-01,91Q,"NHS KENT AND MEDWAY",9060,19333.62,0,0
2025-07-01,D9Y0V,"NHS HAMPSHIRE, SOUTHAMPTON AND ISLE OF WIGHT",12519,29218.93,0,0
2025-07-01,15E,"NHS BIRMINGHAM AND SOLIHULL",12612,25404.46,0,0
2025-08-01,09W,"NHS MEDWAY",0,0,0,0
2025-08-01,D4U1Y,"NHS FRIMLEY",16,28.99,0,0
2025-08-01,03Q,"NHS VALE OF YORK",291,628.56,0,0
2025-08-01,07G,"NHS THURROCK",328,604.48,0,0
2025-08-01,02Q,"NHS BASSETLAW",344,712.21,0,0
2025-08-01,00Q,"NHS BLACKBURN WITH DARWEN",374,779.58,0,0
2025-08-01,02G,"NHS WEST LANCASHIRE",475,931.06,0,0
2025-08-01,00X,"NHS CHORLEY AND SOUTH RIBBLE",510,1019.54,0,0
2025-08-01,01E,"NHS GREATER PRESTON",566,1214.06,0,0
2025-08-01,01A,"NHS EAST LANCASHIRE",567,1111.15,0,0
2025-08-01,99C,"NHS NORTH TYNESIDE",574,1526.81,0,0
2025-08-01,02M,"NHS FYLDE AND WYRE",614,1152.81,0,0
2025-08-01,07K,"NHS WEST SUFFOLK",633,1139.39,0,0
2025-08-01,06L,"NHS IPSWICH AND EAST SUFFOLK",638,1285.39,0,0
2025-08-01,03F,"NHS HULL",651,1329.93,0,0
2025-08-01,05D,"NHS EAST STAFFORDSHIRE",671,1314.06,0,0
2025-08-01,99G,"NHS SOUTHEND",716,1417.14,0,0
2025-08-01,03H,"NHS NORTH EAST LINCOLNSHIRE",727,1729.66,0,0
2025-08-01,03K,"NHS NORTH LINCOLNSHIRE",738,1330.8,0,0
2025-08-01,00R,"NHS BLACKPOOL",746,1457.13,0,0
2025-08-01,U2G6B,"NHS THAMES VALLEY ICB - U2G6B",749,1634.99,0,0
2025-08-01,02Y,"NHS EAST RIDING OF YORKSHIRE",753,1606.12,0,0
2025-08-01,99E,"NHS BASILDON AND BRENTWOOD",766,1589.72,0,0
2025-08-01,05V,"NHS STAFFORD AND SURROUNDS",793,1458.71,0,0
2025-08-01,01F,"NHS HALTON",837,1709.36,0,0
2025-08-01,01V,"NHS SOUTHPORT AND FORMBY",859,1683.4,0,0
2025-08-01,02E,"NHS WARRINGTON",881,1915.09,0,0
2025-08-01,02A,"NHS TRAFFORD",943,2033.55,0,0
2025-08-01,01D,"NHS HEYWOOD, MIDDLETON AND ROCHDALE",986,2293.2,0,0
2025-08-01,05G,"NHS NORTH STAFFORDSHIRE",989,2026.52,0,0
2025-08-01,11M,"NHS GLOUCESTERSHIRE",989,2229.33,0,0
2025-08-01,00Y,"NHS OLDHAM",1008,2126.75,0,0
2025-08-01,04Y,"NHS CANNOCK CHASE",1051,2147.6,0,0
2025-08-01,99F,"NHS CASTLE POINT AND ROCHFORD",1100,2068.28,0,0
2025-08-01,03L,"NHS ROTHERHAM",1138,2355.32,0,0
2025-08-01,03R,"NHS WAKEFIELD",1138,2389.38,0,0
2025-08-01,10Q,"NHS OXFORDSHIRE",1159,2835.76,0,0
2025-08-01,42D,"NHS NORTH YORKSHIRE",1206,2560.17,0,0
2025-08-01,02X,"NHS DONCASTER",1215,2530.06,0,0
2025-08-01,02P,"NHS BARNSLEY",1223,2554.83,0,0
2025-08-01,03W,"NHS EAST LEICESTERSHIRE AND RUTLAND",1230,2333.38,0,0
2025-08-01,01K,"NHS MORECAMBE BAY",1243,2649.22,0,0
2025-08-01,04C,"NHS LEICESTER CITY",1279,2409.93,0,0
2025-08-01,00N,"NHS SOUTH TYNESIDE",1292,2542.11,0,0
2025-08-01,09D,"NHS BRIGHTON AND HOVE",1299,3469.53,0,0
2025-08-01,00L,"NHS NORTHUMBERLAND",1338,3108.35,0,0
2025-08-01,14Y,"NHS BUCKINGHAMSHIRE",1357,2663.04,0,0
2025-08-01,02T,"NHS CALDERDALE",1364,2828.57,0,0
2025-08-01,05W,"NHS STOKE ON TRENT",1379,2713.62,0,0
2025-08-01,01J,"NHS KNOWSLEY",1385,2755.87,0,0
2025-08-01,07H,"NHS WEST ESSEX",1501,2757.24,0,0
2025-08-01,10R,"NHS PORTSMOUTH",1541,3791.86,0,0
2025-08-01,X2C4Y,"NHS KIRKLEES",1580,3897.05,0,0
2025-08-01,00V,"NHS BURY",1593,3114.67,0,0
2025-08-01,15F,"NHS LEEDS",1600,3884.03,0,0
2025-08-01,06N,"NHS HERTS VALLEYS",1601,3481.68,0,0
2025-08-01,06Q,"NHS MID ESSEX",1638,2867.27,0,0
2025-08-01,01T,"NHS SOUTH SEFTON",1640,3186.83,0,0
2025-08-01,04V,"NHS WEST LEICESTERSHIRE",1756,3333.73,0,0
2025-08-01,02H,"NHS WIGAN BOROUGH",1765,3875.79,0,0
2025-08-01,11X,"NHS SOMERSET",1785,3298.26,0,0
2025-08-01,01H,"NHS NORTH CUMBRIA",1825,3989.16,0,0
2025-08-01,01W,"NHS STOCKPORT",1887,4071.77,0,0
2025-08-01,15A,"NHS BERKSHIRE WEST",1924,3719.97,0,0
2025-08-01,13T,"NHS NEWCASTLE GATESHEAD",1956,4646.64,0,0
2025-08-01,05Q,"NHS SOUTH EAST STAFFORDSHIRE AND SEISDON PENINSULA",1962,4013.29,0,0
2025-08-01,03N,"NHS SHEFFIELD",2050,4141.45,0,0
2025-08-01,M2L0M,"NHS SHROPSHIRE, TELFORD AND WREKIN",2081,5125.78,0,0
2025-08-01,01X,"NHS ST HELENS",2085,3995.58,0,0
2025-08-01,36L,"NHS SOUTH WEST LONDON",2090,4815.04,0,0
2025-08-01,99A,"NHS LIVERPOOL",2125,4396.74,0,0
2025-08-01,W2U3Z,"NHS NORTH WEST LONDON",2139,4951.85,0,0
2025-08-01,93C,"NHS NORTH CENTRAL LONDON",2196,5053.92,0,0
2025-08-01,06T,"NHS NORTH EAST ESSEX",2197,3959.52,0,0
2025-08-01,18C,"NHS HEREFORDSHIRE AND WORCESTERSHIRE",2215,5490.82,0,0
2025-08-01,12F,"NHS WIRRAL",2230,4531.16,0,0
2025-08-01,01Y,"NHS TAMESIDE AND GLOSSOP",2233,4502.11,0,0
2025-08-01,06K,"NHS EAST AND NORTH HERTFORDSHIRE",2277,4411.95,0,0
2025-08-01,00T,"NHS BOLTON",2314,4939.73,0,0
2025-08-01,01G,"NHS SALFORD",2387,4658.8,0,0
2025-08-01,15C,"NHS BRISTOL, NORTH SOMERSET AND SOUTH GLOUCESTERSHIRE",2451,5502.21,0,0
2025-08-01,11J,"NHS DORSET",2455,6246.47,0,0
2025-08-01,00P,"NHS SUNDERLAND",2546,4903.05,0,0
2025-08-01,06H,"NHS CAMBRIDGESHIRE AND PETERBOROUGH",2659,4682.94,0,0
2025-08-01,A3A8R,"NHS NORTH EAST LONDON",2703,5873.99,0,0
2025-08-01,70F,"NHS WEST SUSSEX",2988,7236.22,0,0
2025-08-01,27D,"NHS CHESHIRE",3155,6267.71,0,0
2025-08-01,71E,"NHS LINCOLNSHIRE",3231,6529.55,0,0
2025-08-01,92G,"NHS BATH AND NORTH EAST SOMERSET, SWINDON AND WILTSHIRE",3236,6911.71,0,0
2025-08-01,36J,"NHS BRADFORD DISTRICT AND CRAVEN",3373,7228.24,0,0
2025-08-01,72Q,"NHS SOUTH EAST LONDON",3457,8110.6,0,0
2025-08-01,97R,"NHS EAST SUSSEX",3700,8983.74,0,0
2025-08-01,M1J4Y,"NHS BEDFORDSHIRE, LUTON AND MILTON KEYNES",3722,7715.79,0,0
2025-08-01,84H,"NHS COUNTY DURHAM",3777,8661.74,0,0
2025-08-01,11N,"NHS CORNWALL AND THE ISLES OF SCILLY",3902,8818.32,0,0
2025-08-01,78H,"NHS NORTHAMPTONSHIRE",3902,6450.88,0,0
2025-08-01,26A,"NHS NORFOLK AND WAVENEY",4228,8908.83,0,0
2025-08-01,92A,"NHS SURREY HEARTLANDS",4309,9518.81,0,0
2025-08-01,15N,"NHS DEVON",4695,10268.09,0,0
2025-08-01,B2M3M,"NHS COVENTRY AND WARWICKSHIRE",4936,9310.33,0,0
2025-08-01,16C,"NHS TEES VALLEY",5045,11829.57,0,0
2025-08-01,15M,"NHS DERBY AND DERBYSHIRE",5592,11469.81,0,0
2025-08-01,14L,"NHS MANCHESTER",5735,11312.77,0,0
2025-08-01,52R,"NHS NOTTINGHAM AND NOTTINGHAMSHIRE",6669,13144.43,0,0
2025-08-01,D2P2L,"NHS BLACK COUNTRY",7014,13999.55,0,0
2025-08-01,91Q,"NHS KENT AND MEDWAY",8071,17369.54,0,0
2025-08-01,D9Y0V,"NHS HAMPSHIRE, SOUTHAMPTON AND ISLE OF WIGHT",10986,25798.43,0,0
2025-08-01,15E,"NHS BIRMINGHAM AND SOLIHULL",10990,22042.61,0,0
2025-09-01,09W,"NHS MEDWAY",0,0,0,0
2025-09-01,D4U1Y,"NHS FRIMLEY",13,22.1,0,0
2025-09-01,03Q,"NHS VALE OF YORK",236,497.16,0,0
2025-09-01,07G,"NHS THURROCK",368,642.83,0,0
2025-09-01,02Q,"NHS BASSETLAW",400,819.5,0,0
2025-09-01,00Q,"NHS BLACKBURN WITH DARWEN",401,825.29,0,0
2025-09-01,02G,"NHS WEST LANCASHIRE",462,906.67,0,0
2025-09-01,01E,"NHS GREATER PRESTON",529,1132.84,0,0
2025-09-01,00X,"NHS CHORLEY AND SOUTH RIBBLE",550,1106.74,0,0
2025-09-01,99C,"NHS NORTH TYNESIDE",613,1611.14,0,0
2025-09-01,01A,"NHS EAST LANCASHIRE",621,1252.35,0,0
2025-09-01,03F,"NHS HULL",635,1298.65,0,0
2025-09-01,02M,"NHS FYLDE AND WYRE",663,1245.74,0,0
2025-09-01,07K,"NHS WEST SUFFOLK",679,1207.36,0,0
2025-09-01,00R,"NHS BLACKPOOL",721,1427.21,0,0
2025-09-01,02Y,"NHS EAST RIDING OF YORKSHIRE",738,1547.85,0,0
2025-09-01,06L,"NHS IPSWICH AND EAST SUFFOLK",738,1449.88,0,0
2025-09-01,05D,"NHS EAST STAFFORDSHIRE",748,1455.26,0,0
2025-09-01,99E,"NHS BASILDON AND BRENTWOOD",752,1487.64,0,0
2025-09-01,99G,"NHS SOUTHEND",779,1565.64,0,0
2025-09-01,03K,"NHS NORTH LINCOLNSHIRE",816,1526.78,0,0
2025-09-01,05V,"NHS STAFFORD AND SURROUNDS",843,1562.18,0,0
2025-09-01,03H,"NHS NORTH EAST LINCOLNSHIRE",860,2097.58,0,0
2025-09-01,U2G6B,"NHS THAMES VALLEY ICB - U2G6B",871,1872.58,0,0
2025-09-01,01F,"NHS HALTON",874,1716.72,0,0
2025-09-01,02E,"NHS WARRINGTON",889,1931.87,0,0
2025-09-01,01V,"NHS SOUTHPORT AND FORMBY",986,1954.63,0,0
2025-09-01,05G,"NHS NORTH STAFFORDSHIRE",1012,2122.21,0,0
2025-09-01,01D,"NHS HEYWOOD, MIDDLETON AND ROCHDALE",1017,2315.6,0,0
2025-09-01,11M,"NHS GLOUCESTERSHIRE",1024,2289.29,0,0
2025-09-01,02A,"NHS TRAFFORD",1049,2274.05,0,0
2025-09-01,00Y,"NHS OLDHAM",1074,2286.8,0,0
2025-09-01,99F,"NHS CASTLE POINT AND ROCHFORD",1074,2035.31,0,0
2025-09-01,04Y,"NHS CANNOCK CHASE",1098,2207.21,0,0
2025-09-01,10Q,"NHS OXFORDSHIRE",1169,2838.01,0,0
2025-09-01,03L,"NHS ROTHERHAM",1201,2773.88,0,0
2025-09-01,42D,"NHS NORTH YORKSHIRE",1229,2615.47,0,0
2025-09-01,03R,"NHS WAKEFIELD",1264,2638.31,0,0
2025-09-01,02P,"NHS BARNSLEY",1279,2714.18,0,0
2025-09-01,02X,"NHS DONCASTER",1284,2682.7,0,0
2025-09-01,01K,"NHS MORECAMBE BAY",1309,2757.2,0,0
2025-09-01,00N,"NHS SOUTH TYNESIDE",1353,2648.7,0,0
2025-09-01,00L,"NHS NORTHUMBERLAND",1380,3222.91,0,0
2025-09-01,09D,"NHS BRIGHTON AND HOVE",1395,3724.24,0,0
2025-09-01,04C,"NHS LEICESTER CITY",1404,2640.41,0,0
2025-09-01,05W,"NHS STOKE ON TRENT",1411,2773.09,0,0
2025-09-01,03W,"NHS EAST LEICESTERSHIRE AND RUTLAND",1431,2708.86,0,0
2025-09-01,07H,"NHS WEST ESSEX",1444,2654.22,0,0
2025-09-01,02T,"NHS CALDERDALE",1459,3050.38,0,0
2025-09-01,01J,"NHS KNOWSLEY",1512,2998.13,0,0
2025-09-01,14Y,"NHS BUCKINGHAMSHIRE",1534,2956.1,0,0
2025-09-01,15F,"NHS LEEDS",1558,3648.13,0,0
2025-09-01,06N,"NHS HERTS VALLEYS",1630,3510.05,0,0
2025-09-01,00V,"NHS BURY",1680,3202.2,0,0
2025-09-01,10R,"NHS PORTSMOUTH",1699,4152.32,0,0
2025-09-01,01T,"NHS SOUTH SEFTON",1715,3242.3,0,0
2025-09-01,X2C4Y,"NHS KIRKLEES",1722,4121.7,0,0
2025-09-01,06Q,"NHS MID ESSEX",1737,2991.6,0,0
2025-09-01,04V,"NHS WEST LEICESTERSHIRE",1809,3428.84,0,0
2025-09-01,11X,"NHS SOMERSET",1878,3512.14,0,0
2025-09-01,02H,"NHS WIGAN BOROUGH",1891,4107.81,0,0
2025-09-01,01H,"NHS NORTH CUMBRIA",1939,4238.77,0,0
2025-09-01,05Q,"NHS SOUTH EAST STAFFORDSHIRE AND SEISDON PENINSULA",2035,4173.86,0,0
2025-09-01,13T,"NHS NEWCASTLE GATESHEAD",2047,4872.79,0,0
2025-09-01,01W,"NHS STOCKPORT",2048,4462.7,0,0
2025-09-01,15A,"NHS BERKSHIRE WEST",2115,4038.49,0,0
2025-09-01,03N,"NHS SHEFFIELD",2120,4313.08,0,0
2025-09-01,01X,"NHS ST HELENS",2131,4070.54,0,0
2025-09-01,36L,"NHS SOUTH WEST LONDON",2171,4979.74,0,0
2025-09-01,M2L0M,"NHS SHROPSHIRE, TELFORD AND WREKIN",2188,5500.74,0,0
2025-09-01,99A,"NHS LIVERPOOL",2191,4557.95,0,0
2025-09-01,18C,"NHS HEREFORDSHIRE AND WORCESTERSHIRE",2223,5525.44,0,0
2025-09-01,W2U3Z,"NHS NORTH WEST LONDON",2287,5167.05,0,0
2025-09-01,06T,"NHS NORTH EAST ESSEX",2326,4177.92,0,0
2025-09-01,06K,"NHS EAST AND NORTH HERTFORDSHIRE",2340,4530.04,0,0
2025-09-01,93C,"NHS NORTH CENTRAL LONDON",2367,5579.53,0,0
2025-09-01,01Y,"NHS TAMESIDE AND GLOSSOP",2418,4873.88,0,0
2025-09-01,12F,"NHS WIRRAL",2463,5059.25,0,0
2025-09-01,01G,"NHS SALFORD",2483,4817.8,0,0
2025-09-01,00T,"NHS BOLTON",2536,5284.73,0,0
2025-09-01,00P,"NHS SUNDERLAND",2661,5129.7,0,0
2025-09-01,15C,"NHS BRISTOL, NORTH SOMERSET AND SOUTH GLOUCESTERSHIRE",2690,6165.11,0,0
2025-09-01,A3A8R,"NHS NORTH EAST LONDON",2696,5943.89,0,0
2025-09-01,11J,"NHS DORSET",2749,6793.58,0,0
2025-09-01,06H,"NHS CAMBRIDGESHIRE AND PETERBOROUGH",2842,5055.13,0,0
2025-09-01,70F,"NHS WEST SUSSEX",3204,7760.64,0,0
2025-09-01,71E,"NHS LINCOLNSHIRE",3340,6729.2,0,0
2025-09-01,27D,"NHS CHESHIRE",3347,6793.85,0,0
2025-09-01,92G,"NHS BATH AND NORTH EAST SOMERSET, SWINDON AND WILTSHIRE",3350,7155.08,0,0
2025-09-01,36J,"NHS BRADFORD DISTRICT AND CRAVEN",3617,7806.74,0,0
2025-09-01,72Q,"NHS SOUTH EAST LONDON",3700,8902.91,0,0
2025-09-01,M1J4Y,"NHS BEDFORDSHIRE, LUTON AND MILTON KEYNES",3839,8094.32,0,0
2025-09-01,97R,"NHS EAST SUSSEX",3947,9601.23,0,0
2025-09-01,78H,"NHS NORTHAMPTONSHIRE",4016,6680.11,0,0
2025-09-01,84H,"NHS COUNTY DURHAM",4018,9254.91,0,0
2025-09-01,11N,"NHS CORNWALL AND THE ISLES OF SCILLY",4067,9098.91,0,0
2025-09-01,26A,"NHS NORFOLK AND WAVENEY",4436,9281.02,0,0
2025-09-01,92A,"NHS SURREY HEARTLANDS",4554,10244.2,0,0
2025-09-01,15N,"NHS DEVON",5091,11106.77,0,0
2025-09-01,B2M3M,"NHS COVENTRY AND WARWICKSHIRE",5202,9761.23,0,0
2025-09-01,16C,"NHS TEES VALLEY",5278,12317.59,0,0
2025-09-01,15M,"NHS DERBY AND DERBYSHIRE",5656,11675.44,0,0
2025-09-01,14L,"NHS MANCHESTER",6033,12044.32,0,0
2025-09-01,52R,"NHS NOTTINGHAM AND NOTTINGHAMSHIRE",6941,13455.93,0,0
2025-09-01,D2P2L,"NHS BLACK COUNTRY",7060,14162.52,0,0
2025-09-01,91Q,"NHS KENT AND MEDWAY",8440,17918.11,0,0
2025-09-01,D9Y0V,"NHS HAMPSHIRE, SOUTHAMPTON AND ISLE OF WIGHT",11731,27399.45,0,0
2025-09-01,15E,"NHS BIRMINGHAM AND SOLIHULL",12215,24740.94,0,0
2025-10-01,09W,"NHS MEDWAY",0,0,0,0
2025-10-01,D4U1Y,"NHS FRIMLEY",25,41.93,0,0
2025-10-01,03Q,"NHS VALE OF YORK",298,655.07,0,0
2025-10-01,02Q,"NHS BASSETLAW",341,693.53,0,0
2025-10-01,07G,"NHS THURROCK",372,656.2,0,0
2025-10-01,00Q,"NHS BLACKBURN WITH DARWEN",377,765.68,0,0
2025-10-01,02G,"NHS WEST LANCASHIRE",486,980.19,0,0
2025-10-01,00X,"NHS CHORLEY AND SOUTH RIBBLE",537,1106.6,0,0
2025-10-01,01E,"NHS GREATER PRESTON",560,1218.79,0,0
2025-10-01,99C,"NHS NORTH TYNESIDE",618,1664.8,0,0
2025-10-01,01A,"NHS EAST LANCASHIRE",640,1201.81,0,0
2025-10-01,02M,"NHS FYLDE AND WYRE",656,1268.03,0,0
2025-10-01,07K,"NHS WEST SUFFOLK",669,1247.14,0,0
2025-10-01,06L,"NHS IPSWICH AND EAST SUFFOLK",683,1358.95,0,0
2025-10-01,03F,"NHS HULL",686,1434.93,0,0
2025-10-01,05D,"NHS EAST STAFFORDSHIRE",697,1390.95,0,0
2025-10-01,99G,"NHS SOUTHEND",709,1486.9,0,0
2025-10-01,00R,"NHS BLACKPOOL",760,1506.37,0,0
2025-10-01,99E,"NHS BASILDON AND BRENTWOOD",786,1616.37,0,0
2025-10-01,03K,"NHS NORTH LINCOLNSHIRE",791,1419.91,0,0
2025-10-01,02Y,"NHS EAST RIDING OF YORKSHIRE",802,1690.99,0,0
2025-10-01,03H,"NHS NORTH EAST LINCOLNSHIRE",853,2168.39,0,0
2025-10-01,05V,"NHS STAFFORD AND SURROUNDS",870,1588.14,0,0
2025-10-01,U2G6B,"NHS THAMES VALLEY ICB - U2G6B",871,1877.02,0,0
2025-10-01,01F,"NHS HALTON",903,1802.27,0,0
2025-10-01,01V,"NHS SOUTHPORT AND FORMBY",972,1910.85,0,0
2025-10-01,02E,"NHS WARRINGTON",975,2110.46,0,0
2025-10-01,11M,"NHS GLOUCESTERSHIRE",1040,2322.92,0,0
2025-10-01,05G,"NHS NORTH STAFFORDSHIRE",1041,2162.19,0,0
2025-10-01,01D,"NHS HEYWOOD, MIDDLETON AND ROCHDALE",1056,2448.64,0,0
2025-10-01,02A,"NHS TRAFFORD",1056,2384.18,0,0
2025-10-01,00Y,"NHS OLDHAM",1099,2345.13,0,0
2025-10-01,04Y,"NHS CANNOCK CHASE",1116,2252.78,0,0
2025-10-01,99F,"NHS CASTLE POINT AND ROCHFORD",1124,2060.4,0,0
2025-10-01,03L,"NHS ROTHERHAM",1215,2448.19,0,0
2025-10-01,42D,"NHS NORTH YORKSHIRE",1255,2644.67,0,0
2025-10-01,10Q,"NHS OXFORDSHIRE",1280,3112.93,0,0
2025-10-01,02P,"NHS BARNSLEY",1297,2695.06,0,0
2025-10-01,03R,"NHS WAKEFIELD",1307,2725.75,0,0
2025-10-01,02X,"NHS DONCASTER",1321,2703.53,0,0
2025-10-01,09D,"NHS BRIGHTON AND HOVE",1335,3613.9,0,0
2025-10-01,00N,"NHS SOUTH TYNESIDE",1337,2636.78,0,0
2025-10-01,01K,"NHS MORECAMBE BAY",1361,2899.77,0,0
2025-10-01,03W,"NHS EAST LEICESTERSHIRE AND RUTLAND",1417,2698.76,0,0
2025-10-01,05W,"NHS STOKE ON TRENT",1440,2762.25,0,0
2025-10-01,04C,"NHS LEICESTER CITY",1448,2689.16,0,0
2025-10-01,00L,"NHS NORTHUMBERLAND",1468,3482.54,0,0
2025-10-01,14Y,"NHS BUCKINGHAMSHIRE",1485,2852.03,0,0
2025-10-01,02T,"NHS CALDERDALE",1490,3089.85,0,0
2025-10-01,07H,"NHS WEST ESSEX",1542,2873.48,0,0
2025-10-01,01J,"NHS KNOWSLEY",1543,3028.11,0,0
2025-10-01,00V,"NHS BURY",1666,3270.8,0,0
2025-10-01,X2C4Y,"NHS KIRKLEES",1668,4132.95,0,0
2025-10-01,06N,"NHS HERTS VALLEYS",1695,3674.45,0,0
2025-10-01,15F,"NHS LEEDS",1700,4092.61,0,0
2025-10-01,10R,"NHS PORTSMOUTH",1732,4118.37,0,0
2025-10-01,01T,"NHS SOUTH SEFTON",1754,3360.21,0,0
2025-10-01,06Q,"NHS MID ESSEX",1826,3183.66,0,0
2025-10-01,02H,"NHS WIGAN BOROUGH",1896,4102.48,0,0
2025-10-01,01H,"NHS NORTH CUMBRIA",1901,4139.51,0,0
2025-10-01,04V,"NHS WEST LEICESTERSHIRE",1901,3617.75,0,0
2025-10-01,11X,"NHS SOMERSET",1938,3575.13,0,0
2025-10-01,05Q,"NHS SOUTH EAST STAFFORDSHIRE AND SEISDON PENINSULA",2083,4297.72,0,0
2025-10-01,01W,"NHS STOCKPORT",2113,4584.27,0,0
2025-10-01,15A,"NHS BERKSHIRE WEST",2115,4020.91,0,0
2025-10-01,13T,"NHS NEWCASTLE GATESHEAD",2120,4940.65,0,0
2025-10-01,03N,"NHS SHEFFIELD",2187,4465.81,0,0
2025-10-01,36L,"NHS SOUTH WEST LONDON",2247,5213.15,0,0
2025-10-01,01X,"NHS ST HELENS",2257,4345.73,0,0
2025-10-01,99A,"NHS LIVERPOOL",2257,4720.36,0,0
2025-10-01,06K,"NHS EAST AND NORTH HERTFORDSHIRE",2305,4493.81,0,0
2025-10-01,W2U3Z,"NHS NORTH WEST LONDON",2307,5418.01,0,0
2025-10-01,M2L0M,"NHS SHROPSHIRE, TELFORD AND WREKIN",2322,5716.66,0,0
2025-10-01,93C,"NHS NORTH CENTRAL LONDON",2326,5513.57,0,0
2025-10-01,18C,"NHS HEREFORDSHIRE AND WORCESTERSHIRE",2331,5783.65,0,0
2025-10-01,01Y,"NHS TAMESIDE AND GLOSSOP",2367,4760.01,0,0
2025-10-01,06T,"NHS NORTH EAST ESSEX",2397,4330.24,0,0
2025-10-01,00T,"NHS BOLTON",2489,5197.14,0,0
2025-10-01,12F,"NHS WIRRAL",2504,5091.89,0,0
2025-10-01,01G,"NHS SALFORD",2520,4905.16,0,0
2025-10-01,00P,"NHS SUNDERLAND",2619,5024.13,0,0
2025-10-01,15C,"NHS BRISTOL, NORTH SOMERSET AND SOUTH GLOUCESTERSHIRE",2664,6096.34,0,0
2025-10-01,11J,"NHS DORSET",2748,6661.52,0,0
2025-10-01,A3A8R,"NHS NORTH EAST LONDON",2858,6272.41,0,0
2025-10-01,06H,"NHS CAMBRIDGESHIRE AND PETERBOROUGH",2895,5094.3,0,0
2025-10-01,70F,"NHS WEST SUSSEX",3224,7806.78,0,0
2025-10-01,71E,"NHS LINCOLNSHIRE",3397,6894.01,0,0
2025-10-01,92G,"NHS BATH AND NORTH EAST SOMERSET, SWINDON AND WILTSHIRE",3497,7398.65,0,0
2025-10-01,27D,"NHS CHESHIRE",3505,6991.83,0,0
2025-10-01,36J,"NHS BRADFORD DISTRICT AND CRAVEN",3774,8092.4,0,0
2025-10-01,72Q,"NHS SOUTH EAST LONDON",3796,8886.74,0,0
2025-10-01,M1J4Y,"NHS BEDFORDSHIRE, LUTON AND MILTON KEYNES",3864,8084.35,0,0
2025-10-01,97R,"NHS EAST SUSSEX",3908,9415.13,0,0
2025-10-01,84H,"NHS COUNTY DURHAM",4079,9380.93,0,0
2025-10-01,78H,"NHS NORTHAMPTONSHIRE",4096,6809.5,0,0
2025-10-01,11N,"NHS CORNWALL AND THE ISLES OF SCILLY",4194,9477.51,0,0
2025-10-01,26A,"NHS NORFOLK AND WAVENEY",4548,9488.34,0,0
2025-10-01,92A,"NHS SURREY HEARTLANDS",4725,10682.76,0,0
2025-10-01,15N,"NHS DEVON",5090,11014.25,0,0
2025-10-01,B2M3M,"NHS COVENTRY AND WARWICKSHIRE",5197,9688.96,0,0
2025-10-01,16C,"NHS TEES VALLEY",5265,12355.38,0,0
2025-10-01,15M,"NHS DERBY AND DERBYSHIRE",5854,12090.95,0,0
2025-10-01,14L,"NHS MANCHESTER",6130,12164.35,0,0
2025-10-01,52R,"NHS NOTTINGHAM AND NOTTINGHAMSHIRE",7189,14094.41,0,0
2025-10-01,D2P2L,"NHS BLACK COUNTRY",7275,14750.03,0,0
2025-10-01,91Q,"NHS KENT AND MEDWAY",8655,18419.17,0,0
2025-10-01,D9Y0V,"NHS HAMPSHIRE, SOUTHAMPTON AND ISLE OF WIGHT",12082,28377.57,0,0
2025-10-01,15E,"NHS BIRMINGHAM AND SOLIHULL",12472,24874.93,0,0
2025-11-01,09W,"NHS MEDWAY",0,0,0,0
2025-11-01,D4U1Y,"NHS FRIMLEY",25,45.92,0,0
2025-11-01,03Q,"NHS VALE OF YORK",257,550.2,0,0
2025-11-01,07G,"NHS THURROCK",293,533.11,0,0
2025-11-01,02Q,"NHS BASSETLAW",340,706.45,0,0
2025-11-01,00Q,"NHS BLACKBURN WITH DARWEN",377,786,0,0
2025-11-01,02G,"NHS WEST LANCASHIRE",412,783,0,0
2025-11-01,00X,"NHS CHORLEY AND SOUTH RIBBLE",460,927.24,0,0
2025-11-01,01E,"NHS GREATER PRESTON",521,1103.86,0,0
2025-11-01,99C,"NHS NORTH TYNESIDE",549,1455.12,0,0
2025-11-01,02M,"NHS FYLDE AND WYRE",573,1068.7,0,0
2025-11-01,01A,"NHS EAST LANCASHIRE",595,1194.07,0,0
2025-11-01,03F,"NHS HULL",614,1265.38,0,0
2025-11-01,07K,"NHS WEST SUFFOLK",634,1140.8,0,0
2025-11-01,06L,"NHS IPSWICH AND EAST SUFFOLK",660,1319.2,0,0
2025-11-01,00R,"NHS BLACKPOOL",662,1310.28,0,0
2025-11-01,99G,"NHS SOUTHEND",664,1343.95,0,0
2025-11-01,03K,"NHS NORTH LINCOLNSHIRE",687,1214.18,0,0
2025-11-01,05D,"NHS EAST STAFFORDSHIRE",689,1348.81,0,0
2025-11-01,U2G6B,"NHS THAMES VALLEY ICB - U2G6B",726,1595.83,0,0
2025-11-01,02Y,"NHS EAST RIDING OF YORKSHIRE",750,1590.63,0,0
2025-11-01,05V,"NHS STAFFORD AND SURROUNDS",752,1367.95,0,0
2025-11-01,03H,"NHS NORTH EAST LINCOLNSHIRE",755,1992.8,0,0
2025-11-01,99E,"NHS BASILDON AND BRENTWOOD",768,1572.94,0,0
2025-11-01,01F,"NHS HALTON",815,1632.59,0,0
2025-11-01,02E,"NHS WARRINGTON",857,1844.78,0,0
2025-11-01,01V,"NHS SOUTHPORT AND FORMBY",859,1675,0,0
2025-11-01,11M,"NHS GLOUCESTERSHIRE",929,2022.1,0,0
2025-11-01,05G,"NHS NORTH STAFFORDSHIRE",944,1953.99,0,0
2025-11-01,01D,"NHS HEYWOOD, MIDDLETON AND ROCHDALE",956,2194.97,0,0
2025-11-01,02A,"NHS TRAFFORD",961,2059.64,0,0
2025-11-01,00Y,"NHS OLDHAM",986,2109.29,0,0
2025-11-01,04Y,"NHS CANNOCK CHASE",1018,2062.93,0,0
2025-11-01,99F,"NHS CASTLE POINT AND ROCHFORD",1033,1969.65,0,0
2025-11-01,02P,"NHS BARNSLEY",1108,2311.22,0,0
2025-11-01,03L,"NHS ROTHERHAM",1130,2292.15,0,0
2025-11-01,03R,"NHS WAKEFIELD",1133,2289.62,0,0
2025-11-01,42D,"NHS NORTH YORKSHIRE",1133,2440.52,0,0
2025-11-01,02X,"NHS DONCASTER",1147,2407.27,0,0
2025-11-01,10Q,"NHS OXFORDSHIRE",1202,2958.2,0,0
2025-11-01,01K,"NHS MORECAMBE BAY",1210,2567.8,0,0
2025-11-01,00N,"NHS SOUTH TYNESIDE",1246,2414.68,0,0
2025-11-01,09D,"NHS BRIGHTON AND HOVE",1263,3410.27,0,0
2025-11-01,00L,"NHS NORTHUMBERLAND",1283,2974.76,0,0
2025-11-01,02T,"NHS CALDERDALE",1299,2707.68,0,0
2025-11-01,04C,"NHS LEICESTER CITY",1312,2449.67,0,0
2025-11-01,03W,"NHS EAST LEICESTERSHIRE AND RUTLAND",1323,2433.64,0,0
2025-11-01,07H,"NHS WEST ESSEX",1329,2467.13,0,0
2025-11-01,05W,"NHS STOKE ON TRENT",1343,2603.8,0,0
2025-11-01,01J,"NHS KNOWSLEY",1361,2710.41,0,0
2025-11-01,14Y,"NHS BUCKINGHAMSHIRE",1399,2695.03,0,0
2025-11-01,06N,"NHS HERTS VALLEYS",1505,3196.84,0,0
2025-11-01,15F,"NHS LEEDS",1524,3696.21,0,0
2025-11-01,00V,"NHS BURY",1536,2965.81,0,0
2025-11-01,X2C4Y,"NHS KIRKLEES",1565,3830.82,0,0
2025-11-01,01T,"NHS SOUTH SEFTON",1572,3037.07,0,0
2025-11-01,10R,"NHS PORTSMOUTH",1611,3905.11,0,0
2025-11-01,04V,"NHS WEST LEICESTERSHIRE",1657,3122.41,0,0
2025-11-01,06Q,"NHS MID ESSEX",1704,2987.56,0,0
2025-11-01,11X,"NHS SOMERSET",1705,3232.27,0,0
2025-11-01,02H,"NHS WIGAN BOROUGH",1731,3748.16,0,0
2025-11-01,01H,"NHS NORTH CUMBRIA",1810,3883.02,0,0
2025-11-01,01W,"NHS STOCKPORT",1835,3964.04,0,0
2025-11-01,13T,"NHS NEWCASTLE GATESHEAD",1863,4455.67,0,0
2025-11-01,05Q,"NHS SOUTH EAST STAFFORDSHIRE AND SEISDON PENINSULA",1893,3873.71,0,0
2025-11-01,01X,"NHS ST HELENS",1935,3725.31,0,0
2025-11-01,15A,"NHS BERKSHIRE WEST",2019,3853.05,0,0
2025-11-01,03N,"NHS SHEFFIELD",2038,4139.28,0,0
2025-11-01,18C,"NHS HEREFORDSHIRE AND WORCESTERSHIRE",2068,5103.25,0,0
2025-11-01,36L,"NHS SOUTH WEST LONDON",2076,4736.19,0,0
2025-11-01,01Y,"NHS TAMESIDE AND GLOSSOP",2093,4397.91,0,0
2025-11-01,M2L0M,"NHS SHROPSHIRE, TELFORD AND WREKIN",2105,5273,0,0
2025-11-01,99A,"NHS LIVERPOOL",2106,4406.06,0,0
2025-11-01,12F,"NHS WIRRAL",2118,4318.43,0,0
2025-11-01,W2U3Z,"NHS NORTH WEST LONDON",2126,5072.2,0,0
2025-11-01,06T,"NHS NORTH EAST ESSEX",2166,3890.67,0,0
2025-11-01,06K,"NHS EAST AND NORTH HERTFORDSHIRE",2167,4220.61,0,0
2025-11-01,93C,"NHS NORTH CENTRAL LONDON",2170,5156.8,0,0
2025-11-01,01G,"NHS SALFORD",2233,4393.22,0,0
2025-11-01,00P,"NHS SUNDERLAND",2323,4531.37,0,0
2025-11-01,00T,"NHS BOLTON",2342,4963.54,0,0
2025-11-01,15C,"NHS BRISTOL, NORTH SOMERSET AND SOUTH GLOUCESTERSHIRE",2454,5577.15,0,0
2025-11-01,11J,"NHS DORSET",2473,5951.39,0,0
2025-11-01,06H,"NHS CAMBRIDGESHIRE AND PETERBOROUGH",2587,4553.11,0,0
2025-11-01,A3A8R,"NHS NORTH EAST LONDON",2638,5711.63,0,0
2025-11-01,70F,"NHS WEST SUSSEX",2890,6880.76,0,0
2025-11-01,27D,"NHS CHESHIRE",3066,6198.22,0,0
2025-11-01,71E,"NHS LINCOLNSHIRE",3100,6318.92,0,0
2025-11-01,92G,"NHS BATH AND NORTH EAST SOMERSET, SWINDON AND WILTSHIRE",3108,6718.44,0,0
2025-11-01,M1J4Y,"NHS BEDFORDSHIRE, LUTON AND MILTON KEYNES",3330,6919.04,0,0
2025-11-01,72Q,"NHS SOUTH EAST LONDON",3336,7768.44,0,0
2025-11-01,36J,"NHS BRADFORD DISTRICT AND CRAVEN",3403,7237.25,0,0
2025-11-01,97R,"NHS EAST SUSSEX",3688,8993.38,0,0
2025-11-01,84H,"NHS COUNTY DURHAM",3698,8566.42,0,0
2025-11-01,78H,"NHS NORTHAMPTONSHIRE",3744,6511.06,0,0
2025-11-01,11N,"NHS CORNWALL AND THE ISLES OF SCILLY",3781,8495.99,0,0
2025-11-01,26A,"NHS NORFOLK AND WAVENEY",4177,8627.95,0,0
2025-11-01,92A,"NHS SURREY HEARTLANDS",4233,9533.6,0,0
2025-11-01,B2M3M,"NHS COVENTRY AND WARWICKSHIRE",4750,8974.61,0,0
2025-11-01,15N,"NHS DEVON",4785,10832.23,0,0
2025-11-01,16C,"NHS TEES VALLEY",4863,11407.5,0,0
2025-11-01,15M,"NHS DERBY AND DERBYSHIRE",5446,11225.77,0,0
2025-11-01,14L,"NHS MANCHESTER",5524,11088.69,0,0
2025-11-01,D2P2L,"NHS BLACK COUNTRY",6436,12808.39,0,0
2025-11-01,52R,"NHS NOTTINGHAM AND NOTTINGHAMSHIRE",6468,13402.98,0,0
2025-11-01,91Q,"NHS KENT AND MEDWAY",7964,17089.63,0,0
2025-11-01,D9Y0V,"NHS HAMPSHIRE, SOUTHAMPTON AND ISLE OF WIGHT",11088,26127.9,0,0
2025-11-01,15E,"NHS BIRMINGHAM AND SOLIHULL",11134,22175.98,0,0
2025-12-01,09W,"NHS MEDWAY",0,0,0,0
2025-12-01,D4U1Y,"NHS FRIMLEY",40,63.5,0,0
2025-12-01,03Q,"NHS VALE OF YORK",270,579.46,0,0
2025-12-01,07G,"NHS THURROCK",389,690.12,0,0
2025-12-01,00Q,"NHS BLACKBURN WITH DARWEN",408,856.74,0,0
2025-12-01,02Q,"NHS BASSETLAW",421,861.35,0,0
2025-12-01,02G,"NHS WEST LANCASHIRE",476,955.11,0,0
2025-12-01,00X,"NHS CHORLEY AND SOUTH RIBBLE",539,1096.68,0,0
2025-12-01,01E,"NHS GREATER PRESTON",555,1183.39,0,0
2025-12-01,02M,"NHS FYLDE AND WYRE",617,1164.77,0,0
2025-12-01,01A,"NHS EAST LANCASHIRE",655,1257.85,0,0
2025-12-01,99C,"NHS NORTH TYNESIDE",661,1701.68,0,0
2025-12-01,07K,"NHS WEST SUFFOLK",694,1249.1,0,0
2025-12-01,03F,"NHS HULL",708,1456.06,0,0
2025-12-01,00R,"NHS BLACKPOOL",743,1446.14,0,0
2025-12-01,05D,"NHS EAST STAFFORDSHIRE",744,1521.48,0,0
2025-12-01,06L,"NHS IPSWICH AND EAST SUFFOLK",753,1473.87,0,0
2025-12-01,99E,"NHS BASILDON AND BRENTWOOD",802,1600.23,0,0
2025-12-01,02Y,"NHS EAST RIDING OF YORKSHIRE",809,1704.75,0,0
2025-12-01,99G,"NHS SOUTHEND",829,1636.79,0,0
2025-12-01,03K,"NHS NORTH LINCOLNSHIRE",851,1555.58,0,0
2025-12-01,05V,"NHS STAFFORD AND SURROUNDS",868,1590.89,0,0
2025-12-01,U2G6B,"NHS THAMES VALLEY ICB - U2G6B",874,1912.1,0,0
2025-12-01,03H,"NHS NORTH EAST LINCOLNSHIRE",881,2183.46,0,0
2025-12-01,01F,"NHS HALTON",929,1876.05,0,0
2025-12-01,02E,"NHS WARRINGTON",943,2003.08,0,0
2025-12-01,01V,"NHS SOUTHPORT AND FORMBY",983,1927.41,0,0
2025-12-01,05G,"NHS NORTH STAFFORDSHIRE",1033,2162.38,0,0
2025-12-01,01D,"NHS HEYWOOD, MIDDLETON AND ROCHDALE",1074,2487.23,0,0
2025-12-01,11M,"NHS GLOUCESTERSHIRE",1094,2458.02,0,0
2025-12-01,00Y,"NHS OLDHAM",1129,2377.89,0,0
2025-12-01,04Y,"NHS CANNOCK CHASE",1133,2330.33,0,0
2025-12-01,99F,"NHS CASTLE POINT AND ROCHFORD",1140,2150.72,0,0
2025-12-01,02A,"NHS TRAFFORD",1145,2514.35,0,0
2025-12-01,03L,"NHS ROTHERHAM",1229,2438.9,0,0
2025-12-01,03R,"NHS WAKEFIELD",1279,2539.58,0,0
2025-12-01,42D,"NHS NORTH YORKSHIRE",1310,2687.09,0,0
2025-12-01,02X,"NHS DONCASTER",1316,2700.7,0,0
2025-12-01,02P,"NHS BARNSLEY",1323,2758.16,0,0
2025-12-01,00N,"NHS SOUTH TYNESIDE",1340,2682.5,0,0
2025-12-01,10Q,"NHS OXFORDSHIRE",1351,3371.13,0,0
2025-12-01,09D,"NHS BRIGHTON AND HOVE",1376,3660.23,0,0
2025-12-01,00L,"NHS NORTHUMBERLAND",1381,3285.93,0,0
2025-12-01,01K,"NHS MORECAMBE BAY",1414,2976.27,0,0
2025-12-01,05W,"NHS STOKE ON TRENT",1437,2792.56,0,0
2025-12-01,04C,"NHS LEICESTER CITY",1471,2785.28,0,0
2025-12-01,03W,"NHS EAST LEICESTERSHIRE AND RUTLAND",1482,2789.58,0,0
2025-12-01,07H,"NHS WEST ESSEX",1513,2808.85,0,0
2025-12-01,14Y,"NHS BUCKINGHAMSHIRE",1525,2944.8,0,0
2025-12-01,02T,"NHS CALDERDALE",1553,3246.08,0,0
2025-12-01,01J,"NHS KNOWSLEY",1583,3113.11,0,0
2025-12-01,00V,"NHS BURY",1707,3344,0,0
2025-12-01,06N,"NHS HERTS VALLEYS",1709,3693.04,0,0
2025-12-01,15F,"NHS LEEDS",1714,4296.39,0,0
2025-12-01,10R,"NHS PORTSMOUTH",1779,4396.44,0,0
2025-12-01,X2C4Y,"NHS KIRKLEES",1791,4317.22,0,0
2025-12-01,06Q,"NHS MID ESSEX",1829,3177.54,0,0
2025-12-01,01T,"NHS SOUTH SEFTON",1847,3550.38,0,0
2025-12-01,04V,"NHS WEST LEICESTERSHIRE",1893,3577.41,0,0
2025-12-01,02H,"NHS WIGAN BOROUGH",1894,4132.21,0,0
2025-12-01,01H,"NHS NORTH CUMBRIA",1969,4243.02,0,0
2025-12-01,11X,"NHS SOMERSET",1982,3700.7,0,0
2025-12-01,13T,"NHS NEWCASTLE GATESHEAD",2079,4971.05,0,0
2025-12-01,05Q,"NHS SOUTH EAST STAFFORDSHIRE AND SEISDON PENINSULA",2102,4342.86,0,0
2025-12-01,01W,"NHS STOCKPORT",2125,4648.42,0,0
2025-12-01,03N,"NHS SHEFFIELD",2289,4655.23,0,0
2025-12-01,15A,"NHS BERKSHIRE WEST",2290,4307.32,0,0
2025-12-01,01Y,"NHS TAMESIDE AND GLOSSOP",2291,4630.58,0,0
2025-12-01,01X,"NHS ST HELENS",2341,4526.16,0,0
2025-12-01,W2U3Z,"NHS NORTH WEST LONDON",2358,5489.24,0,0
2025-12-01,99A,"NHS LIVERPOOL",2360,4904.76,0,0
2025-12-01,18C,"NHS HEREFORDSHIRE AND WORCESTERSHIRE",2373,5913.57,0,0
2025-12-01,36L,"NHS SOUTH WEST LONDON",2380,5367.66,0,0
2025-12-01,M2L0M,"NHS SHROPSHIRE, TELFORD AND WREKIN",2382,5851.96,0,0
2025-12-01,93C,"NHS NORTH CENTRAL LONDON",2407,5559.72,0,0
2025-12-01,06T,"NHS NORTH EAST ESSEX",2443,4361.25,0,0
2025-12-01,12F,"NHS WIRRAL",2448,4958.73,0,0
2025-12-01,06K,"NHS EAST AND NORTH HERTFORDSHIRE",2464,4724.36,0,0
2025-12-01,01G,"NHS SALFORD",2510,5025.83,0,0
2025-12-01,00P,"NHS SUNDERLAND",2666,5117.22,0,0
2025-12-01,15C,"NHS BRISTOL, NORTH SOMERSET AND SOUTH GLOUCESTERSHIRE",2675,6096.09,0,0
2025-12-01,00T,"NHS BOLTON",2678,5645.18,0,0
2025-12-01,11J,"NHS DORSET",2847,6970.69,0,0
2025-12-01,A3A8R,"NHS NORTH EAST LONDON",2879,6226.54,0,0
2025-12-01,06H,"NHS CAMBRIDGESHIRE AND PETERBOROUGH",2895,5078.26,0,0
2025-12-01,70F,"NHS WEST SUSSEX",3316,7819.46,0,0
2025-12-01,27D,"NHS CHESHIRE",3393,6826.11,0,0
2025-12-01,71E,"NHS LINCOLNSHIRE",3427,6969.98,0,0
2025-12-01,92G,"NHS BATH AND NORTH EAST SOMERSET, SWINDON AND WILTSHIRE",3558,7476.67,0,0
2025-12-01,72Q,"NHS SOUTH EAST LONDON",3629,8401.22,0,0
2025-12-01,M1J4Y,"NHS BEDFORDSHIRE, LUTON AND MILTON KEYNES",3679,7635.93,0,0
2025-12-01,36J,"NHS BRADFORD DISTRICT AND CRAVEN",3773,8142.95,0,0
2025-12-01,78H,"NHS NORTHAMPTONSHIRE",4095,6804.28,0,0
2025-12-01,97R,"NHS EAST SUSSEX",4125,9909.27,0,0
2025-12-01,84H,"NHS COUNTY DURHAM",4176,9550.11,0,0
2025-12-01,11N,"NHS CORNWALL AND THE ISLES OF SCILLY",4366,9729.95,0,0
2025-12-01,26A,"NHS NORFOLK AND WAVENEY",4666,9829.88,0,0
2025-12-01,92A,"NHS SURREY HEARTLANDS",4863,10997.59,0,0
2025-12-01,B2M3M,"NHS COVENTRY AND WARWICKSHIRE",5318,9954.53,0,0
2025-12-01,15N,"NHS DEVON",5347,11926.44,0,0
2025-12-01,16C,"NHS TEES VALLEY",5373,12715.92,0,0
2025-12-01,15M,"NHS DERBY AND DERBYSHIRE",5913,12051.87,0,0
2025-12-01,14L,"NHS MANCHESTER",6038,12053.85,0,0
2025-12-01,52R,"NHS NOTTINGHAM AND NOTTINGHAMSHIRE",7195,14108.14,0,0
2025-12-01,D2P2L,"NHS BLACK COUNTRY",7299,14676.81,0,0
2025-12-01,91Q,"NHS KENT AND MEDWAY",8893,18908.38,0,0
2025-12-01,15E,"NHS BIRMINGHAM AND SOLIHULL",12409,24871.14,0,0
2025-12-01,D9Y0V,"NHS HAMPSHIRE, SOUTHAMPTON AND ISLE OF WIGHT",12468,29209.69,0,0
2026-01-01,09W,"NHS MEDWAY",0,0,0,0
2026-01-01,D4U1Y,"NHS FRIMLEY",29,49.68,0,0
2026-01-01,03Q,"NHS VALE OF YORK",274,583.22,0,0
2026-01-01,07G,"NHS THURROCK",323,580.09,0,0
2026-01-01,00Q,"NHS BLACKBURN WITH DARWEN",374,793.07,0,0
2026-01-01,02Q,"NHS BASSETLAW",386,798.42,0,0
2026-01-01,02G,"NHS WEST LANCASHIRE",441,841.24,0,0
2026-01-01,00X,"NHS CHORLEY AND SOUTH RIBBLE",477,981.92,0,0
2026-01-01,01E,"NHS GREATER PRESTON",529,1129.56,0,0
2026-01-01,01A,"NHS EAST LANCASHIRE",562,1112.24,0,0
2026-01-01,02M,"NHS FYLDE AND WYRE",593,1109.53,0,0
2026-01-01,99C,"NHS NORTH TYNESIDE",613,1625.8,0,0
2026-01-01,07K,"NHS WEST SUFFOLK",662,1194.89,0,0
2026-01-01,00R,"NHS BLACKPOOL",675,1338.69,0,0
2026-01-01,03F,"NHS HULL",680,1374.72,0,0
2026-01-01,05D,"NHS EAST STAFFORDSHIRE",708,1381.84,0,0
2026-01-01,06L,"NHS IPSWICH AND EAST SUFFOLK",709,1413.02,0,0
2026-01-01,99G,"NHS SOUTHEND",711,1462.01,0,0
2026-01-01,U2G6B,"NHS THAMES VALLEY ICB - U2G6B",773,1681.97,0,0
2026-01-01,02Y,"NHS EAST RIDING OF YORKSHIRE",779,1681.18,0,0
2026-01-01,03K,"NHS NORTH LINCOLNSHIRE",785,1433.16,0,0
2026-01-01,05V,"NHS STAFFORD AND SURROUNDS",804,1476.72,0,0
2026-01-01,99E,"NHS BASILDON AND BRENTWOOD",804,1689.96,0,0
2026-01-01,01F,"NHS HALTON",809,1626.53,0,0
2026-01-01,03H,"NHS NORTH EAST LINCOLNSHIRE",830,2025.33,0,0
2026-01-01,01V,"NHS SOUTHPORT AND FORMBY",891,1710.77,0,0
2026-01-01,02E,"NHS WARRINGTON",914,1970.13,0,0
2026-01-01,11M,"NHS GLOUCESTERSHIRE",931,2182.54,0,0
2026-01-01,01D,"NHS HEYWOOD, MIDDLETON AND ROCHDALE",987,2254.12,0,0
2026-01-01,02A,"NHS TRAFFORD",992,2167.52,0,0
2026-01-01,99F,"NHS CASTLE POINT AND ROCHFORD",992,1989,0,0
2026-01-01,00Y,"NHS OLDHAM",1024,2137.98,0,0
2026-01-01,05G,"NHS NORTH STAFFORDSHIRE",1027,2105.29,0,0
2026-01-01,04Y,"NHS CANNOCK CHASE",1052,2075.33,0,0
2026-01-01,42D,"NHS NORTH YORKSHIRE",1120,2316.31,0,0
2026-01-01,03L,"NHS ROTHERHAM",1161,2408.13,0,0
2026-01-01,02P,"NHS BARNSLEY",1238,2559.89,0,0
2026-01-01,02X,"NHS DONCASTER",1262,2632.88,0,0
2026-01-01,03R,"NHS WAKEFIELD",1268,2833.4,0,0
2026-01-01,01K,"NHS MORECAMBE BAY",1271,2707.94,0,0
2026-01-01,10Q,"NHS OXFORDSHIRE",1272,3129.95,0,0
2026-01-01,09D,"NHS BRIGHTON AND HOVE",1293,3436.05,0,0
2026-01-01,00N,"NHS SOUTH TYNESIDE",1300,2530.8,0,0
2026-01-01,04C,"NHS LEICESTER CITY",1305,2449.91,0,0
2026-01-01,00L,"NHS NORTHUMBERLAND",1307,3113.24,0,0
2026-01-01,02T,"NHS CALDERDALE",1323,2740.31,0,0
2026-01-01,05W,"NHS STOKE ON TRENT",1332,2602.63,0,0
2026-01-01,03W,"NHS EAST LEICESTERSHIRE AND RUTLAND",1357,2554.66,0,0
2026-01-01,01J,"NHS KNOWSLEY",1420,2819.62,0,0
2026-01-01,07H,"NHS WEST ESSEX",1442,2656.03,0,0
2026-01-01,14Y,"NHS BUCKINGHAMSHIRE",1487,2912.95,0,0
2026-01-01,15F,"NHS LEEDS",1541,3713.53,0,0
2026-01-01,00V,"NHS BURY",1544,3039.76,0,0
2026-01-01,01T,"NHS SOUTH SEFTON",1619,3091.75,0,0
2026-01-01,06N,"NHS HERTS VALLEYS",1635,3523.32,0,0
2026-01-01,X2C4Y,"NHS KIRKLEES",1641,3942.14,0,0
2026-01-01,06Q,"NHS MID ESSEX",1678,2925.02,0,0
2026-01-01,10R,"NHS PORTSMOUTH",1742,4265.94,0,0
2026-01-01,04V,"NHS WEST LEICESTERSHIRE",1747,3262.32,0,0
2026-01-01,02H,"NHS WIGAN BOROUGH",1806,3932.98,0,0
2026-01-01,11X,"NHS SOMERSET",1831,3424.7,0,0
2026-01-01,01H,"NHS NORTH CUMBRIA",1859,4030.67,0,0
2026-01-01,01W,"NHS STOCKPORT",1952,4199.33,0,0
2026-01-01,13T,"NHS NEWCASTLE GATESHEAD",1982,4577.42,0,0
2026-01-01,05Q,"NHS SOUTH EAST STAFFORDSHIRE AND SEISDON PENINSULA",1984,4063.38,0,0
2026-01-01,01X,"NHS ST HELENS",2038,3844.7,0,0
2026-01-01,03N,"NHS SHEFFIELD",2057,4218.44,0,0
2026-01-01,15A,"NHS BERKSHIRE WEST",2124,4020.74,0,0
2026-01-01,99A,"NHS LIVERPOOL",2128,4431.27,0,0
2026-01-01,01Y,"NHS TAMESIDE AND GLOSSOP",2136,4323.65,0,0
2026-01-01,36L,"NHS SOUTH WEST LONDON",2167,4949.01,0,0
2026-01-01,18C,"NHS HEREFORDSHIRE AND WORCESTERSHIRE",2175,5480.99,0,0
2026-01-01,06K,"NHS EAST AND NORTH HERTFORDSHIRE",2178,4232.11,0,0
2026-01-01,M2L0M,"NHS SHROPSHIRE, TELFORD AND WREKIN",2178,5388.69,0,0
2026-01-01,93C,"NHS NORTH CENTRAL LONDON",2189,5140.4,0,0
2026-01-01,12F,"NHS WIRRAL",2213,4558.95,0,0
2026-01-01,W2U3Z,"NHS NORTH WEST LONDON",2257,5261.23,0,0
2026-01-01,06T,"NHS NORTH EAST ESSEX",2291,4178.41,0,0
2026-01-01,00P,"NHS SUNDERLAND",2319,4495.72,0,0
2026-01-01,00T,"NHS BOLTON",2371,4935.18,0,0
2026-01-01,01G,"NHS SALFORD",2381,4704.12,0,0
2026-01-01,15C,"NHS BRISTOL, NORTH SOMERSET AND SOUTH GLOUCESTERSHIRE",2563,5849.07,0,0
2026-01-01,11J,"NHS DORSET",2605,6284.11,0,0
2026-01-01,A3A8R,"NHS NORTH EAST LONDON",2731,5916.28,0,0
2026-01-01,06H,"NHS CAMBRIDGESHIRE AND PETERBOROUGH",2746,4869.6,0,0
2026-01-01,70F,"NHS WEST SUSSEX",3122,7544.86,0,0
2026-01-01,71E,"NHS LINCOLNSHIRE",3187,6531.81,0,0
2026-01-01,27D,"NHS CHESHIRE",3231,6586.28,0,0
2026-01-01,92G,"NHS BATH AND NORTH EAST SOMERSET, SWINDON AND WILTSHIRE",3267,6981.78,0,0
2026-01-01,M1J4Y,"NHS BEDFORDSHIRE, LUTON AND MILTON KEYNES",3383,7063.37,0,0
2026-01-01,36J,"NHS BRADFORD DISTRICT AND CRAVEN",3453,7421.17,0,0
2026-01-01,72Q,"NHS SOUTH EAST LONDON",3506,8283.6,0,0
2026-01-01,97R,"NHS EAST SUSSEX",3679,8861.39,0,0
2026-01-01,84H,"NHS COUNTY DURHAM",3819,8932.92,0,0
2026-01-01,78H,"NHS NORTHAMPTONSHIRE",3838,6386.72,0,0
2026-01-01,11N,"NHS CORNWALL AND THE ISLES OF SCILLY",4114,9120.24,0,0
2026-01-01,26A,"NHS NORFOLK AND WAVENEY",4311,9049.48,0,0
2026-01-01,92A,"NHS SURREY HEARTLANDS",4532,10126.94,0,0
2026-01-01,B2M3M,"NHS COVENTRY AND WARWICKSHIRE",4861,9229.36,0,0
2026-01-01,15N,"NHS DEVON",5027,11113.82,0,0
2026-01-01,16C,"NHS TEES VALLEY",5027,11909.63,0,0
2026-01-01,15M,"NHS DERBY AND DERBYSHIRE",5565,11540.28,0,0
2026-01-01,14L,"NHS MANCHESTER",5610,11135.76,0,0
2026-01-01,D2P2L,"NHS BLACK COUNTRY",6454,12584.78,0,0
2026-01-01,52R,"NHS NOTTINGHAM AND NOTTINGHAMSHIRE",6560,12710.96,0,0
2026-01-01,91Q,"NHS KENT AND MEDWAY",8123,17327.77,0,0
2026-01-01,15E,"NHS BIRMINGHAM AND SOLIHULL",11356,22516.46,0,0
2026-01-01,D9Y0V,"NHS HAMPSHIRE, SOUTHAMPTON AND ISLE OF WIGHT",11445,26808.49,0,0
2026-02-01,09W,"NHS MEDWAY",0,0,0,0
2026-02-01,D4U1Y,"NHS FRIMLEY",28,42.25,0,0
2026-02-01,03Q,"NHS VALE OF YORK",238,503.95,0,0
2026-02-01,07G,"NHS THURROCK",293,505.73,0,0
2026-02-01,00Q,"NHS BLACKBURN WITH DARWEN",308,637.76,0,0
2026-02-01,02Q,"NHS BASSETLAW",362,740.56,0,0
2026-02-01,02G,"NHS WEST LANCASHIRE",377,756.89,0,0
2026-02-01,00X,"NHS CHORLEY AND SOUTH RIBBLE",404,812.27,0,0
2026-02-01,01E,"NHS GREATER PRESTON",451,947,0,0
2026-02-01,02M,"NHS FYLDE AND WYRE",508,965.56,0,0
2026-02-01,01A,"NHS EAST LANCASHIRE",523,1006.4,0,0
2026-02-01,99C,"NHS NORTH TYNESIDE",546,1454.21,0,0
2026-02-01,07K,"NHS WEST SUFFOLK",573,991.05,0,0
2026-02-01,00R,"NHS BLACKPOOL",578,1106.59,0,0
2026-02-01,03F,"NHS HULL",582,1183.39,0,0
2026-02-01,05D,"NHS EAST STAFFORDSHIRE",598,1177.59,0,0
2026-02-01,99G,"NHS SOUTHEND",600,1169.56,0,0
2026-02-01,06L,"NHS IPSWICH AND EAST SUFFOLK",611,1239.87,0,0
2026-02-01,U2G6B,"NHS THAMES VALLEY ICB - U2G6B",622,1358.24,0,0
2026-02-01,99E,"NHS BASILDON AND BRENTWOOD",627,1254.92,0,0
2026-02-01,03K,"NHS NORTH LINCOLNSHIRE",685,1223.83,0,0
2026-02-01,02Y,"NHS EAST RIDING OF YORKSHIRE",687,1455.25,0,0
2026-02-01,05V,"NHS STAFFORD AND SURROUNDS",710,1295.27,0,0
2026-02-01,01F,"NHS HALTON",735,1513.09,0,0
2026-02-01,03H,"NHS NORTH EAST LINCOLNSHIRE",755,1823.32,0,0
2026-02-01,02E,"NHS WARRINGTON",776,1698.61,0,0
2026-02-01,01V,"NHS SOUTHPORT AND FORMBY",798,1526.62,0,0
2026-02-01,05G,"NHS NORTH STAFFORDSHIRE",840,1698.43,0,0
2026-02-01,01D,"NHS HEYWOOD, MIDDLETON AND ROCHDALE",863,2089.69,0,0
2026-02-01,11M,"NHS GLOUCESTERSHIRE",876,2064.49,0,0
2026-02-01,00Y,"NHS OLDHAM",907,1874.01,0,0
2026-02-01,02A,"NHS TRAFFORD",912,1953.87,0,0
2026-02-01,04Y,"NHS CANNOCK CHASE",930,1916.55,0,0
2026-02-01,99F,"NHS CASTLE POINT AND ROCHFORD",950,1800.64,0,0
2026-02-01,09D,"NHS BRIGHTON AND HOVE",1023,2704.63,0,0
2026-02-01,01K,"NHS MORECAMBE BAY",1050,2184.67,0,0
2026-02-01,42D,"NHS NORTH YORKSHIRE",1055,2224.9,0,0
2026-02-01,03L,"NHS ROTHERHAM",1057,2218,0,0
2026-02-01,02X,"NHS DONCASTER",1102,2276.31,0,0
2026-02-01,10Q,"NHS OXFORDSHIRE",1108,2745.72,0,0
2026-02-01,03R,"NHS WAKEFIELD",1110,2300.18,0,0
2026-02-01,04C,"NHS LEICESTER CITY",1113,2085.16,0,0
2026-02-01,05W,"NHS STOKE ON TRENT",1121,2157.96,0,0
2026-02-01,00N,"NHS SOUTH TYNESIDE",1137,2300.14,0,0
2026-02-01,02P,"NHS BARNSLEY",1148,2357.23,0,0
2026-02-01,00L,"NHS NORTHUMBERLAND",1158,2756.69,0,0
2026-02-01,03W,"NHS EAST LEICESTERSHIRE AND RUTLAND",1183,2236.21,0,0
2026-02-01,02T,"NHS CALDERDALE",1258,2647.01,0,0
2026-02-01,07H,"NHS WEST ESSEX",1259,2306.8,0,0
2026-02-01,01J,"NHS KNOWSLEY",1297,2633.64,0,0
2026-02-01,14Y,"NHS BUCKINGHAMSHIRE",1330,2578.42,0,0
2026-02-01,15F,"NHS LEEDS",1358,3245.33,0,0
2026-02-01,00V,"NHS BURY",1386,2761.88,0,0
2026-02-01,06N,"NHS HERTS VALLEYS",1416,3040.26,0,0
2026-02-01,10R,"NHS PORTSMOUTH",1435,3608.79,0,0
2026-02-01,X2C4Y,"NHS KIRKLEES",1450,3576.79,0,0
2026-02-01,01T,"NHS SOUTH SEFTON",1453,2806.9,0,0
2026-02-01,06Q,"NHS MID ESSEX",1542,2728.99,0,0
2026-02-01,11X,"NHS SOMERSET",1544,2929.14,0,0
2026-02-01,04V,"NHS WEST LEICESTERSHIRE",1564,2993.17,0,0
2026-02-01,02H,"NHS WIGAN BOROUGH",1612,3521.75,0,0
2026-02-01,01H,"NHS NORTH CUMBRIA",1625,3447.29,0,0
2026-02-01,01W,"NHS STOCKPORT",1718,3759.95,0,0
2026-02-01,05Q,"NHS SOUTH EAST STAFFORDSHIRE AND SEISDON PENINSULA",1748,3556.99,0,0
2026-02-01,13T,"NHS NEWCASTLE GATESHEAD",1784,4242.93,0,0
2026-02-01,15A,"NHS BERKSHIRE WEST",1822,3509.98,0,0
2026-02-01,01X,"NHS ST HELENS",1846,3497.25,0,0
2026-02-01,03N,"NHS SHEFFIELD",1874,3859.09,0,0
2026-02-01,01Y,"NHS TAMESIDE AND GLOSSOP",1877,3793.25,0,0
2026-02-01,18C,"NHS HEREFORDSHIRE AND WORCESTERSHIRE",1879,4667.17,0,0
2026-02-01,36L,"NHS SOUTH WEST LONDON",1883,4232.28,0,0
2026-02-01,M2L0M,"NHS SHROPSHIRE, TELFORD AND WREKIN",1916,4728.62,0,0
2026-02-01,99A,"NHS LIVERPOOL",1919,3984.08,0,0
2026-02-01,06T,"NHS NORTH EAST ESSEX",1935,3467.72,0,0
2026-02-01,93C,"NHS NORTH CENTRAL LONDON",1949,4622.94,0,0
2026-02-01,W2U3Z,"NHS NORTH WEST LONDON",1959,4526.94,0,0
2026-02-01,06K,"NHS EAST AND NORTH HERTFORDSHIRE",2006,3839.35,0,0
2026-02-01,12F,"NHS WIRRAL",2032,4125.53,0,0
2026-02-01,00P,"NHS SUNDERLAND",2040,3977.12,0,0
2026-02-01,00T,"NHS BOLTON",2101,4367.32,0,0
2026-02-01,01G,"NHS SALFORD",2104,4172.88,0,0
2026-02-01,15C,"NHS BRISTOL, NORTH SOMERSET AND SOUTH GLOUCESTERSHIRE",2162,4835.95,0,0
2026-02-01,11J,"NHS DORSET",2318,5775.4,0,0
2026-02-01,06H,"NHS CAMBRIDGESHIRE AND PETERBOROUGH",2381,4235.25,0,0
2026-02-01,A3A8R,"NHS NORTH EAST LONDON",2474,5394.07,0,0
2026-02-01,70F,"NHS WEST SUSSEX",2688,6441.42,0,0
2026-02-01,27D,"NHS CHESHIRE",2811,5632.77,0,0
2026-02-01,71E,"NHS LINCOLNSHIRE",2816,5734.58,0,0
2026-02-01,M1J4Y,"NHS BEDFORDSHIRE, LUTON AND MILTON KEYNES",2838,5934.15,0,0
2026-02-01,92G,"NHS BATH AND NORTH EAST SOMERSET, SWINDON AND WILTSHIRE",2907,6198.02,0,0
2026-02-01,72Q,"NHS SOUTH EAST LONDON",2987,7019.9,0,0
2026-02-01,36J,"NHS BRADFORD DISTRICT AND CRAVEN",3105,6667.72,0,0
2026-02-01,97R,"NHS EAST SUSSEX",3292,7914.36,0,0
2026-02-01,78H,"NHS NORTHAMPTONSHIRE",3324,5609.65,0,0
2026-02-01,84H,"NHS COUNTY DURHAM",3424,7951.97,0,0
2026-02-01,11N,"NHS CORNWALL AND THE ISLES OF SCILLY",3564,7950.82,0,0
2026-02-01,26A,"NHS NORFOLK AND WAVENEY",3836,8054.32,0,0
2026-02-01,92A,"NHS SURREY HEARTLANDS",3837,8626.73,0,0
2026-02-01,15N,"NHS DEVON",4369,9919.8,0,0
2026-02-01,B2M3M,"NHS COVENTRY AND WARWICKSHIRE",4397,8315.14,0,0
2026-02-01,16C,"NHS TEES VALLEY",4469,10535.32,0,0
2026-02-01,15M,"NHS DERBY AND DERBYSHIRE",4850,10032.19,0,0
2026-02-01,14L,"NHS MANCHESTER",5012,9949.87,0,0
2026-02-01,52R,"NHS NOTTINGHAM AND NOTTINGHAMSHIRE",5812,11366.63,0,0
2026-02-01,D2P2L,"NHS BLACK COUNTRY",5820,11550.45,0,0
2026-02-01,91Q,"NHS KENT AND MEDWAY",7145,15478.4,0,0
2026-02-01,D9Y0V,"NHS HAMPSHIRE, SOUTHAMPTON AND ISLE OF WIGHT",9913,23524.31,0,0
2026-02-01,15E,"NHS BIRMINGHAM AND SOLIHULL",10086,20521.88,0,0
2026-03-01,09W,"NHS MEDWAY",0,0,0,0
2026-03-01,D4U1Y,"NHS FRIMLEY",27,42.23,0,0
2026-03-01,03Q,"NHS VALE OF YORK",258,576.43,0,0
2026-03-01,07G,"NHS THURROCK",309,563.38,0,0
2026-03-01,00Q,"NHS BLACKBURN WITH DARWEN",349,751.72,0,0
2026-03-01,02Q,"NHS BASSETLAW",379,755.63,0,0
2026-03-01,02G,"NHS WEST LANCASHIRE",404,815.66,0,0
2026-03-01,00X,"NHS CHORLEY AND SOUTH RIBBLE",420,858.34,0,0
2026-03-01,01E,"NHS GREATER PRESTON",477,1022.62,0,0
2026-03-01,01A,"NHS EAST LANCASHIRE",550,1073.5,0,0
2026-03-01,02M,"NHS FYLDE AND WYRE",562,1052.01,0,0
2026-03-01,99C,"NHS NORTH TYNESIDE",586,1581.28,0,0
2026-03-01,07K,"NHS WEST SUFFOLK",613,1109.98,0,0
2026-03-01,06L,"NHS IPSWICH AND EAST SUFFOLK",628,1281.39,0,0
2026-03-01,00R,"NHS BLACKPOOL",634,1255.78,0,0
2026-03-01,05D,"NHS EAST STAFFORDSHIRE",637,1263.02,0,0
2026-03-01,99G,"NHS SOUTHEND",651,1328.39,0,0
2026-03-01,03F,"NHS HULL",657,1410.62,0,0
2026-03-01,02Y,"NHS EAST RIDING OF YORKSHIRE",714,1557.87,0,0
2026-03-01,99E,"NHS BASILDON AND BRENTWOOD",732,1585.64,0,0
2026-03-01,U2G6B,"NHS THAMES VALLEY ICB - U2G6B",746,1615.74,0,0
2026-03-01,03K,"NHS NORTH LINCOLNSHIRE",750,1332.09,0,0
2026-03-01,05V,"NHS STAFFORD AND SURROUNDS",773,1396.65,0,0
2026-03-01,03H,"NHS NORTH EAST LINCOLNSHIRE",791,1948.89,0,0
2026-03-01,01F,"NHS HALTON",796,1601,0,0
2026-03-01,01V,"NHS SOUTHPORT AND FORMBY",826,1603.65,0,0
2026-03-01,02E,"NHS WARRINGTON",870,1841.67,0,0
2026-03-01,05G,"NHS NORTH STAFFORDSHIRE",908,1900.05,0,0
2026-03-01,11M,"NHS GLOUCESTERSHIRE",914,2029.65,0,0
2026-03-01,02A,"NHS TRAFFORD",935,2024.86,0,0
2026-03-01,00Y,"NHS OLDHAM",962,2029.48,0,0
2026-03-01,99F,"NHS CASTLE POINT AND ROCHFORD",975,1860.4,0,0
2026-03-01,01D,"NHS HEYWOOD, MIDDLETON AND ROCHDALE",976,2245.13,0,0
2026-03-01,04Y,"NHS CANNOCK CHASE",1009,2046.87,0,0
2026-03-01,03L,"NHS ROTHERHAM",1125,2291.87,0,0
2026-03-01,05W,"NHS STOKE ON TRENT",1159,2230.62,0,0
2026-03-01,42D,"NHS NORTH YORKSHIRE",1162,2399.88,0,0
2026-03-01,01K,"NHS MORECAMBE BAY",1175,2449.59,0,0
2026-03-01,09D,"NHS BRIGHTON AND HOVE",1186,3243.69,0,0
2026-03-01,00N,"NHS SOUTH TYNESIDE",1201,2410.11,0,0
2026-03-01,02X,"NHS DONCASTER",1208,2528.57,0,0
2026-03-01,02P,"NHS BARNSLEY",1209,2546.67,0,0
2026-03-01,00L,"NHS NORTHUMBERLAND",1213,2957.85,0,0
2026-03-01,03R,"NHS WAKEFIELD",1224,2591.23,0,0
2026-03-01,10Q,"NHS OXFORDSHIRE",1226,3031.79,0,0
2026-03-01,03W,"NHS EAST LEICESTERSHIRE AND RUTLAND",1287,2411.6,0,0
2026-03-01,04C,"NHS LEICESTER CITY",1299,2434.13,0,0
2026-03-01,02T,"NHS CALDERDALE",1320,2741.12,0,0
2026-03-01,14Y,"NHS BUCKINGHAMSHIRE",1375,2639.7,0,0
2026-03-01,01J,"NHS KNOWSLEY",1387,2797.41,0,0
2026-03-01,07H,"NHS WEST ESSEX",1399,2556.33,0,0
2026-03-01,15F,"NHS LEEDS",1453,3446.31,0,0
2026-03-01,00V,"NHS BURY",1530,3027.63,0,0
2026-03-01,06N,"NHS HERTS VALLEYS",1533,3296.78,0,0
2026-03-01,X2C4Y,"NHS KIRKLEES",1557,3691.98,0,0
2026-03-01,10R,"NHS PORTSMOUTH",1563,3906.53,0,0
2026-03-01,06Q,"NHS MID ESSEX",1591,2824.65,0,0
2026-03-01,01T,"NHS SOUTH SEFTON",1611,3097.9,0,0
2026-03-01,04V,"NHS WEST LEICESTERSHIRE",1673,3134.7,0,0
2026-03-01,11X,"NHS SOMERSET",1690,3168.41,0,0
2026-03-01,02H,"NHS WIGAN BOROUGH",1719,3737.13,0,0
2026-03-01,01H,"NHS NORTH CUMBRIA",1744,3754.82,0,0
2026-03-01,01W,"NHS STOCKPORT",1820,3956.46,0,0
2026-03-01,13T,"NHS NEWCASTLE GATESHEAD",1836,4238.58,0,0
2026-03-01,05Q,"NHS SOUTH EAST STAFFORDSHIRE AND SEISDON PENINSULA",1907,3899.96,0,0
2026-03-01,15A,"NHS BERKSHIRE WEST",1949,3770.68,0,0
2026-03-01,01Y,"NHS TAMESIDE AND GLOSSOP",1969,3990.24,0,0
2026-03-01,03N,"NHS SHEFFIELD",1995,4136.36,0,0
2026-03-01,99A,"NHS LIVERPOOL",2002,4073.53,0,0
2026-03-01,01X,"NHS ST HELENS",2017,3926.66,0,0
2026-03-01,06K,"NHS EAST AND NORTH HERTFORDSHIRE",2022,3952.4,0,0
2026-03-01,36L,"NHS SOUTH WEST LONDON",2033,4569.19,0,0
2026-03-01,M2L0M,"NHS SHROPSHIRE, TELFORD AND WREKIN",2067,5139.69,0,0
2026-03-01,18C,"NHS HEREFORDSHIRE AND WORCESTERSHIRE",2087,5225.58,0,0
2026-03-01,06T,"NHS NORTH EAST ESSEX",2117,3813.89,0,0
2026-03-01,00P,"NHS SUNDERLAND",2142,4147.12,0,0
2026-03-01,93C,"NHS NORTH CENTRAL LONDON",2144,5009.67,0,0
2026-03-01,12F,"NHS WIRRAL",2150,4362.21,0,0
2026-03-01,01G,"NHS SALFORD",2209,4451.78,0,0
2026-03-01,W2U3Z,"NHS NORTH WEST LONDON",2250,5040.33,0,0
2026-03-01,00T,"NHS BOLTON",2290,4902.89,0,0
2026-03-01,15C,"NHS BRISTOL, NORTH SOMERSET AND SOUTH GLOUCESTERSHIRE",2386,5405.56,0,0
2026-03-01,11J,"NHS DORSET",2429,6240.95,0,0
2026-03-01,06H,"NHS CAMBRIDGESHIRE AND PETERBOROUGH",2571,4578.39,0,0
2026-03-01,A3A8R,"NHS NORTH EAST LONDON",2721,5898.26,0,0
2026-03-01,70F,"NHS WEST SUSSEX",2870,6804.75,0,0
2026-03-01,M1J4Y,"NHS BEDFORDSHIRE, LUTON AND MILTON KEYNES",2903,6095.81,0,0
2026-03-01,27D,"NHS CHESHIRE",2904,5905.79,0,0
2026-03-01,71E,"NHS LINCOLNSHIRE",2988,6027.03,0,0
2026-03-01,72Q,"NHS SOUTH EAST LONDON",3135,7318.85,0,0
2026-03-01,92G,"NHS BATH AND NORTH EAST SOMERSET, SWINDON AND WILTSHIRE",3135,6752.59,0,0
2026-03-01,36J,"NHS BRADFORD DISTRICT AND CRAVEN",3319,7169.8,0,0
2026-03-01,97R,"NHS EAST SUSSEX",3429,8238.99,0,0
2026-03-01,78H,"NHS NORTHAMPTONSHIRE",3527,5970.89,0,0
2026-03-01,84H,"NHS COUNTY DURHAM",3762,8761.5,0,0
2026-03-01,11N,"NHS CORNWALL AND THE ISLES OF SCILLY",3827,8626.22,0,0
2026-03-01,26A,"NHS NORFOLK AND WAVENEY",4123,8667.04,0,0
2026-03-01,92A,"NHS SURREY HEARTLANDS",4123,9184,0,0
2026-03-01,B2M3M,"NHS COVENTRY AND WARWICKSHIRE",4550,8671.83,0,0
2026-03-01,15N,"NHS DEVON",4794,10444.28,0,0
2026-03-01,16C,"NHS TEES VALLEY",4798,11719.14,0,0
2026-03-01,15M,"NHS DERBY AND DERBYSHIRE",5319,11077.57,0,0
2026-03-01,14L,"NHS MANCHESTER",5453,10968.49,0,0
2026-03-01,D2P2L,"NHS BLACK COUNTRY",6247,12288.77,0,0
2026-03-01,52R,"NHS NOTTINGHAM AND NOTTINGHAMSHIRE",6325,12204.71,0,0
2026-03-01,91Q,"NHS KENT AND MEDWAY",7538,16312.87,0,0
2026-03-01,15E,"NHS BIRMINGHAM AND SOLIHULL",10704,21497.92,0,0
2026-03-01,D9Y0V,"NHS HAMPSHIRE, SOUTHAMPTON AND ISLE OF WIGHT",10765,25617.39,0,0
2026-04-01,09W,"NHS MEDWAY",0,0,0,0
2026-04-01,D4U1Y,"NHS FRIMLEY",18,25.88,0,0
2026-04-01,03Q,"NHS VALE OF YORK",249,525.98,0,0
2026-04-01,07G,"NHS THURROCK",308,543.35,0,0
2026-04-01,00Q,"NHS BLACKBURN WITH DARWEN",318,658.99,0,0
2026-04-01,02Q,"NHS BASSETLAW",340,683.74,0,0
2026-04-01,02G,"NHS WEST LANCASHIRE",360,729.63,0,0
2026-04-01,00X,"NHS CHORLEY AND SOUTH RIBBLE",404,822.26,0,0
2026-04-01,01E,"NHS GREATER PRESTON",457,985.34,0,0
2026-04-01,02M,"NHS FYLDE AND WYRE",504,969.14,0,0
2026-04-01,01A,"NHS EAST LANCASHIRE",562,1122.65,0,0
2026-04-01,00R,"NHS BLACKPOOL",574,1103.16,0,0
2026-04-01,99C,"NHS NORTH TYNESIDE",578,1521.34,0,0
2026-04-01,06L,"NHS IPSWICH AND EAST SUFFOLK",621,1271.65,0,0
2026-04-01,07K,"NHS WEST SUFFOLK",625,1117.99,0,0
2026-04-01,05D,"NHS EAST STAFFORDSHIRE",643,1248.36,0,0
2026-04-01,03F,"NHS HULL",658,1322.8,0,0
2026-04-01,05V,"NHS STAFFORD AND SURROUNDS",669,1238.62,0,0
2026-04-01,99E,"NHS BASILDON AND BRENTWOOD",693,1376.39,0,0
2026-04-01,99G,"NHS SOUTHEND",705,1412.04,0,0
2026-04-01,U2G6B,"NHS THAMES VALLEY ICB - U2G6B",711,1568.61,0,0
2026-04-01,02Y,"NHS EAST RIDING OF YORKSHIRE",712,1520.04,0,0
2026-04-01,03K,"NHS NORTH LINCOLNSHIRE",725,1294.48,0,0
2026-04-01,01F,"NHS HALTON",765,1540.82,0,0
2026-04-01,02E,"NHS WARRINGTON",799,1709.46,0,0
2026-04-01,03H,"NHS NORTH EAST LINCOLNSHIRE",802,1876.86,0,0
2026-04-01,01V,"NHS SOUTHPORT AND FORMBY",832,1597.76,0,0
2026-04-01,00Y,"NHS OLDHAM",859,1859.76,0,0
2026-04-01,02A,"NHS TRAFFORD",860,1931.33,0,0
2026-04-01,05G,"NHS NORTH STAFFORDSHIRE",897,1792.69,0,0
2026-04-01,04Y,"NHS CANNOCK CHASE",898,1871.73,0,0
2026-04-01,11M,"NHS GLOUCESTERSHIRE",903,1978.76,0,0
2026-04-01,01D,"NHS HEYWOOD, MIDDLETON AND ROCHDALE",935,2176.48,0,0
2026-04-01,99F,"NHS CASTLE POINT AND ROCHFORD",971,1806.25,0,0
2026-04-01,09D,"NHS BRIGHTON AND HOVE",1006,2663.22,0,0
2026-04-01,01K,"NHS MORECAMBE BAY",1099,2258.13,0,0
2026-04-01,42D,"NHS NORTH YORKSHIRE",1112,2320.7,0,0
2026-04-01,03L,"NHS ROTHERHAM",1120,2333.34,0,0
2026-04-01,02X,"NHS DONCASTER",1123,2360.92,0,0
2026-04-01,02P,"NHS BARNSLEY",1140,2347.03,0,0
2026-04-01,03R,"NHS WAKEFIELD",1160,2639.81,0,0
2026-04-01,04C,"NHS LEICESTER CITY",1199,2288.98,0,0
2026-04-01,05W,"NHS STOKE ON TRENT",1202,2351.17,0,0
2026-04-01,00N,"NHS SOUTH TYNESIDE",1205,2385.95,0,0
2026-04-01,00L,"NHS NORTHUMBERLAND",1221,2907.8,0,0
2026-04-01,02T,"NHS CALDERDALE",1235,2590.21,0,0
2026-04-01,03W,"NHS EAST LEICESTERSHIRE AND RUTLAND",1258,2374.83,0,0
2026-04-01,10Q,"NHS OXFORDSHIRE",1260,3104.75,0,0
2026-04-01,14Y,"NHS BUCKINGHAMSHIRE",1316,2553.94,0,0
2026-04-01,07H,"NHS WEST ESSEX",1357,2508.39,0,0
2026-04-01,01J,"NHS KNOWSLEY",1381,2759.86,0,0
2026-04-01,06N,"NHS HERTS VALLEYS",1420,3019.08,0,0
2026-04-01,00V,"NHS BURY",1439,2846.7,0,0
2026-04-01,15F,"NHS LEEDS",1449,3577.38,0,0
2026-04-01,10R,"NHS PORTSMOUTH",1516,3823.35,0,0
2026-04-01,04V,"NHS WEST LEICESTERSHIRE",1548,2938.38,0,0
2026-04-01,01T,"NHS SOUTH SEFTON",1551,3023.85,0,0
2026-04-01,11X,"NHS SOMERSET",1575,2960.43,0,0
2026-04-01,06Q,"NHS MID ESSEX",1588,2829.73,0,0
2026-04-01,X2C4Y,"NHS KIRKLEES",1590,3869.52,0,0
2026-04-01,01H,"NHS NORTH CUMBRIA",1652,3543.3,0,0
2026-04-01,02H,"NHS WIGAN BOROUGH",1728,3816.03,0,0
2026-04-01,05Q,"NHS SOUTH EAST STAFFORDSHIRE AND SEISDON PENINSULA",1730,3521.32,0,0
2026-04-01,01W,"NHS STOCKPORT",1751,3802.62,0,0
2026-04-01,01X,"NHS ST HELENS",1812,3412.07,0,0
2026-04-01,01Y,"NHS TAMESIDE AND GLOSSOP",1844,3712.06,0,0
2026-04-01,15A,"NHS BERKSHIRE WEST",1850,3548.88,0,0
2026-04-01,13T,"NHS NEWCASTLE GATESHEAD",1865,4339.61,0,0
2026-04-01,93C,"NHS NORTH CENTRAL LONDON",1918,4492.95,0,0
2026-04-01,03N,"NHS SHEFFIELD",1925,3912.56,0,0
2026-04-01,99A,"NHS LIVERPOOL",1944,3918.18,0,0
2026-04-01,M2L0M,"NHS SHROPSHIRE, TELFORD AND WREKIN",1961,4894.29,0,0
2026-04-01,18C,"NHS HEREFORDSHIRE AND WORCESTERSHIRE",1980,4953.74,0,0
2026-04-01,36L,"NHS SOUTH WEST LONDON",1980,4426.9,0,0
2026-04-01,06K,"NHS EAST AND NORTH HERTFORDSHIRE",2035,3952.11,0,0
2026-04-01,00P,"NHS SUNDERLAND",2044,4036.26,0,0
2026-04-01,12F,"NHS WIRRAL",2048,4191.37,0,0
2026-04-01,06T,"NHS NORTH EAST ESSEX",2090,3746.91,0,0
2026-04-01,W2U3Z,"NHS NORTH WEST LONDON",2119,4778.55,0,0
2026-04-01,01G,"NHS SALFORD",2127,4237.14,0,0
2026-04-01,00T,"NHS BOLTON",2172,4598.16,0,0
2026-04-01,15C,"NHS BRISTOL, NORTH SOMERSET AND SOUTH GLOUCESTERSHIRE",2225,4918.1,0,0
2026-04-01,11J,"NHS DORSET",2412,6118.07,0,0
2026-04-01,06H,"NHS CAMBRIDGESHIRE AND PETERBOROUGH",2550,4521.23,0,0
2026-04-01,A3A8R,"NHS NORTH EAST LONDON",2564,5575.99,0,0
2026-04-01,70F,"NHS WEST SUSSEX",2734,6617.02,0,0
2026-04-01,M1J4Y,"NHS BEDFORDSHIRE, LUTON AND MILTON KEYNES",2846,5944.54,0,0
2026-04-01,27D,"NHS CHESHIRE",2906,5858.3,0,0
2026-04-01,71E,"NHS LINCOLNSHIRE",2973,5951.73,0,0
2026-04-01,92G,"NHS BATH AND NORTH EAST SOMERSET, SWINDON AND WILTSHIRE",3018,6405.52,0,0
2026-04-01,72Q,"NHS SOUTH EAST LONDON",3109,7456.63,0,0
2026-04-01,36J,"NHS BRADFORD DISTRICT AND CRAVEN",3144,6734.81,0,0
2026-04-01,97R,"NHS EAST SUSSEX",3325,7964.35,0,0
2026-04-01,78H,"NHS NORTHAMPTONSHIRE",3500,5852.96,0,0
2026-04-01,84H,"NHS COUNTY DURHAM",3616,8453.97,0,0
2026-04-01,11N,"NHS CORNWALL AND THE ISLES OF SCILLY",3623,8132.33,0,0
2026-04-01,26A,"NHS NORFOLK AND WAVENEY",3853,8194.03,0,0
2026-04-01,92A,"NHS SURREY HEARTLANDS",3894,8791.87,0,0
2026-04-01,B2M3M,"NHS COVENTRY AND WARWICKSHIRE",4412,8294.62,0,0
2026-04-01,15N,"NHS DEVON",4515,10033.41,0,0
2026-04-01,16C,"NHS TEES VALLEY",4659,11300.43,0,0
2026-04-01,14L,"NHS MANCHESTER",5110,10167.15,0,0
2026-04-01,15M,"NHS DERBY AND DERBYSHIRE",5125,10513.34,0,0
2026-04-01,D2P2L,"NHS BLACK COUNTRY",5917,11617.17,0,0
2026-04-01,52R,"NHS NOTTINGHAM AND NOTTINGHAMSHIRE",6127,11913.19,0,0
2026-04-01,91Q,"NHS KENT AND MEDWAY",7267,15564.5,0,0
2026-04-01,D9Y0V,"NHS HAMPSHIRE, SOUTHAMPTON AND ISLE OF WIGHT",10212,24172.54,0,0
2026-04-01,15E,"NHS BIRMINGHAM AND SOLIHULL",10460,21264.15,0,0
2026-05-01,09W,"NHS MEDWAY",0,0,0,0
2026-05-01,D4U1Y,"NHS FRIMLEY",23,33.06,0,0
2026-05-01,03Q,"NHS VALE OF YORK",248,530.75,0,0
2026-05-01,07G,"NHS THURROCK",310,538.08,0,0
2026-05-01,02Q,"NHS BASSETLAW",328,650.77,0,0
2026-05-01,00Q,"NHS BLACKBURN WITH DARWEN",330,697.63,0,0
2026-05-01,02G,"NHS WEST LANCASHIRE",352,673.09,0,0
2026-05-01,00X,"NHS CHORLEY AND SOUTH RIBBLE",417,848.46,0,0
2026-05-01,01E,"NHS GREATER PRESTON",454,975.14,0,0
2026-05-01,02M,"NHS FYLDE AND WYRE",513,961.68,0,0
2026-05-01,01A,"NHS EAST LANCASHIRE",514,983.83,0,0
2026-05-01,05D,"NHS EAST STAFFORDSHIRE",553,1093.57,0,0
2026-05-01,00R,"NHS BLACKPOOL",554,1099.04,0,0
2026-05-01,99C,"NHS NORTH TYNESIDE",574,1581.44,0,0
2026-05-01,07K,"NHS WEST SUFFOLK",600,1077.93,0,0
2026-05-01,06L,"NHS IPSWICH AND EAST SUFFOLK",616,1273.31,0,0
2026-05-01,99G,"NHS SOUTHEND",658,1336.79,0,0
2026-05-01,99E,"NHS BASILDON AND BRENTWOOD",672,1351.64,0,0
2026-05-01,U2G6B,"NHS THAMES VALLEY ICB - U2G6B",678,1504.05,0,0
2026-05-01,03F,"NHS HULL",692,1467.51,0,0
2026-05-01,05V,"NHS STAFFORD AND SURROUNDS",693,1214.39,0,0
2026-05-01,02Y,"NHS EAST RIDING OF YORKSHIRE",696,1499.8,0,0
2026-05-01,01F,"NHS HALTON",698,1443.52,0,0
2026-05-01,03K,"NHS NORTH LINCOLNSHIRE",716,1282.19,0,0
2026-05-01,01V,"NHS SOUTHPORT AND FORMBY",771,1462.48,0,0
2026-05-01,03H,"NHS NORTH EAST LINCOLNSHIRE",813,1990.89,0,0
2026-05-01,02E,"NHS WARRINGTON",824,1750.17,0,0
2026-05-01,11M,"NHS GLOUCESTERSHIRE",878,1962.98,0,0
2026-05-01,02A,"NHS TRAFFORD",881,1877.44,0,0
2026-05-01,05G,"NHS NORTH STAFFORDSHIRE",897,1838.26,0,0
2026-05-01,01D,"NHS HEYWOOD, MIDDLETON AND ROCHDALE",901,2081.21,0,0
2026-05-01,99F,"NHS CASTLE POINT AND ROCHFORD",927,1703.42,0,0
2026-05-01,00Y,"NHS OLDHAM",933,1966.22,0,0
2026-05-01,04Y,"NHS CANNOCK CHASE",959,1954.06,0,0
2026-05-01,09D,"NHS BRIGHTON AND HOVE",1053,2798.04,0,0
2026-05-01,42D,"NHS NORTH YORKSHIRE",1067,2207.88,0,0
2026-05-01,01K,"NHS MORECAMBE BAY",1070,2212.89,0,0
2026-05-01,03L,"NHS ROTHERHAM",1072,2265.34,0,0
2026-05-01,05W,"NHS STOKE ON TRENT",1098,2129.85,0,0
2026-05-01,00N,"NHS SOUTH TYNESIDE",1121,2262.5,0,0
2026-05-01,02X,"NHS DONCASTER",1138,2358.93,0,0
2026-05-01,00L,"NHS NORTHUMBERLAND",1161,2789.21,0,0
2026-05-01,03R,"NHS WAKEFIELD",1164,2314.97,0,0
2026-05-01,02P,"NHS BARNSLEY",1165,2384.68,0,0
2026-05-01,10Q,"NHS OXFORDSHIRE",1183,2970.34,0,0
2026-05-01,04C,"NHS LEICESTER CITY",1239,2329.95,0,0
2026-05-01,01J,"NHS KNOWSLEY",1244,2501.18,0,0
2026-05-01,14Y,"NHS BUCKINGHAMSHIRE",1249,2488.46,0,0
2026-05-01,03W,"NHS EAST LEICESTERSHIRE AND RUTLAND",1272,2361.97,0,0
2026-05-01,02T,"NHS CALDERDALE",1312,2655.87,0,0
2026-05-01,07H,"NHS WEST ESSEX",1353,2472.93,0,0
2026-05-01,06N,"NHS HERTS VALLEYS",1360,2955.59,0,0
2026-05-01,00V,"NHS BURY",1400,2810.91,0,0
2026-05-01,10R,"NHS PORTSMOUTH",1426,3474.79,0,0
2026-05-01,01T,"NHS SOUTH SEFTON",1456,2804.47,0,0
2026-05-01,15F,"NHS LEEDS",1468,3405.41,0,0
2026-05-01,11X,"NHS SOMERSET",1586,3028.01,0,0
2026-05-01,06Q,"NHS MID ESSEX",1602,2882.13,0,0
2026-05-01,01H,"NHS NORTH CUMBRIA",1626,3512.3,0,0
2026-05-01,04V,"NHS WEST LEICESTERSHIRE",1632,3195.02,0,0
2026-05-01,X2C4Y,"NHS KIRKLEES",1637,3826.26,0,0
2026-05-01,02H,"NHS WIGAN BOROUGH",1641,3584.62,0,0
2026-05-01,01W,"NHS STOCKPORT",1667,3607.76,0,0
2026-05-01,05Q,"NHS SOUTH EAST STAFFORDSHIRE AND SEISDON PENINSULA",1692,3469.03,0,0
2026-05-01,15A,"NHS BERKSHIRE WEST",1768,3432.91,0,0
2026-05-01,13T,"NHS NEWCASTLE GATESHEAD",1788,4218.68,0,0
2026-05-01,03N,"NHS SHEFFIELD",1841,3793,0,0
2026-05-01,01X,"NHS ST HELENS",1844,3545.83,0,0
2026-05-01,99A,"NHS LIVERPOOL",1867,3853.1,0,0
2026-05-01,36L,"NHS SOUTH WEST LONDON",1871,4222.76,0,0
2026-05-01,01Y,"NHS TAMESIDE AND GLOSSOP",1872,3874.91,0,0
2026-05-01,M2L0M,"NHS SHROPSHIRE, TELFORD AND WREKIN",1896,4663.26,0,0
2026-05-01,18C,"NHS HEREFORDSHIRE AND WORCESTERSHIRE",1897,4670.77,0,0
2026-05-01,93C,"NHS NORTH CENTRAL LONDON",1944,4618.21,0,0
2026-05-01,00P,"NHS SUNDERLAND",1945,3829.58,0,0
2026-05-01,12F,"NHS WIRRAL",1967,4007.12,0,0
2026-05-01,06T,"NHS NORTH EAST ESSEX",2024,3621.82,0,0
2026-05-01,06K,"NHS EAST AND NORTH HERTFORDSHIRE",2033,3903.14,0,0
2026-05-01,01G,"NHS SALFORD",2058,4034.99,0,0
2026-05-01,W2U3Z,"NHS NORTH WEST LONDON",2092,4675.41,0,0
2026-05-01,00T,"NHS BOLTON",2137,4484.81,0,0
2026-05-01,15C,"NHS BRISTOL, NORTH SOMERSET AND SOUTH GLOUCESTERSHIRE",2174,4958.14,0,0
2026-05-01,11J,"NHS DORSET",2275,5652.19,0,0
2026-05-01,A3A8R,"NHS NORTH EAST LONDON",2378,5085.45,0,0
2026-05-01,06H,"NHS CAMBRIDGESHIRE AND PETERBOROUGH",2410,4242.73,0,0
2026-05-01,70F,"NHS WEST SUSSEX",2601,6214.82,0,0
2026-05-01,M1J4Y,"NHS BEDFORDSHIRE, LUTON AND MILTON KEYNES",2787,5757.46,0,0
2026-05-01,92G,"NHS BATH AND NORTH EAST SOMERSET, SWINDON AND WILTSHIRE",2849,6078.59,0,0
2026-05-01,27D,"NHS CHESHIRE",2852,5814.2,0,0
2026-05-01,72Q,"NHS SOUTH EAST LONDON",2912,6871.58,0,0
2026-05-01,71E,"NHS LINCOLNSHIRE",2996,5948.9,0,0
2026-05-01,36J,"NHS BRADFORD DISTRICT AND CRAVEN",3138,6612.57,0,0
2026-05-01,97R,"NHS EAST SUSSEX",3151,7653.6,0,0
2026-05-01,78H,"NHS NORTHAMPTONSHIRE",3234,5453.61,0,0
2026-05-01,84H,"NHS COUNTY DURHAM",3521,8097.2,0,0
2026-05-01,11N,"NHS CORNWALL AND THE ISLES OF SCILLY",3590,8051.17,0,0
2026-05-01,92A,"NHS SURREY HEARTLANDS",3649,8265.84,0,0
2026-05-01,26A,"NHS NORFOLK AND WAVENEY",3860,8130.98,0,0
2026-05-01,B2M3M,"NHS COVENTRY AND WARWICKSHIRE",4264,8118.26,0,0
2026-05-01,16C,"NHS TEES VALLEY",4361,10667.84,0,0
2026-05-01,15N,"NHS DEVON",4397,9565.2,0,0
2026-05-01,15M,"NHS DERBY AND DERBYSHIRE",4816,9998.79,0,0
2026-05-01,14L,"NHS MANCHESTER",4936,9984.78,0,0
2026-05-01,52R,"NHS NOTTINGHAM AND NOTTINGHAMSHIRE",5720,11704.28,0,0
2026-05-01,D2P2L,"NHS BLACK COUNTRY",5743,11239.75,0,0
2026-05-01,91Q,"NHS KENT AND MEDWAY",7050,15340.73,0,0
2026-05-01,D9Y0V,"NHS HAMPSHIRE, SOUTHAMPTON AND ISLE OF WIGHT",9725,22950.74,0,0
2026-05-01,15E,"NHS BIRMINGHAM AND SOLIHULL",10055,20364.63,0,0
2026-06-01,09W,"NHS MEDWAY",0,0,0,0
2026-06-01,D4U1Y,"NHS FRIMLEY",11,19.82,0,0
2026-06-01,03Q,"NHS VALE OF YORK",240,494.67,0,0
2026-06-01,00Q,"NHS BLACKBURN WITH DARWEN",325,662.53,0,0
2026-06-01,07G,"NHS THURROCK",335,584.32,0,0
2026-06-01,02G,"NHS WEST LANCASHIRE",355,702.52,0,0
2026-06-01,02Q,"NHS BASSETLAW",369,742.12,0,0
2026-06-01,00X,"NHS CHORLEY AND SOUTH RIBBLE",410,842.86,0,0
2026-06-01,01E,"NHS GREATER PRESTON",476,973.16,0,0
2026-06-01,02M,"NHS FYLDE AND WYRE",523,989.51,0,0
2026-06-01,01A,"NHS EAST LANCASHIRE",552,1073.07,0,0
2026-06-01,99C,"NHS NORTH TYNESIDE",578,1564.41,0,0
2026-06-01,00R,"NHS BLACKPOOL",584,1134.07,0,0
2026-06-01,05D,"NHS EAST STAFFORDSHIRE",605,1169.66,0,0
2026-06-01,07K,"NHS WEST SUFFOLK",626,1140.04,0,0
2026-06-01,06L,"NHS IPSWICH AND EAST SUFFOLK",642,1288.89,0,0
2026-06-01,05V,"NHS STAFFORD AND SURROUNDS",683,1252.92,0,0
2026-06-01,03F,"NHS HULL",688,1337.38,0,0
2026-06-01,99E,"NHS BASILDON AND BRENTWOOD",690,1407.33,0,0
2026-06-01,99G,"NHS SOUTHEND",695,1408.53,0,0
2026-06-01,U2G6B,"NHS THAMES VALLEY ICB - U2G6B",700,1550.51,0,0
2026-06-01,01F,"NHS HALTON",749,1511.24,0,0
2026-06-01,03K,"NHS NORTH LINCOLNSHIRE",754,1358.33,0,0
2026-06-01,02Y,"NHS EAST RIDING OF YORKSHIRE",770,1623.07,0,0
2026-06-01,01V,"NHS SOUTHPORT AND FORMBY",774,1509.27,0,0
2026-06-01,03H,"NHS NORTH EAST LINCOLNSHIRE",803,1911.61,0,0
2026-06-01,02E,"NHS WARRINGTON",817,1803.13,0,0
2026-06-01,02A,"NHS TRAFFORD",854,1813.59,0,0
2026-06-01,05G,"NHS NORTH STAFFORDSHIRE",893,1871.21,0,0
2026-06-01,11M,"NHS GLOUCESTERSHIRE",902,2008.91,0,0
2026-06-01,00Y,"NHS OLDHAM",911,1929.45,0,0
2026-06-01,04Y,"NHS CANNOCK CHASE",911,1832.78,0,0
2026-06-01,99F,"NHS CASTLE POINT AND ROCHFORD",950,1794.56,0,0
2026-06-01,01D,"NHS HEYWOOD, MIDDLETON AND ROCHDALE",955,2195.67,0,0
2026-06-01,09D,"NHS BRIGHTON AND HOVE",1048,2773.2,0,0
2026-06-01,01K,"NHS MORECAMBE BAY",1109,2270.98,0,0
2026-06-01,03L,"NHS ROTHERHAM",1115,2349.38,0,0
2026-06-01,42D,"NHS NORTH YORKSHIRE",1117,2277.05,0,0
2026-06-01,00N,"NHS SOUTH TYNESIDE",1153,2293.05,0,0
2026-06-01,02X,"NHS DONCASTER",1162,2481.56,0,0
2026-06-01,02P,"NHS BARNSLEY",1178,2414.74,0,0
2026-06-01,05W,"NHS STOKE ON TRENT",1180,2267.69,0,0
2026-06-01,00L,"NHS NORTHUMBERLAND",1188,2880.53,0,0
2026-06-01,10Q,"NHS OXFORDSHIRE",1223,3089.71,0,0
2026-06-01,03R,"NHS WAKEFIELD",1259,2529.8,0,0
2026-06-01,04C,"NHS LEICESTER CITY",1288,2399.33,0,0
2026-06-01,03W,"NHS EAST LEICESTERSHIRE AND RUTLAND",1292,2417.78,0,0
2026-06-01,07H,"NHS WEST ESSEX",1294,2379.43,0,0
2026-06-01,14Y,"NHS BUCKINGHAMSHIRE",1299,2573.29,0,0
2026-06-01,01J,"NHS KNOWSLEY",1374,2777.8,0,0
2026-06-01,02T,"NHS CALDERDALE",1379,2850.25,0,0
2026-06-01,06N,"NHS HERTS VALLEYS",1429,3038.49,0,0
2026-06-01,00V,"NHS BURY",1453,2860.02,0,0
2026-06-01,10R,"NHS PORTSMOUTH",1506,3768.3,0,0
2026-06-01,01T,"NHS SOUTH SEFTON",1551,3037.15,0,0
2026-06-01,15F,"NHS LEEDS",1574,3680.93,0,0
2026-06-01,06Q,"NHS MID ESSEX",1597,2794.05,0,0
2026-06-01,01H,"NHS NORTH CUMBRIA",1617,3492.53,0,0
2026-06-01,11X,"NHS SOMERSET",1627,3089.86,0,0
2026-06-01,04V,"NHS WEST LEICESTERSHIRE",1646,3090.22,0,0
2026-06-01,02H,"NHS WIGAN BOROUGH",1713,3774.87,0,0
2026-06-01,15A,"NHS BERKSHIRE WEST",1730,3315.86,0,0
2026-06-01,01W,"NHS STOCKPORT",1753,3740.31,0,0
2026-06-01,05Q,"NHS SOUTH EAST STAFFORDSHIRE AND SEISDON PENINSULA",1769,3524.76,0,0
2026-06-01,X2C4Y,"NHS KIRKLEES",1797,4143.66,0,0
2026-06-01,01X,"NHS ST HELENS",1831,3435.66,0,0
2026-06-01,99A,"NHS LIVERPOOL",1851,3769.45,0,0
2026-06-01,13T,"NHS NEWCASTLE GATESHEAD",1916,4474.32,0,0
2026-06-01,01Y,"NHS TAMESIDE AND GLOSSOP",1933,4045.3,0,0
2026-06-01,03N,"NHS SHEFFIELD",1939,4039.76,0,0
2026-06-01,36L,"NHS SOUTH WEST LONDON",1961,4447.09,0,0
2026-06-01,M2L0M,"NHS SHROPSHIRE, TELFORD AND WREKIN",1981,4950.94,0,0
2026-06-01,93C,"NHS NORTH CENTRAL LONDON",1995,4643.58,0,0
2026-06-01,18C,"NHS HEREFORDSHIRE AND WORCESTERSHIRE",2001,4974.64,0,0
2026-06-01,12F,"NHS WIRRAL",2011,4068.02,0,0
2026-06-01,00P,"NHS SUNDERLAND",2014,3933.66,0,0
2026-06-01,06T,"NHS NORTH EAST ESSEX",2075,3716.95,0,0
2026-06-01,06K,"NHS EAST AND NORTH HERTFORDSHIRE",2096,4046.22,0,0
2026-06-01,01G,"NHS SALFORD",2126,4170.36,0,0
2026-06-01,W2U3Z,"NHS NORTH WEST LONDON",2165,5047.42,0,0
2026-06-01,00T,"NHS BOLTON",2168,4536.17,0,0
2026-06-01,15C,"NHS BRISTOL, NORTH SOMERSET AND SOUTH GLOUCESTERSHIRE",2178,4888.41,0,0
2026-06-01,11J,"NHS DORSET",2446,6148.97,0,0
2026-06-01,06H,"NHS CAMBRIDGESHIRE AND PETERBOROUGH",2514,4381,0,0
2026-06-01,A3A8R,"NHS NORTH EAST LONDON",2590,5753.48,0,0
2026-06-01,70F,"NHS WEST SUSSEX",2689,6469.47,0,0
2026-06-01,27D,"NHS CHESHIRE",2813,5652.37,0,0
2026-06-01,M1J4Y,"NHS BEDFORDSHIRE, LUTON AND MILTON KEYNES",2908,6120.05,0,0
2026-06-01,92G,"NHS BATH AND NORTH EAST SOMERSET, SWINDON AND WILTSHIRE",2973,6258.56,0,0
2026-06-01,72Q,"NHS SOUTH EAST LONDON",3091,7370.49,0,0
2026-06-01,97R,"NHS EAST SUSSEX",3204,7821.46,0,0
2026-06-01,71E,"NHS LINCOLNSHIRE",3221,6403.16,0,0
2026-06-01,36J,"NHS BRADFORD DISTRICT AND CRAVEN",3331,7052.24,0,0
2026-06-01,78H,"NHS NORTHAMPTONSHIRE",3351,5586.7,0,0
2026-06-01,84H,"NHS COUNTY DURHAM",3645,8404.29,0,0
2026-06-01,92A,"NHS SURREY HEARTLANDS",3739,8459.79,0,0
2026-06-01,11N,"NHS CORNWALL AND THE ISLES OF SCILLY",3856,8530.13,0,0
2026-06-01,26A,"NHS NORFOLK AND WAVENEY",4057,8510.19,0,0
2026-06-01,B2M3M,"NHS COVENTRY AND WARWICKSHIRE",4429,8394.4,0,0
2026-06-01,15N,"NHS DEVON",4503,9840.42,0,0
2026-06-01,16C,"NHS TEES VALLEY",4793,11452.97,0,0
2026-06-01,15M,"NHS DERBY AND DERBYSHIRE",5143,10703.19,0,0
2026-06-01,14L,"NHS MANCHESTER",5170,10378.41,0,0
2026-06-01,D2P2L,"NHS BLACK COUNTRY",6034,11817.61,0,0
2026-06-01,52R,"NHS NOTTINGHAM AND NOTTINGHAMSHIRE",6077,11901.28,0,0
2026-06-01,91Q,"NHS KENT AND MEDWAY",7166,15565.21,0,0
2026-06-01,D9Y0V,"NHS HAMPSHIRE, SOUTHAMPTON AND ISLE OF WIGHT",9781,23304.69,0,0
2026-06-01,15E,"NHS BIRMINGHAM AND SOLIHULL",10613,21990.35,0,0